Starting classification job...
Running on node: hop052.orc.gmu.edu
Start time: Fri May 15 15:07:01 EDT 2026

[2026-05-15 15:07:02] Scanning output root: /projects/lyang28/rmengle/program_outputs/paired/basicmath_small_outputs
[2026-05-15 15:07:05] 
[2026-05-15 15:07:05] Discovered executable output folders:
[2026-05-15 15:07:05]    1. leader-cse/exec_basicmath_small_early-cse_early-cse
[2026-05-15 15:07:05]    2. leader-cse/exec_basicmath_small_early-cse_gvn
[2026-05-15 15:07:05]    3. leader-cse/exec_basicmath_small_early-cse_inline
[2026-05-15 15:07:05]    4. leader-cse/exec_basicmath_small_early-cse_instcombine
[2026-05-15 15:07:05]    5. leader-cse/exec_basicmath_small_early-cse_ipsccp
[2026-05-15 15:07:05]    6. leader-cse/exec_basicmath_small_early-cse_licm
[2026-05-15 15:07:05]    7. leader-cse/exec_basicmath_small_early-cse_loop-reduce
[2026-05-15 15:07:05]    8. leader-cse/exec_basicmath_small_early-cse_loop-unroll
[2026-05-15 15:07:05]    9. leader-cse/exec_basicmath_small_early-cse_sccp
[2026-05-15 15:07:05]   10. leader-cse/exec_basicmath_small_early-cse_simple-loop-unswitch
[2026-05-15 15:07:05]   11. leader-gvn/exec_basicmath_small_gvn
[2026-05-15 15:07:05]   12. leader-gvn/exec_basicmath_small_gvn_early-cse
[2026-05-15 15:07:05]   13. leader-gvn/exec_basicmath_small_gvn_gvn
[2026-05-15 15:07:05]   14. leader-gvn/exec_basicmath_small_gvn_inline
[2026-05-15 15:07:05]   15. leader-gvn/exec_basicmath_small_gvn_instcombine
[2026-05-15 15:07:05]   16. leader-gvn/exec_basicmath_small_gvn_ipsccp
[2026-05-15 15:07:05]   17. leader-gvn/exec_basicmath_small_gvn_licm
[2026-05-15 15:07:05]   18. leader-gvn/exec_basicmath_small_gvn_loop-reduce
[2026-05-15 15:07:05]   19. leader-gvn/exec_basicmath_small_gvn_loop-unroll
[2026-05-15 15:07:05]   20. leader-gvn/exec_basicmath_small_gvn_sccp
[2026-05-15 15:07:05]   21. leader-gvn/exec_basicmath_small_gvn_simple-loop-unswitch
[2026-05-15 15:07:05]   22. leader-inline/exec_basicmath_small_inline
[2026-05-15 15:07:05]   23. leader-inline/exec_basicmath_small_inline_early-cse
[2026-05-15 15:07:05]   24. leader-inline/exec_basicmath_small_inline_gvn
[2026-05-15 15:07:05]   25. leader-inline/exec_basicmath_small_inline_inline
[2026-05-15 15:07:05]   26. leader-inline/exec_basicmath_small_inline_instcombine
[2026-05-15 15:07:05]   27. leader-inline/exec_basicmath_small_inline_ipsccp
[2026-05-15 15:07:05]   28. leader-inline/exec_basicmath_small_inline_licm
[2026-05-15 15:07:05]   29. leader-inline/exec_basicmath_small_inline_loop-reduce
[2026-05-15 15:07:05]   30. leader-inline/exec_basicmath_small_inline_loop-unroll
[2026-05-15 15:07:05]   31. leader-inline/exec_basicmath_small_inline_sccp
[2026-05-15 15:07:05]   32. leader-inline/exec_basicmath_small_inline_simple-loop-unswitch
[2026-05-15 15:07:05]   33. leader-instcombine/exec_basicmath_small_instcombine
[2026-05-15 15:07:05]   34. leader-instcombine/exec_basicmath_small_instcombine_early-cse
[2026-05-15 15:07:05]   35. leader-instcombine/exec_basicmath_small_instcombine_gvn
[2026-05-15 15:07:05]   36. leader-instcombine/exec_basicmath_small_instcombine_inline
[2026-05-15 15:07:05]   37. leader-instcombine/exec_basicmath_small_instcombine_instcombine
[2026-05-15 15:07:05]   38. leader-instcombine/exec_basicmath_small_instcombine_ipsccp
[2026-05-15 15:07:05]   39. leader-instcombine/exec_basicmath_small_instcombine_licm
[2026-05-15 15:07:05]   40. leader-instcombine/exec_basicmath_small_instcombine_loop-reduce
[2026-05-15 15:07:05]   41. leader-instcombine/exec_basicmath_small_instcombine_loop-unroll
[2026-05-15 15:07:05]   42. leader-instcombine/exec_basicmath_small_instcombine_sccp
[2026-05-15 15:07:05]   43. leader-instcombine/exec_basicmath_small_instcombine_simple-loop-unswitch
[2026-05-15 15:07:05]   44. leader-ipsccp/exec_basicmath_small_ipsccp
[2026-05-15 15:07:05]   45. leader-ipsccp/exec_basicmath_small_ipsccp_early-cse
[2026-05-15 15:07:05]   46. leader-ipsccp/exec_basicmath_small_ipsccp_gvn
[2026-05-15 15:07:05]   47. leader-ipsccp/exec_basicmath_small_ipsccp_inline
[2026-05-15 15:07:05]   48. leader-ipsccp/exec_basicmath_small_ipsccp_instcombine
[2026-05-15 15:07:05]   49. leader-ipsccp/exec_basicmath_small_ipsccp_ipsccp
[2026-05-15 15:07:05]   50. leader-ipsccp/exec_basicmath_small_ipsccp_licm
[2026-05-15 15:07:05]   51. leader-ipsccp/exec_basicmath_small_ipsccp_loop-reduce
[2026-05-15 15:07:05]   52. leader-ipsccp/exec_basicmath_small_ipsccp_loop-unroll
[2026-05-15 15:07:05]   53. leader-ipsccp/exec_basicmath_small_ipsccp_sccp
[2026-05-15 15:07:05]   54. leader-ipsccp/exec_basicmath_small_ipsccp_simple-loop-unswitch
[2026-05-15 15:07:05]   55. leader-licm/exec_basicmath_small_licm
[2026-05-15 15:07:05]   56. leader-licm/exec_basicmath_small_licm_early-cse
[2026-05-15 15:07:05]   57. leader-licm/exec_basicmath_small_licm_gvn
[2026-05-15 15:07:05]   58. leader-licm/exec_basicmath_small_licm_inline
[2026-05-15 15:07:05]   59. leader-licm/exec_basicmath_small_licm_instcombine
[2026-05-15 15:07:05]   60. leader-licm/exec_basicmath_small_licm_ipsccp
[2026-05-15 15:07:05]   61. leader-licm/exec_basicmath_small_licm_licm
[2026-05-15 15:07:05]   62. leader-licm/exec_basicmath_small_licm_loop-reduce
[2026-05-15 15:07:05]   63. leader-licm/exec_basicmath_small_licm_loop-unroll
[2026-05-15 15:07:05]   64. leader-licm/exec_basicmath_small_licm_sccp
[2026-05-15 15:07:05]   65. leader-licm/exec_basicmath_small_licm_simple-loop-unswitch
[2026-05-15 15:07:05]   66. leader-loop-reduce/exec_basicmath_small_loop-reduce
[2026-05-15 15:07:05]   67. leader-loop-reduce/exec_basicmath_small_loop-reduce_early-cse
[2026-05-15 15:07:05]   68. leader-loop-reduce/exec_basicmath_small_loop-reduce_gvn
[2026-05-15 15:07:05]   69. leader-loop-reduce/exec_basicmath_small_loop-reduce_inline
[2026-05-15 15:07:05]   70. leader-loop-reduce/exec_basicmath_small_loop-reduce_instcombine
[2026-05-15 15:07:05]   71. leader-loop-reduce/exec_basicmath_small_loop-reduce_ipsccp
[2026-05-15 15:07:05]   72. leader-loop-reduce/exec_basicmath_small_loop-reduce_licm
[2026-05-15 15:07:05]   73. leader-loop-reduce/exec_basicmath_small_loop-reduce_loop-reduce
[2026-05-15 15:07:05]   74. leader-loop-reduce/exec_basicmath_small_loop-reduce_loop-unroll
[2026-05-15 15:07:05]   75. leader-loop-reduce/exec_basicmath_small_loop-reduce_sccp
[2026-05-15 15:07:05]   76. leader-loop-reduce/exec_basicmath_small_loop-reduce_simple-loop-unswitch
[2026-05-15 15:07:05]   77. leader-loop-unroll/exec_basicmath_small_loop-unroll
[2026-05-15 15:07:05]   78. leader-loop-unroll/exec_basicmath_small_loop-unroll_early-cse
[2026-05-15 15:07:05]   79. leader-loop-unroll/exec_basicmath_small_loop-unroll_gvn
[2026-05-15 15:07:05]   80. leader-loop-unroll/exec_basicmath_small_loop-unroll_inline
[2026-05-15 15:07:05]   81. leader-loop-unroll/exec_basicmath_small_loop-unroll_instcombine
[2026-05-15 15:07:05]   82. leader-loop-unroll/exec_basicmath_small_loop-unroll_ipsccp
[2026-05-15 15:07:05]   83. leader-loop-unroll/exec_basicmath_small_loop-unroll_licm
[2026-05-15 15:07:05]   84. leader-loop-unroll/exec_basicmath_small_loop-unroll_loop-reduce
[2026-05-15 15:07:05]   85. leader-loop-unroll/exec_basicmath_small_loop-unroll_loop-unroll
[2026-05-15 15:07:05]   86. leader-loop-unroll/exec_basicmath_small_loop-unroll_sccp
[2026-05-15 15:07:05]   87. leader-loop-unroll/exec_basicmath_small_loop-unroll_simple-loop-unswitch
[2026-05-15 15:07:05]   88. leader-loop-unswitch/exec_basicmath_small_simple-loop-unswitch
[2026-05-15 15:07:05]   89. leader-loop-unswitch/exec_basicmath_small_simple-loop-unswitch_early-cse
[2026-05-15 15:07:05]   90. leader-loop-unswitch/exec_basicmath_small_simple-loop-unswitch_gvn
[2026-05-15 15:07:05]   91. leader-loop-unswitch/exec_basicmath_small_simple-loop-unswitch_inline
[2026-05-15 15:07:05]   92. leader-loop-unswitch/exec_basicmath_small_simple-loop-unswitch_instcombine
[2026-05-15 15:07:05]   93. leader-loop-unswitch/exec_basicmath_small_simple-loop-unswitch_ipsccp
[2026-05-15 15:07:05]   94. leader-loop-unswitch/exec_basicmath_small_simple-loop-unswitch_licm
[2026-05-15 15:07:05]   95. leader-loop-unswitch/exec_basicmath_small_simple-loop-unswitch_loop-reduce
[2026-05-15 15:07:05]   96. leader-loop-unswitch/exec_basicmath_small_simple-loop-unswitch_loop-unroll
[2026-05-15 15:07:05]   97. leader-loop-unswitch/exec_basicmath_small_simple-loop-unswitch_sccp
[2026-05-15 15:07:05]   98. leader-loop-unswitch/exec_basicmath_small_simple-loop-unswitch_simple-loop-unswitch
[2026-05-15 15:07:05]   99. leader-sccp/exec_basicmath_small_sccp
[2026-05-15 15:07:05]  100. leader-sccp/exec_basicmath_small_sccp_early-cse
[2026-05-15 15:07:05]  101. leader-sccp/exec_basicmath_small_sccp_gvn
[2026-05-15 15:07:05]  102. leader-sccp/exec_basicmath_small_sccp_inline
[2026-05-15 15:07:05]  103. leader-sccp/exec_basicmath_small_sccp_instcombine
[2026-05-15 15:07:05]  104. leader-sccp/exec_basicmath_small_sccp_ipsccp
[2026-05-15 15:07:05]  105. leader-sccp/exec_basicmath_small_sccp_licm
[2026-05-15 15:07:05]  106. leader-sccp/exec_basicmath_small_sccp_loop-reduce
[2026-05-15 15:07:05]  107. leader-sccp/exec_basicmath_small_sccp_loop-unroll
[2026-05-15 15:07:05]  108. leader-sccp/exec_basicmath_small_sccp_sccp
[2026-05-15 15:07:05]  109. leader-sccp/exec_basicmath_small_sccp_simple-loop-unswitch
[2026-05-15 15:07:05] 
[2026-05-15 15:07:05] Starting classification
[2026-05-15 15:07:05] CSV output file: basicmath_small_paired_reliability_data.csv
[2026-05-15 15:07:05] Log file: basicmath_small_paired_classification.log
[2026-05-15 15:07:05] 
[2026-05-15 15:07:05] ================================================================================
[2026-05-15 15:07:05] [   1/109 |   0.9%] Processing leader-cse/exec_basicmath_small_early-cse_early-cse
[2026-05-15 15:07:05]     FI folder : /projects/lyang28/rmengle/program_outputs/paired/basicmath_small_outputs/leader-cse/exec_basicmath_small_early-cse_early-cse
[2026-05-15 15:07:05]     Timing    : /projects/lyang28/rmengle/execution_times/paired/basicmath_small_outputs/leader-cse/exec_basicmath_small_early-cse_early-cse.txt FOUND
[2026-05-15 15:07:05]     Found 1000 run files
[2026-05-15 15:07:07]     Progress 100/1000 files ( 10.0%) | masked=31, sdc=69, crash/hang=0 | 52.34 files/sec
[2026-05-15 15:07:09]     Progress 200/1000 files ( 20.0%) | masked=65, sdc=135, crash/hang=0 | 51.57 files/sec
[2026-05-15 15:07:11]     Progress 300/1000 files ( 30.0%) | masked=98, sdc=202, crash/hang=0 | 51.19 files/sec
[2026-05-15 15:07:13]     Progress 400/1000 files ( 40.0%) | masked=136, sdc=263, crash/hang=1 | 51.12 files/sec
[2026-05-15 15:07:14]     Progress 500/1000 files ( 50.0%) | masked=165, sdc=334, crash/hang=1 | 54.09 files/sec
[2026-05-15 15:07:15]     Progress 600/1000 files ( 60.0%) | masked=169, sdc=430, crash/hang=1 | 62.36 files/sec
[2026-05-15 15:07:15]     Progress 700/1000 files ( 70.0%) | masked=169, sdc=530, crash/hang=1 | 70.31 files/sec
[2026-05-15 15:07:15]     Progress 800/1000 files ( 80.0%) | masked=173, sdc=626, crash/hang=1 | 77.81 files/sec
[2026-05-15 15:07:16]     Progress 900/1000 files ( 90.0%) | masked=176, sdc=723, crash/hang=1 | 84.75 files/sec
[2026-05-15 15:07:16]     Progress 1000/1000 files (100.0%) | masked=182, sdc=817, crash/hang=1 | 90.97 files/sec
[2026-05-15 15:07:16]     Done folder: total=1000, masked=182, sdc=817, crash/hang=1
[2026-05-15 15:07:16]     CSV row written for leader-cse/exec_basicmath_small_early-cse_early-cse | masked_rate=0.182000, sdc_rate=0.817000, crash_rate=0.001000
[2026-05-15 15:07:16] ================================================================================
[2026-05-15 15:07:16] [   2/109 |   1.8%] Processing leader-cse/exec_basicmath_small_early-cse_gvn
[2026-05-15 15:07:16]     FI folder : /projects/lyang28/rmengle/program_outputs/paired/basicmath_small_outputs/leader-cse/exec_basicmath_small_early-cse_gvn
[2026-05-15 15:07:16]     Timing    : /projects/lyang28/rmengle/execution_times/paired/basicmath_small_outputs/leader-cse/exec_basicmath_small_early-cse_gvn.txt FOUND
[2026-05-15 15:07:16]     Found 1000 run files
[2026-05-15 15:07:18]     Progress 100/1000 files ( 10.0%) | masked=27, sdc=73, crash/hang=0 | 50.44 files/sec
[2026-05-15 15:07:20]     Progress 200/1000 files ( 20.0%) | masked=63, sdc=137, crash/hang=0 | 50.21 files/sec
[2026-05-15 15:07:22]     Progress 300/1000 files ( 30.0%) | masked=100, sdc=200, crash/hang=0 | 50.54 files/sec
[2026-05-15 15:07:24]     Progress 400/1000 files ( 40.0%) | masked=143, sdc=257, crash/hang=0 | 50.68 files/sec
[2026-05-15 15:07:25]     Progress 500/1000 files ( 50.0%) | masked=167, sdc=332, crash/hang=1 | 55.48 files/sec
[2026-05-15 15:07:26]     Progress 600/1000 files ( 60.0%) | masked=172, sdc=427, crash/hang=1 | 64.23 files/sec
[2026-05-15 15:07:26]     Progress 700/1000 files ( 70.0%) | masked=174, sdc=525, crash/hang=1 | 71.78 files/sec
[2026-05-15 15:07:26]     Progress 800/1000 files ( 80.0%) | masked=177, sdc=622, crash/hang=1 | 79.24 files/sec
[2026-05-15 15:07:27]     Progress 900/1000 files ( 90.0%) | masked=180, sdc=719, crash/hang=1 | 86.16 files/sec
[2026-05-15 15:07:27]     Progress 1000/1000 files (100.0%) | masked=183, sdc=816, crash/hang=1 | 92.94 files/sec
[2026-05-15 15:07:27]     Done folder: total=1000, masked=183, sdc=816, crash/hang=1
[2026-05-15 15:07:27]     CSV row written for leader-cse/exec_basicmath_small_early-cse_gvn | masked_rate=0.183000, sdc_rate=0.816000, crash_rate=0.001000
[2026-05-15 15:07:27] ================================================================================
[2026-05-15 15:07:27] [   3/109 |   2.8%] Processing leader-cse/exec_basicmath_small_early-cse_inline
[2026-05-15 15:07:27]     FI folder : /projects/lyang28/rmengle/program_outputs/paired/basicmath_small_outputs/leader-cse/exec_basicmath_small_early-cse_inline
[2026-05-15 15:07:27]     Timing    : /projects/lyang28/rmengle/execution_times/paired/basicmath_small_outputs/leader-cse/exec_basicmath_small_early-cse_inline.txt FOUND
[2026-05-15 15:07:27]     Found 1000 run files
[2026-05-15 15:07:29]     Progress 100/1000 files ( 10.0%) | masked=30, sdc=70, crash/hang=0 | 52.28 files/sec
[2026-05-15 15:07:31]     Progress 200/1000 files ( 20.0%) | masked=60, sdc=140, crash/hang=0 | 52.06 files/sec
[2026-05-15 15:07:33]     Progress 300/1000 files ( 30.0%) | masked=97, sdc=203, crash/hang=0 | 51.67 files/sec
[2026-05-15 15:07:35]     Progress 400/1000 files ( 40.0%) | masked=127, sdc=273, crash/hang=0 | 51.72 files/sec
[2026-05-15 15:07:37]     Progress 500/1000 files ( 50.0%) | masked=151, sdc=349, crash/hang=0 | 53.90 files/sec
[2026-05-15 15:07:37]     Progress 600/1000 files ( 60.0%) | masked=156, sdc=444, crash/hang=0 | 62.18 files/sec
[2026-05-15 15:07:37]     Progress 700/1000 files ( 70.0%) | masked=161, sdc=539, crash/hang=0 | 69.91 files/sec
[2026-05-15 15:07:38]     Progress 800/1000 files ( 80.0%) | masked=163, sdc=637, crash/hang=0 | 77.06 files/sec
[2026-05-15 15:07:38]     Progress 900/1000 files ( 90.0%) | masked=165, sdc=735, crash/hang=0 | 83.43 files/sec
[2026-05-15 15:07:39]     Progress 1000/1000 files (100.0%) | masked=168, sdc=832, crash/hang=0 | 89.96 files/sec
[2026-05-15 15:07:39]     Done folder: total=1000, masked=168, sdc=832, crash/hang=0
[2026-05-15 15:07:39]     CSV row written for leader-cse/exec_basicmath_small_early-cse_inline | masked_rate=0.168000, sdc_rate=0.832000, crash_rate=0.000000
[2026-05-15 15:07:39] ================================================================================
[2026-05-15 15:07:39] [   4/109 |   3.7%] Processing leader-cse/exec_basicmath_small_early-cse_instcombine
[2026-05-15 15:07:39]     FI folder : /projects/lyang28/rmengle/program_outputs/paired/basicmath_small_outputs/leader-cse/exec_basicmath_small_early-cse_instcombine
[2026-05-15 15:07:39]     Timing    : /projects/lyang28/rmengle/execution_times/paired/basicmath_small_outputs/leader-cse/exec_basicmath_small_early-cse_instcombine.txt FOUND
[2026-05-15 15:07:39]     Found 1000 run files
[2026-05-15 15:07:41]     Progress 100/1000 files ( 10.0%) | masked=38, sdc=62, crash/hang=0 | 51.24 files/sec
[2026-05-15 15:07:43]     Progress 200/1000 files ( 20.0%) | masked=70, sdc=130, crash/hang=0 | 52.62 files/sec
[2026-05-15 15:07:44]     Progress 300/1000 files ( 30.0%) | masked=93, sdc=207, crash/hang=0 | 60.03 files/sec
[2026-05-15 15:07:44]     Progress 400/1000 files ( 40.0%) | masked=94, sdc=306, crash/hang=0 | 75.53 files/sec
[2026-05-15 15:07:45]     Progress 500/1000 files ( 50.0%) | masked=97, sdc=403, crash/hang=0 | 88.89 files/sec
[2026-05-15 15:07:45]     Progress 600/1000 files ( 60.0%) | masked=100, sdc=500, crash/hang=0 | 100.72 files/sec
[2026-05-15 15:07:45]     Progress 700/1000 files ( 70.0%) | masked=103, sdc=597, crash/hang=0 | 111.31 files/sec
[2026-05-15 15:07:46]     Progress 800/1000 files ( 80.0%) | masked=106, sdc=694, crash/hang=0 | 120.37 files/sec
[2026-05-15 15:07:46]     Progress 900/1000 files ( 90.0%) | masked=110, sdc=790, crash/hang=0 | 128.08 files/sec
[2026-05-15 15:07:46]     Progress 1000/1000 files (100.0%) | masked=114, sdc=886, crash/hang=0 | 135.82 files/sec
[2026-05-15 15:07:46]     Done folder: total=1000, masked=114, sdc=886, crash/hang=0
[2026-05-15 15:07:46]     CSV row written for leader-cse/exec_basicmath_small_early-cse_instcombine | masked_rate=0.114000, sdc_rate=0.886000, crash_rate=0.000000
[2026-05-15 15:07:46] ================================================================================
[2026-05-15 15:07:46] [   5/109 |   4.6%] Processing leader-cse/exec_basicmath_small_early-cse_ipsccp
[2026-05-15 15:07:46]     FI folder : /projects/lyang28/rmengle/program_outputs/paired/basicmath_small_outputs/leader-cse/exec_basicmath_small_early-cse_ipsccp
[2026-05-15 15:07:46]     Timing    : /projects/lyang28/rmengle/execution_times/paired/basicmath_small_outputs/leader-cse/exec_basicmath_small_early-cse_ipsccp.txt FOUND
[2026-05-15 15:07:47]     Found 1000 run files
[2026-05-15 15:07:49]     Progress 100/1000 files ( 10.0%) | masked=34, sdc=66, crash/hang=0 | 51.43 files/sec
[2026-05-15 15:07:51]     Progress 200/1000 files ( 20.0%) | masked=72, sdc=128, crash/hang=0 | 51.53 files/sec
[2026-05-15 15:07:52]     Progress 300/1000 files ( 30.0%) | masked=92, sdc=208, crash/hang=0 | 55.92 files/sec
[2026-05-15 15:07:52]     Progress 400/1000 files ( 40.0%) | masked=97, sdc=303, crash/hang=0 | 70.08 files/sec
[2026-05-15 15:07:53]     Progress 500/1000 files ( 50.0%) | masked=101, sdc=399, crash/hang=0 | 82.67 files/sec
[2026-05-15 15:07:53]     Progress 600/1000 files ( 60.0%) | masked=102, sdc=498, crash/hang=0 | 93.91 files/sec
[2026-05-15 15:07:53]     Progress 700/1000 files ( 70.0%) | masked=107, sdc=593, crash/hang=0 | 103.35 files/sec
[2026-05-15 15:07:54]     Progress 800/1000 files ( 80.0%) | masked=110, sdc=690, crash/hang=0 | 111.06 files/sec
[2026-05-15 15:07:54]     Progress 900/1000 files ( 90.0%) | masked=116, sdc=784, crash/hang=0 | 118.84 files/sec
[2026-05-15 15:07:55]     Progress 1000/1000 files (100.0%) | masked=123, sdc=877, crash/hang=0 | 126.88 files/sec
[2026-05-15 15:07:55]     Done folder: total=1000, masked=123, sdc=877, crash/hang=0
[2026-05-15 15:07:55]     CSV row written for leader-cse/exec_basicmath_small_early-cse_ipsccp | masked_rate=0.123000, sdc_rate=0.877000, crash_rate=0.000000
[2026-05-15 15:07:55] ================================================================================
[2026-05-15 15:07:55] [   6/109 |   5.5%] Processing leader-cse/exec_basicmath_small_early-cse_licm
[2026-05-15 15:07:55]     FI folder : /projects/lyang28/rmengle/program_outputs/paired/basicmath_small_outputs/leader-cse/exec_basicmath_small_early-cse_licm
[2026-05-15 15:07:55]     Timing    : /projects/lyang28/rmengle/execution_times/paired/basicmath_small_outputs/leader-cse/exec_basicmath_small_early-cse_licm.txt FOUND
[2026-05-15 15:07:55]     Found 1000 run files
[2026-05-15 15:07:57]     Progress 100/1000 files ( 10.0%) | masked=36, sdc=64, crash/hang=0 | 51.11 files/sec
[2026-05-15 15:07:59]     Progress 200/1000 files ( 20.0%) | masked=76, sdc=124, crash/hang=0 | 50.83 files/sec
[2026-05-15 15:08:00]     Progress 300/1000 files ( 30.0%) | masked=99, sdc=201, crash/hang=0 | 59.46 files/sec
[2026-05-15 15:08:00]     Progress 400/1000 files ( 40.0%) | masked=102, sdc=298, crash/hang=0 | 73.94 files/sec
[2026-05-15 15:08:01]     Progress 500/1000 files ( 50.0%) | masked=105, sdc=395, crash/hang=0 | 86.89 files/sec
[2026-05-15 15:08:01]     Progress 600/1000 files ( 60.0%) | masked=110, sdc=490, crash/hang=0 | 98.28 files/sec
[2026-05-15 15:08:01]     Progress 700/1000 files ( 70.0%) | masked=115, sdc=585, crash/hang=0 | 108.32 files/sec
[2026-05-15 15:08:02]     Progress 800/1000 files ( 80.0%) | masked=118, sdc=682, crash/hang=0 | 117.60 files/sec
[2026-05-15 15:08:02]     Progress 900/1000 files ( 90.0%) | masked=121, sdc=779, crash/hang=0 | 125.55 files/sec
[2026-05-15 15:08:02]     Progress 1000/1000 files (100.0%) | masked=122, sdc=878, crash/hang=0 | 133.27 files/sec
[2026-05-15 15:08:02]     Done folder: total=1000, masked=122, sdc=878, crash/hang=0
[2026-05-15 15:08:02]     CSV row written for leader-cse/exec_basicmath_small_early-cse_licm | masked_rate=0.122000, sdc_rate=0.878000, crash_rate=0.000000
[2026-05-15 15:08:02] ================================================================================
[2026-05-15 15:08:02] [   7/109 |   6.4%] Processing leader-cse/exec_basicmath_small_early-cse_loop-reduce
[2026-05-15 15:08:02]     FI folder : /projects/lyang28/rmengle/program_outputs/paired/basicmath_small_outputs/leader-cse/exec_basicmath_small_early-cse_loop-reduce
[2026-05-15 15:08:02]     Timing    : /projects/lyang28/rmengle/execution_times/paired/basicmath_small_outputs/leader-cse/exec_basicmath_small_early-cse_loop-reduce.txt FOUND
[2026-05-15 15:08:03]     Found 1000 run files
[2026-05-15 15:08:05]     Progress 100/1000 files ( 10.0%) | masked=38, sdc=62, crash/hang=0 | 50.63 files/sec
[2026-05-15 15:08:06]     Progress 200/1000 files ( 20.0%) | masked=55, sdc=145, crash/hang=0 | 63.20 files/sec
[2026-05-15 15:08:06]     Progress 300/1000 files ( 30.0%) | masked=61, sdc=239, crash/hang=0 | 85.10 files/sec
[2026-05-15 15:08:06]     Progress 400/1000 files ( 40.0%) | masked=67, sdc=333, crash/hang=0 | 103.91 files/sec
[2026-05-15 15:08:07]     Progress 500/1000 files ( 50.0%) | masked=72, sdc=428, crash/hang=0 | 119.02 files/sec
[2026-05-15 15:08:07]     Progress 600/1000 files ( 60.0%) | masked=76, sdc=524, crash/hang=0 | 132.44 files/sec
[2026-05-15 15:08:08]     Progress 700/1000 files ( 70.0%) | masked=78, sdc=622, crash/hang=0 | 142.19 files/sec
[2026-05-15 15:08:08]     Progress 800/1000 files ( 80.0%) | masked=81, sdc=719, crash/hang=0 | 152.16 files/sec
[2026-05-15 15:08:08]     Progress 900/1000 files ( 90.0%) | masked=83, sdc=817, crash/hang=0 | 161.32 files/sec
[2026-05-15 15:08:09]     Progress 1000/1000 files (100.0%) | masked=89, sdc=911, crash/hang=0 | 169.70 files/sec
[2026-05-15 15:08:09]     Done folder: total=1000, masked=89, sdc=911, crash/hang=0
[2026-05-15 15:08:09]     CSV row written for leader-cse/exec_basicmath_small_early-cse_loop-reduce | masked_rate=0.089000, sdc_rate=0.911000, crash_rate=0.000000
[2026-05-15 15:08:09] ================================================================================
[2026-05-15 15:08:09] [   8/109 |   7.3%] Processing leader-cse/exec_basicmath_small_early-cse_loop-unroll
[2026-05-15 15:08:09]     FI folder : /projects/lyang28/rmengle/program_outputs/paired/basicmath_small_outputs/leader-cse/exec_basicmath_small_early-cse_loop-unroll
[2026-05-15 15:08:09]     Timing    : /projects/lyang28/rmengle/execution_times/paired/basicmath_small_outputs/leader-cse/exec_basicmath_small_early-cse_loop-unroll.txt FOUND
[2026-05-15 15:08:09]     Found 1000 run files
[2026-05-15 15:08:11]     Progress 100/1000 files ( 10.0%) | masked=28, sdc=72, crash/hang=0 | 53.56 files/sec
[2026-05-15 15:08:13]     Progress 200/1000 files ( 20.0%) | masked=53, sdc=147, crash/hang=0 | 52.47 files/sec
[2026-05-15 15:08:14]     Progress 300/1000 files ( 30.0%) | masked=62, sdc=238, crash/hang=0 | 64.60 files/sec
[2026-05-15 15:08:14]     Progress 400/1000 files ( 40.0%) | masked=65, sdc=335, crash/hang=0 | 80.19 files/sec
[2026-05-15 15:08:14]     Progress 500/1000 files ( 50.0%) | masked=68, sdc=432, crash/hang=0 | 93.98 files/sec
[2026-05-15 15:08:15]     Progress 600/1000 files ( 60.0%) | masked=69, sdc=531, crash/hang=0 | 105.92 files/sec
[2026-05-15 15:08:15]     Progress 700/1000 files ( 70.0%) | masked=77, sdc=623, crash/hang=0 | 116.14 files/sec
[2026-05-15 15:08:15]     Progress 800/1000 files ( 80.0%) | masked=84, sdc=716, crash/hang=0 | 125.44 files/sec
[2026-05-15 15:08:16]     Progress 900/1000 files ( 90.0%) | masked=89, sdc=811, crash/hang=0 | 133.81 files/sec
[2026-05-15 15:08:16]     Progress 1000/1000 files (100.0%) | masked=93, sdc=907, crash/hang=0 | 141.54 files/sec
[2026-05-15 15:08:16]     Done folder: total=1000, masked=93, sdc=907, crash/hang=0
[2026-05-15 15:08:16]     CSV row written for leader-cse/exec_basicmath_small_early-cse_loop-unroll | masked_rate=0.093000, sdc_rate=0.907000, crash_rate=0.000000
[2026-05-15 15:08:16] ================================================================================
[2026-05-15 15:08:16] [   9/109 |   8.3%] Processing leader-cse/exec_basicmath_small_early-cse_sccp
[2026-05-15 15:08:16]     FI folder : /projects/lyang28/rmengle/program_outputs/paired/basicmath_small_outputs/leader-cse/exec_basicmath_small_early-cse_sccp
[2026-05-15 15:08:16]     Timing    : /projects/lyang28/rmengle/execution_times/paired/basicmath_small_outputs/leader-cse/exec_basicmath_small_early-cse_sccp.txt FOUND
[2026-05-15 15:08:16]     Found 1000 run files
[2026-05-15 15:08:18]     Progress 100/1000 files ( 10.0%) | masked=43, sdc=57, crash/hang=0 | 51.48 files/sec
[2026-05-15 15:08:19]     Progress 200/1000 files ( 20.0%) | masked=66, sdc=134, crash/hang=0 | 62.16 files/sec
[2026-05-15 15:08:20]     Progress 300/1000 files ( 30.0%) | masked=70, sdc=230, crash/hang=0 | 83.78 files/sec
[2026-05-15 15:08:20]     Progress 400/1000 files ( 40.0%) | masked=73, sdc=327, crash/hang=0 | 101.78 files/sec
[2026-05-15 15:08:21]     Progress 500/1000 files ( 50.0%) | masked=77, sdc=423, crash/hang=0 | 116.79 files/sec
[2026-05-15 15:08:21]     Progress 600/1000 files ( 60.0%) | masked=79, sdc=521, crash/hang=0 | 129.38 files/sec
[2026-05-15 15:08:21]     Progress 700/1000 files ( 70.0%) | masked=82, sdc=618, crash/hang=0 | 140.17 files/sec
[2026-05-15 15:08:22]     Progress 800/1000 files ( 80.0%) | masked=87, sdc=713, crash/hang=0 | 149.57 files/sec
[2026-05-15 15:08:22]     Progress 900/1000 files ( 90.0%) | masked=90, sdc=810, crash/hang=0 | 156.48 files/sec
[2026-05-15 15:08:22]     Progress 1000/1000 files (100.0%) | masked=96, sdc=904, crash/hang=0 | 164.52 files/sec
[2026-05-15 15:08:22]     Done folder: total=1000, masked=96, sdc=904, crash/hang=0
[2026-05-15 15:08:22]     CSV row written for leader-cse/exec_basicmath_small_early-cse_sccp | masked_rate=0.096000, sdc_rate=0.904000, crash_rate=0.000000
[2026-05-15 15:08:22] ================================================================================
[2026-05-15 15:08:22] [  10/109 |   9.2%] Processing leader-cse/exec_basicmath_small_early-cse_simple-loop-unswitch
[2026-05-15 15:08:22]     FI folder : /projects/lyang28/rmengle/program_outputs/paired/basicmath_small_outputs/leader-cse/exec_basicmath_small_early-cse_simple-loop-unswitch
[2026-05-15 15:08:22]     Timing    : /projects/lyang28/rmengle/execution_times/paired/basicmath_small_outputs/leader-cse/exec_basicmath_small_early-cse_simple-loop-unswitch.txt FOUND
[2026-05-15 15:08:23]     Found 1000 run files
[2026-05-15 15:08:25]     Progress 100/1000 files ( 10.0%) | masked=39, sdc=61, crash/hang=0 | 51.39 files/sec
[2026-05-15 15:08:26]     Progress 200/1000 files ( 20.0%) | masked=63, sdc=137, crash/hang=0 | 65.07 files/sec
[2026-05-15 15:08:26]     Progress 300/1000 files ( 30.0%) | masked=69, sdc=231, crash/hang=0 | 86.06 files/sec
[2026-05-15 15:08:27]     Progress 400/1000 files ( 40.0%) | masked=74, sdc=326, crash/hang=0 | 103.78 files/sec
[2026-05-15 15:08:27]     Progress 500/1000 files ( 50.0%) | masked=76, sdc=424, crash/hang=0 | 118.13 files/sec
[2026-05-15 15:08:27]     Progress 600/1000 files ( 60.0%) | masked=81, sdc=519, crash/hang=0 | 130.56 files/sec
[2026-05-15 15:08:28]     Progress 700/1000 files ( 70.0%) | masked=85, sdc=615, crash/hang=0 | 141.03 files/sec
[2026-05-15 15:08:28]     Progress 800/1000 files ( 80.0%) | masked=88, sdc=712, crash/hang=0 | 150.39 files/sec
[2026-05-15 15:08:28]     Progress 900/1000 files ( 90.0%) | masked=90, sdc=810, crash/hang=0 | 158.81 files/sec
[2026-05-15 15:08:29]     Progress 1000/1000 files (100.0%) | masked=93, sdc=907, crash/hang=0 | 166.22 files/sec
[2026-05-15 15:08:29]     Done folder: total=1000, masked=93, sdc=907, crash/hang=0
[2026-05-15 15:08:29]     CSV row written for leader-cse/exec_basicmath_small_early-cse_simple-loop-unswitch | masked_rate=0.093000, sdc_rate=0.907000, crash_rate=0.000000
[2026-05-15 15:08:29] ================================================================================
[2026-05-15 15:08:29] [  11/109 |  10.1%] Processing leader-gvn/exec_basicmath_small_gvn
[2026-05-15 15:08:29]     FI folder : /projects/lyang28/rmengle/program_outputs/paired/basicmath_small_outputs/leader-gvn/exec_basicmath_small_gvn
[2026-05-15 15:08:29]     Timing    : /projects/lyang28/rmengle/execution_times/paired/basicmath_small_outputs/leader-gvn/exec_basicmath_small_gvn.txt FOUND
[2026-05-15 15:08:29]     Found 1000 run files
[2026-05-15 15:08:31]     Progress 100/1000 files ( 10.0%) | masked=42, sdc=58, crash/hang=0 | 53.44 files/sec
[2026-05-15 15:08:33]     Progress 200/1000 files ( 20.0%) | masked=80, sdc=120, crash/hang=0 | 52.99 files/sec
[2026-05-15 15:08:35]     Progress 300/1000 files ( 30.0%) | masked=124, sdc=176, crash/hang=0 | 52.75 files/sec
[2026-05-15 15:08:37]     Progress 400/1000 files ( 40.0%) | masked=168, sdc=232, crash/hang=0 | 52.69 files/sec
[2026-05-15 15:08:39]     Progress 500/1000 files ( 50.0%) | masked=208, sdc=292, crash/hang=0 | 52.76 files/sec
[2026-05-15 15:08:40]     Progress 600/1000 files ( 60.0%) | masked=244, sdc=355, crash/hang=1 | 52.49 files/sec
[2026-05-15 15:08:42]     Progress 700/1000 files ( 70.0%) | masked=283, sdc=416, crash/hang=1 | 52.23 files/sec
[2026-05-15 15:08:44]     Progress 800/1000 files ( 80.0%) | masked=324, sdc=475, crash/hang=1 | 51.95 files/sec
[2026-05-15 15:08:46]     Progress 900/1000 files ( 90.0%) | masked=373, sdc=525, crash/hang=2 | 51.94 files/sec
[2026-05-15 15:08:48]     Progress 1000/1000 files (100.0%) | masked=419, sdc=579, crash/hang=2 | 51.88 files/sec
[2026-05-15 15:08:48]     Done folder: total=1000, masked=419, sdc=579, crash/hang=2
[2026-05-15 15:08:48]     CSV row written for leader-gvn/exec_basicmath_small_gvn | masked_rate=0.419000, sdc_rate=0.579000, crash_rate=0.002000
[2026-05-15 15:08:48] ================================================================================
[2026-05-15 15:08:48] [  12/109 |  11.0%] Processing leader-gvn/exec_basicmath_small_gvn_early-cse
[2026-05-15 15:08:48]     FI folder : /projects/lyang28/rmengle/program_outputs/paired/basicmath_small_outputs/leader-gvn/exec_basicmath_small_gvn_early-cse
[2026-05-15 15:08:48]     Timing    : /projects/lyang28/rmengle/execution_times/paired/basicmath_small_outputs/leader-gvn/exec_basicmath_small_gvn_early-cse.txt FOUND
[2026-05-15 15:08:49]     Found 1000 run files
[2026-05-15 15:08:51]     Progress 100/1000 files ( 10.0%) | masked=42, sdc=57, crash/hang=1 | 53.72 files/sec
[2026-05-15 15:08:52]     Progress 200/1000 files ( 20.0%) | masked=82, sdc=117, crash/hang=1 | 53.38 files/sec
[2026-05-15 15:08:54]     Progress 300/1000 files ( 30.0%) | masked=115, sdc=184, crash/hang=1 | 53.29 files/sec
[2026-05-15 15:08:56]     Progress 400/1000 files ( 40.0%) | masked=141, sdc=258, crash/hang=1 | 52.70 files/sec
[2026-05-15 15:08:58]     Progress 500/1000 files ( 50.0%) | masked=177, sdc=322, crash/hang=1 | 52.58 files/sec
[2026-05-15 15:09:00]     Progress 600/1000 files ( 60.0%) | masked=217, sdc=382, crash/hang=1 | 52.25 files/sec
[2026-05-15 15:09:02]     Progress 700/1000 files ( 70.0%) | masked=248, sdc=451, crash/hang=1 | 52.24 files/sec
[2026-05-15 15:09:04]     Progress 800/1000 files ( 80.0%) | masked=291, sdc=508, crash/hang=1 | 51.98 files/sec
[2026-05-15 15:09:06]     Progress 900/1000 files ( 90.0%) | masked=324, sdc=575, crash/hang=1 | 51.88 files/sec
[2026-05-15 15:09:08]     Progress 1000/1000 files (100.0%) | masked=368, sdc=631, crash/hang=1 | 52.05 files/sec
[2026-05-15 15:09:08]     Done folder: total=1000, masked=368, sdc=631, crash/hang=1
[2026-05-15 15:09:08]     CSV row written for leader-gvn/exec_basicmath_small_gvn_early-cse | masked_rate=0.368000, sdc_rate=0.631000, crash_rate=0.001000
[2026-05-15 15:09:08] ================================================================================
[2026-05-15 15:09:08] [  13/109 |  11.9%] Processing leader-gvn/exec_basicmath_small_gvn_gvn
[2026-05-15 15:09:08]     FI folder : /projects/lyang28/rmengle/program_outputs/paired/basicmath_small_outputs/leader-gvn/exec_basicmath_small_gvn_gvn
[2026-05-15 15:09:08]     Timing    : /projects/lyang28/rmengle/execution_times/paired/basicmath_small_outputs/leader-gvn/exec_basicmath_small_gvn_gvn.txt FOUND
[2026-05-15 15:09:08]     Found 1000 run files
[2026-05-15 15:09:10]     Progress 100/1000 files ( 10.0%) | masked=36, sdc=64, crash/hang=0 | 52.99 files/sec
[2026-05-15 15:09:12]     Progress 200/1000 files ( 20.0%) | masked=71, sdc=129, crash/hang=0 | 52.19 files/sec
[2026-05-15 15:09:14]     Progress 300/1000 files ( 30.0%) | masked=106, sdc=194, crash/hang=0 | 52.64 files/sec
[2026-05-15 15:09:16]     Progress 400/1000 files ( 40.0%) | masked=150, sdc=250, crash/hang=0 | 53.00 files/sec
[2026-05-15 15:09:18]     Progress 500/1000 files ( 50.0%) | masked=193, sdc=307, crash/hang=0 | 52.65 files/sec
[2026-05-15 15:09:20]     Progress 600/1000 files ( 60.0%) | masked=229, sdc=370, crash/hang=1 | 52.45 files/sec
[2026-05-15 15:09:22]     Progress 700/1000 files ( 70.0%) | masked=259, sdc=440, crash/hang=1 | 52.54 files/sec
[2026-05-15 15:09:24]     Progress 800/1000 files ( 80.0%) | masked=287, sdc=512, crash/hang=1 | 52.43 files/sec
[2026-05-15 15:09:25]     Progress 900/1000 files ( 90.0%) | masked=336, sdc=563, crash/hang=1 | 52.40 files/sec
[2026-05-15 15:09:27]     Progress 1000/1000 files (100.0%) | masked=372, sdc=627, crash/hang=1 | 52.40 files/sec
[2026-05-15 15:09:27]     Done folder: total=1000, masked=372, sdc=627, crash/hang=1
[2026-05-15 15:09:27]     CSV row written for leader-gvn/exec_basicmath_small_gvn_gvn | masked_rate=0.372000, sdc_rate=0.627000, crash_rate=0.001000
[2026-05-15 15:09:27] ================================================================================
[2026-05-15 15:09:27] [  14/109 |  12.8%] Processing leader-gvn/exec_basicmath_small_gvn_inline
[2026-05-15 15:09:27]     FI folder : /projects/lyang28/rmengle/program_outputs/paired/basicmath_small_outputs/leader-gvn/exec_basicmath_small_gvn_inline
[2026-05-15 15:09:27]     Timing    : /projects/lyang28/rmengle/execution_times/paired/basicmath_small_outputs/leader-gvn/exec_basicmath_small_gvn_inline.txt FOUND
[2026-05-15 15:09:28]     Found 1000 run files
[2026-05-15 15:09:30]     Progress 100/1000 files ( 10.0%) | masked=29, sdc=71, crash/hang=0 | 51.58 files/sec
[2026-05-15 15:09:32]     Progress 200/1000 files ( 20.0%) | masked=66, sdc=134, crash/hang=0 | 52.10 files/sec
[2026-05-15 15:09:33]     Progress 300/1000 files ( 30.0%) | masked=97, sdc=203, crash/hang=0 | 52.40 files/sec
[2026-05-15 15:09:35]     Progress 400/1000 files ( 40.0%) | masked=130, sdc=270, crash/hang=0 | 52.28 files/sec
[2026-05-15 15:09:37]     Progress 500/1000 files ( 50.0%) | masked=161, sdc=339, crash/hang=0 | 52.29 files/sec
[2026-05-15 15:09:39]     Progress 600/1000 files ( 60.0%) | masked=197, sdc=403, crash/hang=0 | 52.33 files/sec
[2026-05-15 15:09:41]     Progress 700/1000 files ( 70.0%) | masked=233, sdc=467, crash/hang=0 | 52.35 files/sec
[2026-05-15 15:09:43]     Progress 800/1000 files ( 80.0%) | masked=276, sdc=524, crash/hang=0 | 52.18 files/sec
[2026-05-15 15:09:45]     Progress 900/1000 files ( 90.0%) | masked=319, sdc=581, crash/hang=0 | 52.17 files/sec
[2026-05-15 15:09:47]     Progress 1000/1000 files (100.0%) | masked=348, sdc=652, crash/hang=0 | 52.21 files/sec
[2026-05-15 15:09:47]     Done folder: total=1000, masked=348, sdc=652, crash/hang=0
[2026-05-15 15:09:47]     CSV row written for leader-gvn/exec_basicmath_small_gvn_inline | masked_rate=0.348000, sdc_rate=0.652000, crash_rate=0.000000
[2026-05-15 15:09:47] ================================================================================
[2026-05-15 15:09:47] [  15/109 |  13.8%] Processing leader-gvn/exec_basicmath_small_gvn_instcombine
[2026-05-15 15:09:47]     FI folder : /projects/lyang28/rmengle/program_outputs/paired/basicmath_small_outputs/leader-gvn/exec_basicmath_small_gvn_instcombine
[2026-05-15 15:09:47]     Timing    : /projects/lyang28/rmengle/execution_times/paired/basicmath_small_outputs/leader-gvn/exec_basicmath_small_gvn_instcombine.txt FOUND
[2026-05-15 15:09:47]     Found 1000 run files
[2026-05-15 15:09:49]     Progress 100/1000 files ( 10.0%) | masked=36, sdc=64, crash/hang=0 | 53.06 files/sec
[2026-05-15 15:09:51]     Progress 200/1000 files ( 20.0%) | masked=78, sdc=122, crash/hang=0 | 52.86 files/sec
[2026-05-15 15:09:53]     Progress 300/1000 files ( 30.0%) | masked=114, sdc=186, crash/hang=0 | 52.57 files/sec
[2026-05-15 15:09:55]     Progress 400/1000 files ( 40.0%) | masked=151, sdc=249, crash/hang=0 | 52.80 files/sec
[2026-05-15 15:09:57]     Progress 500/1000 files ( 50.0%) | masked=196, sdc=304, crash/hang=0 | 52.81 files/sec
[2026-05-15 15:09:59]     Progress 600/1000 files ( 60.0%) | masked=237, sdc=363, crash/hang=0 | 52.76 files/sec
[2026-05-15 15:10:00]     Progress 700/1000 files ( 70.0%) | masked=270, sdc=430, crash/hang=0 | 52.64 files/sec
[2026-05-15 15:10:02]     Progress 800/1000 files ( 80.0%) | masked=309, sdc=491, crash/hang=0 | 52.54 files/sec
[2026-05-15 15:10:04]     Progress 900/1000 files ( 90.0%) | masked=347, sdc=553, crash/hang=0 | 52.54 files/sec
[2026-05-15 15:10:06]     Progress 1000/1000 files (100.0%) | masked=381, sdc=619, crash/hang=0 | 52.52 files/sec
[2026-05-15 15:10:06]     Done folder: total=1000, masked=381, sdc=619, crash/hang=0
[2026-05-15 15:10:06]     CSV row written for leader-gvn/exec_basicmath_small_gvn_instcombine | masked_rate=0.381000, sdc_rate=0.619000, crash_rate=0.000000
[2026-05-15 15:10:06] ================================================================================
[2026-05-15 15:10:06] [  16/109 |  14.7%] Processing leader-gvn/exec_basicmath_small_gvn_ipsccp
[2026-05-15 15:10:06]     FI folder : /projects/lyang28/rmengle/program_outputs/paired/basicmath_small_outputs/leader-gvn/exec_basicmath_small_gvn_ipsccp
[2026-05-15 15:10:06]     Timing    : /projects/lyang28/rmengle/execution_times/paired/basicmath_small_outputs/leader-gvn/exec_basicmath_small_gvn_ipsccp.txt FOUND
[2026-05-15 15:10:07]     Found 1000 run files
[2026-05-15 15:10:09]     Progress 100/1000 files ( 10.0%) | masked=46, sdc=54, crash/hang=0 | 51.83 files/sec
[2026-05-15 15:10:10]     Progress 200/1000 files ( 20.0%) | masked=87, sdc=113, crash/hang=0 | 52.92 files/sec
[2026-05-15 15:10:12]     Progress 300/1000 files ( 30.0%) | masked=121, sdc=179, crash/hang=0 | 52.97 files/sec
[2026-05-15 15:10:14]     Progress 400/1000 files ( 40.0%) | masked=160, sdc=240, crash/hang=0 | 52.55 files/sec
[2026-05-15 15:10:16]     Progress 500/1000 files ( 50.0%) | masked=194, sdc=306, crash/hang=0 | 52.80 files/sec
[2026-05-15 15:10:18]     Progress 600/1000 files ( 60.0%) | masked=236, sdc=364, crash/hang=0 | 52.58 files/sec
[2026-05-15 15:10:20]     Progress 700/1000 files ( 70.0%) | masked=281, sdc=419, crash/hang=0 | 52.37 files/sec
[2026-05-15 15:10:22]     Progress 800/1000 files ( 80.0%) | masked=317, sdc=482, crash/hang=1 | 52.36 files/sec
[2026-05-15 15:10:24]     Progress 900/1000 files ( 90.0%) | masked=353, sdc=546, crash/hang=1 | 52.23 files/sec
[2026-05-15 15:10:26]     Progress 1000/1000 files (100.0%) | masked=396, sdc=603, crash/hang=1 | 52.12 files/sec
[2026-05-15 15:10:26]     Done folder: total=1000, masked=396, sdc=603, crash/hang=1
[2026-05-15 15:10:26]     CSV row written for leader-gvn/exec_basicmath_small_gvn_ipsccp | masked_rate=0.396000, sdc_rate=0.603000, crash_rate=0.001000
[2026-05-15 15:10:26] ================================================================================
[2026-05-15 15:10:26] [  17/109 |  15.6%] Processing leader-gvn/exec_basicmath_small_gvn_licm
[2026-05-15 15:10:26]     FI folder : /projects/lyang28/rmengle/program_outputs/paired/basicmath_small_outputs/leader-gvn/exec_basicmath_small_gvn_licm
[2026-05-15 15:10:26]     Timing    : /projects/lyang28/rmengle/execution_times/paired/basicmath_small_outputs/leader-gvn/exec_basicmath_small_gvn_licm.txt FOUND
[2026-05-15 15:10:26]     Found 1000 run files
[2026-05-15 15:10:28]     Progress 100/1000 files ( 10.0%) | masked=59, sdc=41, crash/hang=0 | 52.70 files/sec
[2026-05-15 15:10:30]     Progress 200/1000 files ( 20.0%) | masked=108, sdc=92, crash/hang=0 | 52.44 files/sec
[2026-05-15 15:10:32]     Progress 300/1000 files ( 30.0%) | masked=155, sdc=145, crash/hang=0 | 52.89 files/sec
[2026-05-15 15:10:34]     Progress 400/1000 files ( 40.0%) | masked=200, sdc=200, crash/hang=0 | 53.09 files/sec
[2026-05-15 15:10:36]     Progress 500/1000 files ( 50.0%) | masked=255, sdc=245, crash/hang=0 | 52.98 files/sec
[2026-05-15 15:10:37]     Progress 600/1000 files ( 60.0%) | masked=304, sdc=296, crash/hang=0 | 53.13 files/sec
[2026-05-15 15:10:39]     Progress 700/1000 files ( 70.0%) | masked=351, sdc=349, crash/hang=0 | 53.11 files/sec
[2026-05-15 15:10:41]     Progress 800/1000 files ( 80.0%) | masked=403, sdc=397, crash/hang=0 | 52.98 files/sec
[2026-05-15 15:10:43]     Progress 900/1000 files ( 90.0%) | masked=454, sdc=446, crash/hang=0 | 52.88 files/sec
[2026-05-15 15:10:45]     Progress 1000/1000 files (100.0%) | masked=508, sdc=492, crash/hang=0 | 52.71 files/sec
[2026-05-15 15:10:45]     Done folder: total=1000, masked=508, sdc=492, crash/hang=0
[2026-05-15 15:10:45]     CSV row written for leader-gvn/exec_basicmath_small_gvn_licm | masked_rate=0.508000, sdc_rate=0.492000, crash_rate=0.000000
[2026-05-15 15:10:45] ================================================================================
[2026-05-15 15:10:45] [  18/109 |  16.5%] Processing leader-gvn/exec_basicmath_small_gvn_loop-reduce
[2026-05-15 15:10:45]     FI folder : /projects/lyang28/rmengle/program_outputs/paired/basicmath_small_outputs/leader-gvn/exec_basicmath_small_gvn_loop-reduce
[2026-05-15 15:10:45]     Timing    : /projects/lyang28/rmengle/execution_times/paired/basicmath_small_outputs/leader-gvn/exec_basicmath_small_gvn_loop-reduce.txt FOUND
[2026-05-15 15:10:45]     Found 1000 run files
[2026-05-15 15:10:47]     Progress 100/1000 files ( 10.0%) | masked=36, sdc=64, crash/hang=0 | 53.35 files/sec
[2026-05-15 15:10:49]     Progress 200/1000 files ( 20.0%) | masked=64, sdc=136, crash/hang=0 | 53.70 files/sec
[2026-05-15 15:10:51]     Progress 300/1000 files ( 30.0%) | masked=99, sdc=201, crash/hang=0 | 54.03 files/sec
[2026-05-15 15:10:53]     Progress 400/1000 files ( 40.0%) | masked=139, sdc=261, crash/hang=0 | 53.83 files/sec
[2026-05-15 15:10:55]     Progress 500/1000 files ( 50.0%) | masked=179, sdc=321, crash/hang=0 | 53.90 files/sec
[2026-05-15 15:10:57]     Progress 600/1000 files ( 60.0%) | masked=227, sdc=373, crash/hang=0 | 53.56 files/sec
[2026-05-15 15:10:59]     Progress 700/1000 files ( 70.0%) | masked=270, sdc=429, crash/hang=1 | 53.39 files/sec
[2026-05-15 15:11:00]     Progress 800/1000 files ( 80.0%) | masked=304, sdc=495, crash/hang=1 | 53.35 files/sec
[2026-05-15 15:11:02]     Progress 900/1000 files ( 90.0%) | masked=341, sdc=558, crash/hang=1 | 53.15 files/sec
[2026-05-15 15:11:05]     Progress 1000/1000 files (100.0%) | masked=375, sdc=624, crash/hang=1 | 50.97 files/sec
[2026-05-15 15:11:05]     Done folder: total=1000, masked=375, sdc=624, crash/hang=1
[2026-05-15 15:11:05]     CSV row written for leader-gvn/exec_basicmath_small_gvn_loop-reduce | masked_rate=0.375000, sdc_rate=0.624000, crash_rate=0.001000
[2026-05-15 15:11:05] ================================================================================
[2026-05-15 15:11:05] [  19/109 |  17.4%] Processing leader-gvn/exec_basicmath_small_gvn_loop-unroll
[2026-05-15 15:11:05]     FI folder : /projects/lyang28/rmengle/program_outputs/paired/basicmath_small_outputs/leader-gvn/exec_basicmath_small_gvn_loop-unroll
[2026-05-15 15:11:05]     Timing    : /projects/lyang28/rmengle/execution_times/paired/basicmath_small_outputs/leader-gvn/exec_basicmath_small_gvn_loop-unroll.txt FOUND
[2026-05-15 15:11:05]     Found 1000 run files
[2026-05-15 15:11:07]     Progress 100/1000 files ( 10.0%) | masked=36, sdc=64, crash/hang=0 | 55.87 files/sec
[2026-05-15 15:11:09]     Progress 200/1000 files ( 20.0%) | masked=75, sdc=125, crash/hang=0 | 54.48 files/sec
[2026-05-15 15:11:11]     Progress 300/1000 files ( 30.0%) | masked=112, sdc=188, crash/hang=0 | 54.10 files/sec
[2026-05-15 15:11:13]     Progress 400/1000 files ( 40.0%) | masked=154, sdc=246, crash/hang=0 | 53.50 files/sec
[2026-05-15 15:11:15]     Progress 500/1000 files ( 50.0%) | masked=202, sdc=298, crash/hang=0 | 53.29 files/sec
[2026-05-15 15:11:17]     Progress 600/1000 files ( 60.0%) | masked=240, sdc=360, crash/hang=0 | 53.13 files/sec
[2026-05-15 15:11:19]     Progress 700/1000 files ( 70.0%) | masked=276, sdc=424, crash/hang=0 | 53.09 files/sec
[2026-05-15 15:11:20]     Progress 800/1000 files ( 80.0%) | masked=314, sdc=486, crash/hang=0 | 53.09 files/sec
[2026-05-15 15:11:22]     Progress 900/1000 files ( 90.0%) | masked=354, sdc=546, crash/hang=0 | 52.89 files/sec
[2026-05-15 15:11:24]     Progress 1000/1000 files (100.0%) | masked=389, sdc=611, crash/hang=0 | 52.83 files/sec
[2026-05-15 15:11:24]     Done folder: total=1000, masked=389, sdc=611, crash/hang=0
[2026-05-15 15:11:24]     CSV row written for leader-gvn/exec_basicmath_small_gvn_loop-unroll | masked_rate=0.389000, sdc_rate=0.611000, crash_rate=0.000000
[2026-05-15 15:11:24] ================================================================================
[2026-05-15 15:11:24] [  20/109 |  18.3%] Processing leader-gvn/exec_basicmath_small_gvn_sccp
[2026-05-15 15:11:24]     FI folder : /projects/lyang28/rmengle/program_outputs/paired/basicmath_small_outputs/leader-gvn/exec_basicmath_small_gvn_sccp
[2026-05-15 15:11:24]     Timing    : /projects/lyang28/rmengle/execution_times/paired/basicmath_small_outputs/leader-gvn/exec_basicmath_small_gvn_sccp.txt FOUND
[2026-05-15 15:11:25]     Found 1000 run files
[2026-05-15 15:11:26]     Progress 100/1000 files ( 10.0%) | masked=45, sdc=55, crash/hang=0 | 52.98 files/sec
[2026-05-15 15:11:28]     Progress 200/1000 files ( 20.0%) | masked=85, sdc=115, crash/hang=0 | 52.97 files/sec
[2026-05-15 15:11:30]     Progress 300/1000 files ( 30.0%) | masked=126, sdc=174, crash/hang=0 | 52.42 files/sec
[2026-05-15 15:11:32]     Progress 400/1000 files ( 40.0%) | masked=150, sdc=250, crash/hang=0 | 52.20 files/sec
[2026-05-15 15:11:34]     Progress 500/1000 files ( 50.0%) | masked=192, sdc=307, crash/hang=1 | 52.34 files/sec
[2026-05-15 15:11:36]     Progress 600/1000 files ( 60.0%) | masked=238, sdc=360, crash/hang=2 | 52.38 files/sec
[2026-05-15 15:11:38]     Progress 700/1000 files ( 70.0%) | masked=272, sdc=426, crash/hang=2 | 52.59 files/sec
[2026-05-15 15:11:40]     Progress 800/1000 files ( 80.0%) | masked=311, sdc=487, crash/hang=2 | 52.51 files/sec
[2026-05-15 15:11:42]     Progress 900/1000 files ( 90.0%) | masked=351, sdc=547, crash/hang=2 | 52.55 files/sec
[2026-05-15 15:11:44]     Progress 1000/1000 files (100.0%) | masked=390, sdc=607, crash/hang=3 | 52.72 files/sec
[2026-05-15 15:11:44]     Done folder: total=1000, masked=390, sdc=607, crash/hang=3
[2026-05-15 15:11:44]     CSV row written for leader-gvn/exec_basicmath_small_gvn_sccp | masked_rate=0.390000, sdc_rate=0.607000, crash_rate=0.003000
[2026-05-15 15:11:44] ================================================================================
[2026-05-15 15:11:44] [  21/109 |  19.3%] Processing leader-gvn/exec_basicmath_small_gvn_simple-loop-unswitch
[2026-05-15 15:11:44]     FI folder : /projects/lyang28/rmengle/program_outputs/paired/basicmath_small_outputs/leader-gvn/exec_basicmath_small_gvn_simple-loop-unswitch
[2026-05-15 15:11:44]     Timing    : /projects/lyang28/rmengle/execution_times/paired/basicmath_small_outputs/leader-gvn/exec_basicmath_small_gvn_simple-loop-unswitch.txt FOUND
[2026-05-15 15:11:44]     Found 1000 run files
[2026-05-15 15:11:46]     Progress 100/1000 files ( 10.0%) | masked=43, sdc=57, crash/hang=0 | 53.90 files/sec
[2026-05-15 15:11:48]     Progress 200/1000 files ( 20.0%) | masked=82, sdc=118, crash/hang=0 | 52.93 files/sec
[2026-05-15 15:11:50]     Progress 300/1000 files ( 30.0%) | masked=121, sdc=179, crash/hang=0 | 52.42 files/sec
[2026-05-15 15:11:52]     Progress 400/1000 files ( 40.0%) | masked=156, sdc=244, crash/hang=0 | 52.58 files/sec
[2026-05-15 15:11:53]     Progress 500/1000 files ( 50.0%) | masked=195, sdc=304, crash/hang=1 | 52.52 files/sec
[2026-05-15 15:11:55]     Progress 600/1000 files ( 60.0%) | masked=238, sdc=361, crash/hang=1 | 52.48 files/sec
[2026-05-15 15:11:57]     Progress 700/1000 files ( 70.0%) | masked=274, sdc=425, crash/hang=1 | 52.15 files/sec
[2026-05-15 15:11:59]     Progress 800/1000 files ( 80.0%) | masked=306, sdc=493, crash/hang=1 | 51.97 files/sec
[2026-05-15 15:12:01]     Progress 900/1000 files ( 90.0%) | masked=347, sdc=552, crash/hang=1 | 51.86 files/sec
[2026-05-15 15:12:03]     Progress 1000/1000 files (100.0%) | masked=380, sdc=619, crash/hang=1 | 51.93 files/sec
[2026-05-15 15:12:03]     Done folder: total=1000, masked=380, sdc=619, crash/hang=1
[2026-05-15 15:12:03]     CSV row written for leader-gvn/exec_basicmath_small_gvn_simple-loop-unswitch | masked_rate=0.380000, sdc_rate=0.619000, crash_rate=0.001000
[2026-05-15 15:12:03] ================================================================================
[2026-05-15 15:12:03] [  22/109 |  20.2%] Processing leader-inline/exec_basicmath_small_inline
[2026-05-15 15:12:03]     FI folder : /projects/lyang28/rmengle/program_outputs/paired/basicmath_small_outputs/leader-inline/exec_basicmath_small_inline
[2026-05-15 15:12:03]     Timing    : /projects/lyang28/rmengle/execution_times/paired/basicmath_small_outputs/leader-inline/exec_basicmath_small_inline.txt FOUND
[2026-05-15 15:12:03]     Found 1000 run files
[2026-05-15 15:12:05]     Progress 100/1000 files ( 10.0%) | masked=31, sdc=69, crash/hang=0 | 52.25 files/sec
[2026-05-15 15:12:07]     Progress 200/1000 files ( 20.0%) | masked=74, sdc=126, crash/hang=0 | 52.77 files/sec
[2026-05-15 15:12:09]     Progress 300/1000 files ( 30.0%) | masked=111, sdc=189, crash/hang=0 | 52.84 files/sec
[2026-05-15 15:12:11]     Progress 400/1000 files ( 40.0%) | masked=149, sdc=250, crash/hang=1 | 52.86 files/sec
[2026-05-15 15:12:13]     Progress 500/1000 files ( 50.0%) | masked=179, sdc=320, crash/hang=1 | 53.04 files/sec
[2026-05-15 15:12:15]     Progress 600/1000 files ( 60.0%) | masked=208, sdc=391, crash/hang=1 | 52.99 files/sec
[2026-05-15 15:12:17]     Progress 700/1000 files ( 70.0%) | masked=242, sdc=457, crash/hang=1 | 52.96 files/sec
[2026-05-15 15:12:19]     Progress 800/1000 files ( 80.0%) | masked=271, sdc=527, crash/hang=2 | 52.96 files/sec
[2026-05-15 15:12:21]     Progress 900/1000 files ( 90.0%) | masked=305, sdc=593, crash/hang=2 | 52.84 files/sec
[2026-05-15 15:12:22]     Progress 1000/1000 files (100.0%) | masked=339, sdc=659, crash/hang=2 | 52.74 files/sec
[2026-05-15 15:12:22]     Done folder: total=1000, masked=339, sdc=659, crash/hang=2
[2026-05-15 15:12:22]     CSV row written for leader-inline/exec_basicmath_small_inline | masked_rate=0.339000, sdc_rate=0.659000, crash_rate=0.002000
[2026-05-15 15:12:22] ================================================================================
[2026-05-15 15:12:22] [  23/109 |  21.1%] Processing leader-inline/exec_basicmath_small_inline_early-cse
[2026-05-15 15:12:22]     FI folder : /projects/lyang28/rmengle/program_outputs/paired/basicmath_small_outputs/leader-inline/exec_basicmath_small_inline_early-cse
[2026-05-15 15:12:22]     Timing    : /projects/lyang28/rmengle/execution_times/paired/basicmath_small_outputs/leader-inline/exec_basicmath_small_inline_early-cse.txt FOUND
[2026-05-15 15:12:23]     Found 1000 run files
[2026-05-15 15:12:25]     Progress 100/1000 files ( 10.0%) | masked=35, sdc=65, crash/hang=0 | 52.40 files/sec
[2026-05-15 15:12:27]     Progress 200/1000 files ( 20.0%) | masked=71, sdc=129, crash/hang=0 | 52.48 files/sec
[2026-05-15 15:12:29]     Progress 300/1000 files ( 30.0%) | masked=119, sdc=181, crash/hang=0 | 52.41 files/sec
[2026-05-15 15:12:30]     Progress 400/1000 files ( 40.0%) | masked=152, sdc=248, crash/hang=0 | 52.45 files/sec
[2026-05-15 15:12:32]     Progress 500/1000 files ( 50.0%) | masked=187, sdc=313, crash/hang=0 | 52.47 files/sec
[2026-05-15 15:12:34]     Progress 600/1000 files ( 60.0%) | masked=221, sdc=379, crash/hang=0 | 52.63 files/sec
[2026-05-15 15:12:36]     Progress 700/1000 files ( 70.0%) | masked=259, sdc=441, crash/hang=0 | 52.43 files/sec
[2026-05-15 15:12:38]     Progress 800/1000 files ( 80.0%) | masked=285, sdc=515, crash/hang=0 | 52.50 files/sec
[2026-05-15 15:12:40]     Progress 900/1000 files ( 90.0%) | masked=320, sdc=580, crash/hang=0 | 52.55 files/sec
[2026-05-15 15:12:42]     Progress 1000/1000 files (100.0%) | masked=354, sdc=646, crash/hang=0 | 52.51 files/sec
[2026-05-15 15:12:42]     Done folder: total=1000, masked=354, sdc=646, crash/hang=0
[2026-05-15 15:12:42]     CSV row written for leader-inline/exec_basicmath_small_inline_early-cse | masked_rate=0.354000, sdc_rate=0.646000, crash_rate=0.000000
[2026-05-15 15:12:42] ================================================================================
[2026-05-15 15:12:42] [  24/109 |  22.0%] Processing leader-inline/exec_basicmath_small_inline_gvn
[2026-05-15 15:12:42]     FI folder : /projects/lyang28/rmengle/program_outputs/paired/basicmath_small_outputs/leader-inline/exec_basicmath_small_inline_gvn
[2026-05-15 15:12:42]     Timing    : /projects/lyang28/rmengle/execution_times/paired/basicmath_small_outputs/leader-inline/exec_basicmath_small_inline_gvn.txt FOUND
[2026-05-15 15:12:42]     Found 1000 run files
[2026-05-15 15:12:44]     Progress 100/1000 files ( 10.0%) | masked=33, sdc=67, crash/hang=0 | 53.44 files/sec
[2026-05-15 15:12:46]     Progress 200/1000 files ( 20.0%) | masked=79, sdc=121, crash/hang=0 | 53.19 files/sec
[2026-05-15 15:12:48]     Progress 300/1000 files ( 30.0%) | masked=117, sdc=183, crash/hang=0 | 53.21 files/sec
[2026-05-15 15:12:50]     Progress 400/1000 files ( 40.0%) | masked=150, sdc=250, crash/hang=0 | 52.87 files/sec
[2026-05-15 15:12:52]     Progress 500/1000 files ( 50.0%) | masked=183, sdc=317, crash/hang=0 | 52.86 files/sec
[2026-05-15 15:12:54]     Progress 600/1000 files ( 60.0%) | masked=231, sdc=369, crash/hang=0 | 52.89 files/sec
[2026-05-15 15:12:55]     Progress 700/1000 files ( 70.0%) | masked=270, sdc=430, crash/hang=0 | 52.80 files/sec
[2026-05-15 15:12:57]     Progress 800/1000 files ( 80.0%) | masked=305, sdc=495, crash/hang=0 | 53.06 files/sec
[2026-05-15 15:12:59]     Progress 900/1000 files ( 90.0%) | masked=342, sdc=558, crash/hang=0 | 53.08 files/sec
[2026-05-15 15:13:01]     Progress 1000/1000 files (100.0%) | masked=382, sdc=618, crash/hang=0 | 53.00 files/sec
[2026-05-15 15:13:01]     Done folder: total=1000, masked=382, sdc=618, crash/hang=0
[2026-05-15 15:13:01]     CSV row written for leader-inline/exec_basicmath_small_inline_gvn | masked_rate=0.382000, sdc_rate=0.618000, crash_rate=0.000000
[2026-05-15 15:13:01] ================================================================================
[2026-05-15 15:13:01] [  25/109 |  22.9%] Processing leader-inline/exec_basicmath_small_inline_inline
[2026-05-15 15:13:01]     FI folder : /projects/lyang28/rmengle/program_outputs/paired/basicmath_small_outputs/leader-inline/exec_basicmath_small_inline_inline
[2026-05-15 15:13:01]     Timing    : /projects/lyang28/rmengle/execution_times/paired/basicmath_small_outputs/leader-inline/exec_basicmath_small_inline_inline.txt FOUND
[2026-05-15 15:13:01]     Found 1000 run files
[2026-05-15 15:13:03]     Progress 100/1000 files ( 10.0%) | masked=36, sdc=64, crash/hang=0 | 52.08 files/sec
[2026-05-15 15:13:05]     Progress 200/1000 files ( 20.0%) | masked=71, sdc=128, crash/hang=1 | 53.86 files/sec
[2026-05-15 15:13:07]     Progress 300/1000 files ( 30.0%) | masked=110, sdc=189, crash/hang=1 | 53.46 files/sec
[2026-05-15 15:13:09]     Progress 400/1000 files ( 40.0%) | masked=152, sdc=247, crash/hang=1 | 53.03 files/sec
[2026-05-15 15:13:11]     Progress 500/1000 files ( 50.0%) | masked=195, sdc=304, crash/hang=1 | 53.03 files/sec
[2026-05-15 15:13:13]     Progress 600/1000 files ( 60.0%) | masked=230, sdc=369, crash/hang=1 | 53.07 files/sec
[2026-05-15 15:13:15]     Progress 700/1000 files ( 70.0%) | masked=267, sdc=432, crash/hang=1 | 52.88 files/sec
[2026-05-15 15:13:17]     Progress 800/1000 files ( 80.0%) | masked=309, sdc=489, crash/hang=2 | 52.86 files/sec
[2026-05-15 15:13:19]     Progress 900/1000 files ( 90.0%) | masked=345, sdc=553, crash/hang=2 | 52.80 files/sec
[2026-05-15 15:13:20]     Progress 1000/1000 files (100.0%) | masked=374, sdc=624, crash/hang=2 | 52.96 files/sec
[2026-05-15 15:13:20]     Done folder: total=1000, masked=374, sdc=624, crash/hang=2
[2026-05-15 15:13:20]     CSV row written for leader-inline/exec_basicmath_small_inline_inline | masked_rate=0.374000, sdc_rate=0.624000, crash_rate=0.002000
[2026-05-15 15:13:20] ================================================================================
[2026-05-15 15:13:20] [  26/109 |  23.9%] Processing leader-inline/exec_basicmath_small_inline_instcombine
[2026-05-15 15:13:20]     FI folder : /projects/lyang28/rmengle/program_outputs/paired/basicmath_small_outputs/leader-inline/exec_basicmath_small_inline_instcombine
[2026-05-15 15:13:20]     Timing    : /projects/lyang28/rmengle/execution_times/paired/basicmath_small_outputs/leader-inline/exec_basicmath_small_inline_instcombine.txt FOUND
[2026-05-15 15:13:21]     Found 1000 run files
[2026-05-15 15:13:23]     Progress 100/1000 files ( 10.0%) | masked=41, sdc=59, crash/hang=0 | 52.77 files/sec
[2026-05-15 15:13:24]     Progress 200/1000 files ( 20.0%) | masked=73, sdc=127, crash/hang=0 | 54.08 files/sec
[2026-05-15 15:13:26]     Progress 300/1000 files ( 30.0%) | masked=111, sdc=189, crash/hang=0 | 53.44 files/sec
[2026-05-15 15:13:28]     Progress 400/1000 files ( 40.0%) | masked=146, sdc=254, crash/hang=0 | 53.10 files/sec
[2026-05-15 15:13:30]     Progress 500/1000 files ( 50.0%) | masked=184, sdc=316, crash/hang=0 | 53.15 files/sec
[2026-05-15 15:13:32]     Progress 600/1000 files ( 60.0%) | masked=229, sdc=371, crash/hang=0 | 53.15 files/sec
[2026-05-15 15:13:34]     Progress 700/1000 files ( 70.0%) | masked=279, sdc=421, crash/hang=0 | 52.82 files/sec
[2026-05-15 15:13:36]     Progress 800/1000 files ( 80.0%) | masked=322, sdc=478, crash/hang=0 | 52.95 files/sec
[2026-05-15 15:13:38]     Progress 900/1000 files ( 90.0%) | masked=359, sdc=541, crash/hang=0 | 52.99 files/sec
[2026-05-15 15:13:40]     Progress 1000/1000 files (100.0%) | masked=398, sdc=602, crash/hang=0 | 52.85 files/sec
[2026-05-15 15:13:40]     Done folder: total=1000, masked=398, sdc=602, crash/hang=0
[2026-05-15 15:13:40]     CSV row written for leader-inline/exec_basicmath_small_inline_instcombine | masked_rate=0.398000, sdc_rate=0.602000, crash_rate=0.000000
[2026-05-15 15:13:40] ================================================================================
[2026-05-15 15:13:40] [  27/109 |  24.8%] Processing leader-inline/exec_basicmath_small_inline_ipsccp
[2026-05-15 15:13:40]     FI folder : /projects/lyang28/rmengle/program_outputs/paired/basicmath_small_outputs/leader-inline/exec_basicmath_small_inline_ipsccp
[2026-05-15 15:13:40]     Timing    : /projects/lyang28/rmengle/execution_times/paired/basicmath_small_outputs/leader-inline/exec_basicmath_small_inline_ipsccp.txt FOUND
[2026-05-15 15:13:40]     Found 1000 run files
[2026-05-15 15:13:42]     Progress 100/1000 files ( 10.0%) | masked=31, sdc=69, crash/hang=0 | 54.55 files/sec
[2026-05-15 15:13:44]     Progress 200/1000 files ( 20.0%) | masked=72, sdc=128, crash/hang=0 | 54.68 files/sec
[2026-05-15 15:13:45]     Progress 300/1000 files ( 30.0%) | masked=115, sdc=184, crash/hang=1 | 54.50 files/sec
[2026-05-15 15:13:47]     Progress 400/1000 files ( 40.0%) | masked=152, sdc=247, crash/hang=1 | 54.12 files/sec
[2026-05-15 15:13:49]     Progress 500/1000 files ( 50.0%) | masked=181, sdc=318, crash/hang=1 | 54.26 files/sec
[2026-05-15 15:13:51]     Progress 600/1000 files ( 60.0%) | masked=222, sdc=377, crash/hang=1 | 54.25 files/sec
[2026-05-15 15:13:53]     Progress 700/1000 files ( 70.0%) | masked=254, sdc=445, crash/hang=1 | 54.24 files/sec
[2026-05-15 15:13:55]     Progress 800/1000 files ( 80.0%) | masked=288, sdc=511, crash/hang=1 | 54.17 files/sec
[2026-05-15 15:13:57]     Progress 900/1000 files ( 90.0%) | masked=319, sdc=580, crash/hang=1 | 54.05 files/sec
[2026-05-15 15:13:58]     Progress 1000/1000 files (100.0%) | masked=359, sdc=640, crash/hang=1 | 54.01 files/sec
[2026-05-15 15:13:58]     Done folder: total=1000, masked=359, sdc=640, crash/hang=1
[2026-05-15 15:13:58]     CSV row written for leader-inline/exec_basicmath_small_inline_ipsccp | masked_rate=0.359000, sdc_rate=0.640000, crash_rate=0.001000
[2026-05-15 15:13:58] ================================================================================
[2026-05-15 15:13:58] [  28/109 |  25.7%] Processing leader-inline/exec_basicmath_small_inline_licm
[2026-05-15 15:13:58]     FI folder : /projects/lyang28/rmengle/program_outputs/paired/basicmath_small_outputs/leader-inline/exec_basicmath_small_inline_licm
[2026-05-15 15:13:58]     Timing    : /projects/lyang28/rmengle/execution_times/paired/basicmath_small_outputs/leader-inline/exec_basicmath_small_inline_licm.txt FOUND
[2026-05-15 15:13:59]     Found 1000 run files
[2026-05-15 15:14:01]     Progress 100/1000 files ( 10.0%) | masked=39, sdc=61, crash/hang=0 | 52.12 files/sec
[2026-05-15 15:14:03]     Progress 200/1000 files ( 20.0%) | masked=80, sdc=119, crash/hang=1 | 52.50 files/sec
[2026-05-15 15:14:05]     Progress 300/1000 files ( 30.0%) | masked=128, sdc=171, crash/hang=1 | 51.85 files/sec
[2026-05-15 15:14:07]     Progress 400/1000 files ( 40.0%) | masked=164, sdc=235, crash/hang=1 | 51.90 files/sec
[2026-05-15 15:14:08]     Progress 500/1000 files ( 50.0%) | masked=203, sdc=296, crash/hang=1 | 52.13 files/sec
[2026-05-15 15:14:10]     Progress 600/1000 files ( 60.0%) | masked=243, sdc=356, crash/hang=1 | 52.13 files/sec
[2026-05-15 15:14:12]     Progress 700/1000 files ( 70.0%) | masked=280, sdc=419, crash/hang=1 | 51.99 files/sec
[2026-05-15 15:14:14]     Progress 800/1000 files ( 80.0%) | masked=321, sdc=478, crash/hang=1 | 52.05 files/sec
[2026-05-15 15:14:16]     Progress 900/1000 files ( 90.0%) | masked=364, sdc=535, crash/hang=1 | 51.97 files/sec
[2026-05-15 15:14:18]     Progress 1000/1000 files (100.0%) | masked=405, sdc=594, crash/hang=1 | 51.95 files/sec
[2026-05-15 15:14:18]     Done folder: total=1000, masked=405, sdc=594, crash/hang=1
[2026-05-15 15:14:18]     CSV row written for leader-inline/exec_basicmath_small_inline_licm | masked_rate=0.405000, sdc_rate=0.594000, crash_rate=0.001000
[2026-05-15 15:14:18] ================================================================================
[2026-05-15 15:14:18] [  29/109 |  26.6%] Processing leader-inline/exec_basicmath_small_inline_loop-reduce
[2026-05-15 15:14:18]     FI folder : /projects/lyang28/rmengle/program_outputs/paired/basicmath_small_outputs/leader-inline/exec_basicmath_small_inline_loop-reduce
[2026-05-15 15:14:18]     Timing    : /projects/lyang28/rmengle/execution_times/paired/basicmath_small_outputs/leader-inline/exec_basicmath_small_inline_loop-reduce.txt FOUND
[2026-05-15 15:14:18]     Found 1000 run files
[2026-05-15 15:14:20]     Progress 100/1000 files ( 10.0%) | masked=38, sdc=62, crash/hang=0 | 53.88 files/sec
[2026-05-15 15:14:22]     Progress 200/1000 files ( 20.0%) | masked=66, sdc=134, crash/hang=0 | 53.76 files/sec
[2026-05-15 15:14:24]     Progress 300/1000 files ( 30.0%) | masked=99, sdc=201, crash/hang=0 | 54.10 files/sec
[2026-05-15 15:14:26]     Progress 400/1000 files ( 40.0%) | masked=135, sdc=265, crash/hang=0 | 53.68 files/sec
[2026-05-15 15:14:28]     Progress 500/1000 files ( 50.0%) | masked=167, sdc=333, crash/hang=0 | 52.82 files/sec
[2026-05-15 15:14:30]     Progress 600/1000 files ( 60.0%) | masked=202, sdc=398, crash/hang=0 | 52.87 files/sec
[2026-05-15 15:14:32]     Progress 700/1000 files ( 70.0%) | masked=238, sdc=462, crash/hang=0 | 52.95 files/sec
[2026-05-15 15:14:33]     Progress 800/1000 files ( 80.0%) | masked=269, sdc=531, crash/hang=0 | 53.22 files/sec
[2026-05-15 15:14:35]     Progress 900/1000 files ( 90.0%) | masked=310, sdc=590, crash/hang=0 | 53.25 files/sec
[2026-05-15 15:14:37]     Progress 1000/1000 files (100.0%) | masked=344, sdc=656, crash/hang=0 | 53.04 files/sec
[2026-05-15 15:14:37]     Done folder: total=1000, masked=344, sdc=656, crash/hang=0
[2026-05-15 15:14:37]     CSV row written for leader-inline/exec_basicmath_small_inline_loop-reduce | masked_rate=0.344000, sdc_rate=0.656000, crash_rate=0.000000
[2026-05-15 15:14:37] ================================================================================
[2026-05-15 15:14:37] [  30/109 |  27.5%] Processing leader-inline/exec_basicmath_small_inline_loop-unroll
[2026-05-15 15:14:37]     FI folder : /projects/lyang28/rmengle/program_outputs/paired/basicmath_small_outputs/leader-inline/exec_basicmath_small_inline_loop-unroll
[2026-05-15 15:14:37]     Timing    : /projects/lyang28/rmengle/execution_times/paired/basicmath_small_outputs/leader-inline/exec_basicmath_small_inline_loop-unroll.txt FOUND
[2026-05-15 15:14:38]     Found 1000 run files
[2026-05-15 15:14:39]     Progress 100/1000 files ( 10.0%) | masked=35, sdc=65, crash/hang=0 | 52.60 files/sec
[2026-05-15 15:14:41]     Progress 200/1000 files ( 20.0%) | masked=62, sdc=138, crash/hang=0 | 52.81 files/sec
[2026-05-15 15:14:43]     Progress 300/1000 files ( 30.0%) | masked=101, sdc=199, crash/hang=0 | 53.23 files/sec
[2026-05-15 15:14:45]     Progress 400/1000 files ( 40.0%) | masked=133, sdc=267, crash/hang=0 | 52.83 files/sec
[2026-05-15 15:14:47]     Progress 500/1000 files ( 50.0%) | masked=165, sdc=335, crash/hang=0 | 52.51 files/sec
[2026-05-15 15:14:49]     Progress 600/1000 files ( 60.0%) | masked=196, sdc=404, crash/hang=0 | 52.33 files/sec
[2026-05-15 15:14:51]     Progress 700/1000 files ( 70.0%) | masked=229, sdc=471, crash/hang=0 | 52.36 files/sec
[2026-05-15 15:14:53]     Progress 800/1000 files ( 80.0%) | masked=273, sdc=527, crash/hang=0 | 52.21 files/sec
[2026-05-15 15:14:55]     Progress 900/1000 files ( 90.0%) | masked=308, sdc=592, crash/hang=0 | 52.26 files/sec
[2026-05-15 15:14:57]     Progress 1000/1000 files (100.0%) | masked=347, sdc=653, crash/hang=0 | 52.04 files/sec
[2026-05-15 15:14:57]     Done folder: total=1000, masked=347, sdc=653, crash/hang=0
[2026-05-15 15:14:57]     CSV row written for leader-inline/exec_basicmath_small_inline_loop-unroll | masked_rate=0.347000, sdc_rate=0.653000, crash_rate=0.000000
[2026-05-15 15:14:57] ================================================================================
[2026-05-15 15:14:57] [  31/109 |  28.4%] Processing leader-inline/exec_basicmath_small_inline_sccp
[2026-05-15 15:14:57]     FI folder : /projects/lyang28/rmengle/program_outputs/paired/basicmath_small_outputs/leader-inline/exec_basicmath_small_inline_sccp
[2026-05-15 15:14:57]     Timing    : /projects/lyang28/rmengle/execution_times/paired/basicmath_small_outputs/leader-inline/exec_basicmath_small_inline_sccp.txt FOUND
[2026-05-15 15:14:57]     Found 1000 run files
[2026-05-15 15:14:59]     Progress 100/1000 files ( 10.0%) | masked=27, sdc=73, crash/hang=0 | 51.76 files/sec
[2026-05-15 15:15:01]     Progress 200/1000 files ( 20.0%) | masked=61, sdc=139, crash/hang=0 | 52.89 files/sec
[2026-05-15 15:15:03]     Progress 300/1000 files ( 30.0%) | masked=93, sdc=207, crash/hang=0 | 53.19 files/sec
[2026-05-15 15:15:05]     Progress 400/1000 files ( 40.0%) | masked=132, sdc=267, crash/hang=1 | 53.13 files/sec
[2026-05-15 15:15:07]     Progress 500/1000 files ( 50.0%) | masked=161, sdc=338, crash/hang=1 | 52.90 files/sec
[2026-05-15 15:15:08]     Progress 600/1000 files ( 60.0%) | masked=197, sdc=402, crash/hang=1 | 52.79 files/sec
[2026-05-15 15:15:10]     Progress 700/1000 files ( 70.0%) | masked=240, sdc=459, crash/hang=1 | 52.68 files/sec
[2026-05-15 15:15:12]     Progress 800/1000 files ( 80.0%) | masked=282, sdc=517, crash/hang=1 | 52.63 files/sec
[2026-05-15 15:15:14]     Progress 900/1000 files ( 90.0%) | masked=311, sdc=588, crash/hang=1 | 52.67 files/sec
[2026-05-15 15:15:16]     Progress 1000/1000 files (100.0%) | masked=347, sdc=652, crash/hang=1 | 52.54 files/sec
[2026-05-15 15:15:16]     Done folder: total=1000, masked=347, sdc=652, crash/hang=1
[2026-05-15 15:15:16]     CSV row written for leader-inline/exec_basicmath_small_inline_sccp | masked_rate=0.347000, sdc_rate=0.652000, crash_rate=0.001000
[2026-05-15 15:15:16] ================================================================================
[2026-05-15 15:15:16] [  32/109 |  29.4%] Processing leader-inline/exec_basicmath_small_inline_simple-loop-unswitch
[2026-05-15 15:15:16]     FI folder : /projects/lyang28/rmengle/program_outputs/paired/basicmath_small_outputs/leader-inline/exec_basicmath_small_inline_simple-loop-unswitch
[2026-05-15 15:15:16]     Timing    : /projects/lyang28/rmengle/execution_times/paired/basicmath_small_outputs/leader-inline/exec_basicmath_small_inline_simple-loop-unswitch.txt FOUND
[2026-05-15 15:15:16]     Found 1000 run files
[2026-05-15 15:15:18]     Progress 100/1000 files ( 10.0%) | masked=38, sdc=62, crash/hang=0 | 52.35 files/sec
[2026-05-15 15:15:20]     Progress 200/1000 files ( 20.0%) | masked=74, sdc=126, crash/hang=0 | 52.28 files/sec
[2026-05-15 15:15:22]     Progress 300/1000 files ( 30.0%) | masked=105, sdc=195, crash/hang=0 | 52.06 files/sec
[2026-05-15 15:15:24]     Progress 400/1000 files ( 40.0%) | masked=134, sdc=266, crash/hang=0 | 52.18 files/sec
[2026-05-15 15:15:26]     Progress 500/1000 files ( 50.0%) | masked=169, sdc=331, crash/hang=0 | 52.27 files/sec
[2026-05-15 15:15:28]     Progress 600/1000 files ( 60.0%) | masked=205, sdc=395, crash/hang=0 | 52.20 files/sec
[2026-05-15 15:15:30]     Progress 700/1000 files ( 70.0%) | masked=241, sdc=459, crash/hang=0 | 52.16 files/sec
[2026-05-15 15:15:32]     Progress 800/1000 files ( 80.0%) | masked=279, sdc=521, crash/hang=0 | 52.07 files/sec
[2026-05-15 15:15:35]     Progress 900/1000 files ( 90.0%) | masked=314, sdc=586, crash/hang=0 | 48.10 files/sec
[2026-05-15 15:15:37]     Progress 1000/1000 files (100.0%) | masked=340, sdc=660, crash/hang=0 | 48.60 files/sec
[2026-05-15 15:15:37]     Done folder: total=1000, masked=340, sdc=660, crash/hang=0
[2026-05-15 15:15:37]     CSV row written for leader-inline/exec_basicmath_small_inline_simple-loop-unswitch | masked_rate=0.340000, sdc_rate=0.660000, crash_rate=0.000000
[2026-05-15 15:15:37] ================================================================================
[2026-05-15 15:15:37] [  33/109 |  30.3%] Processing leader-instcombine/exec_basicmath_small_instcombine
[2026-05-15 15:15:37]     FI folder : /projects/lyang28/rmengle/program_outputs/paired/basicmath_small_outputs/leader-instcombine/exec_basicmath_small_instcombine
[2026-05-15 15:15:37]     Timing    : /projects/lyang28/rmengle/execution_times/paired/basicmath_small_outputs/leader-instcombine/exec_basicmath_small_instcombine.txt FOUND
[2026-05-15 15:15:37]     Found 1000 run files
[2026-05-15 15:15:39]     Progress 100/1000 files ( 10.0%) | masked=41, sdc=59, crash/hang=0 | 52.54 files/sec
[2026-05-15 15:15:41]     Progress 200/1000 files ( 20.0%) | masked=83, sdc=117, crash/hang=0 | 52.14 files/sec
[2026-05-15 15:15:43]     Progress 300/1000 files ( 30.0%) | masked=130, sdc=170, crash/hang=0 | 51.90 files/sec
[2026-05-15 15:15:45]     Progress 400/1000 files ( 40.0%) | masked=165, sdc=235, crash/hang=0 | 51.86 files/sec
[2026-05-15 15:15:47]     Progress 500/1000 files ( 50.0%) | masked=202, sdc=298, crash/hang=0 | 52.05 files/sec
[2026-05-15 15:15:58]     Progress 600/1000 files ( 60.0%) | masked=240, sdc=360, crash/hang=0 | 29.15 files/sec
[2026-05-15 15:16:00]     Progress 700/1000 files ( 70.0%) | masked=285, sdc=415, crash/hang=0 | 31.13 files/sec
[2026-05-15 15:16:02]     Progress 800/1000 files ( 80.0%) | masked=322, sdc=477, crash/hang=1 | 32.77 files/sec
[2026-05-15 15:16:04]     Progress 900/1000 files ( 90.0%) | masked=356, sdc=543, crash/hang=1 | 34.19 files/sec
[2026-05-15 15:16:06]     Progress 1000/1000 files (100.0%) | masked=394, sdc=605, crash/hang=1 | 35.38 files/sec
[2026-05-15 15:16:06]     Done folder: total=1000, masked=394, sdc=605, crash/hang=1
[2026-05-15 15:16:06]     CSV row written for leader-instcombine/exec_basicmath_small_instcombine | masked_rate=0.394000, sdc_rate=0.605000, crash_rate=0.001000
[2026-05-15 15:16:06] ================================================================================
[2026-05-15 15:16:06] [  34/109 |  31.2%] Processing leader-instcombine/exec_basicmath_small_instcombine_early-cse
[2026-05-15 15:16:06]     FI folder : /projects/lyang28/rmengle/program_outputs/paired/basicmath_small_outputs/leader-instcombine/exec_basicmath_small_instcombine_early-cse
[2026-05-15 15:16:06]     Timing    : /projects/lyang28/rmengle/execution_times/paired/basicmath_small_outputs/leader-instcombine/exec_basicmath_small_instcombine_early-cse.txt FOUND
[2026-05-15 15:16:06]     Found 1000 run files
[2026-05-15 15:16:08]     Progress 100/1000 files ( 10.0%) | masked=42, sdc=58, crash/hang=0 | 52.86 files/sec
[2026-05-15 15:16:10]     Progress 200/1000 files ( 20.0%) | masked=74, sdc=126, crash/hang=0 | 53.50 files/sec
[2026-05-15 15:16:12]     Progress 300/1000 files ( 30.0%) | masked=112, sdc=188, crash/hang=0 | 53.48 files/sec
[2026-05-15 15:16:13]     Progress 400/1000 files ( 40.0%) | masked=147, sdc=253, crash/hang=0 | 53.44 files/sec
[2026-05-15 15:16:15]     Progress 500/1000 files ( 50.0%) | masked=192, sdc=308, crash/hang=0 | 53.54 files/sec
[2026-05-15 15:16:17]     Progress 600/1000 files ( 60.0%) | masked=225, sdc=375, crash/hang=0 | 53.60 files/sec
[2026-05-15 15:16:19]     Progress 700/1000 files ( 70.0%) | masked=262, sdc=438, crash/hang=0 | 53.42 files/sec
[2026-05-15 15:16:21]     Progress 800/1000 files ( 80.0%) | masked=296, sdc=504, crash/hang=0 | 53.36 files/sec
[2026-05-15 15:16:23]     Progress 900/1000 files ( 90.0%) | masked=337, sdc=563, crash/hang=0 | 53.24 files/sec
[2026-05-15 15:16:25]     Progress 1000/1000 files (100.0%) | masked=364, sdc=636, crash/hang=0 | 53.19 files/sec
[2026-05-15 15:16:25]     Done folder: total=1000, masked=364, sdc=636, crash/hang=0
[2026-05-15 15:16:25]     CSV row written for leader-instcombine/exec_basicmath_small_instcombine_early-cse | masked_rate=0.364000, sdc_rate=0.636000, crash_rate=0.000000
[2026-05-15 15:16:25] ================================================================================
[2026-05-15 15:16:25] [  35/109 |  32.1%] Processing leader-instcombine/exec_basicmath_small_instcombine_gvn
[2026-05-15 15:16:25]     FI folder : /projects/lyang28/rmengle/program_outputs/paired/basicmath_small_outputs/leader-instcombine/exec_basicmath_small_instcombine_gvn
[2026-05-15 15:16:25]     Timing    : /projects/lyang28/rmengle/execution_times/paired/basicmath_small_outputs/leader-instcombine/exec_basicmath_small_instcombine_gvn.txt FOUND
[2026-05-15 15:16:25]     Found 1000 run files
[2026-05-15 15:16:27]     Progress 100/1000 files ( 10.0%) | masked=38, sdc=62, crash/hang=0 | 52.73 files/sec
[2026-05-15 15:16:29]     Progress 200/1000 files ( 20.0%) | masked=72, sdc=128, crash/hang=0 | 53.01 files/sec
[2026-05-15 15:16:31]     Progress 300/1000 files ( 30.0%) | masked=113, sdc=187, crash/hang=0 | 52.57 files/sec
[2026-05-15 15:16:33]     Progress 400/1000 files ( 40.0%) | masked=147, sdc=253, crash/hang=0 | 52.33 files/sec
[2026-05-15 15:16:35]     Progress 500/1000 files ( 50.0%) | masked=185, sdc=315, crash/hang=0 | 52.30 files/sec
[2026-05-15 15:16:37]     Progress 600/1000 files ( 60.0%) | masked=229, sdc=371, crash/hang=0 | 49.56 files/sec
[2026-05-15 15:16:39]     Progress 700/1000 files ( 70.0%) | masked=263, sdc=437, crash/hang=0 | 50.02 files/sec
[2026-05-15 15:16:41]     Progress 800/1000 files ( 80.0%) | masked=306, sdc=494, crash/hang=0 | 50.34 files/sec
[2026-05-15 15:16:43]     Progress 900/1000 files ( 90.0%) | masked=348, sdc=552, crash/hang=0 | 50.60 files/sec
[2026-05-15 15:16:45]     Progress 1000/1000 files (100.0%) | masked=381, sdc=619, crash/hang=0 | 50.73 files/sec
[2026-05-15 15:16:45]     Done folder: total=1000, masked=381, sdc=619, crash/hang=0
[2026-05-15 15:16:45]     CSV row written for leader-instcombine/exec_basicmath_small_instcombine_gvn | masked_rate=0.381000, sdc_rate=0.619000, crash_rate=0.000000
[2026-05-15 15:16:45] ================================================================================
[2026-05-15 15:16:45] [  36/109 |  33.0%] Processing leader-instcombine/exec_basicmath_small_instcombine_inline
[2026-05-15 15:16:45]     FI folder : /projects/lyang28/rmengle/program_outputs/paired/basicmath_small_outputs/leader-instcombine/exec_basicmath_small_instcombine_inline
[2026-05-15 15:16:45]     Timing    : /projects/lyang28/rmengle/execution_times/paired/basicmath_small_outputs/leader-instcombine/exec_basicmath_small_instcombine_inline.txt FOUND
[2026-05-15 15:16:45]     Found 1000 run files
[2026-05-15 15:16:47]     Progress 100/1000 files ( 10.0%) | masked=41, sdc=59, crash/hang=0 | 53.01 files/sec
[2026-05-15 15:16:49]     Progress 200/1000 files ( 20.0%) | masked=80, sdc=120, crash/hang=0 | 53.00 files/sec
[2026-05-15 15:16:51]     Progress 300/1000 files ( 30.0%) | masked=119, sdc=181, crash/hang=0 | 53.03 files/sec
[2026-05-15 15:16:53]     Progress 400/1000 files ( 40.0%) | masked=159, sdc=241, crash/hang=0 | 53.24 files/sec
[2026-05-15 15:16:55]     Progress 500/1000 files ( 50.0%) | masked=206, sdc=294, crash/hang=0 | 52.94 files/sec
[2026-05-15 15:16:57]     Progress 600/1000 files ( 60.0%) | masked=241, sdc=359, crash/hang=0 | 52.68 files/sec
[2026-05-15 15:16:59]     Progress 700/1000 files ( 70.0%) | masked=285, sdc=415, crash/hang=0 | 52.64 files/sec
[2026-05-15 15:17:00]     Progress 800/1000 files ( 80.0%) | masked=323, sdc=477, crash/hang=0 | 52.58 files/sec
[2026-05-15 15:17:02]     Progress 900/1000 files ( 90.0%) | masked=358, sdc=541, crash/hang=1 | 52.74 files/sec
[2026-05-15 15:17:04]     Progress 1000/1000 files (100.0%) | masked=407, sdc=592, crash/hang=1 | 52.64 files/sec
[2026-05-15 15:17:04]     Done folder: total=1000, masked=407, sdc=592, crash/hang=1
[2026-05-15 15:17:04]     CSV row written for leader-instcombine/exec_basicmath_small_instcombine_inline | masked_rate=0.407000, sdc_rate=0.592000, crash_rate=0.001000
[2026-05-15 15:17:04] ================================================================================
[2026-05-15 15:17:04] [  37/109 |  33.9%] Processing leader-instcombine/exec_basicmath_small_instcombine_instcombine
[2026-05-15 15:17:04]     FI folder : /projects/lyang28/rmengle/program_outputs/paired/basicmath_small_outputs/leader-instcombine/exec_basicmath_small_instcombine_instcombine
[2026-05-15 15:17:04]     Timing    : /projects/lyang28/rmengle/execution_times/paired/basicmath_small_outputs/leader-instcombine/exec_basicmath_small_instcombine_instcombine.txt FOUND
[2026-05-15 15:17:05]     Found 1000 run files
[2026-05-15 15:17:06]     Progress 100/1000 files ( 10.0%) | masked=38, sdc=62, crash/hang=0 | 54.62 files/sec
[2026-05-15 15:17:08]     Progress 200/1000 files ( 20.0%) | masked=73, sdc=127, crash/hang=0 | 54.06 files/sec
[2026-05-15 15:17:10]     Progress 300/1000 files ( 30.0%) | masked=115, sdc=185, crash/hang=0 | 53.37 files/sec
[2026-05-15 15:17:12]     Progress 400/1000 files ( 40.0%) | masked=158, sdc=242, crash/hang=0 | 53.09 files/sec
[2026-05-15 15:17:14]     Progress 500/1000 files ( 50.0%) | masked=198, sdc=302, crash/hang=0 | 53.04 files/sec
[2026-05-15 15:17:16]     Progress 600/1000 files ( 60.0%) | masked=230, sdc=370, crash/hang=0 | 52.91 files/sec
[2026-05-15 15:17:18]     Progress 700/1000 files ( 70.0%) | masked=269, sdc=431, crash/hang=0 | 52.86 files/sec
[2026-05-15 15:17:20]     Progress 800/1000 files ( 80.0%) | masked=304, sdc=496, crash/hang=0 | 52.95 files/sec
[2026-05-15 15:17:22]     Progress 900/1000 files ( 90.0%) | masked=329, sdc=571, crash/hang=0 | 52.89 files/sec
[2026-05-15 15:17:24]     Progress 1000/1000 files (100.0%) | masked=364, sdc=636, crash/hang=0 | 52.79 files/sec
[2026-05-15 15:17:24]     Done folder: total=1000, masked=364, sdc=636, crash/hang=0
[2026-05-15 15:17:24]     CSV row written for leader-instcombine/exec_basicmath_small_instcombine_instcombine | masked_rate=0.364000, sdc_rate=0.636000, crash_rate=0.000000
[2026-05-15 15:17:24] ================================================================================
[2026-05-15 15:17:24] [  38/109 |  34.9%] Processing leader-instcombine/exec_basicmath_small_instcombine_ipsccp
[2026-05-15 15:17:24]     FI folder : /projects/lyang28/rmengle/program_outputs/paired/basicmath_small_outputs/leader-instcombine/exec_basicmath_small_instcombine_ipsccp
[2026-05-15 15:17:24]     Timing    : /projects/lyang28/rmengle/execution_times/paired/basicmath_small_outputs/leader-instcombine/exec_basicmath_small_instcombine_ipsccp.txt FOUND
[2026-05-15 15:17:24]     Found 1000 run files
[2026-05-15 15:17:26]     Progress 100/1000 files ( 10.0%) | masked=39, sdc=61, crash/hang=0 | 52.30 files/sec
[2026-05-15 15:17:28]     Progress 200/1000 files ( 20.0%) | masked=80, sdc=120, crash/hang=0 | 53.05 files/sec
[2026-05-15 15:17:29]     Progress 300/1000 files ( 30.0%) | masked=118, sdc=182, crash/hang=0 | 53.45 files/sec
[2026-05-15 15:17:31]     Progress 400/1000 files ( 40.0%) | masked=168, sdc=232, crash/hang=0 | 53.38 files/sec
[2026-05-15 15:17:33]     Progress 500/1000 files ( 50.0%) | masked=201, sdc=299, crash/hang=0 | 53.36 files/sec
[2026-05-15 15:17:35]     Progress 600/1000 files ( 60.0%) | masked=238, sdc=362, crash/hang=0 | 53.36 files/sec
[2026-05-15 15:17:37]     Progress 700/1000 files ( 70.0%) | masked=276, sdc=424, crash/hang=0 | 53.09 files/sec
[2026-05-15 15:17:39]     Progress 800/1000 files ( 80.0%) | masked=309, sdc=491, crash/hang=0 | 52.81 files/sec
[2026-05-15 15:17:41]     Progress 900/1000 files ( 90.0%) | masked=343, sdc=557, crash/hang=0 | 52.83 files/sec
[2026-05-15 15:17:43]     Progress 1000/1000 files (100.0%) | masked=386, sdc=614, crash/hang=0 | 52.79 files/sec
[2026-05-15 15:17:43]     Done folder: total=1000, masked=386, sdc=614, crash/hang=0
[2026-05-15 15:17:43]     CSV row written for leader-instcombine/exec_basicmath_small_instcombine_ipsccp | masked_rate=0.386000, sdc_rate=0.614000, crash_rate=0.000000
[2026-05-15 15:17:43] ================================================================================
[2026-05-15 15:17:43] [  39/109 |  35.8%] Processing leader-instcombine/exec_basicmath_small_instcombine_licm
[2026-05-15 15:17:43]     FI folder : /projects/lyang28/rmengle/program_outputs/paired/basicmath_small_outputs/leader-instcombine/exec_basicmath_small_instcombine_licm
[2026-05-15 15:17:43]     Timing    : /projects/lyang28/rmengle/execution_times/paired/basicmath_small_outputs/leader-instcombine/exec_basicmath_small_instcombine_licm.txt FOUND
[2026-05-15 15:17:43]     Found 1000 run files
[2026-05-15 15:17:45]     Progress 100/1000 files ( 10.0%) | masked=46, sdc=54, crash/hang=0 | 54.56 files/sec
[2026-05-15 15:17:47]     Progress 200/1000 files ( 20.0%) | masked=92, sdc=108, crash/hang=0 | 53.48 files/sec
[2026-05-15 15:17:49]     Progress 300/1000 files ( 30.0%) | masked=134, sdc=166, crash/hang=0 | 53.66 files/sec
[2026-05-15 15:17:51]     Progress 400/1000 files ( 40.0%) | masked=167, sdc=233, crash/hang=0 | 53.75 files/sec
[2026-05-15 15:17:52]     Progress 500/1000 files ( 50.0%) | masked=219, sdc=281, crash/hang=0 | 53.60 files/sec
[2026-05-15 15:17:54]     Progress 600/1000 files ( 60.0%) | masked=256, sdc=344, crash/hang=0 | 52.99 files/sec
[2026-05-15 15:17:56]     Progress 700/1000 files ( 70.0%) | masked=298, sdc=402, crash/hang=0 | 53.04 files/sec
[2026-05-15 15:17:58]     Progress 800/1000 files ( 80.0%) | masked=340, sdc=460, crash/hang=0 | 52.77 files/sec
[2026-05-15 15:18:00]     Progress 900/1000 files ( 90.0%) | masked=375, sdc=525, crash/hang=0 | 52.76 files/sec
[2026-05-15 15:18:02]     Progress 1000/1000 files (100.0%) | masked=410, sdc=590, crash/hang=0 | 52.65 files/sec
[2026-05-15 15:18:02]     Done folder: total=1000, masked=410, sdc=590, crash/hang=0
[2026-05-15 15:18:02]     CSV row written for leader-instcombine/exec_basicmath_small_instcombine_licm | masked_rate=0.410000, sdc_rate=0.590000, crash_rate=0.000000
[2026-05-15 15:18:02] ================================================================================
[2026-05-15 15:18:02] [  40/109 |  36.7%] Processing leader-instcombine/exec_basicmath_small_instcombine_loop-reduce
[2026-05-15 15:18:02]     FI folder : /projects/lyang28/rmengle/program_outputs/paired/basicmath_small_outputs/leader-instcombine/exec_basicmath_small_instcombine_loop-reduce
[2026-05-15 15:18:02]     Timing    : /projects/lyang28/rmengle/execution_times/paired/basicmath_small_outputs/leader-instcombine/exec_basicmath_small_instcombine_loop-reduce.txt FOUND
[2026-05-15 15:18:02]     Found 1000 run files
[2026-05-15 15:18:04]     Progress 100/1000 files ( 10.0%) | masked=37, sdc=63, crash/hang=0 | 53.13 files/sec
[2026-05-15 15:18:06]     Progress 200/1000 files ( 20.0%) | masked=77, sdc=123, crash/hang=0 | 53.01 files/sec
[2026-05-15 15:18:08]     Progress 300/1000 files ( 30.0%) | masked=127, sdc=173, crash/hang=0 | 53.28 files/sec
[2026-05-15 15:18:10]     Progress 400/1000 files ( 40.0%) | masked=170, sdc=230, crash/hang=0 | 53.36 files/sec
[2026-05-15 15:18:12]     Progress 500/1000 files ( 50.0%) | masked=208, sdc=292, crash/hang=0 | 53.71 files/sec
[2026-05-15 15:18:14]     Progress 600/1000 files ( 60.0%) | masked=247, sdc=353, crash/hang=0 | 53.67 files/sec
[2026-05-15 15:18:16]     Progress 700/1000 files ( 70.0%) | masked=293, sdc=407, crash/hang=0 | 53.48 files/sec
[2026-05-15 15:18:17]     Progress 800/1000 files ( 80.0%) | masked=334, sdc=466, crash/hang=0 | 53.48 files/sec
[2026-05-15 15:18:19]     Progress 900/1000 files ( 90.0%) | masked=378, sdc=522, crash/hang=0 | 53.49 files/sec
[2026-05-15 15:18:21]     Progress 1000/1000 files (100.0%) | masked=417, sdc=583, crash/hang=0 | 53.47 files/sec
[2026-05-15 15:18:21]     Done folder: total=1000, masked=417, sdc=583, crash/hang=0
[2026-05-15 15:18:21]     CSV row written for leader-instcombine/exec_basicmath_small_instcombine_loop-reduce | masked_rate=0.417000, sdc_rate=0.583000, crash_rate=0.000000
[2026-05-15 15:18:21] ================================================================================
[2026-05-15 15:18:21] [  41/109 |  37.6%] Processing leader-instcombine/exec_basicmath_small_instcombine_loop-unroll
[2026-05-15 15:18:21]     FI folder : /projects/lyang28/rmengle/program_outputs/paired/basicmath_small_outputs/leader-instcombine/exec_basicmath_small_instcombine_loop-unroll
[2026-05-15 15:18:21]     Timing    : /projects/lyang28/rmengle/execution_times/paired/basicmath_small_outputs/leader-instcombine/exec_basicmath_small_instcombine_loop-unroll.txt FOUND
[2026-05-15 15:18:21]     Found 1000 run files
[2026-05-15 15:18:23]     Progress 100/1000 files ( 10.0%) | masked=33, sdc=67, crash/hang=0 | 51.65 files/sec
[2026-05-15 15:18:25]     Progress 200/1000 files ( 20.0%) | masked=74, sdc=126, crash/hang=0 | 52.41 files/sec
[2026-05-15 15:18:27]     Progress 300/1000 files ( 30.0%) | masked=112, sdc=188, crash/hang=0 | 52.56 files/sec
[2026-05-15 15:18:29]     Progress 400/1000 files ( 40.0%) | masked=149, sdc=251, crash/hang=0 | 52.52 files/sec
[2026-05-15 15:18:31]     Progress 500/1000 files ( 50.0%) | masked=191, sdc=309, crash/hang=0 | 52.49 files/sec
[2026-05-15 15:18:33]     Progress 600/1000 files ( 60.0%) | masked=235, sdc=365, crash/hang=0 | 52.58 files/sec
[2026-05-15 15:18:35]     Progress 700/1000 files ( 70.0%) | masked=273, sdc=427, crash/hang=0 | 52.63 files/sec
[2026-05-15 15:18:37]     Progress 800/1000 files ( 80.0%) | masked=310, sdc=490, crash/hang=0 | 52.72 files/sec
[2026-05-15 15:18:39]     Progress 900/1000 files ( 90.0%) | masked=345, sdc=555, crash/hang=0 | 52.71 files/sec
[2026-05-15 15:18:40]     Progress 1000/1000 files (100.0%) | masked=388, sdc=612, crash/hang=0 | 52.80 files/sec
[2026-05-15 15:18:40]     Done folder: total=1000, masked=388, sdc=612, crash/hang=0
[2026-05-15 15:18:40]     CSV row written for leader-instcombine/exec_basicmath_small_instcombine_loop-unroll | masked_rate=0.388000, sdc_rate=0.612000, crash_rate=0.000000
[2026-05-15 15:18:40] ================================================================================
[2026-05-15 15:18:40] [  42/109 |  38.5%] Processing leader-instcombine/exec_basicmath_small_instcombine_sccp
[2026-05-15 15:18:40]     FI folder : /projects/lyang28/rmengle/program_outputs/paired/basicmath_small_outputs/leader-instcombine/exec_basicmath_small_instcombine_sccp
[2026-05-15 15:18:40]     Timing    : /projects/lyang28/rmengle/execution_times/paired/basicmath_small_outputs/leader-instcombine/exec_basicmath_small_instcombine_sccp.txt FOUND
[2026-05-15 15:18:41]     Found 1000 run files
[2026-05-15 15:18:43]     Progress 100/1000 files ( 10.0%) | masked=31, sdc=69, crash/hang=0 | 53.58 files/sec
[2026-05-15 15:18:44]     Progress 200/1000 files ( 20.0%) | masked=62, sdc=138, crash/hang=0 | 54.25 files/sec
[2026-05-15 15:18:46]     Progress 300/1000 files ( 30.0%) | masked=100, sdc=200, crash/hang=0 | 54.34 files/sec
[2026-05-15 15:18:48]     Progress 400/1000 files ( 40.0%) | masked=141, sdc=259, crash/hang=0 | 54.43 files/sec
[2026-05-15 15:18:50]     Progress 500/1000 files ( 50.0%) | masked=184, sdc=316, crash/hang=0 | 54.44 files/sec
[2026-05-15 15:18:52]     Progress 600/1000 files ( 60.0%) | masked=227, sdc=373, crash/hang=0 | 53.96 files/sec
[2026-05-15 15:18:54]     Progress 700/1000 files ( 70.0%) | masked=274, sdc=426, crash/hang=0 | 53.65 files/sec
[2026-05-15 15:18:56]     Progress 800/1000 files ( 80.0%) | masked=308, sdc=492, crash/hang=0 | 53.88 files/sec
[2026-05-15 15:18:58]     Progress 900/1000 files ( 90.0%) | masked=350, sdc=550, crash/hang=0 | 53.61 files/sec
[2026-05-15 15:18:59]     Progress 1000/1000 files (100.0%) | masked=393, sdc=607, crash/hang=0 | 53.69 files/sec
[2026-05-15 15:18:59]     Done folder: total=1000, masked=393, sdc=607, crash/hang=0
[2026-05-15 15:18:59]     CSV row written for leader-instcombine/exec_basicmath_small_instcombine_sccp | masked_rate=0.393000, sdc_rate=0.607000, crash_rate=0.000000
[2026-05-15 15:18:59] ================================================================================
[2026-05-15 15:18:59] [  43/109 |  39.4%] Processing leader-instcombine/exec_basicmath_small_instcombine_simple-loop-unswitch
[2026-05-15 15:18:59]     FI folder : /projects/lyang28/rmengle/program_outputs/paired/basicmath_small_outputs/leader-instcombine/exec_basicmath_small_instcombine_simple-loop-unswitch
[2026-05-15 15:18:59]     Timing    : /projects/lyang28/rmengle/execution_times/paired/basicmath_small_outputs/leader-instcombine/exec_basicmath_small_instcombine_simple-loop-unswitch.txt FOUND
[2026-05-15 15:19:00]     Found 1000 run files
[2026-05-15 15:19:02]     Progress 100/1000 files ( 10.0%) | masked=46, sdc=54, crash/hang=0 | 52.09 files/sec
[2026-05-15 15:19:04]     Progress 200/1000 files ( 20.0%) | masked=89, sdc=111, crash/hang=0 | 52.33 files/sec
[2026-05-15 15:19:05]     Progress 300/1000 files ( 30.0%) | masked=137, sdc=163, crash/hang=0 | 52.65 files/sec
[2026-05-15 15:19:07]     Progress 400/1000 files ( 40.0%) | masked=176, sdc=224, crash/hang=0 | 52.96 files/sec
[2026-05-15 15:19:09]     Progress 500/1000 files ( 50.0%) | masked=223, sdc=277, crash/hang=0 | 53.00 files/sec
[2026-05-15 15:19:11]     Progress 600/1000 files ( 60.0%) | masked=270, sdc=330, crash/hang=0 | 53.09 files/sec
[2026-05-15 15:19:13]     Progress 700/1000 files ( 70.0%) | masked=302, sdc=398, crash/hang=0 | 53.07 files/sec
[2026-05-15 15:19:15]     Progress 800/1000 files ( 80.0%) | masked=351, sdc=449, crash/hang=0 | 52.98 files/sec
[2026-05-15 15:19:17]     Progress 900/1000 files ( 90.0%) | masked=393, sdc=507, crash/hang=0 | 53.09 files/sec
[2026-05-15 15:19:19]     Progress 1000/1000 files (100.0%) | masked=436, sdc=564, crash/hang=0 | 53.04 files/sec
[2026-05-15 15:19:19]     Done folder: total=1000, masked=436, sdc=564, crash/hang=0
[2026-05-15 15:19:19]     CSV row written for leader-instcombine/exec_basicmath_small_instcombine_simple-loop-unswitch | masked_rate=0.436000, sdc_rate=0.564000, crash_rate=0.000000
[2026-05-15 15:19:19] ================================================================================
[2026-05-15 15:19:19] [  44/109 |  40.4%] Processing leader-ipsccp/exec_basicmath_small_ipsccp
[2026-05-15 15:19:19]     FI folder : /projects/lyang28/rmengle/program_outputs/paired/basicmath_small_outputs/leader-ipsccp/exec_basicmath_small_ipsccp
[2026-05-15 15:19:19]     Timing    : /projects/lyang28/rmengle/execution_times/paired/basicmath_small_outputs/leader-ipsccp/exec_basicmath_small_ipsccp.txt FOUND
[2026-05-15 15:19:19]     Found 1000 run files
[2026-05-15 15:19:21]     Progress 100/1000 files ( 10.0%) | masked=35, sdc=65, crash/hang=0 | 53.26 files/sec
[2026-05-15 15:19:23]     Progress 200/1000 files ( 20.0%) | masked=74, sdc=126, crash/hang=0 | 53.45 files/sec
[2026-05-15 15:19:25]     Progress 300/1000 files ( 30.0%) | masked=111, sdc=189, crash/hang=0 | 52.96 files/sec
[2026-05-15 15:19:26]     Progress 400/1000 files ( 40.0%) | masked=146, sdc=253, crash/hang=1 | 52.92 files/sec
[2026-05-15 15:19:28]     Progress 500/1000 files ( 50.0%) | masked=180, sdc=319, crash/hang=1 | 53.01 files/sec
[2026-05-15 15:19:30]     Progress 600/1000 files ( 60.0%) | masked=220, sdc=379, crash/hang=1 | 52.88 files/sec
[2026-05-15 15:19:32]     Progress 700/1000 files ( 70.0%) | masked=252, sdc=447, crash/hang=1 | 52.97 files/sec
[2026-05-15 15:19:34]     Progress 800/1000 files ( 80.0%) | masked=286, sdc=513, crash/hang=1 | 53.07 files/sec
[2026-05-15 15:19:36]     Progress 900/1000 files ( 90.0%) | masked=318, sdc=581, crash/hang=1 | 52.99 files/sec
[2026-05-15 15:19:38]     Progress 1000/1000 files (100.0%) | masked=359, sdc=640, crash/hang=1 | 52.88 files/sec
[2026-05-15 15:19:38]     Done folder: total=1000, masked=359, sdc=640, crash/hang=1
[2026-05-15 15:19:38]     CSV row written for leader-ipsccp/exec_basicmath_small_ipsccp | masked_rate=0.359000, sdc_rate=0.640000, crash_rate=0.001000
[2026-05-15 15:19:38] ================================================================================
[2026-05-15 15:19:38] [  45/109 |  41.3%] Processing leader-ipsccp/exec_basicmath_small_ipsccp_early-cse
[2026-05-15 15:19:38]     FI folder : /projects/lyang28/rmengle/program_outputs/paired/basicmath_small_outputs/leader-ipsccp/exec_basicmath_small_ipsccp_early-cse
[2026-05-15 15:19:38]     Timing    : /projects/lyang28/rmengle/execution_times/paired/basicmath_small_outputs/leader-ipsccp/exec_basicmath_small_ipsccp_early-cse.txt FOUND
[2026-05-15 15:19:38]     Found 1000 run files
[2026-05-15 15:19:40]     Progress 100/1000 files ( 10.0%) | masked=31, sdc=69, crash/hang=0 | 55.42 files/sec
[2026-05-15 15:19:42]     Progress 200/1000 files ( 20.0%) | masked=68, sdc=132, crash/hang=0 | 54.84 files/sec
[2026-05-15 15:19:44]     Progress 300/1000 files ( 30.0%) | masked=111, sdc=189, crash/hang=0 | 54.37 files/sec
[2026-05-15 15:19:46]     Progress 400/1000 files ( 40.0%) | masked=146, sdc=254, crash/hang=0 | 54.11 files/sec
[2026-05-15 15:19:47]     Progress 500/1000 files ( 50.0%) | masked=178, sdc=322, crash/hang=0 | 53.80 files/sec
[2026-05-15 15:19:49]     Progress 600/1000 files ( 60.0%) | masked=219, sdc=381, crash/hang=0 | 53.58 files/sec
[2026-05-15 15:19:51]     Progress 700/1000 files ( 70.0%) | masked=255, sdc=445, crash/hang=0 | 53.53 files/sec
[2026-05-15 15:19:53]     Progress 800/1000 files ( 80.0%) | masked=288, sdc=512, crash/hang=0 | 53.43 files/sec
[2026-05-15 15:19:55]     Progress 900/1000 files ( 90.0%) | masked=322, sdc=578, crash/hang=0 | 53.34 files/sec
[2026-05-15 15:19:57]     Progress 1000/1000 files (100.0%) | masked=355, sdc=645, crash/hang=0 | 53.19 files/sec
[2026-05-15 15:19:57]     Done folder: total=1000, masked=355, sdc=645, crash/hang=0
[2026-05-15 15:19:57]     CSV row written for leader-ipsccp/exec_basicmath_small_ipsccp_early-cse | masked_rate=0.355000, sdc_rate=0.645000, crash_rate=0.000000
[2026-05-15 15:19:57] ================================================================================
[2026-05-15 15:19:57] [  46/109 |  42.2%] Processing leader-ipsccp/exec_basicmath_small_ipsccp_gvn
[2026-05-15 15:19:57]     FI folder : /projects/lyang28/rmengle/program_outputs/paired/basicmath_small_outputs/leader-ipsccp/exec_basicmath_small_ipsccp_gvn
[2026-05-15 15:19:57]     Timing    : /projects/lyang28/rmengle/execution_times/paired/basicmath_small_outputs/leader-ipsccp/exec_basicmath_small_ipsccp_gvn.txt FOUND
[2026-05-15 15:19:57]     Found 1000 run files
[2026-05-15 15:19:59]     Progress 100/1000 files ( 10.0%) | masked=34, sdc=66, crash/hang=0 | 51.33 files/sec
[2026-05-15 15:20:01]     Progress 200/1000 files ( 20.0%) | masked=74, sdc=126, crash/hang=0 | 52.58 files/sec
[2026-05-15 15:20:03]     Progress 300/1000 files ( 30.0%) | masked=103, sdc=197, crash/hang=0 | 52.45 files/sec
[2026-05-15 15:20:05]     Progress 400/1000 files ( 40.0%) | masked=136, sdc=264, crash/hang=0 | 53.02 files/sec
[2026-05-15 15:20:07]     Progress 500/1000 files ( 50.0%) | masked=173, sdc=327, crash/hang=0 | 52.83 files/sec
[2026-05-15 15:20:09]     Progress 600/1000 files ( 60.0%) | masked=208, sdc=391, crash/hang=1 | 52.54 files/sec
[2026-05-15 15:20:11]     Progress 700/1000 files ( 70.0%) | masked=241, sdc=458, crash/hang=1 | 52.38 files/sec
[2026-05-15 15:20:13]     Progress 800/1000 files ( 80.0%) | masked=276, sdc=523, crash/hang=1 | 52.21 files/sec
[2026-05-15 15:20:15]     Progress 900/1000 files ( 90.0%) | masked=316, sdc=583, crash/hang=1 | 52.13 files/sec
[2026-05-15 15:20:17]     Progress 1000/1000 files (100.0%) | masked=361, sdc=638, crash/hang=1 | 52.05 files/sec
[2026-05-15 15:20:17]     Done folder: total=1000, masked=361, sdc=638, crash/hang=1
[2026-05-15 15:20:17]     CSV row written for leader-ipsccp/exec_basicmath_small_ipsccp_gvn | masked_rate=0.361000, sdc_rate=0.638000, crash_rate=0.001000
[2026-05-15 15:20:17] ================================================================================
[2026-05-15 15:20:17] [  47/109 |  43.1%] Processing leader-ipsccp/exec_basicmath_small_ipsccp_inline
[2026-05-15 15:20:17]     FI folder : /projects/lyang28/rmengle/program_outputs/paired/basicmath_small_outputs/leader-ipsccp/exec_basicmath_small_ipsccp_inline
[2026-05-15 15:20:17]     Timing    : /projects/lyang28/rmengle/execution_times/paired/basicmath_small_outputs/leader-ipsccp/exec_basicmath_small_ipsccp_inline.txt FOUND
[2026-05-15 15:20:17]     Found 1000 run files
[2026-05-15 15:20:19]     Progress 100/1000 files ( 10.0%) | masked=45, sdc=54, crash/hang=1 | 54.63 files/sec
[2026-05-15 15:20:21]     Progress 200/1000 files ( 20.0%) | masked=83, sdc=116, crash/hang=1 | 53.43 files/sec
[2026-05-15 15:20:22]     Progress 300/1000 files ( 30.0%) | masked=113, sdc=185, crash/hang=2 | 53.32 files/sec
[2026-05-15 15:20:24]     Progress 400/1000 files ( 40.0%) | masked=153, sdc=245, crash/hang=2 | 53.20 files/sec
[2026-05-15 15:20:26]     Progress 500/1000 files ( 50.0%) | masked=187, sdc=311, crash/hang=2 | 52.93 files/sec
[2026-05-15 15:20:28]     Progress 600/1000 files ( 60.0%) | masked=220, sdc=378, crash/hang=2 | 52.88 files/sec
[2026-05-15 15:20:30]     Progress 700/1000 files ( 70.0%) | masked=253, sdc=445, crash/hang=2 | 52.83 files/sec
[2026-05-15 15:20:32]     Progress 800/1000 files ( 80.0%) | masked=294, sdc=504, crash/hang=2 | 53.05 files/sec
[2026-05-15 15:20:34]     Progress 900/1000 files ( 90.0%) | masked=322, sdc=576, crash/hang=2 | 52.98 files/sec
[2026-05-15 15:20:36]     Progress 1000/1000 files (100.0%) | masked=362, sdc=636, crash/hang=2 | 53.02 files/sec
[2026-05-15 15:20:36]     Done folder: total=1000, masked=362, sdc=636, crash/hang=2
[2026-05-15 15:20:36]     CSV row written for leader-ipsccp/exec_basicmath_small_ipsccp_inline | masked_rate=0.362000, sdc_rate=0.636000, crash_rate=0.002000
[2026-05-15 15:20:36] ================================================================================
[2026-05-15 15:20:36] [  48/109 |  44.0%] Processing leader-ipsccp/exec_basicmath_small_ipsccp_instcombine
[2026-05-15 15:20:36]     FI folder : /projects/lyang28/rmengle/program_outputs/paired/basicmath_small_outputs/leader-ipsccp/exec_basicmath_small_ipsccp_instcombine
[2026-05-15 15:20:36]     Timing    : /projects/lyang28/rmengle/execution_times/paired/basicmath_small_outputs/leader-ipsccp/exec_basicmath_small_ipsccp_instcombine.txt FOUND
[2026-05-15 15:20:36]     Found 1000 run files
[2026-05-15 15:20:38]     Progress 100/1000 files ( 10.0%) | masked=45, sdc=55, crash/hang=0 | 53.03 files/sec
[2026-05-15 15:20:40]     Progress 200/1000 files ( 20.0%) | masked=87, sdc=113, crash/hang=0 | 52.93 files/sec
[2026-05-15 15:20:42]     Progress 300/1000 files ( 30.0%) | masked=128, sdc=172, crash/hang=0 | 53.33 files/sec
[2026-05-15 15:20:44]     Progress 400/1000 files ( 40.0%) | masked=170, sdc=230, crash/hang=0 | 53.34 files/sec
[2026-05-15 15:20:45]     Progress 500/1000 files ( 50.0%) | masked=208, sdc=292, crash/hang=0 | 53.32 files/sec
[2026-05-15 15:20:47]     Progress 600/1000 files ( 60.0%) | masked=248, sdc=352, crash/hang=0 | 53.11 files/sec
[2026-05-15 15:20:49]     Progress 700/1000 files ( 70.0%) | masked=292, sdc=408, crash/hang=0 | 52.99 files/sec
[2026-05-15 15:20:51]     Progress 800/1000 files ( 80.0%) | masked=337, sdc=463, crash/hang=0 | 52.80 files/sec
[2026-05-15 15:20:53]     Progress 900/1000 files ( 90.0%) | masked=374, sdc=526, crash/hang=0 | 52.77 files/sec
[2026-05-15 15:20:55]     Progress 1000/1000 files (100.0%) | masked=400, sdc=600, crash/hang=0 | 52.75 files/sec
[2026-05-15 15:20:55]     Done folder: total=1000, masked=400, sdc=600, crash/hang=0
[2026-05-15 15:20:55]     CSV row written for leader-ipsccp/exec_basicmath_small_ipsccp_instcombine | masked_rate=0.400000, sdc_rate=0.600000, crash_rate=0.000000
[2026-05-15 15:20:55] ================================================================================
[2026-05-15 15:20:55] [  49/109 |  45.0%] Processing leader-ipsccp/exec_basicmath_small_ipsccp_ipsccp
[2026-05-15 15:20:55]     FI folder : /projects/lyang28/rmengle/program_outputs/paired/basicmath_small_outputs/leader-ipsccp/exec_basicmath_small_ipsccp_ipsccp
[2026-05-15 15:20:55]     Timing    : /projects/lyang28/rmengle/execution_times/paired/basicmath_small_outputs/leader-ipsccp/exec_basicmath_small_ipsccp_ipsccp.txt FOUND
[2026-05-15 15:20:55]     Found 1000 run files
[2026-05-15 15:20:57]     Progress 100/1000 files ( 10.0%) | masked=33, sdc=67, crash/hang=0 | 54.91 files/sec
[2026-05-15 15:20:59]     Progress 200/1000 files ( 20.0%) | masked=65, sdc=135, crash/hang=0 | 53.92 files/sec
[2026-05-15 15:21:01]     Progress 300/1000 files ( 30.0%) | masked=107, sdc=193, crash/hang=0 | 53.66 files/sec
[2026-05-15 15:21:03]     Progress 400/1000 files ( 40.0%) | masked=134, sdc=266, crash/hang=0 | 53.43 files/sec
[2026-05-15 15:21:05]     Progress 500/1000 files ( 50.0%) | masked=173, sdc=327, crash/hang=0 | 53.06 files/sec
[2026-05-15 15:21:07]     Progress 600/1000 files ( 60.0%) | masked=202, sdc=398, crash/hang=0 | 52.79 files/sec
[2026-05-15 15:21:09]     Progress 700/1000 files ( 70.0%) | masked=228, sdc=472, crash/hang=0 | 52.64 files/sec
[2026-05-15 15:21:11]     Progress 800/1000 files ( 80.0%) | masked=267, sdc=533, crash/hang=0 | 52.55 files/sec
[2026-05-15 15:21:12]     Progress 900/1000 files ( 90.0%) | masked=303, sdc=596, crash/hang=1 | 52.54 files/sec
[2026-05-15 15:21:14]     Progress 1000/1000 files (100.0%) | masked=338, sdc=661, crash/hang=1 | 52.68 files/sec
[2026-05-15 15:21:14]     Done folder: total=1000, masked=338, sdc=661, crash/hang=1
[2026-05-15 15:21:14]     CSV row written for leader-ipsccp/exec_basicmath_small_ipsccp_ipsccp | masked_rate=0.338000, sdc_rate=0.661000, crash_rate=0.001000
[2026-05-15 15:21:14] ================================================================================
[2026-05-15 15:21:14] [  50/109 |  45.9%] Processing leader-ipsccp/exec_basicmath_small_ipsccp_licm
[2026-05-15 15:21:14]     FI folder : /projects/lyang28/rmengle/program_outputs/paired/basicmath_small_outputs/leader-ipsccp/exec_basicmath_small_ipsccp_licm
[2026-05-15 15:21:14]     Timing    : /projects/lyang28/rmengle/execution_times/paired/basicmath_small_outputs/leader-ipsccp/exec_basicmath_small_ipsccp_licm.txt FOUND
[2026-05-15 15:21:15]     Found 1000 run files
[2026-05-15 15:21:17]     Progress 100/1000 files ( 10.0%) | masked=35, sdc=65, crash/hang=0 | 53.69 files/sec
[2026-05-15 15:21:18]     Progress 200/1000 files ( 20.0%) | masked=79, sdc=121, crash/hang=0 | 53.65 files/sec
[2026-05-15 15:21:20]     Progress 300/1000 files ( 30.0%) | masked=129, sdc=171, crash/hang=0 | 53.28 files/sec
[2026-05-15 15:21:22]     Progress 400/1000 files ( 40.0%) | masked=174, sdc=226, crash/hang=0 | 53.34 files/sec
[2026-05-15 15:21:24]     Progress 500/1000 files ( 50.0%) | masked=219, sdc=281, crash/hang=0 | 53.16 files/sec
[2026-05-15 15:21:26]     Progress 600/1000 files ( 60.0%) | masked=259, sdc=341, crash/hang=0 | 53.25 files/sec
[2026-05-15 15:21:28]     Progress 700/1000 files ( 70.0%) | masked=294, sdc=406, crash/hang=0 | 53.14 files/sec
[2026-05-15 15:21:30]     Progress 800/1000 files ( 80.0%) | masked=336, sdc=464, crash/hang=0 | 53.07 files/sec
[2026-05-15 15:21:32]     Progress 900/1000 files ( 90.0%) | masked=373, sdc=527, crash/hang=0 | 53.14 files/sec
[2026-05-15 15:21:34]     Progress 1000/1000 files (100.0%) | masked=410, sdc=590, crash/hang=0 | 52.87 files/sec
[2026-05-15 15:21:34]     Done folder: total=1000, masked=410, sdc=590, crash/hang=0
[2026-05-15 15:21:34]     CSV row written for leader-ipsccp/exec_basicmath_small_ipsccp_licm | masked_rate=0.410000, sdc_rate=0.590000, crash_rate=0.000000
[2026-05-15 15:21:34] ================================================================================
[2026-05-15 15:21:34] [  51/109 |  46.8%] Processing leader-ipsccp/exec_basicmath_small_ipsccp_loop-reduce
[2026-05-15 15:21:34]     FI folder : /projects/lyang28/rmengle/program_outputs/paired/basicmath_small_outputs/leader-ipsccp/exec_basicmath_small_ipsccp_loop-reduce
[2026-05-15 15:21:34]     Timing    : /projects/lyang28/rmengle/execution_times/paired/basicmath_small_outputs/leader-ipsccp/exec_basicmath_small_ipsccp_loop-reduce.txt FOUND
[2026-05-15 15:21:34]     Found 1000 run files
[2026-05-15 15:21:36]     Progress 100/1000 files ( 10.0%) | masked=32, sdc=68, crash/hang=0 | 53.13 files/sec
[2026-05-15 15:21:38]     Progress 200/1000 files ( 20.0%) | masked=74, sdc=126, crash/hang=0 | 53.69 files/sec
[2026-05-15 15:21:40]     Progress 300/1000 files ( 30.0%) | masked=111, sdc=189, crash/hang=0 | 53.26 files/sec
[2026-05-15 15:21:42]     Progress 400/1000 files ( 40.0%) | masked=144, sdc=256, crash/hang=0 | 52.96 files/sec
[2026-05-15 15:21:43]     Progress 500/1000 files ( 50.0%) | masked=181, sdc=319, crash/hang=0 | 52.81 files/sec
[2026-05-15 15:21:46]     Progress 600/1000 files ( 60.0%) | masked=215, sdc=385, crash/hang=0 | 49.99 files/sec
[2026-05-15 15:21:48]     Progress 700/1000 files ( 70.0%) | masked=253, sdc=447, crash/hang=0 | 50.41 files/sec
[2026-05-15 15:21:50]     Progress 800/1000 files ( 80.0%) | masked=288, sdc=512, crash/hang=0 | 50.73 files/sec
[2026-05-15 15:21:52]     Progress 900/1000 files ( 90.0%) | masked=330, sdc=570, crash/hang=0 | 50.83 files/sec
[2026-05-15 15:21:54]     Progress 1000/1000 files (100.0%) | masked=365, sdc=635, crash/hang=0 | 51.00 files/sec
[2026-05-15 15:21:54]     Done folder: total=1000, masked=365, sdc=635, crash/hang=0
[2026-05-15 15:21:54]     CSV row written for leader-ipsccp/exec_basicmath_small_ipsccp_loop-reduce | masked_rate=0.365000, sdc_rate=0.635000, crash_rate=0.000000
[2026-05-15 15:21:54] ================================================================================
[2026-05-15 15:21:54] [  52/109 |  47.7%] Processing leader-ipsccp/exec_basicmath_small_ipsccp_loop-unroll
[2026-05-15 15:21:54]     FI folder : /projects/lyang28/rmengle/program_outputs/paired/basicmath_small_outputs/leader-ipsccp/exec_basicmath_small_ipsccp_loop-unroll
[2026-05-15 15:21:54]     Timing    : /projects/lyang28/rmengle/execution_times/paired/basicmath_small_outputs/leader-ipsccp/exec_basicmath_small_ipsccp_loop-unroll.txt FOUND
[2026-05-15 15:21:54]     Found 1000 run files
[2026-05-15 15:21:56]     Progress 100/1000 files ( 10.0%) | masked=25, sdc=75, crash/hang=0 | 52.23 files/sec
[2026-05-15 15:21:58]     Progress 200/1000 files ( 20.0%) | masked=64, sdc=135, crash/hang=1 | 52.83 files/sec
[2026-05-15 15:22:00]     Progress 300/1000 files ( 30.0%) | masked=93, sdc=206, crash/hang=1 | 53.26 files/sec
[2026-05-15 15:22:11]     Progress 400/1000 files ( 40.0%) | masked=128, sdc=271, crash/hang=1 | 24.06 files/sec
[2026-05-15 15:22:13]     Progress 500/1000 files ( 50.0%) | masked=164, sdc=335, crash/hang=1 | 26.88 files/sec
[2026-05-15 15:22:14]     Progress 600/1000 files ( 60.0%) | masked=200, sdc=398, crash/hang=2 | 29.21 files/sec
[2026-05-15 15:22:16]     Progress 700/1000 files ( 70.0%) | masked=224, sdc=474, crash/hang=2 | 31.22 files/sec
[2026-05-15 15:22:18]     Progress 800/1000 files ( 80.0%) | masked=247, sdc=551, crash/hang=2 | 32.90 files/sec
[2026-05-15 15:22:20]     Progress 900/1000 files ( 90.0%) | masked=283, sdc=615, crash/hang=2 | 34.28 files/sec
[2026-05-15 15:22:22]     Progress 1000/1000 files (100.0%) | masked=324, sdc=674, crash/hang=2 | 35.57 files/sec
[2026-05-15 15:22:22]     Done folder: total=1000, masked=324, sdc=674, crash/hang=2
[2026-05-15 15:22:22]     CSV row written for leader-ipsccp/exec_basicmath_small_ipsccp_loop-unroll | masked_rate=0.324000, sdc_rate=0.674000, crash_rate=0.002000
[2026-05-15 15:22:22] ================================================================================
[2026-05-15 15:22:22] [  53/109 |  48.6%] Processing leader-ipsccp/exec_basicmath_small_ipsccp_sccp
[2026-05-15 15:22:22]     FI folder : /projects/lyang28/rmengle/program_outputs/paired/basicmath_small_outputs/leader-ipsccp/exec_basicmath_small_ipsccp_sccp
[2026-05-15 15:22:22]     Timing    : /projects/lyang28/rmengle/execution_times/paired/basicmath_small_outputs/leader-ipsccp/exec_basicmath_small_ipsccp_sccp.txt FOUND
[2026-05-15 15:22:22]     Found 1000 run files
[2026-05-15 15:22:24]     Progress 100/1000 files ( 10.0%) | masked=45, sdc=55, crash/hang=0 | 51.66 files/sec
[2026-05-15 15:22:26]     Progress 200/1000 files ( 20.0%) | masked=79, sdc=121, crash/hang=0 | 53.12 files/sec
[2026-05-15 15:22:28]     Progress 300/1000 files ( 30.0%) | masked=112, sdc=188, crash/hang=0 | 53.26 files/sec
[2026-05-15 15:22:30]     Progress 400/1000 files ( 40.0%) | masked=150, sdc=250, crash/hang=0 | 53.54 files/sec
[2026-05-15 15:22:32]     Progress 500/1000 files ( 50.0%) | masked=176, sdc=324, crash/hang=0 | 53.37 files/sec
[2026-05-15 15:22:34]     Progress 600/1000 files ( 60.0%) | masked=212, sdc=388, crash/hang=0 | 53.32 files/sec
[2026-05-15 15:22:36]     Progress 700/1000 files ( 70.0%) | masked=247, sdc=453, crash/hang=0 | 53.32 files/sec
[2026-05-15 15:22:37]     Progress 800/1000 files ( 80.0%) | masked=289, sdc=511, crash/hang=0 | 53.31 files/sec
[2026-05-15 15:22:39]     Progress 900/1000 files ( 90.0%) | masked=324, sdc=576, crash/hang=0 | 53.30 files/sec
[2026-05-15 15:22:41]     Progress 1000/1000 files (100.0%) | masked=360, sdc=639, crash/hang=1 | 53.25 files/sec
[2026-05-15 15:22:41]     Done folder: total=1000, masked=360, sdc=639, crash/hang=1
[2026-05-15 15:22:41]     CSV row written for leader-ipsccp/exec_basicmath_small_ipsccp_sccp | masked_rate=0.360000, sdc_rate=0.639000, crash_rate=0.001000
[2026-05-15 15:22:41] ================================================================================
[2026-05-15 15:22:41] [  54/109 |  49.5%] Processing leader-ipsccp/exec_basicmath_small_ipsccp_simple-loop-unswitch
[2026-05-15 15:22:41]     FI folder : /projects/lyang28/rmengle/program_outputs/paired/basicmath_small_outputs/leader-ipsccp/exec_basicmath_small_ipsccp_simple-loop-unswitch
[2026-05-15 15:22:41]     Timing    : /projects/lyang28/rmengle/execution_times/paired/basicmath_small_outputs/leader-ipsccp/exec_basicmath_small_ipsccp_simple-loop-unswitch.txt FOUND
[2026-05-15 15:22:41]     Found 1000 run files
[2026-05-15 15:22:43]     Progress 100/1000 files ( 10.0%) | masked=30, sdc=70, crash/hang=0 | 53.12 files/sec
[2026-05-15 15:22:45]     Progress 200/1000 files ( 20.0%) | masked=66, sdc=134, crash/hang=0 | 53.12 files/sec
[2026-05-15 15:22:47]     Progress 300/1000 files ( 30.0%) | masked=90, sdc=210, crash/hang=0 | 53.30 files/sec
[2026-05-15 15:22:49]     Progress 400/1000 files ( 40.0%) | masked=128, sdc=272, crash/hang=0 | 53.03 files/sec
[2026-05-15 15:22:51]     Progress 500/1000 files ( 50.0%) | masked=161, sdc=339, crash/hang=0 | 52.82 files/sec
[2026-05-15 15:22:53]     Progress 600/1000 files ( 60.0%) | masked=191, sdc=409, crash/hang=0 | 52.73 files/sec
[2026-05-15 15:22:55]     Progress 700/1000 files ( 70.0%) | masked=232, sdc=468, crash/hang=0 | 52.78 files/sec
[2026-05-15 15:22:57]     Progress 800/1000 files ( 80.0%) | masked=261, sdc=539, crash/hang=0 | 52.80 files/sec
[2026-05-15 15:22:58]     Progress 900/1000 files ( 90.0%) | masked=292, sdc=608, crash/hang=0 | 53.05 files/sec
[2026-05-15 15:23:00]     Progress 1000/1000 files (100.0%) | masked=330, sdc=670, crash/hang=0 | 53.14 files/sec
[2026-05-15 15:23:00]     Done folder: total=1000, masked=330, sdc=670, crash/hang=0
[2026-05-15 15:23:00]     CSV row written for leader-ipsccp/exec_basicmath_small_ipsccp_simple-loop-unswitch | masked_rate=0.330000, sdc_rate=0.670000, crash_rate=0.000000
[2026-05-15 15:23:00] ================================================================================
[2026-05-15 15:23:00] [  55/109 |  50.5%] Processing leader-licm/exec_basicmath_small_licm
[2026-05-15 15:23:00]     FI folder : /projects/lyang28/rmengle/program_outputs/paired/basicmath_small_outputs/leader-licm/exec_basicmath_small_licm
[2026-05-15 15:23:00]     Timing    : /projects/lyang28/rmengle/execution_times/paired/basicmath_small_outputs/leader-licm/exec_basicmath_small_licm.txt FOUND
[2026-05-15 15:23:01]     Found 1000 run files
[2026-05-15 15:23:03]     Progress 100/1000 files ( 10.0%) | masked=41, sdc=59, crash/hang=0 | 52.88 files/sec
[2026-05-15 15:23:05]     Progress 200/1000 files ( 20.0%) | masked=72, sdc=128, crash/hang=0 | 52.97 files/sec
[2026-05-15 15:23:06]     Progress 300/1000 files ( 30.0%) | masked=116, sdc=183, crash/hang=1 | 53.08 files/sec
[2026-05-15 15:23:08]     Progress 400/1000 files ( 40.0%) | masked=152, sdc=247, crash/hang=1 | 53.16 files/sec
[2026-05-15 15:23:10]     Progress 500/1000 files ( 50.0%) | masked=201, sdc=298, crash/hang=1 | 53.01 files/sec
[2026-05-15 15:23:12]     Progress 600/1000 files ( 60.0%) | masked=235, sdc=364, crash/hang=1 | 53.01 files/sec
[2026-05-15 15:23:14]     Progress 700/1000 files ( 70.0%) | masked=275, sdc=424, crash/hang=1 | 53.40 files/sec
[2026-05-15 15:23:16]     Progress 800/1000 files ( 80.0%) | masked=321, sdc=478, crash/hang=1 | 53.29 files/sec
[2026-05-15 15:23:18]     Progress 900/1000 files ( 90.0%) | masked=364, sdc=535, crash/hang=1 | 53.24 files/sec
[2026-05-15 15:23:20]     Progress 1000/1000 files (100.0%) | masked=403, sdc=596, crash/hang=1 | 53.15 files/sec
[2026-05-15 15:23:20]     Done folder: total=1000, masked=403, sdc=596, crash/hang=1
[2026-05-15 15:23:20]     CSV row written for leader-licm/exec_basicmath_small_licm | masked_rate=0.403000, sdc_rate=0.596000, crash_rate=0.001000
[2026-05-15 15:23:20] ================================================================================
[2026-05-15 15:23:20] [  56/109 |  51.4%] Processing leader-licm/exec_basicmath_small_licm_early-cse
[2026-05-15 15:23:20]     FI folder : /projects/lyang28/rmengle/program_outputs/paired/basicmath_small_outputs/leader-licm/exec_basicmath_small_licm_early-cse
[2026-05-15 15:23:20]     Timing    : /projects/lyang28/rmengle/execution_times/paired/basicmath_small_outputs/leader-licm/exec_basicmath_small_licm_early-cse.txt FOUND
[2026-05-15 15:23:20]     Found 1000 run files
[2026-05-15 15:23:22]     Progress 100/1000 files ( 10.0%) | masked=42, sdc=58, crash/hang=0 | 52.74 files/sec
[2026-05-15 15:23:24]     Progress 200/1000 files ( 20.0%) | masked=81, sdc=119, crash/hang=0 | 52.43 files/sec
[2026-05-15 15:23:26]     Progress 300/1000 files ( 30.0%) | masked=111, sdc=189, crash/hang=0 | 52.56 files/sec
[2026-05-15 15:23:27]     Progress 400/1000 files ( 40.0%) | masked=156, sdc=244, crash/hang=0 | 53.07 files/sec
[2026-05-15 15:23:29]     Progress 500/1000 files ( 50.0%) | masked=199, sdc=301, crash/hang=0 | 52.63 files/sec
[2026-05-15 15:23:31]     Progress 600/1000 files ( 60.0%) | masked=236, sdc=364, crash/hang=0 | 52.77 files/sec
[2026-05-15 15:23:33]     Progress 700/1000 files ( 70.0%) | masked=273, sdc=427, crash/hang=0 | 52.74 files/sec
[2026-05-15 15:23:35]     Progress 800/1000 files ( 80.0%) | masked=317, sdc=483, crash/hang=0 | 52.59 files/sec
[2026-05-15 15:23:37]     Progress 900/1000 files ( 90.0%) | masked=347, sdc=552, crash/hang=1 | 52.78 files/sec
[2026-05-15 15:23:39]     Progress 1000/1000 files (100.0%) | masked=382, sdc=617, crash/hang=1 | 52.75 files/sec
[2026-05-15 15:23:39]     Done folder: total=1000, masked=382, sdc=617, crash/hang=1
[2026-05-15 15:23:39]     CSV row written for leader-licm/exec_basicmath_small_licm_early-cse | masked_rate=0.382000, sdc_rate=0.617000, crash_rate=0.001000
[2026-05-15 15:23:39] ================================================================================
[2026-05-15 15:23:39] [  57/109 |  52.3%] Processing leader-licm/exec_basicmath_small_licm_gvn
[2026-05-15 15:23:39]     FI folder : /projects/lyang28/rmengle/program_outputs/paired/basicmath_small_outputs/leader-licm/exec_basicmath_small_licm_gvn
[2026-05-15 15:23:39]     Timing    : /projects/lyang28/rmengle/execution_times/paired/basicmath_small_outputs/leader-licm/exec_basicmath_small_licm_gvn.txt FOUND
[2026-05-15 15:23:39]     Found 1000 run files
[2026-05-15 15:23:41]     Progress 100/1000 files ( 10.0%) | masked=34, sdc=66, crash/hang=0 | 53.05 files/sec
[2026-05-15 15:23:43]     Progress 200/1000 files ( 20.0%) | masked=78, sdc=122, crash/hang=0 | 53.63 files/sec
[2026-05-15 15:23:45]     Progress 300/1000 files ( 30.0%) | masked=119, sdc=181, crash/hang=0 | 53.57 files/sec
[2026-05-15 15:23:47]     Progress 400/1000 files ( 40.0%) | masked=171, sdc=229, crash/hang=0 | 53.29 files/sec
[2026-05-15 15:23:49]     Progress 500/1000 files ( 50.0%) | masked=208, sdc=292, crash/hang=0 | 53.15 files/sec
[2026-05-15 15:23:50]     Progress 600/1000 files ( 60.0%) | masked=240, sdc=360, crash/hang=0 | 53.00 files/sec
[2026-05-15 15:23:52]     Progress 700/1000 files ( 70.0%) | masked=275, sdc=425, crash/hang=0 | 52.90 files/sec
[2026-05-15 15:23:54]     Progress 800/1000 files ( 80.0%) | masked=316, sdc=484, crash/hang=0 | 52.80 files/sec
[2026-05-15 15:23:56]     Progress 900/1000 files ( 90.0%) | masked=352, sdc=548, crash/hang=0 | 52.87 files/sec
[2026-05-15 15:23:58]     Progress 1000/1000 files (100.0%) | masked=402, sdc=598, crash/hang=0 | 52.84 files/sec
[2026-05-15 15:23:58]     Done folder: total=1000, masked=402, sdc=598, crash/hang=0
[2026-05-15 15:23:58]     CSV row written for leader-licm/exec_basicmath_small_licm_gvn | masked_rate=0.402000, sdc_rate=0.598000, crash_rate=0.000000
[2026-05-15 15:23:58] ================================================================================
[2026-05-15 15:23:58] [  58/109 |  53.2%] Processing leader-licm/exec_basicmath_small_licm_inline
[2026-05-15 15:23:58]     FI folder : /projects/lyang28/rmengle/program_outputs/paired/basicmath_small_outputs/leader-licm/exec_basicmath_small_licm_inline
[2026-05-15 15:23:58]     Timing    : /projects/lyang28/rmengle/execution_times/paired/basicmath_small_outputs/leader-licm/exec_basicmath_small_licm_inline.txt FOUND
[2026-05-15 15:23:58]     Found 1000 run files
[2026-05-15 15:24:00]     Progress 100/1000 files ( 10.0%) | masked=37, sdc=63, crash/hang=0 | 53.52 files/sec
[2026-05-15 15:24:02]     Progress 200/1000 files ( 20.0%) | masked=81, sdc=119, crash/hang=0 | 53.01 files/sec
[2026-05-15 15:24:04]     Progress 300/1000 files ( 30.0%) | masked=114, sdc=186, crash/hang=0 | 53.11 files/sec
[2026-05-15 15:24:06]     Progress 400/1000 files ( 40.0%) | masked=146, sdc=254, crash/hang=0 | 53.71 files/sec
[2026-05-15 15:24:08]     Progress 500/1000 files ( 50.0%) | masked=182, sdc=317, crash/hang=1 | 53.25 files/sec
[2026-05-15 15:24:10]     Progress 600/1000 files ( 60.0%) | masked=222, sdc=377, crash/hang=1 | 53.09 files/sec
[2026-05-15 15:24:12]     Progress 700/1000 files ( 70.0%) | masked=259, sdc=440, crash/hang=1 | 53.29 files/sec
[2026-05-15 15:24:14]     Progress 800/1000 files ( 80.0%) | masked=301, sdc=498, crash/hang=1 | 52.90 files/sec
[2026-05-15 15:24:15]     Progress 900/1000 files ( 90.0%) | masked=342, sdc=557, crash/hang=1 | 52.85 files/sec
[2026-05-15 15:24:17]     Progress 1000/1000 files (100.0%) | masked=391, sdc=608, crash/hang=1 | 52.81 files/sec
[2026-05-15 15:24:17]     Done folder: total=1000, masked=391, sdc=608, crash/hang=1
[2026-05-15 15:24:17]     CSV row written for leader-licm/exec_basicmath_small_licm_inline | masked_rate=0.391000, sdc_rate=0.608000, crash_rate=0.001000
[2026-05-15 15:24:17] ================================================================================
[2026-05-15 15:24:17] [  59/109 |  54.1%] Processing leader-licm/exec_basicmath_small_licm_instcombine
[2026-05-15 15:24:17]     FI folder : /projects/lyang28/rmengle/program_outputs/paired/basicmath_small_outputs/leader-licm/exec_basicmath_small_licm_instcombine
[2026-05-15 15:24:17]     Timing    : /projects/lyang28/rmengle/execution_times/paired/basicmath_small_outputs/leader-licm/exec_basicmath_small_licm_instcombine.txt FOUND
[2026-05-15 15:24:18]     Found 1000 run files
[2026-05-15 15:24:20]     Progress 100/1000 files ( 10.0%) | masked=36, sdc=64, crash/hang=0 | 54.48 files/sec
[2026-05-15 15:24:21]     Progress 200/1000 files ( 20.0%) | masked=74, sdc=126, crash/hang=0 | 53.24 files/sec
[2026-05-15 15:24:23]     Progress 300/1000 files ( 30.0%) | masked=111, sdc=189, crash/hang=0 | 52.77 files/sec
[2026-05-15 15:24:25]     Progress 400/1000 files ( 40.0%) | masked=146, sdc=254, crash/hang=0 | 52.88 files/sec
[2026-05-15 15:24:27]     Progress 500/1000 files ( 50.0%) | masked=179, sdc=321, crash/hang=0 | 52.55 files/sec
[2026-05-15 15:24:29]     Progress 600/1000 files ( 60.0%) | masked=225, sdc=374, crash/hang=1 | 52.66 files/sec
[2026-05-15 15:24:31]     Progress 700/1000 files ( 70.0%) | masked=267, sdc=432, crash/hang=1 | 52.51 files/sec
[2026-05-15 15:24:33]     Progress 800/1000 files ( 80.0%) | masked=303, sdc=496, crash/hang=1 | 52.26 files/sec
[2026-05-15 15:24:35]     Progress 900/1000 files ( 90.0%) | masked=345, sdc=554, crash/hang=1 | 52.44 files/sec
[2026-05-15 15:24:37]     Progress 1000/1000 files (100.0%) | masked=378, sdc=621, crash/hang=1 | 52.62 files/sec
[2026-05-15 15:24:37]     Done folder: total=1000, masked=378, sdc=621, crash/hang=1
[2026-05-15 15:24:37]     CSV row written for leader-licm/exec_basicmath_small_licm_instcombine | masked_rate=0.378000, sdc_rate=0.621000, crash_rate=0.001000
[2026-05-15 15:24:37] ================================================================================
[2026-05-15 15:24:37] [  60/109 |  55.0%] Processing leader-licm/exec_basicmath_small_licm_ipsccp
[2026-05-15 15:24:37]     FI folder : /projects/lyang28/rmengle/program_outputs/paired/basicmath_small_outputs/leader-licm/exec_basicmath_small_licm_ipsccp
[2026-05-15 15:24:37]     Timing    : /projects/lyang28/rmengle/execution_times/paired/basicmath_small_outputs/leader-licm/exec_basicmath_small_licm_ipsccp.txt FOUND
[2026-05-15 15:24:37]     Found 1000 run files
[2026-05-15 15:24:39]     Progress 100/1000 files ( 10.0%) | masked=46, sdc=54, crash/hang=0 | 52.99 files/sec
[2026-05-15 15:24:41]     Progress 200/1000 files ( 20.0%) | masked=91, sdc=109, crash/hang=0 | 53.13 files/sec
[2026-05-15 15:24:43]     Progress 300/1000 files ( 30.0%) | masked=137, sdc=163, crash/hang=0 | 53.08 files/sec
[2026-05-15 15:24:45]     Progress 400/1000 files ( 40.0%) | masked=177, sdc=223, crash/hang=0 | 53.23 files/sec
[2026-05-15 15:24:46]     Progress 500/1000 files ( 50.0%) | masked=221, sdc=279, crash/hang=0 | 53.45 files/sec
[2026-05-15 15:24:48]     Progress 600/1000 files ( 60.0%) | masked=266, sdc=334, crash/hang=0 | 53.42 files/sec
[2026-05-15 15:24:50]     Progress 700/1000 files ( 70.0%) | masked=307, sdc=393, crash/hang=0 | 53.43 files/sec
[2026-05-15 15:24:52]     Progress 800/1000 files ( 80.0%) | masked=347, sdc=453, crash/hang=0 | 53.38 files/sec
[2026-05-15 15:24:54]     Progress 900/1000 files ( 90.0%) | masked=387, sdc=513, crash/hang=0 | 53.30 files/sec
[2026-05-15 15:24:56]     Progress 1000/1000 files (100.0%) | masked=425, sdc=575, crash/hang=0 | 53.37 files/sec
[2026-05-15 15:24:56]     Done folder: total=1000, masked=425, sdc=575, crash/hang=0
[2026-05-15 15:24:56]     CSV row written for leader-licm/exec_basicmath_small_licm_ipsccp | masked_rate=0.425000, sdc_rate=0.575000, crash_rate=0.000000
[2026-05-15 15:24:56] ================================================================================
[2026-05-15 15:24:56] [  61/109 |  56.0%] Processing leader-licm/exec_basicmath_small_licm_licm
[2026-05-15 15:24:56]     FI folder : /projects/lyang28/rmengle/program_outputs/paired/basicmath_small_outputs/leader-licm/exec_basicmath_small_licm_licm
[2026-05-15 15:24:56]     Timing    : /projects/lyang28/rmengle/execution_times/paired/basicmath_small_outputs/leader-licm/exec_basicmath_small_licm_licm.txt FOUND
[2026-05-15 15:24:56]     Found 1000 run files
[2026-05-15 15:24:58]     Progress 100/1000 files ( 10.0%) | masked=47, sdc=53, crash/hang=0 | 54.84 files/sec
[2026-05-15 15:25:00]     Progress 200/1000 files ( 20.0%) | masked=95, sdc=105, crash/hang=0 | 54.26 files/sec
[2026-05-15 15:25:02]     Progress 300/1000 files ( 30.0%) | masked=123, sdc=177, crash/hang=0 | 54.11 files/sec
[2026-05-15 15:25:03]     Progress 400/1000 files ( 40.0%) | masked=170, sdc=230, crash/hang=0 | 54.05 files/sec
[2026-05-15 15:25:05]     Progress 500/1000 files ( 50.0%) | masked=206, sdc=294, crash/hang=0 | 53.86 files/sec
[2026-05-15 15:25:07]     Progress 600/1000 files ( 60.0%) | masked=239, sdc=361, crash/hang=0 | 53.69 files/sec
[2026-05-15 15:25:09]     Progress 700/1000 files ( 70.0%) | masked=281, sdc=419, crash/hang=0 | 53.39 files/sec
[2026-05-15 15:25:11]     Progress 800/1000 files ( 80.0%) | masked=319, sdc=481, crash/hang=0 | 53.25 files/sec
[2026-05-15 15:25:13]     Progress 900/1000 files ( 90.0%) | masked=353, sdc=539, crash/hang=8 | 53.76 files/sec
[2026-05-15 15:25:15]     Progress 1000/1000 files (100.0%) | masked=403, sdc=589, crash/hang=8 | 53.55 files/sec
[2026-05-15 15:25:15]     Done folder: total=1000, masked=403, sdc=589, crash/hang=8
[2026-05-15 15:25:15]     CSV row written for leader-licm/exec_basicmath_small_licm_licm | masked_rate=0.403000, sdc_rate=0.589000, crash_rate=0.008000
[2026-05-15 15:25:15] ================================================================================
[2026-05-15 15:25:15] [  62/109 |  56.9%] Processing leader-licm/exec_basicmath_small_licm_loop-reduce
[2026-05-15 15:25:15]     FI folder : /projects/lyang28/rmengle/program_outputs/paired/basicmath_small_outputs/leader-licm/exec_basicmath_small_licm_loop-reduce
[2026-05-15 15:25:15]     Timing    : /projects/lyang28/rmengle/execution_times/paired/basicmath_small_outputs/leader-licm/exec_basicmath_small_licm_loop-reduce.txt FOUND
[2026-05-15 15:25:15]     Found 1000 run files
[2026-05-15 15:25:17]     Progress 100/1000 files ( 10.0%) | masked=39, sdc=61, crash/hang=0 | 51.42 files/sec
[2026-05-15 15:25:19]     Progress 200/1000 files ( 20.0%) | masked=78, sdc=122, crash/hang=0 | 52.73 files/sec
[2026-05-15 15:25:21]     Progress 300/1000 files ( 30.0%) | masked=124, sdc=176, crash/hang=0 | 53.23 files/sec
[2026-05-15 15:25:23]     Progress 400/1000 files ( 40.0%) | masked=162, sdc=238, crash/hang=0 | 53.49 files/sec
[2026-05-15 15:25:24]     Progress 500/1000 files ( 50.0%) | masked=201, sdc=299, crash/hang=0 | 53.73 files/sec
[2026-05-15 15:25:26]     Progress 600/1000 files ( 60.0%) | masked=243, sdc=357, crash/hang=0 | 53.67 files/sec
[2026-05-15 15:25:28]     Progress 700/1000 files ( 70.0%) | masked=281, sdc=419, crash/hang=0 | 53.67 files/sec
[2026-05-15 15:25:30]     Progress 800/1000 files ( 80.0%) | masked=325, sdc=475, crash/hang=0 | 53.40 files/sec
[2026-05-15 15:25:32]     Progress 900/1000 files ( 90.0%) | masked=366, sdc=534, crash/hang=0 | 53.20 files/sec
[2026-05-15 15:25:34]     Progress 1000/1000 files (100.0%) | masked=413, sdc=587, crash/hang=0 | 53.08 files/sec
[2026-05-15 15:25:34]     Done folder: total=1000, masked=413, sdc=587, crash/hang=0
[2026-05-15 15:25:34]     CSV row written for leader-licm/exec_basicmath_small_licm_loop-reduce | masked_rate=0.413000, sdc_rate=0.587000, crash_rate=0.000000
[2026-05-15 15:25:34] ================================================================================
[2026-05-15 15:25:34] [  63/109 |  57.8%] Processing leader-licm/exec_basicmath_small_licm_loop-unroll
[2026-05-15 15:25:34]     FI folder : /projects/lyang28/rmengle/program_outputs/paired/basicmath_small_outputs/leader-licm/exec_basicmath_small_licm_loop-unroll
[2026-05-15 15:25:34]     Timing    : /projects/lyang28/rmengle/execution_times/paired/basicmath_small_outputs/leader-licm/exec_basicmath_small_licm_loop-unroll.txt FOUND
[2026-05-15 15:25:34]     Found 1000 run files
[2026-05-15 15:25:36]     Progress 100/1000 files ( 10.0%) | masked=44, sdc=56, crash/hang=0 | 50.84 files/sec
[2026-05-15 15:25:38]     Progress 200/1000 files ( 20.0%) | masked=80, sdc=120, crash/hang=0 | 51.63 files/sec
[2026-05-15 15:25:40]     Progress 300/1000 files ( 30.0%) | masked=127, sdc=173, crash/hang=0 | 51.73 files/sec
[2026-05-15 15:25:42]     Progress 400/1000 files ( 40.0%) | masked=175, sdc=225, crash/hang=0 | 51.66 files/sec
[2026-05-15 15:25:44]     Progress 500/1000 files ( 50.0%) | masked=217, sdc=283, crash/hang=0 | 51.53 files/sec
[2026-05-15 15:25:46]     Progress 600/1000 files ( 60.0%) | masked=260, sdc=340, crash/hang=0 | 51.75 files/sec
[2026-05-15 15:25:48]     Progress 700/1000 files ( 70.0%) | masked=297, sdc=403, crash/hang=0 | 51.93 files/sec
[2026-05-15 15:25:50]     Progress 800/1000 files ( 80.0%) | masked=343, sdc=457, crash/hang=0 | 52.00 files/sec
[2026-05-15 15:25:52]     Progress 900/1000 files ( 90.0%) | masked=391, sdc=509, crash/hang=0 | 51.87 files/sec
[2026-05-15 15:25:54]     Progress 1000/1000 files (100.0%) | masked=425, sdc=575, crash/hang=0 | 52.06 files/sec
[2026-05-15 15:25:54]     Done folder: total=1000, masked=425, sdc=575, crash/hang=0
[2026-05-15 15:25:54]     CSV row written for leader-licm/exec_basicmath_small_licm_loop-unroll | masked_rate=0.425000, sdc_rate=0.575000, crash_rate=0.000000
[2026-05-15 15:25:54] ================================================================================
[2026-05-15 15:25:54] [  64/109 |  58.7%] Processing leader-licm/exec_basicmath_small_licm_sccp
[2026-05-15 15:25:54]     FI folder : /projects/lyang28/rmengle/program_outputs/paired/basicmath_small_outputs/leader-licm/exec_basicmath_small_licm_sccp
[2026-05-15 15:25:54]     Timing    : /projects/lyang28/rmengle/execution_times/paired/basicmath_small_outputs/leader-licm/exec_basicmath_small_licm_sccp.txt FOUND
[2026-05-15 15:25:54]     Found 1000 run files
[2026-05-15 15:25:56]     Progress 100/1000 files ( 10.0%) | masked=48, sdc=52, crash/hang=0 | 52.20 files/sec
[2026-05-15 15:25:58]     Progress 200/1000 files ( 20.0%) | masked=92, sdc=108, crash/hang=0 | 53.08 files/sec
[2026-05-15 15:25:59]     Progress 300/1000 files ( 30.0%) | masked=124, sdc=176, crash/hang=0 | 53.85 files/sec
[2026-05-15 15:26:01]     Progress 400/1000 files ( 40.0%) | masked=165, sdc=235, crash/hang=0 | 53.67 files/sec
[2026-05-15 15:26:03]     Progress 500/1000 files ( 50.0%) | masked=207, sdc=293, crash/hang=0 | 53.34 files/sec
[2026-05-15 15:26:05]     Progress 600/1000 files ( 60.0%) | masked=253, sdc=347, crash/hang=0 | 53.36 files/sec
[2026-05-15 15:26:07]     Progress 700/1000 files ( 70.0%) | masked=293, sdc=407, crash/hang=0 | 53.12 files/sec
[2026-05-15 15:26:09]     Progress 800/1000 files ( 80.0%) | masked=334, sdc=466, crash/hang=0 | 52.96 files/sec
[2026-05-15 15:26:11]     Progress 900/1000 files ( 90.0%) | masked=380, sdc=520, crash/hang=0 | 52.86 files/sec
[2026-05-15 15:26:13]     Progress 1000/1000 files (100.0%) | masked=417, sdc=583, crash/hang=0 | 52.83 files/sec
[2026-05-15 15:26:13]     Done folder: total=1000, masked=417, sdc=583, crash/hang=0
[2026-05-15 15:26:13]     CSV row written for leader-licm/exec_basicmath_small_licm_sccp | masked_rate=0.417000, sdc_rate=0.583000, crash_rate=0.000000
[2026-05-15 15:26:13] ================================================================================
[2026-05-15 15:26:13] [  65/109 |  59.6%] Processing leader-licm/exec_basicmath_small_licm_simple-loop-unswitch
[2026-05-15 15:26:13]     FI folder : /projects/lyang28/rmengle/program_outputs/paired/basicmath_small_outputs/leader-licm/exec_basicmath_small_licm_simple-loop-unswitch
[2026-05-15 15:26:13]     Timing    : /projects/lyang28/rmengle/execution_times/paired/basicmath_small_outputs/leader-licm/exec_basicmath_small_licm_simple-loop-unswitch.txt FOUND
[2026-05-15 15:26:13]     Found 1000 run files
[2026-05-15 15:26:15]     Progress 100/1000 files ( 10.0%) | masked=36, sdc=64, crash/hang=0 | 54.15 files/sec
[2026-05-15 15:26:17]     Progress 200/1000 files ( 20.0%) | masked=68, sdc=132, crash/hang=0 | 53.26 files/sec
[2026-05-15 15:26:19]     Progress 300/1000 files ( 30.0%) | masked=104, sdc=196, crash/hang=0 | 53.28 files/sec
[2026-05-15 15:26:21]     Progress 400/1000 files ( 40.0%) | masked=146, sdc=254, crash/hang=0 | 53.23 files/sec
[2026-05-15 15:26:23]     Progress 500/1000 files ( 50.0%) | masked=176, sdc=324, crash/hang=0 | 53.12 files/sec
[2026-05-15 15:26:24]     Progress 600/1000 files ( 60.0%) | masked=218, sdc=382, crash/hang=0 | 53.06 files/sec
[2026-05-15 15:26:26]     Progress 700/1000 files ( 70.0%) | masked=248, sdc=452, crash/hang=0 | 53.09 files/sec
[2026-05-15 15:26:28]     Progress 800/1000 files ( 80.0%) | masked=285, sdc=515, crash/hang=0 | 53.14 files/sec
[2026-05-15 15:26:30]     Progress 900/1000 files ( 90.0%) | masked=337, sdc=563, crash/hang=0 | 53.10 files/sec
[2026-05-15 15:26:32]     Progress 1000/1000 files (100.0%) | masked=368, sdc=632, crash/hang=0 | 53.12 files/sec
[2026-05-15 15:26:32]     Done folder: total=1000, masked=368, sdc=632, crash/hang=0
[2026-05-15 15:26:32]     CSV row written for leader-licm/exec_basicmath_small_licm_simple-loop-unswitch | masked_rate=0.368000, sdc_rate=0.632000, crash_rate=0.000000
[2026-05-15 15:26:32] ================================================================================
[2026-05-15 15:26:32] [  66/109 |  60.6%] Processing leader-loop-reduce/exec_basicmath_small_loop-reduce
[2026-05-15 15:26:32]     FI folder : /projects/lyang28/rmengle/program_outputs/paired/basicmath_small_outputs/leader-loop-reduce/exec_basicmath_small_loop-reduce
[2026-05-15 15:26:32]     Timing    : /projects/lyang28/rmengle/execution_times/paired/basicmath_small_outputs/leader-loop-reduce/exec_basicmath_small_loop-reduce.txt FOUND
[2026-05-15 15:26:32]     Found 1000 run files
[2026-05-15 15:26:34]     Progress 100/1000 files ( 10.0%) | masked=37, sdc=63, crash/hang=0 | 52.77 files/sec
[2026-05-15 15:26:36]     Progress 200/1000 files ( 20.0%) | masked=78, sdc=122, crash/hang=0 | 53.19 files/sec
[2026-05-15 15:26:38]     Progress 300/1000 files ( 30.0%) | masked=118, sdc=182, crash/hang=0 | 53.69 files/sec
[2026-05-15 15:26:40]     Progress 400/1000 files ( 40.0%) | masked=146, sdc=254, crash/hang=0 | 53.24 files/sec
[2026-05-15 15:26:42]     Progress 500/1000 files ( 50.0%) | masked=177, sdc=323, crash/hang=0 | 53.04 files/sec
[2026-05-15 15:26:44]     Progress 600/1000 files ( 60.0%) | masked=210, sdc=390, crash/hang=0 | 53.17 files/sec
[2026-05-15 15:26:46]     Progress 700/1000 files ( 70.0%) | masked=241, sdc=459, crash/hang=0 | 53.03 files/sec
[2026-05-15 15:26:47]     Progress 800/1000 files ( 80.0%) | masked=278, sdc=522, crash/hang=0 | 52.85 files/sec
[2026-05-15 15:26:49]     Progress 900/1000 files ( 90.0%) | masked=313, sdc=587, crash/hang=0 | 52.82 files/sec
[2026-05-15 15:26:51]     Progress 1000/1000 files (100.0%) | masked=350, sdc=650, crash/hang=0 | 52.62 files/sec
[2026-05-15 15:26:51]     Done folder: total=1000, masked=350, sdc=650, crash/hang=0
[2026-05-15 15:26:51]     CSV row written for leader-loop-reduce/exec_basicmath_small_loop-reduce | masked_rate=0.350000, sdc_rate=0.650000, crash_rate=0.000000
[2026-05-15 15:26:51] ================================================================================
[2026-05-15 15:26:51] [  67/109 |  61.5%] Processing leader-loop-reduce/exec_basicmath_small_loop-reduce_early-cse
[2026-05-15 15:26:51]     FI folder : /projects/lyang28/rmengle/program_outputs/paired/basicmath_small_outputs/leader-loop-reduce/exec_basicmath_small_loop-reduce_early-cse
[2026-05-15 15:26:51]     Timing    : /projects/lyang28/rmengle/execution_times/paired/basicmath_small_outputs/leader-loop-reduce/exec_basicmath_small_loop-reduce_early-cse.txt FOUND
[2026-05-15 15:26:52]     Found 1000 run files
[2026-05-15 15:26:54]     Progress 100/1000 files ( 10.0%) | masked=27, sdc=73, crash/hang=0 | 54.83 files/sec
[2026-05-15 15:26:55]     Progress 200/1000 files ( 20.0%) | masked=63, sdc=137, crash/hang=0 | 53.77 files/sec
[2026-05-15 15:26:57]     Progress 300/1000 files ( 30.0%) | masked=96, sdc=204, crash/hang=0 | 54.07 files/sec
[2026-05-15 15:26:59]     Progress 400/1000 files ( 40.0%) | masked=131, sdc=269, crash/hang=0 | 54.24 files/sec
[2026-05-15 15:27:01]     Progress 500/1000 files ( 50.0%) | masked=171, sdc=329, crash/hang=0 | 53.99 files/sec
[2026-05-15 15:27:03]     Progress 600/1000 files ( 60.0%) | masked=211, sdc=389, crash/hang=0 | 54.14 files/sec
[2026-05-15 15:27:05]     Progress 700/1000 files ( 70.0%) | masked=241, sdc=459, crash/hang=0 | 54.05 files/sec
[2026-05-15 15:27:07]     Progress 800/1000 files ( 80.0%) | masked=274, sdc=525, crash/hang=1 | 53.68 files/sec
[2026-05-15 15:27:08]     Progress 900/1000 files ( 90.0%) | masked=301, sdc=598, crash/hang=1 | 53.76 files/sec
[2026-05-15 15:27:10]     Progress 1000/1000 files (100.0%) | masked=333, sdc=666, crash/hang=1 | 53.61 files/sec
[2026-05-15 15:27:10]     Done folder: total=1000, masked=333, sdc=666, crash/hang=1
[2026-05-15 15:27:10]     CSV row written for leader-loop-reduce/exec_basicmath_small_loop-reduce_early-cse | masked_rate=0.333000, sdc_rate=0.666000, crash_rate=0.001000
[2026-05-15 15:27:10] ================================================================================
[2026-05-15 15:27:10] [  68/109 |  62.4%] Processing leader-loop-reduce/exec_basicmath_small_loop-reduce_gvn
[2026-05-15 15:27:10]     FI folder : /projects/lyang28/rmengle/program_outputs/paired/basicmath_small_outputs/leader-loop-reduce/exec_basicmath_small_loop-reduce_gvn
[2026-05-15 15:27:10]     Timing    : /projects/lyang28/rmengle/execution_times/paired/basicmath_small_outputs/leader-loop-reduce/exec_basicmath_small_loop-reduce_gvn.txt FOUND
[2026-05-15 15:27:11]     Found 1000 run files
[2026-05-15 15:27:13]     Progress 100/1000 files ( 10.0%) | masked=36, sdc=64, crash/hang=0 | 53.43 files/sec
[2026-05-15 15:27:15]     Progress 200/1000 files ( 20.0%) | masked=78, sdc=122, crash/hang=0 | 52.92 files/sec
[2026-05-15 15:27:16]     Progress 300/1000 files ( 30.0%) | masked=107, sdc=193, crash/hang=0 | 52.55 files/sec
[2026-05-15 15:27:18]     Progress 400/1000 files ( 40.0%) | masked=146, sdc=254, crash/hang=0 | 52.90 files/sec
[2026-05-15 15:27:20]     Progress 500/1000 files ( 50.0%) | masked=182, sdc=318, crash/hang=0 | 52.75 files/sec
[2026-05-15 15:27:22]     Progress 600/1000 files ( 60.0%) | masked=220, sdc=380, crash/hang=0 | 52.61 files/sec
[2026-05-15 15:27:24]     Progress 700/1000 files ( 70.0%) | masked=253, sdc=447, crash/hang=0 | 52.73 files/sec
[2026-05-15 15:27:26]     Progress 800/1000 files ( 80.0%) | masked=297, sdc=503, crash/hang=0 | 52.84 files/sec
[2026-05-15 15:27:28]     Progress 900/1000 files ( 90.0%) | masked=326, sdc=574, crash/hang=0 | 52.89 files/sec
[2026-05-15 15:27:30]     Progress 1000/1000 files (100.0%) | masked=374, sdc=626, crash/hang=0 | 52.80 files/sec
[2026-05-15 15:27:30]     Done folder: total=1000, masked=374, sdc=626, crash/hang=0
[2026-05-15 15:27:30]     CSV row written for leader-loop-reduce/exec_basicmath_small_loop-reduce_gvn | masked_rate=0.374000, sdc_rate=0.626000, crash_rate=0.000000
[2026-05-15 15:27:30] ================================================================================
[2026-05-15 15:27:30] [  69/109 |  63.3%] Processing leader-loop-reduce/exec_basicmath_small_loop-reduce_inline
[2026-05-15 15:27:30]     FI folder : /projects/lyang28/rmengle/program_outputs/paired/basicmath_small_outputs/leader-loop-reduce/exec_basicmath_small_loop-reduce_inline
[2026-05-15 15:27:30]     Timing    : /projects/lyang28/rmengle/execution_times/paired/basicmath_small_outputs/leader-loop-reduce/exec_basicmath_small_loop-reduce_inline.txt FOUND
[2026-05-15 15:27:30]     Found 1000 run files
[2026-05-15 15:27:32]     Progress 100/1000 files ( 10.0%) | masked=42, sdc=58, crash/hang=0 | 52.92 files/sec
[2026-05-15 15:27:34]     Progress 200/1000 files ( 20.0%) | masked=84, sdc=116, crash/hang=0 | 53.15 files/sec
[2026-05-15 15:27:36]     Progress 300/1000 files ( 30.0%) | masked=126, sdc=174, crash/hang=0 | 53.39 files/sec
[2026-05-15 15:27:37]     Progress 400/1000 files ( 40.0%) | masked=163, sdc=237, crash/hang=0 | 53.60 files/sec
[2026-05-15 15:27:39]     Progress 500/1000 files ( 50.0%) | masked=196, sdc=304, crash/hang=0 | 53.45 files/sec
[2026-05-15 15:27:41]     Progress 600/1000 files ( 60.0%) | masked=235, sdc=364, crash/hang=1 | 53.58 files/sec
[2026-05-15 15:27:43]     Progress 700/1000 files ( 70.0%) | masked=268, sdc=431, crash/hang=1 | 53.45 files/sec
[2026-05-15 15:27:45]     Progress 800/1000 files ( 80.0%) | masked=305, sdc=494, crash/hang=1 | 53.53 files/sec
[2026-05-15 15:27:47]     Progress 900/1000 files ( 90.0%) | masked=339, sdc=560, crash/hang=1 | 53.42 files/sec
[2026-05-15 15:27:49]     Progress 1000/1000 files (100.0%) | masked=371, sdc=628, crash/hang=1 | 53.33 files/sec
[2026-05-15 15:27:49]     Done folder: total=1000, masked=371, sdc=628, crash/hang=1
[2026-05-15 15:27:49]     CSV row written for leader-loop-reduce/exec_basicmath_small_loop-reduce_inline | masked_rate=0.371000, sdc_rate=0.628000, crash_rate=0.001000
[2026-05-15 15:27:49] ================================================================================
[2026-05-15 15:27:49] [  70/109 |  64.2%] Processing leader-loop-reduce/exec_basicmath_small_loop-reduce_instcombine
[2026-05-15 15:27:49]     FI folder : /projects/lyang28/rmengle/program_outputs/paired/basicmath_small_outputs/leader-loop-reduce/exec_basicmath_small_loop-reduce_instcombine
[2026-05-15 15:27:49]     Timing    : /projects/lyang28/rmengle/execution_times/paired/basicmath_small_outputs/leader-loop-reduce/exec_basicmath_small_loop-reduce_instcombine.txt FOUND
[2026-05-15 15:27:49]     Found 1000 run files
[2026-05-15 15:27:51]     Progress 100/1000 files ( 10.0%) | masked=32, sdc=68, crash/hang=0 | 54.77 files/sec
[2026-05-15 15:27:53]     Progress 200/1000 files ( 20.0%) | masked=72, sdc=128, crash/hang=0 | 54.15 files/sec
[2026-05-15 15:27:55]     Progress 300/1000 files ( 30.0%) | masked=97, sdc=203, crash/hang=0 | 53.83 files/sec
[2026-05-15 15:27:57]     Progress 400/1000 files ( 40.0%) | masked=135, sdc=265, crash/hang=0 | 53.09 files/sec
[2026-05-15 15:27:59]     Progress 500/1000 files ( 50.0%) | masked=181, sdc=319, crash/hang=0 | 53.07 files/sec
[2026-05-15 15:28:00]     Progress 600/1000 files ( 60.0%) | masked=218, sdc=382, crash/hang=0 | 52.86 files/sec
[2026-05-15 15:28:02]     Progress 700/1000 files ( 70.0%) | masked=255, sdc=445, crash/hang=0 | 52.79 files/sec
[2026-05-15 15:28:04]     Progress 800/1000 files ( 80.0%) | masked=292, sdc=508, crash/hang=0 | 52.85 files/sec
[2026-05-15 15:28:06]     Progress 900/1000 files ( 90.0%) | masked=335, sdc=565, crash/hang=0 | 52.57 files/sec
[2026-05-15 15:28:08]     Progress 1000/1000 files (100.0%) | masked=373, sdc=626, crash/hang=1 | 52.62 files/sec
[2026-05-15 15:28:08]     Done folder: total=1000, masked=373, sdc=626, crash/hang=1
[2026-05-15 15:28:08]     CSV row written for leader-loop-reduce/exec_basicmath_small_loop-reduce_instcombine | masked_rate=0.373000, sdc_rate=0.626000, crash_rate=0.001000
[2026-05-15 15:28:08] ================================================================================
[2026-05-15 15:28:08] [  71/109 |  65.1%] Processing leader-loop-reduce/exec_basicmath_small_loop-reduce_ipsccp
[2026-05-15 15:28:08]     FI folder : /projects/lyang28/rmengle/program_outputs/paired/basicmath_small_outputs/leader-loop-reduce/exec_basicmath_small_loop-reduce_ipsccp
[2026-05-15 15:28:08]     Timing    : /projects/lyang28/rmengle/execution_times/paired/basicmath_small_outputs/leader-loop-reduce/exec_basicmath_small_loop-reduce_ipsccp.txt FOUND
[2026-05-15 15:28:08]     Found 1000 run files
[2026-05-15 15:28:10]     Progress 100/1000 files ( 10.0%) | masked=37, sdc=63, crash/hang=0 | 52.54 files/sec
[2026-05-15 15:28:12]     Progress 200/1000 files ( 20.0%) | masked=76, sdc=124, crash/hang=0 | 52.72 files/sec
[2026-05-15 15:28:14]     Progress 300/1000 files ( 30.0%) | masked=113, sdc=187, crash/hang=0 | 52.77 files/sec
[2026-05-15 15:28:16]     Progress 400/1000 files ( 40.0%) | masked=147, sdc=253, crash/hang=0 | 52.63 files/sec
[2026-05-15 15:28:18]     Progress 500/1000 files ( 50.0%) | masked=183, sdc=317, crash/hang=0 | 52.76 files/sec
[2026-05-15 15:28:20]     Progress 600/1000 files ( 60.0%) | masked=219, sdc=381, crash/hang=0 | 52.61 files/sec
[2026-05-15 15:28:22]     Progress 700/1000 files ( 70.0%) | masked=251, sdc=449, crash/hang=0 | 52.80 files/sec
[2026-05-15 15:28:24]     Progress 800/1000 files ( 80.0%) | masked=280, sdc=520, crash/hang=0 | 52.72 files/sec
[2026-05-15 15:28:26]     Progress 900/1000 files ( 90.0%) | masked=311, sdc=589, crash/hang=0 | 52.48 files/sec
[2026-05-15 15:28:27]     Progress 1000/1000 files (100.0%) | masked=341, sdc=659, crash/hang=0 | 52.51 files/sec
[2026-05-15 15:28:28]     Done folder: total=1000, masked=341, sdc=659, crash/hang=0
[2026-05-15 15:28:28]     CSV row written for leader-loop-reduce/exec_basicmath_small_loop-reduce_ipsccp | masked_rate=0.341000, sdc_rate=0.659000, crash_rate=0.000000
[2026-05-15 15:28:28] ================================================================================
[2026-05-15 15:28:28] [  72/109 |  66.1%] Processing leader-loop-reduce/exec_basicmath_small_loop-reduce_licm
[2026-05-15 15:28:28]     FI folder : /projects/lyang28/rmengle/program_outputs/paired/basicmath_small_outputs/leader-loop-reduce/exec_basicmath_small_loop-reduce_licm
[2026-05-15 15:28:28]     Timing    : /projects/lyang28/rmengle/execution_times/paired/basicmath_small_outputs/leader-loop-reduce/exec_basicmath_small_loop-reduce_licm.txt FOUND
[2026-05-15 15:28:28]     Found 1000 run files
[2026-05-15 15:28:30]     Progress 100/1000 files ( 10.0%) | masked=43, sdc=57, crash/hang=0 | 52.10 files/sec
[2026-05-15 15:28:32]     Progress 200/1000 files ( 20.0%) | masked=78, sdc=122, crash/hang=0 | 53.26 files/sec
[2026-05-15 15:28:33]     Progress 300/1000 files ( 30.0%) | masked=122, sdc=178, crash/hang=0 | 52.98 files/sec
[2026-05-15 15:28:35]     Progress 400/1000 files ( 40.0%) | masked=159, sdc=241, crash/hang=0 | 52.64 files/sec
[2026-05-15 15:28:37]     Progress 500/1000 files ( 50.0%) | masked=198, sdc=302, crash/hang=0 | 52.69 files/sec
[2026-05-15 15:28:39]     Progress 600/1000 files ( 60.0%) | masked=245, sdc=355, crash/hang=0 | 52.61 files/sec
[2026-05-15 15:28:41]     Progress 700/1000 files ( 70.0%) | masked=280, sdc=420, crash/hang=0 | 52.55 files/sec
[2026-05-15 15:28:43]     Progress 800/1000 files ( 80.0%) | masked=320, sdc=480, crash/hang=0 | 52.65 files/sec
[2026-05-15 15:28:45]     Progress 900/1000 files ( 90.0%) | masked=350, sdc=550, crash/hang=0 | 52.75 files/sec
[2026-05-15 15:28:47]     Progress 1000/1000 files (100.0%) | masked=394, sdc=606, crash/hang=0 | 52.75 files/sec
[2026-05-15 15:28:47]     Done folder: total=1000, masked=394, sdc=606, crash/hang=0
[2026-05-15 15:28:47]     CSV row written for leader-loop-reduce/exec_basicmath_small_loop-reduce_licm | masked_rate=0.394000, sdc_rate=0.606000, crash_rate=0.000000
[2026-05-15 15:28:47] ================================================================================
[2026-05-15 15:28:47] [  73/109 |  67.0%] Processing leader-loop-reduce/exec_basicmath_small_loop-reduce_loop-reduce
[2026-05-15 15:28:47]     FI folder : /projects/lyang28/rmengle/program_outputs/paired/basicmath_small_outputs/leader-loop-reduce/exec_basicmath_small_loop-reduce_loop-reduce
[2026-05-15 15:28:47]     Timing    : /projects/lyang28/rmengle/execution_times/paired/basicmath_small_outputs/leader-loop-reduce/exec_basicmath_small_loop-reduce_loop-reduce.txt FOUND
[2026-05-15 15:28:47]     Found 1000 run files
[2026-05-15 15:28:49]     Progress 100/1000 files ( 10.0%) | masked=24, sdc=76, crash/hang=0 | 54.02 files/sec
[2026-05-15 15:28:51]     Progress 200/1000 files ( 20.0%) | masked=62, sdc=138, crash/hang=0 | 53.80 files/sec
[2026-05-15 15:28:53]     Progress 300/1000 files ( 30.0%) | masked=88, sdc=212, crash/hang=0 | 53.51 files/sec
[2026-05-15 15:28:55]     Progress 400/1000 files ( 40.0%) | masked=131, sdc=269, crash/hang=0 | 53.15 files/sec
[2026-05-15 15:28:57]     Progress 500/1000 files ( 50.0%) | masked=166, sdc=334, crash/hang=0 | 53.14 files/sec
[2026-05-15 15:28:58]     Progress 600/1000 files ( 60.0%) | masked=208, sdc=392, crash/hang=0 | 52.96 files/sec
[2026-05-15 15:29:00]     Progress 700/1000 files ( 70.0%) | masked=240, sdc=460, crash/hang=0 | 52.87 files/sec
[2026-05-15 15:29:02]     Progress 800/1000 files ( 80.0%) | masked=269, sdc=531, crash/hang=0 | 52.88 files/sec
[2026-05-15 15:29:04]     Progress 900/1000 files ( 90.0%) | masked=304, sdc=596, crash/hang=0 | 52.67 files/sec
[2026-05-15 15:29:06]     Progress 1000/1000 files (100.0%) | masked=338, sdc=662, crash/hang=0 | 52.74 files/sec
[2026-05-15 15:29:06]     Done folder: total=1000, masked=338, sdc=662, crash/hang=0
[2026-05-15 15:29:06]     CSV row written for leader-loop-reduce/exec_basicmath_small_loop-reduce_loop-reduce | masked_rate=0.338000, sdc_rate=0.662000, crash_rate=0.000000
[2026-05-15 15:29:06] ================================================================================
[2026-05-15 15:29:06] [  74/109 |  67.9%] Processing leader-loop-reduce/exec_basicmath_small_loop-reduce_loop-unroll
[2026-05-15 15:29:06]     FI folder : /projects/lyang28/rmengle/program_outputs/paired/basicmath_small_outputs/leader-loop-reduce/exec_basicmath_small_loop-reduce_loop-unroll
[2026-05-15 15:29:06]     Timing    : /projects/lyang28/rmengle/execution_times/paired/basicmath_small_outputs/leader-loop-reduce/exec_basicmath_small_loop-reduce_loop-unroll.txt FOUND
[2026-05-15 15:29:06]     Found 1000 run files
[2026-05-15 15:29:08]     Progress 100/1000 files ( 10.0%) | masked=38, sdc=62, crash/hang=0 | 54.55 files/sec
[2026-05-15 15:29:10]     Progress 200/1000 files ( 20.0%) | masked=69, sdc=131, crash/hang=0 | 54.56 files/sec
[2026-05-15 15:29:12]     Progress 300/1000 files ( 30.0%) | masked=108, sdc=192, crash/hang=0 | 53.78 files/sec
[2026-05-15 15:29:14]     Progress 400/1000 files ( 40.0%) | masked=144, sdc=256, crash/hang=0 | 53.43 files/sec
[2026-05-15 15:29:16]     Progress 500/1000 files ( 50.0%) | masked=178, sdc=322, crash/hang=0 | 53.41 files/sec
[2026-05-15 15:29:18]     Progress 600/1000 files ( 60.0%) | masked=213, sdc=387, crash/hang=0 | 53.11 files/sec
[2026-05-15 15:29:20]     Progress 700/1000 files ( 70.0%) | masked=245, sdc=455, crash/hang=0 | 53.15 files/sec
[2026-05-15 15:29:22]     Progress 800/1000 files ( 80.0%) | masked=291, sdc=509, crash/hang=0 | 52.90 files/sec
[2026-05-15 15:29:23]     Progress 900/1000 files ( 90.0%) | masked=327, sdc=573, crash/hang=0 | 52.88 files/sec
[2026-05-15 15:29:25]     Progress 1000/1000 files (100.0%) | masked=359, sdc=641, crash/hang=0 | 52.90 files/sec
[2026-05-15 15:29:25]     Done folder: total=1000, masked=359, sdc=641, crash/hang=0
[2026-05-15 15:29:25]     CSV row written for leader-loop-reduce/exec_basicmath_small_loop-reduce_loop-unroll | masked_rate=0.359000, sdc_rate=0.641000, crash_rate=0.000000
[2026-05-15 15:29:25] ================================================================================
[2026-05-15 15:29:25] [  75/109 |  68.8%] Processing leader-loop-reduce/exec_basicmath_small_loop-reduce_sccp
[2026-05-15 15:29:25]     FI folder : /projects/lyang28/rmengle/program_outputs/paired/basicmath_small_outputs/leader-loop-reduce/exec_basicmath_small_loop-reduce_sccp
[2026-05-15 15:29:25]     Timing    : /projects/lyang28/rmengle/execution_times/paired/basicmath_small_outputs/leader-loop-reduce/exec_basicmath_small_loop-reduce_sccp.txt FOUND
[2026-05-15 15:29:26]     Found 1000 run files
[2026-05-15 15:29:28]     Progress 100/1000 files ( 10.0%) | masked=33, sdc=67, crash/hang=0 | 53.51 files/sec
[2026-05-15 15:29:29]     Progress 200/1000 files ( 20.0%) | masked=65, sdc=135, crash/hang=0 | 53.28 files/sec
[2026-05-15 15:29:31]     Progress 300/1000 files ( 30.0%) | masked=103, sdc=197, crash/hang=0 | 53.08 files/sec
[2026-05-15 15:29:33]     Progress 400/1000 files ( 40.0%) | masked=142, sdc=258, crash/hang=0 | 53.35 files/sec
[2026-05-15 15:29:35]     Progress 500/1000 files ( 50.0%) | masked=184, sdc=315, crash/hang=1 | 53.32 files/sec
[2026-05-15 15:29:37]     Progress 600/1000 files ( 60.0%) | masked=219, sdc=380, crash/hang=1 | 53.14 files/sec
[2026-05-15 15:29:39]     Progress 700/1000 files ( 70.0%) | masked=258, sdc=441, crash/hang=1 | 53.24 files/sec
[2026-05-15 15:29:41]     Progress 800/1000 files ( 80.0%) | masked=296, sdc=503, crash/hang=1 | 53.37 files/sec
[2026-05-15 15:29:43]     Progress 900/1000 files ( 90.0%) | masked=328, sdc=571, crash/hang=1 | 53.16 files/sec
[2026-05-15 15:29:45]     Progress 1000/1000 files (100.0%) | masked=357, sdc=642, crash/hang=1 | 53.19 files/sec
[2026-05-15 15:29:45]     Done folder: total=1000, masked=357, sdc=642, crash/hang=1
[2026-05-15 15:29:45]     CSV row written for leader-loop-reduce/exec_basicmath_small_loop-reduce_sccp | masked_rate=0.357000, sdc_rate=0.642000, crash_rate=0.001000
[2026-05-15 15:29:45] ================================================================================
[2026-05-15 15:29:45] [  76/109 |  69.7%] Processing leader-loop-reduce/exec_basicmath_small_loop-reduce_simple-loop-unswitch
[2026-05-15 15:29:45]     FI folder : /projects/lyang28/rmengle/program_outputs/paired/basicmath_small_outputs/leader-loop-reduce/exec_basicmath_small_loop-reduce_simple-loop-unswitch
[2026-05-15 15:29:45]     Timing    : /projects/lyang28/rmengle/execution_times/paired/basicmath_small_outputs/leader-loop-reduce/exec_basicmath_small_loop-reduce_simple-loop-unswitch.txt FOUND
[2026-05-15 15:29:45]     Found 1000 run files
[2026-05-15 15:29:47]     Progress 100/1000 files ( 10.0%) | masked=32, sdc=68, crash/hang=0 | 54.49 files/sec
[2026-05-15 15:29:49]     Progress 200/1000 files ( 20.0%) | masked=66, sdc=134, crash/hang=0 | 53.51 files/sec
[2026-05-15 15:29:50]     Progress 300/1000 files ( 30.0%) | masked=96, sdc=204, crash/hang=0 | 53.72 files/sec
[2026-05-15 15:29:52]     Progress 400/1000 files ( 40.0%) | masked=144, sdc=256, crash/hang=0 | 53.77 files/sec
[2026-05-15 15:29:54]     Progress 500/1000 files ( 50.0%) | masked=174, sdc=326, crash/hang=0 | 53.50 files/sec
[2026-05-15 15:29:56]     Progress 600/1000 files ( 60.0%) | masked=215, sdc=385, crash/hang=0 | 53.17 files/sec
[2026-05-15 15:29:58]     Progress 700/1000 files ( 70.0%) | masked=248, sdc=452, crash/hang=0 | 52.94 files/sec
[2026-05-15 15:30:00]     Progress 800/1000 files ( 80.0%) | masked=290, sdc=510, crash/hang=0 | 52.79 files/sec
[2026-05-15 15:30:02]     Progress 900/1000 files ( 90.0%) | masked=325, sdc=575, crash/hang=0 | 52.51 files/sec
[2026-05-15 15:30:04]     Progress 1000/1000 files (100.0%) | masked=360, sdc=639, crash/hang=1 | 52.61 files/sec
[2026-05-15 15:30:04]     Done folder: total=1000, masked=360, sdc=639, crash/hang=1
[2026-05-15 15:30:04]     CSV row written for leader-loop-reduce/exec_basicmath_small_loop-reduce_simple-loop-unswitch | masked_rate=0.360000, sdc_rate=0.639000, crash_rate=0.001000
[2026-05-15 15:30:04] ================================================================================
[2026-05-15 15:30:04] [  77/109 |  70.6%] Processing leader-loop-unroll/exec_basicmath_small_loop-unroll
[2026-05-15 15:30:04]     FI folder : /projects/lyang28/rmengle/program_outputs/paired/basicmath_small_outputs/leader-loop-unroll/exec_basicmath_small_loop-unroll
[2026-05-15 15:30:04]     Timing    : /projects/lyang28/rmengle/execution_times/paired/basicmath_small_outputs/leader-loop-unroll/exec_basicmath_small_loop-unroll.txt FOUND
[2026-05-15 15:30:04]     Found 1000 run files
[2026-05-15 15:30:06]     Progress 100/1000 files ( 10.0%) | masked=45, sdc=55, crash/hang=0 | 53.97 files/sec
[2026-05-15 15:30:08]     Progress 200/1000 files ( 20.0%) | masked=83, sdc=117, crash/hang=0 | 53.54 files/sec
[2026-05-15 15:30:10]     Progress 300/1000 files ( 30.0%) | masked=123, sdc=177, crash/hang=0 | 54.02 files/sec
[2026-05-15 15:30:12]     Progress 400/1000 files ( 40.0%) | masked=157, sdc=243, crash/hang=0 | 53.55 files/sec
[2026-05-15 15:30:14]     Progress 500/1000 files ( 50.0%) | masked=193, sdc=307, crash/hang=0 | 52.88 files/sec
[2026-05-15 15:30:16]     Progress 600/1000 files ( 60.0%) | masked=235, sdc=365, crash/hang=0 | 52.79 files/sec
[2026-05-15 15:30:17]     Progress 700/1000 files ( 70.0%) | masked=278, sdc=421, crash/hang=1 | 52.70 files/sec
[2026-05-15 15:30:19]     Progress 800/1000 files ( 80.0%) | masked=313, sdc=486, crash/hang=1 | 52.78 files/sec
[2026-05-15 15:30:21]     Progress 900/1000 files ( 90.0%) | masked=351, sdc=548, crash/hang=1 | 52.82 files/sec
[2026-05-15 15:30:23]     Progress 1000/1000 files (100.0%) | masked=380, sdc=619, crash/hang=1 | 52.76 files/sec
[2026-05-15 15:30:23]     Done folder: total=1000, masked=380, sdc=619, crash/hang=1
[2026-05-15 15:30:23]     CSV row written for leader-loop-unroll/exec_basicmath_small_loop-unroll | masked_rate=0.380000, sdc_rate=0.619000, crash_rate=0.001000
[2026-05-15 15:30:23] ================================================================================
[2026-05-15 15:30:23] [  78/109 |  71.6%] Processing leader-loop-unroll/exec_basicmath_small_loop-unroll_early-cse
[2026-05-15 15:30:23]     FI folder : /projects/lyang28/rmengle/program_outputs/paired/basicmath_small_outputs/leader-loop-unroll/exec_basicmath_small_loop-unroll_early-cse
[2026-05-15 15:30:23]     Timing    : /projects/lyang28/rmengle/execution_times/paired/basicmath_small_outputs/leader-loop-unroll/exec_basicmath_small_loop-unroll_early-cse.txt FOUND
[2026-05-15 15:30:23]     Found 1000 run files
[2026-05-15 15:30:25]     Progress 100/1000 files ( 10.0%) | masked=37, sdc=63, crash/hang=0 | 55.24 files/sec
[2026-05-15 15:30:27]     Progress 200/1000 files ( 20.0%) | masked=64, sdc=136, crash/hang=0 | 54.16 files/sec
[2026-05-15 15:30:29]     Progress 300/1000 files ( 30.0%) | masked=104, sdc=196, crash/hang=0 | 53.70 files/sec
[2026-05-15 15:30:31]     Progress 400/1000 files ( 40.0%) | masked=141, sdc=259, crash/hang=0 | 53.49 files/sec
[2026-05-15 15:30:33]     Progress 500/1000 files ( 50.0%) | masked=173, sdc=327, crash/hang=0 | 53.46 files/sec
[2026-05-15 15:30:35]     Progress 600/1000 files ( 60.0%) | masked=209, sdc=391, crash/hang=0 | 53.29 files/sec
[2026-05-15 15:30:37]     Progress 700/1000 files ( 70.0%) | masked=232, sdc=468, crash/hang=0 | 53.33 files/sec
[2026-05-15 15:30:38]     Progress 800/1000 files ( 80.0%) | masked=270, sdc=530, crash/hang=0 | 53.27 files/sec
[2026-05-15 15:30:40]     Progress 900/1000 files ( 90.0%) | masked=308, sdc=592, crash/hang=0 | 53.16 files/sec
[2026-05-15 15:30:42]     Progress 1000/1000 files (100.0%) | masked=346, sdc=654, crash/hang=0 | 53.11 files/sec
[2026-05-15 15:30:42]     Done folder: total=1000, masked=346, sdc=654, crash/hang=0
[2026-05-15 15:30:42]     CSV row written for leader-loop-unroll/exec_basicmath_small_loop-unroll_early-cse | masked_rate=0.346000, sdc_rate=0.654000, crash_rate=0.000000
[2026-05-15 15:30:42] ================================================================================
[2026-05-15 15:30:42] [  79/109 |  72.5%] Processing leader-loop-unroll/exec_basicmath_small_loop-unroll_gvn
[2026-05-15 15:30:42]     FI folder : /projects/lyang28/rmengle/program_outputs/paired/basicmath_small_outputs/leader-loop-unroll/exec_basicmath_small_loop-unroll_gvn
[2026-05-15 15:30:42]     Timing    : /projects/lyang28/rmengle/execution_times/paired/basicmath_small_outputs/leader-loop-unroll/exec_basicmath_small_loop-unroll_gvn.txt FOUND
[2026-05-15 15:30:43]     Found 1000 run files
[2026-05-15 15:30:45]     Progress 100/1000 files ( 10.0%) | masked=39, sdc=61, crash/hang=0 | 52.61 files/sec
[2026-05-15 15:30:46]     Progress 200/1000 files ( 20.0%) | masked=83, sdc=117, crash/hang=0 | 52.66 files/sec
[2026-05-15 15:30:48]     Progress 300/1000 files ( 30.0%) | masked=114, sdc=186, crash/hang=0 | 52.57 files/sec
[2026-05-15 15:30:50]     Progress 400/1000 files ( 40.0%) | masked=156, sdc=244, crash/hang=0 | 52.78 files/sec
[2026-05-15 15:30:52]     Progress 500/1000 files ( 50.0%) | masked=195, sdc=305, crash/hang=0 | 52.84 files/sec
[2026-05-15 15:30:54]     Progress 600/1000 files ( 60.0%) | masked=236, sdc=364, crash/hang=0 | 53.02 files/sec
[2026-05-15 15:30:56]     Progress 700/1000 files ( 70.0%) | masked=276, sdc=424, crash/hang=0 | 52.93 files/sec
[2026-05-15 15:30:58]     Progress 800/1000 files ( 80.0%) | masked=318, sdc=482, crash/hang=0 | 52.85 files/sec
[2026-05-15 15:31:00]     Progress 900/1000 files ( 90.0%) | masked=357, sdc=543, crash/hang=0 | 52.91 files/sec
[2026-05-15 15:31:02]     Progress 1000/1000 files (100.0%) | masked=391, sdc=609, crash/hang=0 | 52.86 files/sec
[2026-05-15 15:31:02]     Done folder: total=1000, masked=391, sdc=609, crash/hang=0
[2026-05-15 15:31:02]     CSV row written for leader-loop-unroll/exec_basicmath_small_loop-unroll_gvn | masked_rate=0.391000, sdc_rate=0.609000, crash_rate=0.000000
[2026-05-15 15:31:02] ================================================================================
[2026-05-15 15:31:02] [  80/109 |  73.4%] Processing leader-loop-unroll/exec_basicmath_small_loop-unroll_inline
[2026-05-15 15:31:02]     FI folder : /projects/lyang28/rmengle/program_outputs/paired/basicmath_small_outputs/leader-loop-unroll/exec_basicmath_small_loop-unroll_inline
[2026-05-15 15:31:02]     Timing    : /projects/lyang28/rmengle/execution_times/paired/basicmath_small_outputs/leader-loop-unroll/exec_basicmath_small_loop-unroll_inline.txt FOUND
[2026-05-15 15:31:02]     Found 1000 run files
[2026-05-15 15:31:04]     Progress 100/1000 files ( 10.0%) | masked=33, sdc=67, crash/hang=0 | 55.91 files/sec
[2026-05-15 15:31:06]     Progress 200/1000 files ( 20.0%) | masked=69, sdc=131, crash/hang=0 | 54.68 files/sec
[2026-05-15 15:31:07]     Progress 300/1000 files ( 30.0%) | masked=100, sdc=200, crash/hang=0 | 54.12 files/sec
[2026-05-15 15:31:09]     Progress 400/1000 files ( 40.0%) | masked=128, sdc=271, crash/hang=1 | 54.25 files/sec
[2026-05-15 15:31:11]     Progress 500/1000 files ( 50.0%) | masked=157, sdc=342, crash/hang=1 | 54.30 files/sec
[2026-05-15 15:31:13]     Progress 600/1000 files ( 60.0%) | masked=193, sdc=406, crash/hang=1 | 54.03 files/sec
[2026-05-15 15:31:15]     Progress 700/1000 files ( 70.0%) | masked=228, sdc=469, crash/hang=3 | 54.08 files/sec
[2026-05-15 15:31:17]     Progress 800/1000 files ( 80.0%) | masked=261, sdc=536, crash/hang=3 | 54.06 files/sec
[2026-05-15 15:31:19]     Progress 900/1000 files ( 90.0%) | masked=296, sdc=601, crash/hang=3 | 54.00 files/sec
[2026-05-15 15:31:21]     Progress 1000/1000 files (100.0%) | masked=337, sdc=660, crash/hang=3 | 53.63 files/sec
[2026-05-15 15:31:21]     Done folder: total=1000, masked=337, sdc=660, crash/hang=3
[2026-05-15 15:31:21]     CSV row written for leader-loop-unroll/exec_basicmath_small_loop-unroll_inline | masked_rate=0.337000, sdc_rate=0.660000, crash_rate=0.003000
[2026-05-15 15:31:21] ================================================================================
[2026-05-15 15:31:21] [  81/109 |  74.3%] Processing leader-loop-unroll/exec_basicmath_small_loop-unroll_instcombine
[2026-05-15 15:31:21]     FI folder : /projects/lyang28/rmengle/program_outputs/paired/basicmath_small_outputs/leader-loop-unroll/exec_basicmath_small_loop-unroll_instcombine
[2026-05-15 15:31:21]     Timing    : /projects/lyang28/rmengle/execution_times/paired/basicmath_small_outputs/leader-loop-unroll/exec_basicmath_small_loop-unroll_instcombine.txt FOUND
[2026-05-15 15:31:21]     Found 1000 run files
[2026-05-15 15:31:23]     Progress 100/1000 files ( 10.0%) | masked=35, sdc=65, crash/hang=0 | 54.66 files/sec
[2026-05-15 15:31:25]     Progress 200/1000 files ( 20.0%) | masked=73, sdc=126, crash/hang=1 | 54.30 files/sec
[2026-05-15 15:31:26]     Progress 300/1000 files ( 30.0%) | masked=104, sdc=195, crash/hang=1 | 53.15 files/sec
[2026-05-15 15:31:28]     Progress 400/1000 files ( 40.0%) | masked=142, sdc=257, crash/hang=1 | 53.06 files/sec
[2026-05-15 15:31:30]     Progress 500/1000 files ( 50.0%) | masked=178, sdc=321, crash/hang=1 | 52.91 files/sec
[2026-05-15 15:31:32]     Progress 600/1000 files ( 60.0%) | masked=220, sdc=379, crash/hang=1 | 52.89 files/sec
[2026-05-15 15:31:34]     Progress 700/1000 files ( 70.0%) | masked=257, sdc=442, crash/hang=1 | 52.85 files/sec
[2026-05-15 15:31:36]     Progress 800/1000 files ( 80.0%) | masked=297, sdc=502, crash/hang=1 | 52.85 files/sec
[2026-05-15 15:31:38]     Progress 900/1000 files ( 90.0%) | masked=337, sdc=562, crash/hang=1 | 52.73 files/sec
[2026-05-15 15:31:40]     Progress 1000/1000 files (100.0%) | masked=377, sdc=622, crash/hang=1 | 52.67 files/sec
[2026-05-15 15:31:40]     Done folder: total=1000, masked=377, sdc=622, crash/hang=1
[2026-05-15 15:31:40]     CSV row written for leader-loop-unroll/exec_basicmath_small_loop-unroll_instcombine | masked_rate=0.377000, sdc_rate=0.622000, crash_rate=0.001000
[2026-05-15 15:31:40] ================================================================================
[2026-05-15 15:31:40] [  82/109 |  75.2%] Processing leader-loop-unroll/exec_basicmath_small_loop-unroll_ipsccp
[2026-05-15 15:31:40]     FI folder : /projects/lyang28/rmengle/program_outputs/paired/basicmath_small_outputs/leader-loop-unroll/exec_basicmath_small_loop-unroll_ipsccp
[2026-05-15 15:31:40]     Timing    : /projects/lyang28/rmengle/execution_times/paired/basicmath_small_outputs/leader-loop-unroll/exec_basicmath_small_loop-unroll_ipsccp.txt FOUND
[2026-05-15 15:31:40]     Found 1000 run files
[2026-05-15 15:31:42]     Progress 100/1000 files ( 10.0%) | masked=29, sdc=71, crash/hang=0 | 54.16 files/sec
[2026-05-15 15:31:44]     Progress 200/1000 files ( 20.0%) | masked=65, sdc=135, crash/hang=0 | 54.07 files/sec
[2026-05-15 15:31:46]     Progress 300/1000 files ( 30.0%) | masked=95, sdc=205, crash/hang=0 | 53.60 files/sec
[2026-05-15 15:31:48]     Progress 400/1000 files ( 40.0%) | masked=126, sdc=274, crash/hang=0 | 53.21 files/sec
[2026-05-15 15:31:50]     Progress 500/1000 files ( 50.0%) | masked=165, sdc=334, crash/hang=1 | 52.85 files/sec
[2026-05-15 15:31:52]     Progress 600/1000 files ( 60.0%) | masked=194, sdc=405, crash/hang=1 | 52.81 files/sec
[2026-05-15 15:31:54]     Progress 700/1000 files ( 70.0%) | masked=241, sdc=458, crash/hang=1 | 52.54 files/sec
[2026-05-15 15:31:55]     Progress 800/1000 files ( 80.0%) | masked=285, sdc=514, crash/hang=1 | 52.43 files/sec
[2026-05-15 15:31:57]     Progress 900/1000 files ( 90.0%) | masked=317, sdc=582, crash/hang=1 | 52.58 files/sec
[2026-05-15 15:31:59]     Progress 1000/1000 files (100.0%) | masked=354, sdc=645, crash/hang=1 | 52.62 files/sec
[2026-05-15 15:31:59]     Done folder: total=1000, masked=354, sdc=645, crash/hang=1
[2026-05-15 15:31:59]     CSV row written for leader-loop-unroll/exec_basicmath_small_loop-unroll_ipsccp | masked_rate=0.354000, sdc_rate=0.645000, crash_rate=0.001000
[2026-05-15 15:31:59] ================================================================================
[2026-05-15 15:31:59] [  83/109 |  76.1%] Processing leader-loop-unroll/exec_basicmath_small_loop-unroll_licm
[2026-05-15 15:31:59]     FI folder : /projects/lyang28/rmengle/program_outputs/paired/basicmath_small_outputs/leader-loop-unroll/exec_basicmath_small_loop-unroll_licm
[2026-05-15 15:31:59]     Timing    : /projects/lyang28/rmengle/execution_times/paired/basicmath_small_outputs/leader-loop-unroll/exec_basicmath_small_loop-unroll_licm.txt FOUND
[2026-05-15 15:32:00]     Found 1000 run files
[2026-05-15 15:32:01]     Progress 100/1000 files ( 10.0%) | masked=46, sdc=54, crash/hang=0 | 51.98 files/sec
[2026-05-15 15:32:03]     Progress 200/1000 files ( 20.0%) | masked=87, sdc=113, crash/hang=0 | 53.12 files/sec
[2026-05-15 15:32:05]     Progress 300/1000 files ( 30.0%) | masked=115, sdc=184, crash/hang=1 | 50.15 files/sec
[2026-05-15 15:32:07]     Progress 400/1000 files ( 40.0%) | masked=149, sdc=250, crash/hang=1 | 51.03 files/sec
[2026-05-15 15:32:09]     Progress 500/1000 files ( 50.0%) | masked=198, sdc=301, crash/hang=1 | 51.03 files/sec
[2026-05-15 15:32:11]     Progress 600/1000 files ( 60.0%) | masked=236, sdc=362, crash/hang=2 | 51.18 files/sec
[2026-05-15 15:32:13]     Progress 700/1000 files ( 70.0%) | masked=288, sdc=410, crash/hang=2 | 51.30 files/sec
[2026-05-15 15:32:15]     Progress 800/1000 files ( 80.0%) | masked=326, sdc=472, crash/hang=2 | 51.32 files/sec
[2026-05-15 15:32:17]     Progress 900/1000 files ( 90.0%) | masked=360, sdc=538, crash/hang=2 | 51.30 files/sec
[2026-05-15 15:32:19]     Progress 1000/1000 files (100.0%) | masked=391, sdc=607, crash/hang=2 | 51.44 files/sec
[2026-05-15 15:32:19]     Done folder: total=1000, masked=391, sdc=607, crash/hang=2
[2026-05-15 15:32:19]     CSV row written for leader-loop-unroll/exec_basicmath_small_loop-unroll_licm | masked_rate=0.391000, sdc_rate=0.607000, crash_rate=0.002000
[2026-05-15 15:32:19] ================================================================================
[2026-05-15 15:32:19] [  84/109 |  77.1%] Processing leader-loop-unroll/exec_basicmath_small_loop-unroll_loop-reduce
[2026-05-15 15:32:19]     FI folder : /projects/lyang28/rmengle/program_outputs/paired/basicmath_small_outputs/leader-loop-unroll/exec_basicmath_small_loop-unroll_loop-reduce
[2026-05-15 15:32:19]     Timing    : /projects/lyang28/rmengle/execution_times/paired/basicmath_small_outputs/leader-loop-unroll/exec_basicmath_small_loop-unroll_loop-reduce.txt FOUND
[2026-05-15 15:32:19]     Found 1000 run files
[2026-05-15 15:32:21]     Progress 100/1000 files ( 10.0%) | masked=40, sdc=60, crash/hang=0 | 53.81 files/sec
[2026-05-15 15:32:23]     Progress 200/1000 files ( 20.0%) | masked=79, sdc=121, crash/hang=0 | 53.89 files/sec
[2026-05-15 15:32:25]     Progress 300/1000 files ( 30.0%) | masked=113, sdc=187, crash/hang=0 | 53.64 files/sec
[2026-05-15 15:32:27]     Progress 400/1000 files ( 40.0%) | masked=138, sdc=262, crash/hang=0 | 53.64 files/sec
[2026-05-15 15:32:29]     Progress 500/1000 files ( 50.0%) | masked=172, sdc=327, crash/hang=1 | 54.02 files/sec
[2026-05-15 15:32:30]     Progress 600/1000 files ( 60.0%) | masked=208, sdc=391, crash/hang=1 | 53.77 files/sec
[2026-05-15 15:32:32]     Progress 700/1000 files ( 70.0%) | masked=236, sdc=463, crash/hang=1 | 53.67 files/sec
[2026-05-15 15:32:34]     Progress 800/1000 files ( 80.0%) | masked=269, sdc=530, crash/hang=1 | 53.49 files/sec
[2026-05-15 15:32:36]     Progress 900/1000 files ( 90.0%) | masked=297, sdc=602, crash/hang=1 | 53.39 files/sec
[2026-05-15 15:32:38]     Progress 1000/1000 files (100.0%) | masked=324, sdc=675, crash/hang=1 | 53.33 files/sec
[2026-05-15 15:32:38]     Done folder: total=1000, masked=324, sdc=675, crash/hang=1
[2026-05-15 15:32:38]     CSV row written for leader-loop-unroll/exec_basicmath_small_loop-unroll_loop-reduce | masked_rate=0.324000, sdc_rate=0.675000, crash_rate=0.001000
[2026-05-15 15:32:38] ================================================================================
[2026-05-15 15:32:38] [  85/109 |  78.0%] Processing leader-loop-unroll/exec_basicmath_small_loop-unroll_loop-unroll
[2026-05-15 15:32:38]     FI folder : /projects/lyang28/rmengle/program_outputs/paired/basicmath_small_outputs/leader-loop-unroll/exec_basicmath_small_loop-unroll_loop-unroll
[2026-05-15 15:32:38]     Timing    : /projects/lyang28/rmengle/execution_times/paired/basicmath_small_outputs/leader-loop-unroll/exec_basicmath_small_loop-unroll_loop-unroll.txt FOUND
[2026-05-15 15:32:38]     Found 1000 run files
[2026-05-15 15:32:40]     Progress 100/1000 files ( 10.0%) | masked=34, sdc=66, crash/hang=0 | 52.94 files/sec
[2026-05-15 15:32:42]     Progress 200/1000 files ( 20.0%) | masked=74, sdc=126, crash/hang=0 | 53.95 files/sec
[2026-05-15 15:32:44]     Progress 300/1000 files ( 30.0%) | masked=110, sdc=189, crash/hang=1 | 54.15 files/sec
[2026-05-15 15:32:46]     Progress 400/1000 files ( 40.0%) | masked=143, sdc=256, crash/hang=1 | 54.58 files/sec
[2026-05-15 15:32:48]     Progress 500/1000 files ( 50.0%) | masked=181, sdc=318, crash/hang=1 | 54.31 files/sec
[2026-05-15 15:32:49]     Progress 600/1000 files ( 60.0%) | masked=217, sdc=382, crash/hang=1 | 53.91 files/sec
[2026-05-15 15:32:51]     Progress 700/1000 files ( 70.0%) | masked=244, sdc=455, crash/hang=1 | 53.83 files/sec
[2026-05-15 15:32:53]     Progress 800/1000 files ( 80.0%) | masked=281, sdc=518, crash/hang=1 | 53.87 files/sec
[2026-05-15 15:32:55]     Progress 900/1000 files ( 90.0%) | masked=318, sdc=581, crash/hang=1 | 53.90 files/sec
[2026-05-15 15:32:57]     Progress 1000/1000 files (100.0%) | masked=363, sdc=636, crash/hang=1 | 53.72 files/sec
[2026-05-15 15:32:57]     Done folder: total=1000, masked=363, sdc=636, crash/hang=1
[2026-05-15 15:32:57]     CSV row written for leader-loop-unroll/exec_basicmath_small_loop-unroll_loop-unroll | masked_rate=0.363000, sdc_rate=0.636000, crash_rate=0.001000
[2026-05-15 15:32:57] ================================================================================
[2026-05-15 15:32:57] [  86/109 |  78.9%] Processing leader-loop-unroll/exec_basicmath_small_loop-unroll_sccp
[2026-05-15 15:32:57]     FI folder : /projects/lyang28/rmengle/program_outputs/paired/basicmath_small_outputs/leader-loop-unroll/exec_basicmath_small_loop-unroll_sccp
[2026-05-15 15:32:57]     Timing    : /projects/lyang28/rmengle/execution_times/paired/basicmath_small_outputs/leader-loop-unroll/exec_basicmath_small_loop-unroll_sccp.txt FOUND
[2026-05-15 15:32:57]     Found 1000 run files
[2026-05-15 15:32:59]     Progress 100/1000 files ( 10.0%) | masked=42, sdc=58, crash/hang=0 | 52.73 files/sec
[2026-05-15 15:33:01]     Progress 200/1000 files ( 20.0%) | masked=79, sdc=120, crash/hang=1 | 53.59 files/sec
[2026-05-15 15:33:03]     Progress 300/1000 files ( 30.0%) | masked=122, sdc=177, crash/hang=1 | 53.54 files/sec
[2026-05-15 15:33:05]     Progress 400/1000 files ( 40.0%) | masked=154, sdc=245, crash/hang=1 | 53.56 files/sec
[2026-05-15 15:33:07]     Progress 500/1000 files ( 50.0%) | masked=194, sdc=305, crash/hang=1 | 53.46 files/sec
[2026-05-15 15:33:09]     Progress 600/1000 files ( 60.0%) | masked=231, sdc=368, crash/hang=1 | 53.28 files/sec
[2026-05-15 15:33:10]     Progress 700/1000 files ( 70.0%) | masked=271, sdc=428, crash/hang=1 | 53.16 files/sec
[2026-05-15 15:33:12]     Progress 800/1000 files ( 80.0%) | masked=309, sdc=490, crash/hang=1 | 53.21 files/sec
[2026-05-15 15:33:14]     Progress 900/1000 files ( 90.0%) | masked=342, sdc=557, crash/hang=1 | 53.05 files/sec
[2026-05-15 15:33:16]     Progress 1000/1000 files (100.0%) | masked=379, sdc=620, crash/hang=1 | 53.09 files/sec
[2026-05-15 15:33:16]     Done folder: total=1000, masked=379, sdc=620, crash/hang=1
[2026-05-15 15:33:16]     CSV row written for leader-loop-unroll/exec_basicmath_small_loop-unroll_sccp | masked_rate=0.379000, sdc_rate=0.620000, crash_rate=0.001000
[2026-05-15 15:33:16] ================================================================================
[2026-05-15 15:33:16] [  87/109 |  79.8%] Processing leader-loop-unroll/exec_basicmath_small_loop-unroll_simple-loop-unswitch
[2026-05-15 15:33:16]     FI folder : /projects/lyang28/rmengle/program_outputs/paired/basicmath_small_outputs/leader-loop-unroll/exec_basicmath_small_loop-unroll_simple-loop-unswitch
[2026-05-15 15:33:16]     Timing    : /projects/lyang28/rmengle/execution_times/paired/basicmath_small_outputs/leader-loop-unroll/exec_basicmath_small_loop-unroll_simple-loop-unswitch.txt FOUND
[2026-05-15 15:33:17]     Found 1000 run files
[2026-05-15 15:33:18]     Progress 100/1000 files ( 10.0%) | masked=37, sdc=62, crash/hang=1 | 53.78 files/sec
[2026-05-15 15:33:20]     Progress 200/1000 files ( 20.0%) | masked=71, sdc=128, crash/hang=1 | 52.98 files/sec
[2026-05-15 15:33:22]     Progress 300/1000 files ( 30.0%) | masked=111, sdc=188, crash/hang=1 | 53.25 files/sec
[2026-05-15 15:33:24]     Progress 400/1000 files ( 40.0%) | masked=158, sdc=241, crash/hang=1 | 53.15 files/sec
[2026-05-15 15:33:26]     Progress 500/1000 files ( 50.0%) | masked=197, sdc=302, crash/hang=1 | 52.90 files/sec
[2026-05-15 15:33:28]     Progress 600/1000 files ( 60.0%) | masked=232, sdc=367, crash/hang=1 | 52.80 files/sec
[2026-05-15 15:33:30]     Progress 700/1000 files ( 70.0%) | masked=268, sdc=431, crash/hang=1 | 53.12 files/sec
[2026-05-15 15:33:32]     Progress 800/1000 files ( 80.0%) | masked=298, sdc=501, crash/hang=1 | 53.14 files/sec
[2026-05-15 15:33:33]     Progress 900/1000 files ( 90.0%) | masked=329, sdc=570, crash/hang=1 | 53.12 files/sec
[2026-05-15 15:33:35]     Progress 1000/1000 files (100.0%) | masked=361, sdc=637, crash/hang=2 | 53.16 files/sec
[2026-05-15 15:33:35]     Done folder: total=1000, masked=361, sdc=637, crash/hang=2
[2026-05-15 15:33:35]     CSV row written for leader-loop-unroll/exec_basicmath_small_loop-unroll_simple-loop-unswitch | masked_rate=0.361000, sdc_rate=0.637000, crash_rate=0.002000
[2026-05-15 15:33:35] ================================================================================
[2026-05-15 15:33:35] [  88/109 |  80.7%] Processing leader-loop-unswitch/exec_basicmath_small_simple-loop-unswitch
[2026-05-15 15:33:35]     FI folder : /projects/lyang28/rmengle/program_outputs/paired/basicmath_small_outputs/leader-loop-unswitch/exec_basicmath_small_simple-loop-unswitch
[2026-05-15 15:33:35]     Timing    : /projects/lyang28/rmengle/execution_times/paired/basicmath_small_outputs/leader-loop-unswitch/exec_basicmath_small_simple-loop-unswitch.txt FOUND
[2026-05-15 15:33:36]     Found 1000 run files
[2026-05-15 15:33:38]     Progress 100/1000 files ( 10.0%) | masked=41, sdc=59, crash/hang=0 | 52.28 files/sec
[2026-05-15 15:33:39]     Progress 200/1000 files ( 20.0%) | masked=77, sdc=123, crash/hang=0 | 52.56 files/sec
[2026-05-15 15:33:41]     Progress 300/1000 files ( 30.0%) | masked=112, sdc=188, crash/hang=0 | 52.39 files/sec
[2026-05-15 15:33:43]     Progress 400/1000 files ( 40.0%) | masked=148, sdc=251, crash/hang=1 | 52.73 files/sec
[2026-05-15 15:33:45]     Progress 500/1000 files ( 50.0%) | masked=194, sdc=305, crash/hang=1 | 52.69 files/sec
[2026-05-15 15:33:47]     Progress 600/1000 files ( 60.0%) | masked=226, sdc=373, crash/hang=1 | 52.84 files/sec
[2026-05-15 15:33:49]     Progress 700/1000 files ( 70.0%) | masked=257, sdc=442, crash/hang=1 | 52.83 files/sec
[2026-05-15 15:33:51]     Progress 800/1000 files ( 80.0%) | masked=291, sdc=508, crash/hang=1 | 52.83 files/sec
[2026-05-15 15:33:53]     Progress 900/1000 files ( 90.0%) | masked=326, sdc=573, crash/hang=1 | 52.79 files/sec
[2026-05-15 15:33:55]     Progress 1000/1000 files (100.0%) | masked=357, sdc=642, crash/hang=1 | 52.81 files/sec
[2026-05-15 15:33:55]     Done folder: total=1000, masked=357, sdc=642, crash/hang=1
[2026-05-15 15:33:55]     CSV row written for leader-loop-unswitch/exec_basicmath_small_simple-loop-unswitch | masked_rate=0.357000, sdc_rate=0.642000, crash_rate=0.001000
[2026-05-15 15:33:55] ================================================================================
[2026-05-15 15:33:55] [  89/109 |  81.7%] Processing leader-loop-unswitch/exec_basicmath_small_simple-loop-unswitch_early-cse
[2026-05-15 15:33:55]     FI folder : /projects/lyang28/rmengle/program_outputs/paired/basicmath_small_outputs/leader-loop-unswitch/exec_basicmath_small_simple-loop-unswitch_early-cse
[2026-05-15 15:33:55]     Timing    : /projects/lyang28/rmengle/execution_times/paired/basicmath_small_outputs/leader-loop-unswitch/exec_basicmath_small_simple-loop-unswitch_early-cse.txt FOUND
[2026-05-15 15:33:55]     Found 1000 run files
[2026-05-15 15:33:57]     Progress 100/1000 files ( 10.0%) | masked=32, sdc=68, crash/hang=0 | 51.96 files/sec
[2026-05-15 15:33:59]     Progress 200/1000 files ( 20.0%) | masked=71, sdc=129, crash/hang=0 | 51.94 files/sec
[2026-05-15 15:34:01]     Progress 300/1000 files ( 30.0%) | masked=100, sdc=200, crash/hang=0 | 52.21 files/sec
[2026-05-15 15:34:03]     Progress 400/1000 files ( 40.0%) | masked=130, sdc=270, crash/hang=0 | 52.60 files/sec
[2026-05-15 15:34:05]     Progress 500/1000 files ( 50.0%) | masked=154, sdc=346, crash/hang=0 | 52.69 files/sec
[2026-05-15 15:34:07]     Progress 600/1000 files ( 60.0%) | masked=188, sdc=412, crash/hang=0 | 52.59 files/sec
[2026-05-15 15:34:08]     Progress 700/1000 files ( 70.0%) | masked=222, sdc=477, crash/hang=1 | 52.68 files/sec
[2026-05-15 15:34:10]     Progress 800/1000 files ( 80.0%) | masked=252, sdc=547, crash/hang=1 | 52.65 files/sec
[2026-05-15 15:34:12]     Progress 900/1000 files ( 90.0%) | masked=290, sdc=609, crash/hang=1 | 52.58 files/sec
[2026-05-15 15:34:14]     Progress 1000/1000 files (100.0%) | masked=327, sdc=672, crash/hang=1 | 52.68 files/sec
[2026-05-15 15:34:14]     Done folder: total=1000, masked=327, sdc=672, crash/hang=1
[2026-05-15 15:34:14]     CSV row written for leader-loop-unswitch/exec_basicmath_small_simple-loop-unswitch_early-cse | masked_rate=0.327000, sdc_rate=0.672000, crash_rate=0.001000
[2026-05-15 15:34:14] ================================================================================
[2026-05-15 15:34:14] [  90/109 |  82.6%] Processing leader-loop-unswitch/exec_basicmath_small_simple-loop-unswitch_gvn
[2026-05-15 15:34:14]     FI folder : /projects/lyang28/rmengle/program_outputs/paired/basicmath_small_outputs/leader-loop-unswitch/exec_basicmath_small_simple-loop-unswitch_gvn
[2026-05-15 15:34:14]     Timing    : /projects/lyang28/rmengle/execution_times/paired/basicmath_small_outputs/leader-loop-unswitch/exec_basicmath_small_simple-loop-unswitch_gvn.txt FOUND
[2026-05-15 15:34:14]     Found 1000 run files
[2026-05-15 15:34:16]     Progress 100/1000 files ( 10.0%) | masked=32, sdc=68, crash/hang=0 | 51.18 files/sec
[2026-05-15 15:34:18]     Progress 200/1000 files ( 20.0%) | masked=70, sdc=130, crash/hang=0 | 51.99 files/sec
[2026-05-15 15:34:20]     Progress 300/1000 files ( 30.0%) | masked=104, sdc=196, crash/hang=0 | 52.44 files/sec
[2026-05-15 15:34:22]     Progress 400/1000 files ( 40.0%) | masked=148, sdc=252, crash/hang=0 | 52.55 files/sec
[2026-05-15 15:34:24]     Progress 500/1000 files ( 50.0%) | masked=186, sdc=313, crash/hang=1 | 52.50 files/sec
[2026-05-15 15:34:26]     Progress 600/1000 files ( 60.0%) | masked=220, sdc=379, crash/hang=1 | 52.44 files/sec
[2026-05-15 15:34:28]     Progress 700/1000 files ( 70.0%) | masked=254, sdc=445, crash/hang=1 | 52.37 files/sec
[2026-05-15 15:34:30]     Progress 800/1000 files ( 80.0%) | masked=281, sdc=518, crash/hang=1 | 52.59 files/sec
[2026-05-15 15:34:32]     Progress 900/1000 files ( 90.0%) | masked=316, sdc=583, crash/hang=1 | 52.55 files/sec
[2026-05-15 15:34:33]     Progress 1000/1000 files (100.0%) | masked=347, sdc=652, crash/hang=1 | 52.43 files/sec
[2026-05-15 15:34:34]     Done folder: total=1000, masked=347, sdc=652, crash/hang=1
[2026-05-15 15:34:34]     CSV row written for leader-loop-unswitch/exec_basicmath_small_simple-loop-unswitch_gvn | masked_rate=0.347000, sdc_rate=0.652000, crash_rate=0.001000
[2026-05-15 15:34:34] ================================================================================
[2026-05-15 15:34:34] [  91/109 |  83.5%] Processing leader-loop-unswitch/exec_basicmath_small_simple-loop-unswitch_inline
[2026-05-15 15:34:34]     FI folder : /projects/lyang28/rmengle/program_outputs/paired/basicmath_small_outputs/leader-loop-unswitch/exec_basicmath_small_simple-loop-unswitch_inline
[2026-05-15 15:34:34]     Timing    : /projects/lyang28/rmengle/execution_times/paired/basicmath_small_outputs/leader-loop-unswitch/exec_basicmath_small_simple-loop-unswitch_inline.txt FOUND
[2026-05-15 15:34:34]     Found 1000 run files
[2026-05-15 15:34:36]     Progress 100/1000 files ( 10.0%) | masked=46, sdc=54, crash/hang=0 | 52.69 files/sec
[2026-05-15 15:34:38]     Progress 200/1000 files ( 20.0%) | masked=85, sdc=115, crash/hang=0 | 53.84 files/sec
[2026-05-15 15:34:39]     Progress 300/1000 files ( 30.0%) | masked=119, sdc=181, crash/hang=0 | 53.98 files/sec
[2026-05-15 15:34:41]     Progress 400/1000 files ( 40.0%) | masked=157, sdc=243, crash/hang=0 | 53.68 files/sec
[2026-05-15 15:34:43]     Progress 500/1000 files ( 50.0%) | masked=192, sdc=308, crash/hang=0 | 53.23 files/sec
[2026-05-15 15:34:45]     Progress 600/1000 files ( 60.0%) | masked=224, sdc=375, crash/hang=1 | 53.16 files/sec
[2026-05-15 15:34:47]     Progress 700/1000 files ( 70.0%) | masked=259, sdc=440, crash/hang=1 | 52.79 files/sec
[2026-05-15 15:34:49]     Progress 800/1000 files ( 80.0%) | masked=303, sdc=496, crash/hang=1 | 52.42 files/sec
[2026-05-15 15:34:51]     Progress 900/1000 files ( 90.0%) | masked=333, sdc=566, crash/hang=1 | 52.15 files/sec
[2026-05-15 15:34:53]     Progress 1000/1000 files (100.0%) | masked=368, sdc=631, crash/hang=1 | 52.10 files/sec
[2026-05-15 15:34:53]     Done folder: total=1000, masked=368, sdc=631, crash/hang=1
[2026-05-15 15:34:53]     CSV row written for leader-loop-unswitch/exec_basicmath_small_simple-loop-unswitch_inline | masked_rate=0.368000, sdc_rate=0.631000, crash_rate=0.001000
[2026-05-15 15:34:53] ================================================================================
[2026-05-15 15:34:53] [  92/109 |  84.4%] Processing leader-loop-unswitch/exec_basicmath_small_simple-loop-unswitch_instcombine
[2026-05-15 15:34:53]     FI folder : /projects/lyang28/rmengle/program_outputs/paired/basicmath_small_outputs/leader-loop-unswitch/exec_basicmath_small_simple-loop-unswitch_instcombine
[2026-05-15 15:34:53]     Timing    : /projects/lyang28/rmengle/execution_times/paired/basicmath_small_outputs/leader-loop-unswitch/exec_basicmath_small_simple-loop-unswitch_instcombine.txt FOUND
[2026-05-15 15:34:53]     Found 1000 run files
[2026-05-15 15:34:55]     Progress 100/1000 files ( 10.0%) | masked=42, sdc=58, crash/hang=0 | 52.49 files/sec
[2026-05-15 15:34:57]     Progress 200/1000 files ( 20.0%) | masked=77, sdc=123, crash/hang=0 | 53.43 files/sec
[2026-05-15 15:34:59]     Progress 300/1000 files ( 30.0%) | masked=118, sdc=182, crash/hang=0 | 52.90 files/sec
[2026-05-15 15:35:01]     Progress 400/1000 files ( 40.0%) | masked=153, sdc=247, crash/hang=0 | 52.71 files/sec
[2026-05-15 15:35:03]     Progress 500/1000 files ( 50.0%) | masked=184, sdc=316, crash/hang=0 | 52.37 files/sec
[2026-05-15 15:35:05]     Progress 600/1000 files ( 60.0%) | masked=212, sdc=388, crash/hang=0 | 52.28 files/sec
[2026-05-15 15:35:07]     Progress 700/1000 files ( 70.0%) | masked=255, sdc=445, crash/hang=0 | 52.22 files/sec
[2026-05-15 15:35:09]     Progress 800/1000 files ( 80.0%) | masked=294, sdc=506, crash/hang=0 | 52.30 files/sec
[2026-05-15 15:35:11]     Progress 900/1000 files ( 90.0%) | masked=330, sdc=570, crash/hang=0 | 52.24 files/sec
[2026-05-15 15:35:13]     Progress 1000/1000 files (100.0%) | masked=367, sdc=633, crash/hang=0 | 52.17 files/sec
[2026-05-15 15:35:13]     Done folder: total=1000, masked=367, sdc=633, crash/hang=0
[2026-05-15 15:35:13]     CSV row written for leader-loop-unswitch/exec_basicmath_small_simple-loop-unswitch_instcombine | masked_rate=0.367000, sdc_rate=0.633000, crash_rate=0.000000
[2026-05-15 15:35:13] ================================================================================
[2026-05-15 15:35:13] [  93/109 |  85.3%] Processing leader-loop-unswitch/exec_basicmath_small_simple-loop-unswitch_ipsccp
[2026-05-15 15:35:13]     FI folder : /projects/lyang28/rmengle/program_outputs/paired/basicmath_small_outputs/leader-loop-unswitch/exec_basicmath_small_simple-loop-unswitch_ipsccp
[2026-05-15 15:35:13]     Timing    : /projects/lyang28/rmengle/execution_times/paired/basicmath_small_outputs/leader-loop-unswitch/exec_basicmath_small_simple-loop-unswitch_ipsccp.txt FOUND
[2026-05-15 15:35:13]     Found 1000 run files
[2026-05-15 15:35:15]     Progress 100/1000 files ( 10.0%) | masked=31, sdc=69, crash/hang=0 | 53.23 files/sec
[2026-05-15 15:35:17]     Progress 200/1000 files ( 20.0%) | masked=64, sdc=136, crash/hang=0 | 52.68 files/sec
[2026-05-15 15:35:19]     Progress 300/1000 files ( 30.0%) | masked=90, sdc=210, crash/hang=0 | 52.86 files/sec
[2026-05-15 15:35:21]     Progress 400/1000 files ( 40.0%) | masked=128, sdc=272, crash/hang=0 | 52.64 files/sec
[2026-05-15 15:35:22]     Progress 500/1000 files ( 50.0%) | masked=165, sdc=335, crash/hang=0 | 52.43 files/sec
[2026-05-15 15:35:24]     Progress 600/1000 files ( 60.0%) | masked=196, sdc=403, crash/hang=1 | 52.39 files/sec
[2026-05-15 15:35:26]     Progress 700/1000 files ( 70.0%) | masked=231, sdc=468, crash/hang=1 | 51.97 files/sec
[2026-05-15 15:35:28]     Progress 800/1000 files ( 80.0%) | masked=264, sdc=535, crash/hang=1 | 51.86 files/sec
[2026-05-15 15:35:30]     Progress 900/1000 files ( 90.0%) | masked=297, sdc=602, crash/hang=1 | 51.78 files/sec
[2026-05-15 15:35:32]     Progress 1000/1000 files (100.0%) | masked=332, sdc=667, crash/hang=1 | 51.88 files/sec
[2026-05-15 15:35:32]     Done folder: total=1000, masked=332, sdc=667, crash/hang=1
[2026-05-15 15:35:32]     CSV row written for leader-loop-unswitch/exec_basicmath_small_simple-loop-unswitch_ipsccp | masked_rate=0.332000, sdc_rate=0.667000, crash_rate=0.001000
[2026-05-15 15:35:32] ================================================================================
[2026-05-15 15:35:32] [  94/109 |  86.2%] Processing leader-loop-unswitch/exec_basicmath_small_simple-loop-unswitch_licm
[2026-05-15 15:35:32]     FI folder : /projects/lyang28/rmengle/program_outputs/paired/basicmath_small_outputs/leader-loop-unswitch/exec_basicmath_small_simple-loop-unswitch_licm
[2026-05-15 15:35:32]     Timing    : /projects/lyang28/rmengle/execution_times/paired/basicmath_small_outputs/leader-loop-unswitch/exec_basicmath_small_simple-loop-unswitch_licm.txt FOUND
[2026-05-15 15:35:33]     Found 1000 run files
[2026-05-15 15:35:34]     Progress 100/1000 files ( 10.0%) | masked=35, sdc=65, crash/hang=0 | 53.62 files/sec
[2026-05-15 15:35:36]     Progress 200/1000 files ( 20.0%) | masked=79, sdc=121, crash/hang=0 | 52.61 files/sec
[2026-05-15 15:35:38]     Progress 300/1000 files ( 30.0%) | masked=113, sdc=187, crash/hang=0 | 52.92 files/sec
[2026-05-15 15:35:40]     Progress 400/1000 files ( 40.0%) | masked=151, sdc=249, crash/hang=0 | 52.70 files/sec
[2026-05-15 15:35:42]     Progress 500/1000 files ( 50.0%) | masked=197, sdc=303, crash/hang=0 | 52.74 files/sec
[2026-05-15 15:35:44]     Progress 600/1000 files ( 60.0%) | masked=231, sdc=369, crash/hang=0 | 52.57 files/sec
[2026-05-15 15:35:46]     Progress 700/1000 files ( 70.0%) | masked=268, sdc=432, crash/hang=0 | 52.56 files/sec
[2026-05-15 15:35:48]     Progress 800/1000 files ( 80.0%) | masked=310, sdc=490, crash/hang=0 | 52.38 files/sec
[2026-05-15 15:35:50]     Progress 900/1000 files ( 90.0%) | masked=347, sdc=553, crash/hang=0 | 52.29 files/sec
[2026-05-15 15:35:52]     Progress 1000/1000 files (100.0%) | masked=380, sdc=620, crash/hang=0 | 52.34 files/sec
[2026-05-15 15:35:52]     Done folder: total=1000, masked=380, sdc=620, crash/hang=0
[2026-05-15 15:35:52]     CSV row written for leader-loop-unswitch/exec_basicmath_small_simple-loop-unswitch_licm | masked_rate=0.380000, sdc_rate=0.620000, crash_rate=0.000000
[2026-05-15 15:35:52] ================================================================================
[2026-05-15 15:35:52] [  95/109 |  87.2%] Processing leader-loop-unswitch/exec_basicmath_small_simple-loop-unswitch_loop-reduce
[2026-05-15 15:35:52]     FI folder : /projects/lyang28/rmengle/program_outputs/paired/basicmath_small_outputs/leader-loop-unswitch/exec_basicmath_small_simple-loop-unswitch_loop-reduce
[2026-05-15 15:35:52]     Timing    : /projects/lyang28/rmengle/execution_times/paired/basicmath_small_outputs/leader-loop-unswitch/exec_basicmath_small_simple-loop-unswitch_loop-reduce.txt FOUND
[2026-05-15 15:35:52]     Found 1000 run files
[2026-05-15 15:35:54]     Progress 100/1000 files ( 10.0%) | masked=30, sdc=70, crash/hang=0 | 50.09 files/sec
[2026-05-15 15:35:57]     Progress 200/1000 files ( 20.0%) | masked=68, sdc=132, crash/hang=0 | 39.55 files/sec
[2026-05-15 15:35:59]     Progress 300/1000 files ( 30.0%) | masked=103, sdc=197, crash/hang=0 | 42.81 files/sec
[2026-05-15 15:36:01]     Progress 400/1000 files ( 40.0%) | masked=143, sdc=257, crash/hang=0 | 44.75 files/sec
[2026-05-15 15:36:03]     Progress 500/1000 files ( 50.0%) | masked=167, sdc=333, crash/hang=0 | 46.14 files/sec
[2026-05-15 15:36:05]     Progress 600/1000 files ( 60.0%) | masked=201, sdc=399, crash/hang=0 | 47.02 files/sec
[2026-05-15 15:36:07]     Progress 700/1000 files ( 70.0%) | masked=219, sdc=481, crash/hang=0 | 47.70 files/sec
[2026-05-15 15:36:09]     Progress 800/1000 files ( 80.0%) | masked=251, sdc=549, crash/hang=0 | 48.15 files/sec
[2026-05-15 15:36:11]     Progress 900/1000 files ( 90.0%) | masked=281, sdc=619, crash/hang=0 | 48.72 files/sec
[2026-05-15 15:36:13]     Progress 1000/1000 files (100.0%) | masked=315, sdc=685, crash/hang=0 | 48.93 files/sec
[2026-05-15 15:36:13]     Done folder: total=1000, masked=315, sdc=685, crash/hang=0
[2026-05-15 15:36:13]     CSV row written for leader-loop-unswitch/exec_basicmath_small_simple-loop-unswitch_loop-reduce | masked_rate=0.315000, sdc_rate=0.685000, crash_rate=0.000000
[2026-05-15 15:36:13] ================================================================================
[2026-05-15 15:36:13] [  96/109 |  88.1%] Processing leader-loop-unswitch/exec_basicmath_small_simple-loop-unswitch_loop-unroll
[2026-05-15 15:36:13]     FI folder : /projects/lyang28/rmengle/program_outputs/paired/basicmath_small_outputs/leader-loop-unswitch/exec_basicmath_small_simple-loop-unswitch_loop-unroll
[2026-05-15 15:36:13]     Timing    : /projects/lyang28/rmengle/execution_times/paired/basicmath_small_outputs/leader-loop-unswitch/exec_basicmath_small_simple-loop-unswitch_loop-unroll.txt FOUND
[2026-05-15 15:36:13]     Found 1000 run files
[2026-05-15 15:36:15]     Progress 100/1000 files ( 10.0%) | masked=33, sdc=67, crash/hang=0 | 53.96 files/sec
[2026-05-15 15:36:17]     Progress 200/1000 files ( 20.0%) | masked=69, sdc=131, crash/hang=0 | 53.23 files/sec
[2026-05-15 15:36:19]     Progress 300/1000 files ( 30.0%) | masked=96, sdc=204, crash/hang=0 | 52.13 files/sec
[2026-05-15 15:36:21]     Progress 400/1000 files ( 40.0%) | masked=125, sdc=275, crash/hang=0 | 51.83 files/sec
[2026-05-15 15:36:23]     Progress 500/1000 files ( 50.0%) | masked=164, sdc=336, crash/hang=0 | 52.01 files/sec
[2026-05-15 15:36:25]     Progress 600/1000 files ( 60.0%) | masked=198, sdc=402, crash/hang=0 | 51.88 files/sec
[2026-05-15 15:36:27]     Progress 700/1000 files ( 70.0%) | masked=228, sdc=471, crash/hang=1 | 51.78 files/sec
[2026-05-15 15:36:29]     Progress 800/1000 files ( 80.0%) | masked=260, sdc=539, crash/hang=1 | 51.62 files/sec
[2026-05-15 15:36:31]     Progress 900/1000 files ( 90.0%) | masked=290, sdc=609, crash/hang=1 | 51.74 files/sec
[2026-05-15 15:36:32]     Progress 1000/1000 files (100.0%) | masked=328, sdc=670, crash/hang=2 | 51.87 files/sec
[2026-05-15 15:36:32]     Done folder: total=1000, masked=328, sdc=670, crash/hang=2
[2026-05-15 15:36:32]     CSV row written for leader-loop-unswitch/exec_basicmath_small_simple-loop-unswitch_loop-unroll | masked_rate=0.328000, sdc_rate=0.670000, crash_rate=0.002000
[2026-05-15 15:36:32] ================================================================================
[2026-05-15 15:36:32] [  97/109 |  89.0%] Processing leader-loop-unswitch/exec_basicmath_small_simple-loop-unswitch_sccp
[2026-05-15 15:36:32]     FI folder : /projects/lyang28/rmengle/program_outputs/paired/basicmath_small_outputs/leader-loop-unswitch/exec_basicmath_small_simple-loop-unswitch_sccp
[2026-05-15 15:36:32]     Timing    : /projects/lyang28/rmengle/execution_times/paired/basicmath_small_outputs/leader-loop-unswitch/exec_basicmath_small_simple-loop-unswitch_sccp.txt FOUND
[2026-05-15 15:36:33]     Found 1000 run files
[2026-05-15 15:36:35]     Progress 100/1000 files ( 10.0%) | masked=29, sdc=71, crash/hang=0 | 53.64 files/sec
[2026-05-15 15:36:36]     Progress 200/1000 files ( 20.0%) | masked=70, sdc=130, crash/hang=0 | 53.56 files/sec
[2026-05-15 15:36:38]     Progress 300/1000 files ( 30.0%) | masked=101, sdc=199, crash/hang=0 | 53.67 files/sec
[2026-05-15 15:36:40]     Progress 400/1000 files ( 40.0%) | masked=133, sdc=267, crash/hang=0 | 53.26 files/sec
[2026-05-15 15:36:42]     Progress 500/1000 files ( 50.0%) | masked=172, sdc=328, crash/hang=0 | 52.72 files/sec
[2026-05-15 15:36:44]     Progress 600/1000 files ( 60.0%) | masked=209, sdc=391, crash/hang=0 | 52.58 files/sec
[2026-05-15 15:36:46]     Progress 700/1000 files ( 70.0%) | masked=239, sdc=461, crash/hang=0 | 52.50 files/sec
[2026-05-15 15:36:48]     Progress 800/1000 files ( 80.0%) | masked=269, sdc=531, crash/hang=0 | 52.53 files/sec
[2026-05-15 15:36:50]     Progress 900/1000 files ( 90.0%) | masked=298, sdc=602, crash/hang=0 | 52.52 files/sec
[2026-05-15 15:36:52]     Progress 1000/1000 files (100.0%) | masked=325, sdc=675, crash/hang=0 | 52.40 files/sec
[2026-05-15 15:36:52]     Done folder: total=1000, masked=325, sdc=675, crash/hang=0
[2026-05-15 15:36:52]     CSV row written for leader-loop-unswitch/exec_basicmath_small_simple-loop-unswitch_sccp | masked_rate=0.325000, sdc_rate=0.675000, crash_rate=0.000000
[2026-05-15 15:36:52] ================================================================================
[2026-05-15 15:36:52] [  98/109 |  89.9%] Processing leader-loop-unswitch/exec_basicmath_small_simple-loop-unswitch_simple-loop-unswitch
[2026-05-15 15:36:52]     FI folder : /projects/lyang28/rmengle/program_outputs/paired/basicmath_small_outputs/leader-loop-unswitch/exec_basicmath_small_simple-loop-unswitch_simple-loop-unswitch
[2026-05-15 15:36:52]     Timing    : /projects/lyang28/rmengle/execution_times/paired/basicmath_small_outputs/leader-loop-unswitch/exec_basicmath_small_simple-loop-unswitch_simple-loop-unswitch.txt FOUND
[2026-05-15 15:36:52]     Found 1000 run files
[2026-05-15 15:36:54]     Progress 100/1000 files ( 10.0%) | masked=36, sdc=64, crash/hang=0 | 52.33 files/sec
[2026-05-15 15:36:56]     Progress 200/1000 files ( 20.0%) | masked=74, sdc=126, crash/hang=0 | 52.17 files/sec
[2026-05-15 15:36:58]     Progress 300/1000 files ( 30.0%) | masked=106, sdc=194, crash/hang=0 | 52.71 files/sec
[2026-05-15 15:37:00]     Progress 400/1000 files ( 40.0%) | masked=136, sdc=264, crash/hang=0 | 52.50 files/sec
[2026-05-15 15:37:02]     Progress 500/1000 files ( 50.0%) | masked=165, sdc=335, crash/hang=0 | 52.42 files/sec
[2026-05-15 15:37:04]     Progress 600/1000 files ( 60.0%) | masked=202, sdc=398, crash/hang=0 | 52.59 files/sec
[2026-05-15 15:37:06]     Progress 700/1000 files ( 70.0%) | masked=230, sdc=470, crash/hang=0 | 52.48 files/sec
[2026-05-15 15:37:07]     Progress 800/1000 files ( 80.0%) | masked=265, sdc=535, crash/hang=0 | 52.39 files/sec
[2026-05-15 15:37:09]     Progress 900/1000 files ( 90.0%) | masked=303, sdc=597, crash/hang=0 | 52.36 files/sec
[2026-05-15 15:37:11]     Progress 1000/1000 files (100.0%) | masked=341, sdc=659, crash/hang=0 | 52.49 files/sec
[2026-05-15 15:37:11]     Done folder: total=1000, masked=341, sdc=659, crash/hang=0
[2026-05-15 15:37:11]     CSV row written for leader-loop-unswitch/exec_basicmath_small_simple-loop-unswitch_simple-loop-unswitch | masked_rate=0.341000, sdc_rate=0.659000, crash_rate=0.000000
[2026-05-15 15:37:11] ================================================================================
[2026-05-15 15:37:11] [  99/109 |  90.8%] Processing leader-sccp/exec_basicmath_small_sccp
[2026-05-15 15:37:11]     FI folder : /projects/lyang28/rmengle/program_outputs/paired/basicmath_small_outputs/leader-sccp/exec_basicmath_small_sccp
[2026-05-15 15:37:11]     Timing    : /projects/lyang28/rmengle/execution_times/paired/basicmath_small_outputs/leader-sccp/exec_basicmath_small_sccp.txt FOUND
[2026-05-15 15:37:12]     Found 1000 run files
[2026-05-15 15:37:14]     Progress 100/1000 files ( 10.0%) | masked=31, sdc=69, crash/hang=0 | 52.36 files/sec
[2026-05-15 15:37:15]     Progress 200/1000 files ( 20.0%) | masked=62, sdc=137, crash/hang=1 | 52.79 files/sec
[2026-05-15 15:37:17]     Progress 300/1000 files ( 30.0%) | masked=87, sdc=212, crash/hang=1 | 52.58 files/sec
[2026-05-15 15:37:19]     Progress 400/1000 files ( 40.0%) | masked=117, sdc=282, crash/hang=1 | 52.28 files/sec
[2026-05-15 15:37:21]     Progress 500/1000 files ( 50.0%) | masked=151, sdc=348, crash/hang=1 | 52.55 files/sec
[2026-05-15 15:37:23]     Progress 600/1000 files ( 60.0%) | masked=185, sdc=414, crash/hang=1 | 52.63 files/sec
[2026-05-15 15:37:25]     Progress 700/1000 files ( 70.0%) | masked=224, sdc=475, crash/hang=1 | 52.66 files/sec
[2026-05-15 15:37:27]     Progress 800/1000 files ( 80.0%) | masked=261, sdc=537, crash/hang=2 | 52.72 files/sec
[2026-05-15 15:37:29]     Progress 900/1000 files ( 90.0%) | masked=298, sdc=600, crash/hang=2 | 52.66 files/sec
[2026-05-15 15:37:31]     Progress 1000/1000 files (100.0%) | masked=335, sdc=663, crash/hang=2 | 52.51 files/sec
[2026-05-15 15:37:31]     Done folder: total=1000, masked=335, sdc=663, crash/hang=2
[2026-05-15 15:37:31]     CSV row written for leader-sccp/exec_basicmath_small_sccp | masked_rate=0.335000, sdc_rate=0.663000, crash_rate=0.002000
[2026-05-15 15:37:31] ================================================================================
[2026-05-15 15:37:31] [ 100/109 |  91.7%] Processing leader-sccp/exec_basicmath_small_sccp_early-cse
[2026-05-15 15:37:31]     FI folder : /projects/lyang28/rmengle/program_outputs/paired/basicmath_small_outputs/leader-sccp/exec_basicmath_small_sccp_early-cse
[2026-05-15 15:37:31]     Timing    : /projects/lyang28/rmengle/execution_times/paired/basicmath_small_outputs/leader-sccp/exec_basicmath_small_sccp_early-cse.txt FOUND
[2026-05-15 15:37:31]     Found 1000 run files
[2026-05-15 15:37:33]     Progress 100/1000 files ( 10.0%) | masked=37, sdc=62, crash/hang=1 | 53.87 files/sec
[2026-05-15 15:37:35]     Progress 200/1000 files ( 20.0%) | masked=73, sdc=126, crash/hang=1 | 53.46 files/sec
[2026-05-15 15:37:37]     Progress 300/1000 files ( 30.0%) | masked=108, sdc=191, crash/hang=1 | 53.93 files/sec
[2026-05-15 15:37:38]     Progress 400/1000 files ( 40.0%) | masked=142, sdc=257, crash/hang=1 | 54.03 files/sec
[2026-05-15 15:37:40]     Progress 500/1000 files ( 50.0%) | masked=178, sdc=321, crash/hang=1 | 53.92 files/sec
[2026-05-15 15:37:42]     Progress 600/1000 files ( 60.0%) | masked=208, sdc=391, crash/hang=1 | 54.02 files/sec
[2026-05-15 15:37:44]     Progress 700/1000 files ( 70.0%) | masked=242, sdc=457, crash/hang=1 | 53.75 files/sec
[2026-05-15 15:37:46]     Progress 800/1000 files ( 80.0%) | masked=279, sdc=520, crash/hang=1 | 53.40 files/sec
[2026-05-15 15:37:48]     Progress 900/1000 files ( 90.0%) | masked=310, sdc=589, crash/hang=1 | 53.35 files/sec
[2026-05-15 15:37:50]     Progress 1000/1000 files (100.0%) | masked=345, sdc=653, crash/hang=2 | 53.47 files/sec
[2026-05-15 15:37:50]     Done folder: total=1000, masked=345, sdc=653, crash/hang=2
[2026-05-15 15:37:50]     CSV row written for leader-sccp/exec_basicmath_small_sccp_early-cse | masked_rate=0.345000, sdc_rate=0.653000, crash_rate=0.002000
[2026-05-15 15:37:50] ================================================================================
[2026-05-15 15:37:50] [ 101/109 |  92.7%] Processing leader-sccp/exec_basicmath_small_sccp_gvn
[2026-05-15 15:37:50]     FI folder : /projects/lyang28/rmengle/program_outputs/paired/basicmath_small_outputs/leader-sccp/exec_basicmath_small_sccp_gvn
[2026-05-15 15:37:50]     Timing    : /projects/lyang28/rmengle/execution_times/paired/basicmath_small_outputs/leader-sccp/exec_basicmath_small_sccp_gvn.txt FOUND
[2026-05-15 15:37:50]     Found 1000 run files
[2026-05-15 15:37:52]     Progress 100/1000 files ( 10.0%) | masked=38, sdc=62, crash/hang=0 | 52.26 files/sec
[2026-05-15 15:37:54]     Progress 200/1000 files ( 20.0%) | masked=75, sdc=125, crash/hang=0 | 52.23 files/sec
[2026-05-15 15:37:56]     Progress 300/1000 files ( 30.0%) | masked=116, sdc=184, crash/hang=0 | 52.51 files/sec
[2026-05-15 15:37:58]     Progress 400/1000 files ( 40.0%) | masked=156, sdc=244, crash/hang=0 | 52.87 files/sec
[2026-05-15 15:38:00]     Progress 500/1000 files ( 50.0%) | masked=198, sdc=302, crash/hang=0 | 48.51 files/sec
[2026-05-15 15:38:02]     Progress 600/1000 files ( 60.0%) | masked=239, sdc=361, crash/hang=0 | 49.13 files/sec
[2026-05-15 15:38:04]     Progress 700/1000 files ( 70.0%) | masked=277, sdc=423, crash/hang=0 | 49.68 files/sec
[2026-05-15 15:38:06]     Progress 800/1000 files ( 80.0%) | masked=315, sdc=485, crash/hang=0 | 50.14 files/sec
[2026-05-15 15:38:08]     Progress 900/1000 files ( 90.0%) | masked=358, sdc=542, crash/hang=0 | 50.39 files/sec
[2026-05-15 15:38:10]     Progress 1000/1000 files (100.0%) | masked=395, sdc=605, crash/hang=0 | 50.64 files/sec
[2026-05-15 15:38:10]     Done folder: total=1000, masked=395, sdc=605, crash/hang=0
[2026-05-15 15:38:10]     CSV row written for leader-sccp/exec_basicmath_small_sccp_gvn | masked_rate=0.395000, sdc_rate=0.605000, crash_rate=0.000000
[2026-05-15 15:38:10] ================================================================================
[2026-05-15 15:38:10] [ 102/109 |  93.6%] Processing leader-sccp/exec_basicmath_small_sccp_inline
[2026-05-15 15:38:10]     FI folder : /projects/lyang28/rmengle/program_outputs/paired/basicmath_small_outputs/leader-sccp/exec_basicmath_small_sccp_inline
[2026-05-15 15:38:10]     Timing    : /projects/lyang28/rmengle/execution_times/paired/basicmath_small_outputs/leader-sccp/exec_basicmath_small_sccp_inline.txt FOUND
[2026-05-15 15:38:10]     Found 1000 run files
[2026-05-15 15:38:12]     Progress 100/1000 files ( 10.0%) | masked=33, sdc=67, crash/hang=0 | 53.91 files/sec
[2026-05-15 15:38:14]     Progress 200/1000 files ( 20.0%) | masked=72, sdc=128, crash/hang=0 | 52.71 files/sec
[2026-05-15 15:38:16]     Progress 300/1000 files ( 30.0%) | masked=107, sdc=193, crash/hang=0 | 52.55 files/sec
[2026-05-15 15:38:32]     Progress 400/1000 files ( 40.0%) | masked=144, sdc=256, crash/hang=0 | 18.19 files/sec
[2026-05-15 15:38:34]     Progress 500/1000 files ( 50.0%) | masked=174, sdc=326, crash/hang=0 | 20.95 files/sec
[2026-05-15 15:38:36]     Progress 600/1000 files ( 60.0%) | masked=208, sdc=392, crash/hang=0 | 23.28 files/sec
[2026-05-15 15:38:38]     Progress 700/1000 files ( 70.0%) | masked=241, sdc=459, crash/hang=0 | 25.28 files/sec
[2026-05-15 15:38:40]     Progress 800/1000 files ( 80.0%) | masked=278, sdc=522, crash/hang=0 | 27.05 files/sec
[2026-05-15 15:38:42]     Progress 900/1000 files ( 90.0%) | masked=325, sdc=575, crash/hang=0 | 28.61 files/sec
[2026-05-15 15:38:43]     Progress 1000/1000 files (100.0%) | masked=351, sdc=649, crash/hang=0 | 29.98 files/sec
[2026-05-15 15:38:43]     Done folder: total=1000, masked=351, sdc=649, crash/hang=0
[2026-05-15 15:38:43]     CSV row written for leader-sccp/exec_basicmath_small_sccp_inline | masked_rate=0.351000, sdc_rate=0.649000, crash_rate=0.000000
[2026-05-15 15:38:43] ================================================================================
[2026-05-15 15:38:43] [ 103/109 |  94.5%] Processing leader-sccp/exec_basicmath_small_sccp_instcombine
[2026-05-15 15:38:43]     FI folder : /projects/lyang28/rmengle/program_outputs/paired/basicmath_small_outputs/leader-sccp/exec_basicmath_small_sccp_instcombine
[2026-05-15 15:38:43]     Timing    : /projects/lyang28/rmengle/execution_times/paired/basicmath_small_outputs/leader-sccp/exec_basicmath_small_sccp_instcombine.txt FOUND
[2026-05-15 15:38:44]     Found 1000 run files
[2026-05-15 15:38:46]     Progress 100/1000 files ( 10.0%) | masked=43, sdc=57, crash/hang=0 | 53.57 files/sec
[2026-05-15 15:38:48]     Progress 200/1000 files ( 20.0%) | masked=72, sdc=128, crash/hang=0 | 53.84 files/sec
[2026-05-15 15:38:49]     Progress 300/1000 files ( 30.0%) | masked=101, sdc=199, crash/hang=0 | 53.47 files/sec
[2026-05-15 15:38:51]     Progress 400/1000 files ( 40.0%) | masked=145, sdc=255, crash/hang=0 | 53.13 files/sec
[2026-05-15 15:38:53]     Progress 500/1000 files ( 50.0%) | masked=182, sdc=318, crash/hang=0 | 53.11 files/sec
[2026-05-15 15:38:55]     Progress 600/1000 files ( 60.0%) | masked=222, sdc=378, crash/hang=0 | 53.48 files/sec
[2026-05-15 15:38:57]     Progress 700/1000 files ( 70.0%) | masked=257, sdc=442, crash/hang=1 | 53.46 files/sec
[2026-05-15 15:38:59]     Progress 800/1000 files ( 80.0%) | masked=294, sdc=505, crash/hang=1 | 53.66 files/sec
[2026-05-15 15:39:01]     Progress 900/1000 files ( 90.0%) | masked=328, sdc=571, crash/hang=1 | 53.44 files/sec
[2026-05-15 15:39:03]     Progress 1000/1000 files (100.0%) | masked=367, sdc=632, crash/hang=1 | 53.40 files/sec
[2026-05-15 15:39:03]     Done folder: total=1000, masked=367, sdc=632, crash/hang=1
[2026-05-15 15:39:03]     CSV row written for leader-sccp/exec_basicmath_small_sccp_instcombine | masked_rate=0.367000, sdc_rate=0.632000, crash_rate=0.001000
[2026-05-15 15:39:03] ================================================================================
[2026-05-15 15:39:03] [ 104/109 |  95.4%] Processing leader-sccp/exec_basicmath_small_sccp_ipsccp
[2026-05-15 15:39:03]     FI folder : /projects/lyang28/rmengle/program_outputs/paired/basicmath_small_outputs/leader-sccp/exec_basicmath_small_sccp_ipsccp
[2026-05-15 15:39:03]     Timing    : /projects/lyang28/rmengle/execution_times/paired/basicmath_small_outputs/leader-sccp/exec_basicmath_small_sccp_ipsccp.txt FOUND
[2026-05-15 15:39:03]     Found 1000 run files
[2026-05-15 15:39:05]     Progress 100/1000 files ( 10.0%) | masked=40, sdc=60, crash/hang=0 | 53.17 files/sec
[2026-05-15 15:39:07]     Progress 200/1000 files ( 20.0%) | masked=75, sdc=125, crash/hang=0 | 53.18 files/sec
[2026-05-15 15:39:09]     Progress 300/1000 files ( 30.0%) | masked=115, sdc=185, crash/hang=0 | 53.16 files/sec
[2026-05-15 15:39:10]     Progress 400/1000 files ( 40.0%) | masked=154, sdc=246, crash/hang=0 | 52.83 files/sec
[2026-05-15 15:39:12]     Progress 500/1000 files ( 50.0%) | masked=191, sdc=309, crash/hang=0 | 52.65 files/sec
[2026-05-15 15:39:14]     Progress 600/1000 files ( 60.0%) | masked=227, sdc=373, crash/hang=0 | 52.93 files/sec
[2026-05-15 15:39:16]     Progress 700/1000 files ( 70.0%) | masked=257, sdc=443, crash/hang=0 | 52.90 files/sec
[2026-05-15 15:39:18]     Progress 800/1000 files ( 80.0%) | masked=295, sdc=505, crash/hang=0 | 52.83 files/sec
[2026-05-15 15:39:20]     Progress 900/1000 files ( 90.0%) | masked=324, sdc=576, crash/hang=0 | 52.61 files/sec
[2026-05-15 15:39:22]     Progress 1000/1000 files (100.0%) | masked=362, sdc=638, crash/hang=0 | 52.50 files/sec
[2026-05-15 15:39:22]     Done folder: total=1000, masked=362, sdc=638, crash/hang=0
[2026-05-15 15:39:22]     CSV row written for leader-sccp/exec_basicmath_small_sccp_ipsccp | masked_rate=0.362000, sdc_rate=0.638000, crash_rate=0.000000
[2026-05-15 15:39:22] ================================================================================
[2026-05-15 15:39:22] [ 105/109 |  96.3%] Processing leader-sccp/exec_basicmath_small_sccp_licm
[2026-05-15 15:39:22]     FI folder : /projects/lyang28/rmengle/program_outputs/paired/basicmath_small_outputs/leader-sccp/exec_basicmath_small_sccp_licm
[2026-05-15 15:39:22]     Timing    : /projects/lyang28/rmengle/execution_times/paired/basicmath_small_outputs/leader-sccp/exec_basicmath_small_sccp_licm.txt FOUND
[2026-05-15 15:39:22]     Found 1000 run files
[2026-05-15 15:39:24]     Progress 100/1000 files ( 10.0%) | masked=43, sdc=57, crash/hang=0 | 53.12 files/sec
[2026-05-15 15:39:26]     Progress 200/1000 files ( 20.0%) | masked=86, sdc=114, crash/hang=0 | 53.17 files/sec
[2026-05-15 15:39:28]     Progress 300/1000 files ( 30.0%) | masked=124, sdc=176, crash/hang=0 | 52.73 files/sec
[2026-05-15 15:39:30]     Progress 400/1000 files ( 40.0%) | masked=165, sdc=235, crash/hang=0 | 52.67 files/sec
[2026-05-15 15:39:32]     Progress 500/1000 files ( 50.0%) | masked=212, sdc=288, crash/hang=0 | 52.73 files/sec
[2026-05-15 15:39:34]     Progress 600/1000 files ( 60.0%) | masked=250, sdc=350, crash/hang=0 | 52.58 files/sec
[2026-05-15 15:39:36]     Progress 700/1000 files ( 70.0%) | masked=286, sdc=414, crash/hang=0 | 52.47 files/sec
[2026-05-15 15:39:38]     Progress 800/1000 files ( 80.0%) | masked=324, sdc=476, crash/hang=0 | 52.44 files/sec
[2026-05-15 15:39:39]     Progress 900/1000 files ( 90.0%) | masked=375, sdc=525, crash/hang=0 | 52.32 files/sec
[2026-05-15 15:39:41]     Progress 1000/1000 files (100.0%) | masked=414, sdc=586, crash/hang=0 | 52.31 files/sec
[2026-05-15 15:39:41]     Done folder: total=1000, masked=414, sdc=586, crash/hang=0
[2026-05-15 15:39:41]     CSV row written for leader-sccp/exec_basicmath_small_sccp_licm | masked_rate=0.414000, sdc_rate=0.586000, crash_rate=0.000000
[2026-05-15 15:39:41] ================================================================================
[2026-05-15 15:39:41] [ 106/109 |  97.2%] Processing leader-sccp/exec_basicmath_small_sccp_loop-reduce
[2026-05-15 15:39:41]     FI folder : /projects/lyang28/rmengle/program_outputs/paired/basicmath_small_outputs/leader-sccp/exec_basicmath_small_sccp_loop-reduce
[2026-05-15 15:39:41]     Timing    : /projects/lyang28/rmengle/execution_times/paired/basicmath_small_outputs/leader-sccp/exec_basicmath_small_sccp_loop-reduce.txt FOUND
[2026-05-15 15:39:42]     Found 1000 run files
[2026-05-15 15:39:44]     Progress 100/1000 files ( 10.0%) | masked=39, sdc=61, crash/hang=0 | 53.10 files/sec
[2026-05-15 15:39:45]     Progress 200/1000 files ( 20.0%) | masked=72, sdc=128, crash/hang=0 | 53.78 files/sec
[2026-05-15 15:39:47]     Progress 300/1000 files ( 30.0%) | masked=113, sdc=187, crash/hang=0 | 53.28 files/sec
[2026-05-15 15:39:49]     Progress 400/1000 files ( 40.0%) | masked=144, sdc=256, crash/hang=0 | 53.30 files/sec
[2026-05-15 15:39:51]     Progress 500/1000 files ( 50.0%) | masked=174, sdc=326, crash/hang=0 | 53.12 files/sec
[2026-05-15 15:39:53]     Progress 600/1000 files ( 60.0%) | masked=206, sdc=393, crash/hang=1 | 53.40 files/sec
[2026-05-15 15:39:55]     Progress 700/1000 files ( 70.0%) | masked=245, sdc=454, crash/hang=1 | 53.15 files/sec
[2026-05-15 15:39:57]     Progress 800/1000 files ( 80.0%) | masked=278, sdc=521, crash/hang=1 | 53.07 files/sec
[2026-05-15 15:39:59]     Progress 900/1000 files ( 90.0%) | masked=321, sdc=578, crash/hang=1 | 52.89 files/sec
[2026-05-15 15:40:01]     Progress 1000/1000 files (100.0%) | masked=357, sdc=642, crash/hang=1 | 52.74 files/sec
[2026-05-15 15:40:01]     Done folder: total=1000, masked=357, sdc=642, crash/hang=1
[2026-05-15 15:40:01]     CSV row written for leader-sccp/exec_basicmath_small_sccp_loop-reduce | masked_rate=0.357000, sdc_rate=0.642000, crash_rate=0.001000
[2026-05-15 15:40:01] ================================================================================
[2026-05-15 15:40:01] [ 107/109 |  98.2%] Processing leader-sccp/exec_basicmath_small_sccp_loop-unroll
[2026-05-15 15:40:01]     FI folder : /projects/lyang28/rmengle/program_outputs/paired/basicmath_small_outputs/leader-sccp/exec_basicmath_small_sccp_loop-unroll
[2026-05-15 15:40:01]     Timing    : /projects/lyang28/rmengle/execution_times/paired/basicmath_small_outputs/leader-sccp/exec_basicmath_small_sccp_loop-unroll.txt FOUND
[2026-05-15 15:40:01]     Found 1000 run files
[2026-05-15 15:40:03]     Progress 100/1000 files ( 10.0%) | masked=30, sdc=70, crash/hang=0 | 53.39 files/sec
[2026-05-15 15:40:05]     Progress 200/1000 files ( 20.0%) | masked=60, sdc=140, crash/hang=0 | 53.08 files/sec
[2026-05-15 15:40:07]     Progress 300/1000 files ( 30.0%) | masked=96, sdc=204, crash/hang=0 | 52.36 files/sec
[2026-05-15 15:40:09]     Progress 400/1000 files ( 40.0%) | masked=129, sdc=271, crash/hang=0 | 53.20 files/sec
[2026-05-15 15:40:11]     Progress 500/1000 files ( 50.0%) | masked=160, sdc=340, crash/hang=0 | 52.79 files/sec
[2026-05-15 15:40:12]     Progress 600/1000 files ( 60.0%) | masked=191, sdc=409, crash/hang=0 | 52.98 files/sec
[2026-05-15 15:40:14]     Progress 700/1000 files ( 70.0%) | masked=221, sdc=479, crash/hang=0 | 52.81 files/sec
[2026-05-15 15:40:16]     Progress 800/1000 files ( 80.0%) | masked=258, sdc=542, crash/hang=0 | 52.76 files/sec
[2026-05-15 15:40:18]     Progress 900/1000 files ( 90.0%) | masked=286, sdc=614, crash/hang=0 | 52.79 files/sec
[2026-05-15 15:40:20]     Progress 1000/1000 files (100.0%) | masked=328, sdc=672, crash/hang=0 | 52.88 files/sec
[2026-05-15 15:40:20]     Done folder: total=1000, masked=328, sdc=672, crash/hang=0
[2026-05-15 15:40:20]     CSV row written for leader-sccp/exec_basicmath_small_sccp_loop-unroll | masked_rate=0.328000, sdc_rate=0.672000, crash_rate=0.000000
[2026-05-15 15:40:20] ================================================================================
[2026-05-15 15:40:20] [ 108/109 |  99.1%] Processing leader-sccp/exec_basicmath_small_sccp_sccp
[2026-05-15 15:40:20]     FI folder : /projects/lyang28/rmengle/program_outputs/paired/basicmath_small_outputs/leader-sccp/exec_basicmath_small_sccp_sccp
[2026-05-15 15:40:20]     Timing    : /projects/lyang28/rmengle/execution_times/paired/basicmath_small_outputs/leader-sccp/exec_basicmath_small_sccp_sccp.txt FOUND
[2026-05-15 15:40:20]     Found 1000 run files
[2026-05-15 15:40:22]     Progress 100/1000 files ( 10.0%) | masked=33, sdc=67, crash/hang=0 | 51.61 files/sec
[2026-05-15 15:40:24]     Progress 200/1000 files ( 20.0%) | masked=73, sdc=127, crash/hang=0 | 52.00 files/sec
[2026-05-15 15:40:26]     Progress 300/1000 files ( 30.0%) | masked=105, sdc=195, crash/hang=0 | 51.96 files/sec
[2026-05-15 15:40:28]     Progress 400/1000 files ( 40.0%) | masked=146, sdc=254, crash/hang=0 | 52.02 files/sec
[2026-05-15 15:40:30]     Progress 500/1000 files ( 50.0%) | masked=178, sdc=322, crash/hang=0 | 52.04 files/sec
[2026-05-15 15:40:32]     Progress 600/1000 files ( 60.0%) | masked=206, sdc=394, crash/hang=0 | 51.97 files/sec
[2026-05-15 15:40:34]     Progress 700/1000 files ( 70.0%) | masked=248, sdc=452, crash/hang=0 | 51.98 files/sec
[2026-05-15 15:40:36]     Progress 800/1000 files ( 80.0%) | masked=290, sdc=510, crash/hang=0 | 52.16 files/sec
[2026-05-15 15:40:38]     Progress 900/1000 files ( 90.0%) | masked=326, sdc=574, crash/hang=0 | 52.12 files/sec
[2026-05-15 15:40:40]     Progress 1000/1000 files (100.0%) | masked=367, sdc=633, crash/hang=0 | 51.96 files/sec
[2026-05-15 15:40:40]     Done folder: total=1000, masked=367, sdc=633, crash/hang=0
[2026-05-15 15:40:40]     CSV row written for leader-sccp/exec_basicmath_small_sccp_sccp | masked_rate=0.367000, sdc_rate=0.633000, crash_rate=0.000000
[2026-05-15 15:40:40] ================================================================================
[2026-05-15 15:40:40] [ 109/109 | 100.0%] Processing leader-sccp/exec_basicmath_small_sccp_simple-loop-unswitch
[2026-05-15 15:40:40]     FI folder : /projects/lyang28/rmengle/program_outputs/paired/basicmath_small_outputs/leader-sccp/exec_basicmath_small_sccp_simple-loop-unswitch
[2026-05-15 15:40:40]     Timing    : /projects/lyang28/rmengle/execution_times/paired/basicmath_small_outputs/leader-sccp/exec_basicmath_small_sccp_simple-loop-unswitch.txt FOUND
[2026-05-15 15:40:40]     Found 1000 run files
[2026-05-15 15:40:42]     Progress 100/1000 files ( 10.0%) | masked=38, sdc=62, crash/hang=0 | 53.67 files/sec
[2026-05-15 15:40:44]     Progress 200/1000 files ( 20.0%) | masked=76, sdc=124, crash/hang=0 | 53.55 files/sec
[2026-05-15 15:40:45]     Progress 300/1000 files ( 30.0%) | masked=113, sdc=187, crash/hang=0 | 53.81 files/sec
[2026-05-15 15:40:47]     Progress 400/1000 files ( 40.0%) | masked=146, sdc=254, crash/hang=0 | 53.88 files/sec
[2026-05-15 15:40:49]     Progress 500/1000 files ( 50.0%) | masked=179, sdc=321, crash/hang=0 | 53.89 files/sec
[2026-05-15 15:40:51]     Progress 600/1000 files ( 60.0%) | masked=220, sdc=380, crash/hang=0 | 53.77 files/sec
[2026-05-15 15:40:53]     Progress 700/1000 files ( 70.0%) | masked=256, sdc=444, crash/hang=0 | 53.71 files/sec
[2026-05-15 15:40:55]     Progress 800/1000 files ( 80.0%) | masked=299, sdc=501, crash/hang=0 | 53.68 files/sec
[2026-05-15 15:40:57]     Progress 900/1000 files ( 90.0%) | masked=337, sdc=563, crash/hang=0 | 53.51 files/sec
[2026-05-15 15:40:59]     Progress 1000/1000 files (100.0%) | masked=366, sdc=634, crash/hang=0 | 53.36 files/sec
[2026-05-15 15:40:59]     Done folder: total=1000, masked=366, sdc=634, crash/hang=0
[2026-05-15 15:40:59]     CSV row written for leader-sccp/exec_basicmath_small_sccp_simple-loop-unswitch | masked_rate=0.366000, sdc_rate=0.634000, crash_rate=0.000000
[2026-05-15 15:40:59] 
[2026-05-15 15:40:59] CSV written to: basicmath_small_paired_reliability_data.csv
[2026-05-15 15:40:59] Log written to: basicmath_small_paired_classification.log
[2026-05-15 15:40:59] Total elapsed time: 2033.75 seconds
[2026-05-15 15:40:59] Verification logs written to:
  verification_logs/masked
  verification_logs/sdc
  verification_logs/crash

Finished classification.
End time: Fri May 15 15:40:59 EDT 2026
