Starting classification job...
Running on node: hop057.orc.gmu.edu
Start time: Fri May 15 15:32:06 EDT 2026

[2026-05-15 15:32:06] Scanning output root: /projects/lyang28/rmengle/program_outputs/paired/dijkstra_small_outputs
[2026-05-15 15:32:09] 
[2026-05-15 15:32:09] Discovered executable output folders:
[2026-05-15 15:32:09]    1. leader-cse/exec_dijkstra_small_early-cse
[2026-05-15 15:32:09]    2. leader-cse/exec_dijkstra_small_early-cse_early-cse
[2026-05-15 15:32:09]    3. leader-cse/exec_dijkstra_small_early-cse_gvn
[2026-05-15 15:32:09]    4. leader-cse/exec_dijkstra_small_early-cse_inline
[2026-05-15 15:32:09]    5. leader-cse/exec_dijkstra_small_early-cse_instcombine
[2026-05-15 15:32:09]    6. leader-cse/exec_dijkstra_small_early-cse_ipsccp
[2026-05-15 15:32:09]    7. leader-cse/exec_dijkstra_small_early-cse_licm
[2026-05-15 15:32:09]    8. leader-cse/exec_dijkstra_small_early-cse_loop-reduce
[2026-05-15 15:32:09]    9. leader-cse/exec_dijkstra_small_early-cse_loop-unroll
[2026-05-15 15:32:09]   10. leader-cse/exec_dijkstra_small_early-cse_sccp
[2026-05-15 15:32:09]   11. leader-cse/exec_dijkstra_small_early-cse_simple-loop-unswitch
[2026-05-15 15:32:09]   12. leader-gvn/exec_dijkstra_small_gvn
[2026-05-15 15:32:09]   13. leader-gvn/exec_dijkstra_small_gvn_early-cse
[2026-05-15 15:32:09]   14. leader-gvn/exec_dijkstra_small_gvn_gvn
[2026-05-15 15:32:09]   15. leader-gvn/exec_dijkstra_small_gvn_inline
[2026-05-15 15:32:09]   16. leader-gvn/exec_dijkstra_small_gvn_instcombine
[2026-05-15 15:32:09]   17. leader-gvn/exec_dijkstra_small_gvn_ipsccp
[2026-05-15 15:32:09]   18. leader-gvn/exec_dijkstra_small_gvn_licm
[2026-05-15 15:32:09]   19. leader-gvn/exec_dijkstra_small_gvn_loop-reduce
[2026-05-15 15:32:09]   20. leader-gvn/exec_dijkstra_small_gvn_loop-unroll
[2026-05-15 15:32:09]   21. leader-gvn/exec_dijkstra_small_gvn_sccp
[2026-05-15 15:32:09]   22. leader-gvn/exec_dijkstra_small_gvn_simple-loop-unswitch
[2026-05-15 15:32:09]   23. leader-inline/exec_dijkstra_small_inline
[2026-05-15 15:32:09]   24. leader-inline/exec_dijkstra_small_inline_early-cse
[2026-05-15 15:32:09]   25. leader-inline/exec_dijkstra_small_inline_gvn
[2026-05-15 15:32:09]   26. leader-inline/exec_dijkstra_small_inline_inline
[2026-05-15 15:32:09]   27. leader-inline/exec_dijkstra_small_inline_instcombine
[2026-05-15 15:32:09]   28. leader-inline/exec_dijkstra_small_inline_ipsccp
[2026-05-15 15:32:09]   29. leader-inline/exec_dijkstra_small_inline_licm
[2026-05-15 15:32:09]   30. leader-inline/exec_dijkstra_small_inline_loop-reduce
[2026-05-15 15:32:09]   31. leader-inline/exec_dijkstra_small_inline_loop-unroll
[2026-05-15 15:32:09]   32. leader-inline/exec_dijkstra_small_inline_sccp
[2026-05-15 15:32:09]   33. leader-inline/exec_dijkstra_small_inline_simple-loop-unswitch
[2026-05-15 15:32:09]   34. leader-instcombine/exec_dijkstra_small_instcombine
[2026-05-15 15:32:09]   35. leader-instcombine/exec_dijkstra_small_instcombine_early-cse
[2026-05-15 15:32:09]   36. leader-instcombine/exec_dijkstra_small_instcombine_gvn
[2026-05-15 15:32:09]   37. leader-instcombine/exec_dijkstra_small_instcombine_inline
[2026-05-15 15:32:09]   38. leader-instcombine/exec_dijkstra_small_instcombine_instcombine
[2026-05-15 15:32:09]   39. leader-instcombine/exec_dijkstra_small_instcombine_ipsccp
[2026-05-15 15:32:09]   40. leader-instcombine/exec_dijkstra_small_instcombine_licm
[2026-05-15 15:32:09]   41. leader-instcombine/exec_dijkstra_small_instcombine_loop-reduce
[2026-05-15 15:32:09]   42. leader-instcombine/exec_dijkstra_small_instcombine_loop-unroll
[2026-05-15 15:32:09]   43. leader-instcombine/exec_dijkstra_small_instcombine_sccp
[2026-05-15 15:32:09]   44. leader-instcombine/exec_dijkstra_small_instcombine_simple-loop-unswitch
[2026-05-15 15:32:09]   45. leader-ipsccp/exec_dijkstra_small_ipsccp
[2026-05-15 15:32:09]   46. leader-ipsccp/exec_dijkstra_small_ipsccp_early-cse
[2026-05-15 15:32:10]   47. leader-ipsccp/exec_dijkstra_small_ipsccp_gvn
[2026-05-15 15:32:10]   48. leader-ipsccp/exec_dijkstra_small_ipsccp_inline
[2026-05-15 15:32:10]   49. leader-ipsccp/exec_dijkstra_small_ipsccp_instcombine
[2026-05-15 15:32:10]   50. leader-ipsccp/exec_dijkstra_small_ipsccp_ipsccp
[2026-05-15 15:32:10]   51. leader-ipsccp/exec_dijkstra_small_ipsccp_licm
[2026-05-15 15:32:10]   52. leader-ipsccp/exec_dijkstra_small_ipsccp_loop-reduce
[2026-05-15 15:32:10]   53. leader-ipsccp/exec_dijkstra_small_ipsccp_loop-unroll
[2026-05-15 15:32:10]   54. leader-ipsccp/exec_dijkstra_small_ipsccp_sccp
[2026-05-15 15:32:10]   55. leader-ipsccp/exec_dijkstra_small_ipsccp_simple-loop-unswitch
[2026-05-15 15:32:10]   56. leader-licm/exec_dijkstra_small_licm
[2026-05-15 15:32:10]   57. leader-licm/exec_dijkstra_small_licm_early-cse
[2026-05-15 15:32:10]   58. leader-licm/exec_dijkstra_small_licm_gvn
[2026-05-15 15:32:10]   59. leader-licm/exec_dijkstra_small_licm_inline
[2026-05-15 15:32:10]   60. leader-licm/exec_dijkstra_small_licm_instcombine
[2026-05-15 15:32:10]   61. leader-licm/exec_dijkstra_small_licm_ipsccp
[2026-05-15 15:32:10]   62. leader-licm/exec_dijkstra_small_licm_licm
[2026-05-15 15:32:10]   63. leader-licm/exec_dijkstra_small_licm_loop-reduce
[2026-05-15 15:32:10]   64. leader-licm/exec_dijkstra_small_licm_loop-unroll
[2026-05-15 15:32:10]   65. leader-licm/exec_dijkstra_small_licm_sccp
[2026-05-15 15:32:10]   66. leader-licm/exec_dijkstra_small_licm_simple-loop-unswitch
[2026-05-15 15:32:10]   67. leader-loop-reduce/exec_dijkstra_small_loop-reduce
[2026-05-15 15:32:10]   68. leader-loop-reduce/exec_dijkstra_small_loop-reduce_early-cse
[2026-05-15 15:32:10]   69. leader-loop-reduce/exec_dijkstra_small_loop-reduce_gvn
[2026-05-15 15:32:10]   70. leader-loop-reduce/exec_dijkstra_small_loop-reduce_inline
[2026-05-15 15:32:10]   71. leader-loop-reduce/exec_dijkstra_small_loop-reduce_instcombine
[2026-05-15 15:32:10]   72. leader-loop-reduce/exec_dijkstra_small_loop-reduce_ipsccp
[2026-05-15 15:32:10]   73. leader-loop-reduce/exec_dijkstra_small_loop-reduce_licm
[2026-05-15 15:32:10]   74. leader-loop-reduce/exec_dijkstra_small_loop-reduce_loop-reduce
[2026-05-15 15:32:10]   75. leader-loop-reduce/exec_dijkstra_small_loop-reduce_loop-unroll
[2026-05-15 15:32:10]   76. leader-loop-reduce/exec_dijkstra_small_loop-reduce_sccp
[2026-05-15 15:32:10]   77. leader-loop-reduce/exec_dijkstra_small_loop-reduce_simple-loop-unswitch
[2026-05-15 15:32:10]   78. leader-loop-unroll/exec_dijkstra_small_loop-unroll
[2026-05-15 15:32:10]   79. leader-loop-unroll/exec_dijkstra_small_loop-unroll_early-cse
[2026-05-15 15:32:10]   80. leader-loop-unroll/exec_dijkstra_small_loop-unroll_gvn
[2026-05-15 15:32:10]   81. leader-loop-unroll/exec_dijkstra_small_loop-unroll_inline
[2026-05-15 15:32:10]   82. leader-loop-unroll/exec_dijkstra_small_loop-unroll_instcombine
[2026-05-15 15:32:10]   83. leader-loop-unroll/exec_dijkstra_small_loop-unroll_ipsccp
[2026-05-15 15:32:10]   84. leader-loop-unroll/exec_dijkstra_small_loop-unroll_licm
[2026-05-15 15:32:10]   85. leader-loop-unroll/exec_dijkstra_small_loop-unroll_loop-reduce
[2026-05-15 15:32:10]   86. leader-loop-unroll/exec_dijkstra_small_loop-unroll_loop-unroll
[2026-05-15 15:32:10]   87. leader-loop-unroll/exec_dijkstra_small_loop-unroll_sccp
[2026-05-15 15:32:10]   88. leader-loop-unroll/exec_dijkstra_small_loop-unroll_simple-loop-unswitch
[2026-05-15 15:32:10]   89. leader-loop-unswitch/exec_dijkstra_small_sccp_simple-loop-unswitch
[2026-05-15 15:32:10]   90. leader-loop-unswitch/exec_dijkstra_small_simple-loop-unswitch
[2026-05-15 15:32:10]   91. leader-loop-unswitch/exec_dijkstra_small_simple-loop-unswitch_early-cse
[2026-05-15 15:32:10]   92. leader-loop-unswitch/exec_dijkstra_small_simple-loop-unswitch_gvn
[2026-05-15 15:32:10]   93. leader-loop-unswitch/exec_dijkstra_small_simple-loop-unswitch_inline
[2026-05-15 15:32:10]   94. leader-loop-unswitch/exec_dijkstra_small_simple-loop-unswitch_instcombine
[2026-05-15 15:32:10]   95. leader-loop-unswitch/exec_dijkstra_small_simple-loop-unswitch_ipsccp
[2026-05-15 15:32:10]   96. leader-loop-unswitch/exec_dijkstra_small_simple-loop-unswitch_licm
[2026-05-15 15:32:10]   97. leader-loop-unswitch/exec_dijkstra_small_simple-loop-unswitch_loop-reduce
[2026-05-15 15:32:10]   98. leader-loop-unswitch/exec_dijkstra_small_simple-loop-unswitch_loop-unroll
[2026-05-15 15:32:10]   99. leader-loop-unswitch/exec_dijkstra_small_simple-loop-unswitch_sccp
[2026-05-15 15:32:10]  100. leader-loop-unswitch/exec_dijkstra_small_simple-loop-unswitch_simple-loop-unswitch
[2026-05-15 15:32:10]  101. leader-sccp/exec_dijkstra_small_sccp
[2026-05-15 15:32:10]  102. leader-sccp/exec_dijkstra_small_sccp_early-cse
[2026-05-15 15:32:10]  103. leader-sccp/exec_dijkstra_small_sccp_gvn
[2026-05-15 15:32:10]  104. leader-sccp/exec_dijkstra_small_sccp_inline
[2026-05-15 15:32:10]  105. leader-sccp/exec_dijkstra_small_sccp_instcombine
[2026-05-15 15:32:10]  106. leader-sccp/exec_dijkstra_small_sccp_ipsccp
[2026-05-15 15:32:10]  107. leader-sccp/exec_dijkstra_small_sccp_licm
[2026-05-15 15:32:10]  108. leader-sccp/exec_dijkstra_small_sccp_loop-reduce
[2026-05-15 15:32:10]  109. leader-sccp/exec_dijkstra_small_sccp_loop-unroll
[2026-05-15 15:32:10]  110. leader-sccp/exec_dijkstra_small_sccp_sccp
[2026-05-15 15:32:10] 
[2026-05-15 15:32:10] Starting classification
[2026-05-15 15:32:10] CSV output file: dijkstra_small_paired_reliability_data.csv
[2026-05-15 15:32:10] Log file: dijkstra_small_paired_classification.log
[2026-05-15 15:32:10] 
[2026-05-15 15:32:10] ================================================================================
[2026-05-15 15:32:10] [   1/110 |   0.9%] Processing leader-cse/exec_dijkstra_small_early-cse
[2026-05-15 15:32:10]     FI folder : /projects/lyang28/rmengle/program_outputs/paired/dijkstra_small_outputs/leader-cse/exec_dijkstra_small_early-cse
[2026-05-15 15:32:10]     Timing    : /projects/lyang28/rmengle/execution_times/paired/dijkstra_small_outputs/leader-cse/exec_dijkstra_small_early-cse.txt FOUND
[2026-05-15 15:32:10]     Found 1000 run files
[2026-05-15 15:32:10]     Progress 100/1000 files ( 10.0%) | masked=61, sdc=37, crash/hang=2 | 645.49 files/sec
[2026-05-15 15:32:10]     Progress 200/1000 files ( 20.0%) | masked=123, sdc=68, crash/hang=9 | 650.47 files/sec
[2026-05-15 15:32:10]     Progress 300/1000 files ( 30.0%) | masked=181, sdc=107, crash/hang=12 | 655.25 files/sec
[2026-05-15 15:32:11]     Progress 400/1000 files ( 40.0%) | masked=240, sdc=147, crash/hang=13 | 657.99 files/sec
[2026-05-15 15:32:11]     Progress 500/1000 files ( 50.0%) | masked=303, sdc=182, crash/hang=15 | 660.98 files/sec
[2026-05-15 15:32:11]     Progress 600/1000 files ( 60.0%) | masked=359, sdc=223, crash/hang=18 | 664.62 files/sec
[2026-05-15 15:32:11]     Progress 700/1000 files ( 70.0%) | masked=424, sdc=258, crash/hang=18 | 665.80 files/sec
[2026-05-15 15:32:11]     Progress 800/1000 files ( 80.0%) | masked=475, sdc=305, crash/hang=20 | 653.15 files/sec
[2026-05-15 15:32:11]     Progress 900/1000 files ( 90.0%) | masked=542, sdc=336, crash/hang=22 | 651.22 files/sec
[2026-05-15 15:32:11]     Progress 1000/1000 files (100.0%) | masked=600, sdc=378, crash/hang=22 | 653.05 files/sec
[2026-05-15 15:32:11]     Done folder: total=1000, masked=600, sdc=378, crash/hang=22
[2026-05-15 15:32:11]     CSV row written for leader-cse/exec_dijkstra_small_early-cse | masked_rate=0.600000, sdc_rate=0.378000, crash_rate=0.022000
[2026-05-15 15:32:11] ================================================================================
[2026-05-15 15:32:11] [   2/110 |   1.8%] Processing leader-cse/exec_dijkstra_small_early-cse_early-cse
[2026-05-15 15:32:11]     FI folder : /projects/lyang28/rmengle/program_outputs/paired/dijkstra_small_outputs/leader-cse/exec_dijkstra_small_early-cse_early-cse
[2026-05-15 15:32:11]     Timing    : /projects/lyang28/rmengle/execution_times/paired/dijkstra_small_outputs/leader-cse/exec_dijkstra_small_early-cse_early-cse.txt FOUND
[2026-05-15 15:32:12]     Found 1000 run files
[2026-05-15 15:32:12]     Progress 100/1000 files ( 10.0%) | masked=62, sdc=34, crash/hang=4 | 618.49 files/sec
[2026-05-15 15:32:12]     Progress 200/1000 files ( 20.0%) | masked=124, sdc=70, crash/hang=6 | 621.17 files/sec
[2026-05-15 15:32:12]     Progress 300/1000 files ( 30.0%) | masked=186, sdc=105, crash/hang=9 | 631.42 files/sec
[2026-05-15 15:32:12]     Progress 400/1000 files ( 40.0%) | masked=251, sdc=138, crash/hang=11 | 641.86 files/sec
[2026-05-15 15:32:13]     Progress 500/1000 files ( 50.0%) | masked=313, sdc=173, crash/hang=14 | 642.35 files/sec
[2026-05-15 15:32:13]     Progress 600/1000 files ( 60.0%) | masked=366, sdc=218, crash/hang=16 | 642.95 files/sec
[2026-05-15 15:32:13]     Progress 700/1000 files ( 70.0%) | masked=431, sdc=250, crash/hang=19 | 646.16 files/sec
[2026-05-15 15:32:13]     Progress 800/1000 files ( 80.0%) | masked=491, sdc=290, crash/hang=19 | 643.27 files/sec
[2026-05-15 15:32:13]     Progress 900/1000 files ( 90.0%) | masked=549, sdc=331, crash/hang=20 | 641.98 files/sec
[2026-05-15 15:32:13]     Progress 1000/1000 files (100.0%) | masked=607, sdc=372, crash/hang=21 | 640.79 files/sec
[2026-05-15 15:32:13]     Done folder: total=1000, masked=607, sdc=372, crash/hang=21
[2026-05-15 15:32:13]     CSV row written for leader-cse/exec_dijkstra_small_early-cse_early-cse | masked_rate=0.607000, sdc_rate=0.372000, crash_rate=0.021000
[2026-05-15 15:32:13] ================================================================================
[2026-05-15 15:32:13] [   3/110 |   2.7%] Processing leader-cse/exec_dijkstra_small_early-cse_gvn
[2026-05-15 15:32:13]     FI folder : /projects/lyang28/rmengle/program_outputs/paired/dijkstra_small_outputs/leader-cse/exec_dijkstra_small_early-cse_gvn
[2026-05-15 15:32:13]     Timing    : /projects/lyang28/rmengle/execution_times/paired/dijkstra_small_outputs/leader-cse/exec_dijkstra_small_early-cse_gvn.txt FOUND
[2026-05-15 15:32:14]     Found 1000 run files
[2026-05-15 15:32:14]     Progress 100/1000 files ( 10.0%) | masked=72, sdc=27, crash/hang=1 | 547.89 files/sec
[2026-05-15 15:32:14]     Progress 200/1000 files ( 20.0%) | masked=133, sdc=65, crash/hang=2 | 599.18 files/sec
[2026-05-15 15:32:14]     Progress 300/1000 files ( 30.0%) | masked=199, sdc=97, crash/hang=4 | 618.90 files/sec
[2026-05-15 15:32:14]     Progress 400/1000 files ( 40.0%) | masked=262, sdc=131, crash/hang=7 | 637.42 files/sec
[2026-05-15 15:32:14]     Progress 500/1000 files ( 50.0%) | masked=328, sdc=163, crash/hang=9 | 643.76 files/sec
[2026-05-15 15:32:15]     Progress 600/1000 files ( 60.0%) | masked=393, sdc=196, crash/hang=11 | 638.50 files/sec
[2026-05-15 15:32:15]     Progress 700/1000 files ( 70.0%) | masked=462, sdc=224, crash/hang=14 | 638.60 files/sec
[2026-05-15 15:32:15]     Progress 800/1000 files ( 80.0%) | masked=534, sdc=250, crash/hang=16 | 644.96 files/sec
[2026-05-15 15:32:15]     Progress 900/1000 files ( 90.0%) | masked=605, sdc=276, crash/hang=19 | 645.33 files/sec
[2026-05-15 15:32:15]     Progress 1000/1000 files (100.0%) | masked=678, sdc=301, crash/hang=21 | 643.74 files/sec
[2026-05-15 15:32:15]     Done folder: total=1000, masked=678, sdc=301, crash/hang=21
[2026-05-15 15:32:15]     CSV row written for leader-cse/exec_dijkstra_small_early-cse_gvn | masked_rate=0.678000, sdc_rate=0.301000, crash_rate=0.021000
[2026-05-15 15:32:15] ================================================================================
[2026-05-15 15:32:15] [   4/110 |   3.6%] Processing leader-cse/exec_dijkstra_small_early-cse_inline
[2026-05-15 15:32:15]     FI folder : /projects/lyang28/rmengle/program_outputs/paired/dijkstra_small_outputs/leader-cse/exec_dijkstra_small_early-cse_inline
[2026-05-15 15:32:15]     Timing    : /projects/lyang28/rmengle/execution_times/paired/dijkstra_small_outputs/leader-cse/exec_dijkstra_small_early-cse_inline.txt FOUND
[2026-05-15 15:32:16]     Found 1000 run files
[2026-05-15 15:32:16]     Progress 100/1000 files ( 10.0%) | masked=62, sdc=36, crash/hang=2 | 647.27 files/sec
[2026-05-15 15:32:16]     Progress 200/1000 files ( 20.0%) | masked=121, sdc=73, crash/hang=6 | 649.44 files/sec
[2026-05-15 15:32:16]     Progress 300/1000 files ( 30.0%) | masked=183, sdc=105, crash/hang=12 | 647.67 files/sec
[2026-05-15 15:32:16]     Progress 400/1000 files ( 40.0%) | masked=250, sdc=136, crash/hang=14 | 642.52 files/sec
[2026-05-15 15:32:16]     Progress 500/1000 files ( 50.0%) | masked=303, sdc=179, crash/hang=18 | 632.78 files/sec
[2026-05-15 15:32:17]     Progress 600/1000 files ( 60.0%) | masked=366, sdc=215, crash/hang=19 | 641.40 files/sec
[2026-05-15 15:32:17]     Progress 700/1000 files ( 70.0%) | masked=426, sdc=253, crash/hang=21 | 641.41 files/sec
[2026-05-15 15:32:17]     Progress 800/1000 files ( 80.0%) | masked=484, sdc=294, crash/hang=22 | 638.98 files/sec
[2026-05-15 15:32:17]     Progress 900/1000 files ( 90.0%) | masked=549, sdc=326, crash/hang=25 | 622.18 files/sec
[2026-05-15 15:32:17]     Progress 1000/1000 files (100.0%) | masked=613, sdc=362, crash/hang=25 | 621.78 files/sec
[2026-05-15 15:32:17]     Done folder: total=1000, masked=613, sdc=362, crash/hang=25
[2026-05-15 15:32:17]     CSV row written for leader-cse/exec_dijkstra_small_early-cse_inline | masked_rate=0.613000, sdc_rate=0.362000, crash_rate=0.025000
[2026-05-15 15:32:17] ================================================================================
[2026-05-15 15:32:17] [   5/110 |   4.5%] Processing leader-cse/exec_dijkstra_small_early-cse_instcombine
[2026-05-15 15:32:17]     FI folder : /projects/lyang28/rmengle/program_outputs/paired/dijkstra_small_outputs/leader-cse/exec_dijkstra_small_early-cse_instcombine
[2026-05-15 15:32:17]     Timing    : /projects/lyang28/rmengle/execution_times/paired/dijkstra_small_outputs/leader-cse/exec_dijkstra_small_early-cse_instcombine.txt FOUND
[2026-05-15 15:32:18]     Found 1000 run files
[2026-05-15 15:32:18]     Progress 100/1000 files ( 10.0%) | masked=58, sdc=41, crash/hang=1 | 608.80 files/sec
[2026-05-15 15:32:18]     Progress 200/1000 files ( 20.0%) | masked=115, sdc=81, crash/hang=4 | 602.31 files/sec
[2026-05-15 15:32:18]     Progress 300/1000 files ( 30.0%) | masked=174, sdc=119, crash/hang=7 | 613.14 files/sec
[2026-05-15 15:32:18]     Progress 400/1000 files ( 40.0%) | masked=233, sdc=159, crash/hang=8 | 609.13 files/sec
[2026-05-15 15:32:18]     Progress 500/1000 files ( 50.0%) | masked=300, sdc=191, crash/hang=9 | 589.79 files/sec
[2026-05-15 15:32:19]     Progress 600/1000 files ( 60.0%) | masked=365, sdc=223, crash/hang=12 | 593.94 files/sec
[2026-05-15 15:32:19]     Progress 700/1000 files ( 70.0%) | masked=434, sdc=251, crash/hang=15 | 600.21 files/sec
[2026-05-15 15:32:19]     Progress 800/1000 files ( 80.0%) | masked=499, sdc=285, crash/hang=16 | 607.93 files/sec
[2026-05-15 15:32:19]     Progress 900/1000 files ( 90.0%) | masked=566, sdc=317, crash/hang=17 | 608.74 files/sec
[2026-05-15 15:32:19]     Progress 1000/1000 files (100.0%) | masked=633, sdc=348, crash/hang=19 | 608.39 files/sec
[2026-05-15 15:32:19]     Done folder: total=1000, masked=633, sdc=348, crash/hang=19
[2026-05-15 15:32:19]     CSV row written for leader-cse/exec_dijkstra_small_early-cse_instcombine | masked_rate=0.633000, sdc_rate=0.348000, crash_rate=0.019000
[2026-05-15 15:32:19] ================================================================================
[2026-05-15 15:32:19] [   6/110 |   5.5%] Processing leader-cse/exec_dijkstra_small_early-cse_ipsccp
[2026-05-15 15:32:19]     FI folder : /projects/lyang28/rmengle/program_outputs/paired/dijkstra_small_outputs/leader-cse/exec_dijkstra_small_early-cse_ipsccp
[2026-05-15 15:32:19]     Timing    : /projects/lyang28/rmengle/execution_times/paired/dijkstra_small_outputs/leader-cse/exec_dijkstra_small_early-cse_ipsccp.txt FOUND
[2026-05-15 15:32:20]     Found 1000 run files
[2026-05-15 15:32:20]     Progress 100/1000 files ( 10.0%) | masked=59, sdc=37, crash/hang=4 | 659.87 files/sec
[2026-05-15 15:32:20]     Progress 200/1000 files ( 20.0%) | masked=120, sdc=75, crash/hang=5 | 625.81 files/sec
[2026-05-15 15:32:20]     Progress 300/1000 files ( 30.0%) | masked=173, sdc=119, crash/hang=8 | 603.71 files/sec
[2026-05-15 15:32:20]     Progress 400/1000 files ( 40.0%) | masked=229, sdc=161, crash/hang=10 | 604.24 files/sec
[2026-05-15 15:32:20]     Progress 500/1000 files ( 50.0%) | masked=301, sdc=189, crash/hang=10 | 613.92 files/sec
[2026-05-15 15:32:21]     Progress 600/1000 files ( 60.0%) | masked=357, sdc=229, crash/hang=14 | 613.15 files/sec
[2026-05-15 15:32:21]     Progress 700/1000 files ( 70.0%) | masked=419, sdc=264, crash/hang=17 | 616.87 files/sec
[2026-05-15 15:32:21]     Progress 800/1000 files ( 80.0%) | masked=477, sdc=302, crash/hang=21 | 617.78 files/sec
[2026-05-15 15:32:21]     Progress 900/1000 files ( 90.0%) | masked=531, sdc=347, crash/hang=22 | 604.31 files/sec
[2026-05-15 15:32:21]     Progress 1000/1000 files (100.0%) | masked=593, sdc=380, crash/hang=27 | 607.75 files/sec
[2026-05-15 15:32:21]     Done folder: total=1000, masked=593, sdc=380, crash/hang=27
[2026-05-15 15:32:21]     CSV row written for leader-cse/exec_dijkstra_small_early-cse_ipsccp | masked_rate=0.593000, sdc_rate=0.380000, crash_rate=0.027000
[2026-05-15 15:32:21] ================================================================================
[2026-05-15 15:32:21] [   7/110 |   6.4%] Processing leader-cse/exec_dijkstra_small_early-cse_licm
[2026-05-15 15:32:21]     FI folder : /projects/lyang28/rmengle/program_outputs/paired/dijkstra_small_outputs/leader-cse/exec_dijkstra_small_early-cse_licm
[2026-05-15 15:32:21]     Timing    : /projects/lyang28/rmengle/execution_times/paired/dijkstra_small_outputs/leader-cse/exec_dijkstra_small_early-cse_licm.txt FOUND
[2026-05-15 15:32:22]     Found 1000 run files
[2026-05-15 15:32:22]     Progress 100/1000 files ( 10.0%) | masked=68, sdc=30, crash/hang=2 | 672.99 files/sec
[2026-05-15 15:32:22]     Progress 200/1000 files ( 20.0%) | masked=133, sdc=59, crash/hang=8 | 654.72 files/sec
[2026-05-15 15:32:22]     Progress 300/1000 files ( 30.0%) | masked=204, sdc=84, crash/hang=12 | 633.20 files/sec
[2026-05-15 15:32:22]     Progress 400/1000 files ( 40.0%) | masked=265, sdc=122, crash/hang=13 | 634.99 files/sec
[2026-05-15 15:32:22]     Progress 500/1000 files ( 50.0%) | masked=321, sdc=164, crash/hang=15 | 629.88 files/sec
[2026-05-15 15:32:22]     Progress 600/1000 files ( 60.0%) | masked=387, sdc=198, crash/hang=15 | 633.21 files/sec
[2026-05-15 15:32:23]     Progress 700/1000 files ( 70.0%) | masked=446, sdc=238, crash/hang=16 | 636.39 files/sec
[2026-05-15 15:32:23]     Progress 800/1000 files ( 80.0%) | masked=508, sdc=269, crash/hang=23 | 638.71 files/sec
[2026-05-15 15:32:23]     Progress 900/1000 files ( 90.0%) | masked=565, sdc=309, crash/hang=26 | 642.37 files/sec
[2026-05-15 15:32:23]     Progress 1000/1000 files (100.0%) | masked=622, sdc=346, crash/hang=32 | 645.79 files/sec
[2026-05-15 15:32:23]     Done folder: total=1000, masked=622, sdc=346, crash/hang=32
[2026-05-15 15:32:23]     CSV row written for leader-cse/exec_dijkstra_small_early-cse_licm | masked_rate=0.622000, sdc_rate=0.346000, crash_rate=0.032000
[2026-05-15 15:32:23] ================================================================================
[2026-05-15 15:32:23] [   8/110 |   7.3%] Processing leader-cse/exec_dijkstra_small_early-cse_loop-reduce
[2026-05-15 15:32:23]     FI folder : /projects/lyang28/rmengle/program_outputs/paired/dijkstra_small_outputs/leader-cse/exec_dijkstra_small_early-cse_loop-reduce
[2026-05-15 15:32:23]     Timing    : /projects/lyang28/rmengle/execution_times/paired/dijkstra_small_outputs/leader-cse/exec_dijkstra_small_early-cse_loop-reduce.txt FOUND
[2026-05-15 15:32:23]     Found 1000 run files
[2026-05-15 15:32:24]     Progress 100/1000 files ( 10.0%) | masked=58, sdc=40, crash/hang=2 | 659.99 files/sec
[2026-05-15 15:32:24]     Progress 200/1000 files ( 20.0%) | masked=128, sdc=69, crash/hang=3 | 641.21 files/sec
[2026-05-15 15:32:24]     Progress 300/1000 files ( 30.0%) | masked=175, sdc=117, crash/hang=8 | 618.02 files/sec
[2026-05-15 15:32:24]     Progress 400/1000 files ( 40.0%) | masked=242, sdc=146, crash/hang=12 | 626.97 files/sec
[2026-05-15 15:32:24]     Progress 500/1000 files ( 50.0%) | masked=303, sdc=182, crash/hang=15 | 630.86 files/sec
[2026-05-15 15:32:24]     Progress 600/1000 files ( 60.0%) | masked=365, sdc=220, crash/hang=15 | 634.74 files/sec
[2026-05-15 15:32:25]     Progress 700/1000 files ( 70.0%) | masked=422, sdc=261, crash/hang=17 | 637.89 files/sec
[2026-05-15 15:32:25]     Progress 800/1000 files ( 80.0%) | masked=488, sdc=292, crash/hang=20 | 640.17 files/sec
[2026-05-15 15:32:25]     Progress 900/1000 files ( 90.0%) | masked=555, sdc=321, crash/hang=24 | 636.55 files/sec
[2026-05-15 15:32:25]     Progress 1000/1000 files (100.0%) | masked=610, sdc=363, crash/hang=27 | 637.16 files/sec
[2026-05-15 15:32:25]     Done folder: total=1000, masked=610, sdc=363, crash/hang=27
[2026-05-15 15:32:25]     CSV row written for leader-cse/exec_dijkstra_small_early-cse_loop-reduce | masked_rate=0.610000, sdc_rate=0.363000, crash_rate=0.027000
[2026-05-15 15:32:25] ================================================================================
[2026-05-15 15:32:25] [   9/110 |   8.2%] Processing leader-cse/exec_dijkstra_small_early-cse_loop-unroll
[2026-05-15 15:32:25]     FI folder : /projects/lyang28/rmengle/program_outputs/paired/dijkstra_small_outputs/leader-cse/exec_dijkstra_small_early-cse_loop-unroll
[2026-05-15 15:32:25]     Timing    : /projects/lyang28/rmengle/execution_times/paired/dijkstra_small_outputs/leader-cse/exec_dijkstra_small_early-cse_loop-unroll.txt FOUND
[2026-05-15 15:32:25]     Found 1000 run files
[2026-05-15 15:32:25]     Progress 100/1000 files ( 10.0%) | masked=70, sdc=28, crash/hang=2 | 687.60 files/sec
[2026-05-15 15:32:26]     Progress 200/1000 files ( 20.0%) | masked=133, sdc=64, crash/hang=3 | 665.01 files/sec
[2026-05-15 15:32:26]     Progress 300/1000 files ( 30.0%) | masked=196, sdc=98, crash/hang=6 | 657.94 files/sec
[2026-05-15 15:32:26]     Progress 400/1000 files ( 40.0%) | masked=258, sdc=136, crash/hang=6 | 659.04 files/sec
[2026-05-15 15:32:26]     Progress 500/1000 files ( 50.0%) | masked=316, sdc=174, crash/hang=10 | 654.76 files/sec
[2026-05-15 15:32:26]     Progress 600/1000 files ( 60.0%) | masked=379, sdc=209, crash/hang=12 | 658.41 files/sec
[2026-05-15 15:32:26]     Progress 700/1000 files ( 70.0%) | masked=441, sdc=243, crash/hang=16 | 661.90 files/sec
[2026-05-15 15:32:27]     Progress 800/1000 files ( 80.0%) | masked=504, sdc=279, crash/hang=17 | 662.21 files/sec
[2026-05-15 15:32:27]     Progress 900/1000 files ( 90.0%) | masked=573, sdc=306, crash/hang=21 | 664.85 files/sec
[2026-05-15 15:32:27]     Progress 1000/1000 files (100.0%) | masked=639, sdc=339, crash/hang=22 | 665.73 files/sec
[2026-05-15 15:32:27]     Done folder: total=1000, masked=639, sdc=339, crash/hang=22
[2026-05-15 15:32:27]     CSV row written for leader-cse/exec_dijkstra_small_early-cse_loop-unroll | masked_rate=0.639000, sdc_rate=0.339000, crash_rate=0.022000
[2026-05-15 15:32:27] ================================================================================
[2026-05-15 15:32:27] [  10/110 |   9.1%] Processing leader-cse/exec_dijkstra_small_early-cse_sccp
[2026-05-15 15:32:27]     FI folder : /projects/lyang28/rmengle/program_outputs/paired/dijkstra_small_outputs/leader-cse/exec_dijkstra_small_early-cse_sccp
[2026-05-15 15:32:27]     Timing    : /projects/lyang28/rmengle/execution_times/paired/dijkstra_small_outputs/leader-cse/exec_dijkstra_small_early-cse_sccp.txt FOUND
[2026-05-15 15:32:27]     Found 1000 run files
[2026-05-15 15:32:27]     Progress 100/1000 files ( 10.0%) | masked=51, sdc=46, crash/hang=3 | 666.30 files/sec
[2026-05-15 15:32:27]     Progress 200/1000 files ( 20.0%) | masked=113, sdc=81, crash/hang=6 | 676.66 files/sec
[2026-05-15 15:32:28]     Progress 300/1000 files ( 30.0%) | masked=173, sdc=120, crash/hang=7 | 678.29 files/sec
[2026-05-15 15:32:28]     Progress 400/1000 files ( 40.0%) | masked=236, sdc=154, crash/hang=10 | 676.31 files/sec
[2026-05-15 15:32:28]     Progress 500/1000 files ( 50.0%) | masked=296, sdc=193, crash/hang=11 | 675.41 files/sec
[2026-05-15 15:32:28]     Progress 600/1000 files ( 60.0%) | masked=350, sdc=234, crash/hang=16 | 674.78 files/sec
[2026-05-15 15:32:28]     Progress 700/1000 files ( 70.0%) | masked=419, sdc=262, crash/hang=19 | 671.83 files/sec
[2026-05-15 15:32:28]     Progress 800/1000 files ( 80.0%) | masked=484, sdc=295, crash/hang=21 | 669.82 files/sec
[2026-05-15 15:32:29]     Progress 900/1000 files ( 90.0%) | masked=552, sdc=325, crash/hang=23 | 667.43 files/sec
[2026-05-15 15:32:29]     Progress 1000/1000 files (100.0%) | masked=614, sdc=362, crash/hang=24 | 658.98 files/sec
[2026-05-15 15:32:29]     Done folder: total=1000, masked=614, sdc=362, crash/hang=24
[2026-05-15 15:32:29]     CSV row written for leader-cse/exec_dijkstra_small_early-cse_sccp | masked_rate=0.614000, sdc_rate=0.362000, crash_rate=0.024000
[2026-05-15 15:32:29] ================================================================================
[2026-05-15 15:32:29] [  11/110 |  10.0%] Processing leader-cse/exec_dijkstra_small_early-cse_simple-loop-unswitch
[2026-05-15 15:32:29]     FI folder : /projects/lyang28/rmengle/program_outputs/paired/dijkstra_small_outputs/leader-cse/exec_dijkstra_small_early-cse_simple-loop-unswitch
[2026-05-15 15:32:29]     Timing    : /projects/lyang28/rmengle/execution_times/paired/dijkstra_small_outputs/leader-cse/exec_dijkstra_small_early-cse_simple-loop-unswitch.txt FOUND
[2026-05-15 15:32:29]     Found 1000 run files
[2026-05-15 15:32:29]     Progress 100/1000 files ( 10.0%) | masked=68, sdc=26, crash/hang=6 | 608.64 files/sec
[2026-05-15 15:32:29]     Progress 200/1000 files ( 20.0%) | masked=133, sdc=58, crash/hang=9 | 614.94 files/sec
[2026-05-15 15:32:30]     Progress 300/1000 files ( 30.0%) | masked=197, sdc=92, crash/hang=11 | 605.96 files/sec
[2026-05-15 15:32:30]     Progress 400/1000 files ( 40.0%) | masked=262, sdc=125, crash/hang=13 | 615.42 files/sec
[2026-05-15 15:32:30]     Progress 500/1000 files ( 50.0%) | masked=327, sdc=158, crash/hang=15 | 621.35 files/sec
[2026-05-15 15:32:30]     Progress 600/1000 files ( 60.0%) | masked=393, sdc=188, crash/hang=19 | 631.11 files/sec
[2026-05-15 15:32:30]     Progress 700/1000 files ( 70.0%) | masked=461, sdc=218, crash/hang=21 | 619.45 files/sec
[2026-05-15 15:32:30]     Progress 800/1000 files ( 80.0%) | masked=518, sdc=260, crash/hang=22 | 624.46 files/sec
[2026-05-15 15:32:30]     Progress 900/1000 files ( 90.0%) | masked=582, sdc=295, crash/hang=23 | 628.12 files/sec
[2026-05-15 15:32:31]     Progress 1000/1000 files (100.0%) | masked=649, sdc=327, crash/hang=24 | 633.06 files/sec
[2026-05-15 15:32:31]     Done folder: total=1000, masked=649, sdc=327, crash/hang=24
[2026-05-15 15:32:31]     CSV row written for leader-cse/exec_dijkstra_small_early-cse_simple-loop-unswitch | masked_rate=0.649000, sdc_rate=0.327000, crash_rate=0.024000
[2026-05-15 15:32:31] ================================================================================
[2026-05-15 15:32:31] [  12/110 |  10.9%] Processing leader-gvn/exec_dijkstra_small_gvn
[2026-05-15 15:32:31]     FI folder : /projects/lyang28/rmengle/program_outputs/paired/dijkstra_small_outputs/leader-gvn/exec_dijkstra_small_gvn
[2026-05-15 15:32:31]     Timing    : /projects/lyang28/rmengle/execution_times/paired/dijkstra_small_outputs/leader-gvn/exec_dijkstra_small_gvn.txt FOUND
[2026-05-15 15:32:31]     Found 1000 run files
[2026-05-15 15:32:31]     Progress 100/1000 files ( 10.0%) | masked=74, sdc=23, crash/hang=3 | 631.89 files/sec
[2026-05-15 15:32:31]     Progress 200/1000 files ( 20.0%) | masked=145, sdc=50, crash/hang=5 | 645.36 files/sec
[2026-05-15 15:32:31]     Progress 300/1000 files ( 30.0%) | masked=208, sdc=85, crash/hang=7 | 647.33 files/sec
[2026-05-15 15:32:32]     Progress 400/1000 files ( 40.0%) | masked=267, sdc=124, crash/hang=9 | 649.85 files/sec
[2026-05-15 15:32:32]     Progress 500/1000 files ( 50.0%) | masked=340, sdc=149, crash/hang=11 | 653.86 files/sec
[2026-05-15 15:32:32]     Progress 600/1000 files ( 60.0%) | masked=404, sdc=178, crash/hang=18 | 655.26 files/sec
[2026-05-15 15:32:32]     Progress 700/1000 files ( 70.0%) | masked=478, sdc=204, crash/hang=18 | 651.06 files/sec
[2026-05-15 15:32:32]     Progress 800/1000 files ( 80.0%) | masked=539, sdc=239, crash/hang=22 | 651.86 files/sec
[2026-05-15 15:32:32]     Progress 900/1000 files ( 90.0%) | masked=611, sdc=264, crash/hang=25 | 659.60 files/sec
[2026-05-15 15:32:32]     Progress 1000/1000 files (100.0%) | masked=679, sdc=293, crash/hang=28 | 663.06 files/sec
[2026-05-15 15:32:32]     Done folder: total=1000, masked=679, sdc=293, crash/hang=28
[2026-05-15 15:32:32]     CSV row written for leader-gvn/exec_dijkstra_small_gvn | masked_rate=0.679000, sdc_rate=0.293000, crash_rate=0.028000
[2026-05-15 15:32:32] ================================================================================
[2026-05-15 15:32:32] [  13/110 |  11.8%] Processing leader-gvn/exec_dijkstra_small_gvn_early-cse
[2026-05-15 15:32:32]     FI folder : /projects/lyang28/rmengle/program_outputs/paired/dijkstra_small_outputs/leader-gvn/exec_dijkstra_small_gvn_early-cse
[2026-05-15 15:32:32]     Timing    : /projects/lyang28/rmengle/execution_times/paired/dijkstra_small_outputs/leader-gvn/exec_dijkstra_small_gvn_early-cse.txt FOUND
[2026-05-15 15:32:33]     Found 1000 run files
[2026-05-15 15:32:33]     Progress 100/1000 files ( 10.0%) | masked=69, sdc=29, crash/hang=2 | 635.76 files/sec
[2026-05-15 15:32:33]     Progress 200/1000 files ( 20.0%) | masked=142, sdc=54, crash/hang=4 | 522.26 files/sec
[2026-05-15 15:32:33]     Progress 300/1000 files ( 30.0%) | masked=209, sdc=83, crash/hang=8 | 544.78 files/sec
[2026-05-15 15:32:34]     Progress 400/1000 files ( 40.0%) | masked=277, sdc=112, crash/hang=11 | 552.20 files/sec
[2026-05-15 15:32:34]     Progress 500/1000 files ( 50.0%) | masked=354, sdc=134, crash/hang=12 | 544.60 files/sec
[2026-05-15 15:32:34]     Progress 600/1000 files ( 60.0%) | masked=421, sdc=166, crash/hang=13 | 545.56 files/sec
[2026-05-15 15:32:34]     Progress 700/1000 files ( 70.0%) | masked=487, sdc=198, crash/hang=15 | 551.92 files/sec
[2026-05-15 15:32:34]     Progress 800/1000 files ( 80.0%) | masked=548, sdc=237, crash/hang=15 | 560.98 files/sec
[2026-05-15 15:32:34]     Progress 900/1000 files ( 90.0%) | masked=617, sdc=265, crash/hang=18 | 569.99 files/sec
[2026-05-15 15:32:35]     Progress 1000/1000 files (100.0%) | masked=683, sdc=297, crash/hang=20 | 575.43 files/sec
[2026-05-15 15:32:35]     Done folder: total=1000, masked=683, sdc=297, crash/hang=20
[2026-05-15 15:32:35]     CSV row written for leader-gvn/exec_dijkstra_small_gvn_early-cse | masked_rate=0.683000, sdc_rate=0.297000, crash_rate=0.020000
[2026-05-15 15:32:35] ================================================================================
[2026-05-15 15:32:35] [  14/110 |  12.7%] Processing leader-gvn/exec_dijkstra_small_gvn_gvn
[2026-05-15 15:32:35]     FI folder : /projects/lyang28/rmengle/program_outputs/paired/dijkstra_small_outputs/leader-gvn/exec_dijkstra_small_gvn_gvn
[2026-05-15 15:32:35]     Timing    : /projects/lyang28/rmengle/execution_times/paired/dijkstra_small_outputs/leader-gvn/exec_dijkstra_small_gvn_gvn.txt FOUND
[2026-05-15 15:32:35]     Found 1000 run files
[2026-05-15 15:32:35]     Progress 100/1000 files ( 10.0%) | masked=68, sdc=29, crash/hang=3 | 697.06 files/sec
[2026-05-15 15:32:35]     Progress 200/1000 files ( 20.0%) | masked=136, sdc=58, crash/hang=6 | 687.73 files/sec
[2026-05-15 15:32:35]     Progress 300/1000 files ( 30.0%) | masked=200, sdc=92, crash/hang=8 | 684.19 files/sec
[2026-05-15 15:32:35]     Progress 400/1000 files ( 40.0%) | masked=270, sdc=117, crash/hang=13 | 683.97 files/sec
[2026-05-15 15:32:36]     Progress 500/1000 files ( 50.0%) | masked=336, sdc=151, crash/hang=13 | 686.57 files/sec
[2026-05-15 15:32:36]     Progress 600/1000 files ( 60.0%) | masked=401, sdc=183, crash/hang=16 | 684.82 files/sec
[2026-05-15 15:32:36]     Progress 700/1000 files ( 70.0%) | masked=465, sdc=219, crash/hang=16 | 677.83 files/sec
[2026-05-15 15:32:36]     Progress 800/1000 files ( 80.0%) | masked=533, sdc=250, crash/hang=17 | 661.44 files/sec
[2026-05-15 15:32:36]     Progress 900/1000 files ( 90.0%) | masked=603, sdc=280, crash/hang=17 | 664.33 files/sec
[2026-05-15 15:32:36]     Progress 1000/1000 files (100.0%) | masked=674, sdc=306, crash/hang=20 | 663.62 files/sec
[2026-05-15 15:32:36]     Done folder: total=1000, masked=674, sdc=306, crash/hang=20
[2026-05-15 15:32:36]     CSV row written for leader-gvn/exec_dijkstra_small_gvn_gvn | masked_rate=0.674000, sdc_rate=0.306000, crash_rate=0.020000
[2026-05-15 15:32:36] ================================================================================
[2026-05-15 15:32:36] [  15/110 |  13.6%] Processing leader-gvn/exec_dijkstra_small_gvn_inline
[2026-05-15 15:32:36]     FI folder : /projects/lyang28/rmengle/program_outputs/paired/dijkstra_small_outputs/leader-gvn/exec_dijkstra_small_gvn_inline
[2026-05-15 15:32:36]     Timing    : /projects/lyang28/rmengle/execution_times/paired/dijkstra_small_outputs/leader-gvn/exec_dijkstra_small_gvn_inline.txt FOUND
[2026-05-15 15:32:37]     Found 1000 run files
[2026-05-15 15:32:37]     Progress 100/1000 files ( 10.0%) | masked=77, sdc=23, crash/hang=0 | 698.88 files/sec
[2026-05-15 15:32:37]     Progress 200/1000 files ( 20.0%) | masked=151, sdc=49, crash/hang=0 | 698.05 files/sec
[2026-05-15 15:32:37]     Progress 300/1000 files ( 30.0%) | masked=212, sdc=86, crash/hang=2 | 689.57 files/sec
[2026-05-15 15:32:37]     Progress 400/1000 files ( 40.0%) | masked=281, sdc=114, crash/hang=5 | 685.89 files/sec
[2026-05-15 15:32:37]     Progress 500/1000 files ( 50.0%) | masked=358, sdc=136, crash/hang=6 | 682.33 files/sec
[2026-05-15 15:32:38]     Progress 600/1000 files ( 60.0%) | masked=427, sdc=164, crash/hang=9 | 682.72 files/sec
[2026-05-15 15:32:38]     Progress 700/1000 files ( 70.0%) | masked=494, sdc=193, crash/hang=13 | 679.62 files/sec
[2026-05-15 15:32:38]     Progress 800/1000 files ( 80.0%) | masked=557, sdc=229, crash/hang=14 | 672.28 files/sec
[2026-05-15 15:32:38]     Progress 900/1000 files ( 90.0%) | masked=622, sdc=262, crash/hang=16 | 674.12 files/sec
[2026-05-15 15:32:38]     Progress 1000/1000 files (100.0%) | masked=684, sdc=297, crash/hang=19 | 672.61 files/sec
[2026-05-15 15:32:38]     Done folder: total=1000, masked=684, sdc=297, crash/hang=19
[2026-05-15 15:32:38]     CSV row written for leader-gvn/exec_dijkstra_small_gvn_inline | masked_rate=0.684000, sdc_rate=0.297000, crash_rate=0.019000
[2026-05-15 15:32:38] ================================================================================
[2026-05-15 15:32:38] [  16/110 |  14.5%] Processing leader-gvn/exec_dijkstra_small_gvn_instcombine
[2026-05-15 15:32:38]     FI folder : /projects/lyang28/rmengle/program_outputs/paired/dijkstra_small_outputs/leader-gvn/exec_dijkstra_small_gvn_instcombine
[2026-05-15 15:32:38]     Timing    : /projects/lyang28/rmengle/execution_times/paired/dijkstra_small_outputs/leader-gvn/exec_dijkstra_small_gvn_instcombine.txt FOUND
[2026-05-15 15:32:39]     Found 1000 run files
[2026-05-15 15:32:39]     Progress 100/1000 files ( 10.0%) | masked=67, sdc=31, crash/hang=2 | 616.00 files/sec
[2026-05-15 15:32:39]     Progress 200/1000 files ( 20.0%) | masked=132, sdc=63, crash/hang=5 | 530.21 files/sec
[2026-05-15 15:32:39]     Progress 300/1000 files ( 30.0%) | masked=200, sdc=94, crash/hang=6 | 510.84 files/sec
[2026-05-15 15:32:39]     Progress 400/1000 files ( 40.0%) | masked=266, sdc=128, crash/hang=6 | 526.05 files/sec
[2026-05-15 15:32:39]     Progress 500/1000 files ( 50.0%) | masked=343, sdc=151, crash/hang=6 | 546.70 files/sec
[2026-05-15 15:32:40]     Progress 600/1000 files ( 60.0%) | masked=413, sdc=180, crash/hang=7 | 543.59 files/sec
[2026-05-15 15:32:40]     Progress 700/1000 files ( 70.0%) | masked=480, sdc=212, crash/hang=8 | 553.22 files/sec
[2026-05-15 15:32:40]     Progress 800/1000 files ( 80.0%) | masked=539, sdc=251, crash/hang=10 | 555.69 files/sec
[2026-05-15 15:32:40]     Progress 900/1000 files ( 90.0%) | masked=604, sdc=285, crash/hang=11 | 554.75 files/sec
[2026-05-15 15:32:40]     Progress 1000/1000 files (100.0%) | masked=672, sdc=314, crash/hang=14 | 558.49 files/sec
[2026-05-15 15:32:40]     Done folder: total=1000, masked=672, sdc=314, crash/hang=14
[2026-05-15 15:32:40]     CSV row written for leader-gvn/exec_dijkstra_small_gvn_instcombine | masked_rate=0.672000, sdc_rate=0.314000, crash_rate=0.014000
[2026-05-15 15:32:40] ================================================================================
[2026-05-15 15:32:40] [  17/110 |  15.5%] Processing leader-gvn/exec_dijkstra_small_gvn_ipsccp
[2026-05-15 15:32:40]     FI folder : /projects/lyang28/rmengle/program_outputs/paired/dijkstra_small_outputs/leader-gvn/exec_dijkstra_small_gvn_ipsccp
[2026-05-15 15:32:40]     Timing    : /projects/lyang28/rmengle/execution_times/paired/dijkstra_small_outputs/leader-gvn/exec_dijkstra_small_gvn_ipsccp.txt FOUND
[2026-05-15 15:32:41]     Found 1000 run files
[2026-05-15 15:32:41]     Progress 100/1000 files ( 10.0%) | masked=68, sdc=28, crash/hang=4 | 622.38 files/sec
[2026-05-15 15:32:41]     Progress 200/1000 files ( 20.0%) | masked=138, sdc=55, crash/hang=7 | 589.55 files/sec
[2026-05-15 15:32:41]     Progress 300/1000 files ( 30.0%) | masked=206, sdc=83, crash/hang=11 | 596.37 files/sec
[2026-05-15 15:32:41]     Progress 400/1000 files ( 40.0%) | masked=269, sdc=117, crash/hang=14 | 610.58 files/sec
[2026-05-15 15:32:42]     Progress 500/1000 files ( 50.0%) | masked=336, sdc=147, crash/hang=17 | 599.30 files/sec
[2026-05-15 15:32:42]     Progress 600/1000 files ( 60.0%) | masked=401, sdc=179, crash/hang=20 | 602.18 files/sec
[2026-05-15 15:32:42]     Progress 700/1000 files ( 70.0%) | masked=468, sdc=210, crash/hang=22 | 599.04 files/sec
[2026-05-15 15:32:42]     Progress 800/1000 files ( 80.0%) | masked=542, sdc=235, crash/hang=23 | 590.06 files/sec
[2026-05-15 15:32:42]     Progress 900/1000 files ( 90.0%) | masked=601, sdc=274, crash/hang=25 | 581.53 files/sec
[2026-05-15 15:32:42]     Progress 1000/1000 files (100.0%) | masked=673, sdc=300, crash/hang=27 | 583.66 files/sec
[2026-05-15 15:32:42]     Done folder: total=1000, masked=673, sdc=300, crash/hang=27
[2026-05-15 15:32:42]     CSV row written for leader-gvn/exec_dijkstra_small_gvn_ipsccp | masked_rate=0.673000, sdc_rate=0.300000, crash_rate=0.027000
[2026-05-15 15:32:42] ================================================================================
[2026-05-15 15:32:42] [  18/110 |  16.4%] Processing leader-gvn/exec_dijkstra_small_gvn_licm
[2026-05-15 15:32:42]     FI folder : /projects/lyang28/rmengle/program_outputs/paired/dijkstra_small_outputs/leader-gvn/exec_dijkstra_small_gvn_licm
[2026-05-15 15:32:42]     Timing    : /projects/lyang28/rmengle/execution_times/paired/dijkstra_small_outputs/leader-gvn/exec_dijkstra_small_gvn_licm.txt FOUND
[2026-05-15 15:32:43]     Found 1000 run files
[2026-05-15 15:32:43]     Progress 100/1000 files ( 10.0%) | masked=73, sdc=26, crash/hang=1 | 702.61 files/sec
[2026-05-15 15:32:43]     Progress 200/1000 files ( 20.0%) | masked=149, sdc=45, crash/hang=6 | 707.19 files/sec
[2026-05-15 15:32:43]     Progress 300/1000 files ( 30.0%) | masked=225, sdc=68, crash/hang=7 | 708.59 files/sec
[2026-05-15 15:32:43]     Progress 400/1000 files ( 40.0%) | masked=296, sdc=93, crash/hang=11 | 703.12 files/sec
[2026-05-15 15:32:44]     Progress 500/1000 files ( 50.0%) | masked=368, sdc=119, crash/hang=13 | 699.52 files/sec
[2026-05-15 15:32:44]     Progress 600/1000 files ( 60.0%) | masked=436, sdc=151, crash/hang=13 | 686.45 files/sec
[2026-05-15 15:32:44]     Progress 700/1000 files ( 70.0%) | masked=503, sdc=183, crash/hang=14 | 685.47 files/sec
[2026-05-15 15:32:44]     Progress 800/1000 files ( 80.0%) | masked=570, sdc=214, crash/hang=16 | 681.86 files/sec
[2026-05-15 15:32:44]     Progress 900/1000 files ( 90.0%) | masked=648, sdc=234, crash/hang=18 | 681.42 files/sec
[2026-05-15 15:32:44]     Progress 1000/1000 files (100.0%) | masked=716, sdc=263, crash/hang=21 | 682.64 files/sec
[2026-05-15 15:32:44]     Done folder: total=1000, masked=716, sdc=263, crash/hang=21
[2026-05-15 15:32:44]     CSV row written for leader-gvn/exec_dijkstra_small_gvn_licm | masked_rate=0.716000, sdc_rate=0.263000, crash_rate=0.021000
[2026-05-15 15:32:44] ================================================================================
[2026-05-15 15:32:44] [  19/110 |  17.3%] Processing leader-gvn/exec_dijkstra_small_gvn_loop-reduce
[2026-05-15 15:32:44]     FI folder : /projects/lyang28/rmengle/program_outputs/paired/dijkstra_small_outputs/leader-gvn/exec_dijkstra_small_gvn_loop-reduce
[2026-05-15 15:32:44]     Timing    : /projects/lyang28/rmengle/execution_times/paired/dijkstra_small_outputs/leader-gvn/exec_dijkstra_small_gvn_loop-reduce.txt FOUND
[2026-05-15 15:32:45]     Found 1000 run files
[2026-05-15 15:32:45]     Progress 100/1000 files ( 10.0%) | masked=68, sdc=29, crash/hang=3 | 694.36 files/sec
[2026-05-15 15:32:45]     Progress 200/1000 files ( 20.0%) | masked=142, sdc=55, crash/hang=3 | 672.59 files/sec
[2026-05-15 15:32:45]     Progress 300/1000 files ( 30.0%) | masked=218, sdc=79, crash/hang=3 | 670.09 files/sec
[2026-05-15 15:32:45]     Progress 400/1000 files ( 40.0%) | masked=288, sdc=109, crash/hang=3 | 674.38 files/sec
[2026-05-15 15:32:45]     Progress 500/1000 files ( 50.0%) | masked=360, sdc=134, crash/hang=6 | 677.68 files/sec
[2026-05-15 15:32:45]     Progress 600/1000 files ( 60.0%) | masked=439, sdc=154, crash/hang=7 | 682.99 files/sec
[2026-05-15 15:32:46]     Progress 700/1000 files ( 70.0%) | masked=511, sdc=180, crash/hang=9 | 686.89 files/sec
[2026-05-15 15:32:46]     Progress 800/1000 files ( 80.0%) | masked=579, sdc=210, crash/hang=11 | 685.71 files/sec
[2026-05-15 15:32:46]     Progress 900/1000 files ( 90.0%) | masked=650, sdc=237, crash/hang=13 | 687.24 files/sec
[2026-05-15 15:32:46]     Progress 1000/1000 files (100.0%) | masked=723, sdc=263, crash/hang=14 | 688.73 files/sec
[2026-05-15 15:32:46]     Done folder: total=1000, masked=723, sdc=263, crash/hang=14
[2026-05-15 15:32:46]     CSV row written for leader-gvn/exec_dijkstra_small_gvn_loop-reduce | masked_rate=0.723000, sdc_rate=0.263000, crash_rate=0.014000
[2026-05-15 15:32:46] ================================================================================
[2026-05-15 15:32:46] [  20/110 |  18.2%] Processing leader-gvn/exec_dijkstra_small_gvn_loop-unroll
[2026-05-15 15:32:46]     FI folder : /projects/lyang28/rmengle/program_outputs/paired/dijkstra_small_outputs/leader-gvn/exec_dijkstra_small_gvn_loop-unroll
[2026-05-15 15:32:46]     Timing    : /projects/lyang28/rmengle/execution_times/paired/dijkstra_small_outputs/leader-gvn/exec_dijkstra_small_gvn_loop-unroll.txt FOUND
[2026-05-15 15:32:46]     Found 1000 run files
[2026-05-15 15:32:47]     Progress 100/1000 files ( 10.0%) | masked=68, sdc=29, crash/hang=3 | 701.49 files/sec
[2026-05-15 15:32:47]     Progress 200/1000 files ( 20.0%) | masked=140, sdc=57, crash/hang=3 | 710.64 files/sec
[2026-05-15 15:32:47]     Progress 300/1000 files ( 30.0%) | masked=210, sdc=85, crash/hang=5 | 714.29 files/sec
[2026-05-15 15:32:47]     Progress 400/1000 files ( 40.0%) | masked=280, sdc=112, crash/hang=8 | 703.77 files/sec
[2026-05-15 15:32:47]     Progress 500/1000 files ( 50.0%) | masked=341, sdc=148, crash/hang=11 | 695.17 files/sec
[2026-05-15 15:32:47]     Progress 600/1000 files ( 60.0%) | masked=406, sdc=181, crash/hang=13 | 684.81 files/sec
[2026-05-15 15:32:47]     Progress 700/1000 files ( 70.0%) | masked=474, sdc=210, crash/hang=16 | 673.55 files/sec
[2026-05-15 15:32:48]     Progress 800/1000 files ( 80.0%) | masked=542, sdc=239, crash/hang=19 | 667.15 files/sec
[2026-05-15 15:32:48]     Progress 900/1000 files ( 90.0%) | masked=609, sdc=269, crash/hang=22 | 662.82 files/sec
[2026-05-15 15:32:48]     Progress 1000/1000 files (100.0%) | masked=671, sdc=306, crash/hang=23 | 663.87 files/sec
[2026-05-15 15:32:48]     Done folder: total=1000, masked=671, sdc=306, crash/hang=23
[2026-05-15 15:32:48]     CSV row written for leader-gvn/exec_dijkstra_small_gvn_loop-unroll | masked_rate=0.671000, sdc_rate=0.306000, crash_rate=0.023000
[2026-05-15 15:32:48] ================================================================================
[2026-05-15 15:32:48] [  21/110 |  19.1%] Processing leader-gvn/exec_dijkstra_small_gvn_sccp
[2026-05-15 15:32:48]     FI folder : /projects/lyang28/rmengle/program_outputs/paired/dijkstra_small_outputs/leader-gvn/exec_dijkstra_small_gvn_sccp
[2026-05-15 15:32:48]     Timing    : /projects/lyang28/rmengle/execution_times/paired/dijkstra_small_outputs/leader-gvn/exec_dijkstra_small_gvn_sccp.txt FOUND
[2026-05-15 15:32:48]     Found 1000 run files
[2026-05-15 15:32:48]     Progress 100/1000 files ( 10.0%) | masked=65, sdc=34, crash/hang=1 | 698.24 files/sec
[2026-05-15 15:32:49]     Progress 200/1000 files ( 20.0%) | masked=139, sdc=57, crash/hang=4 | 690.00 files/sec
[2026-05-15 15:32:49]     Progress 300/1000 files ( 30.0%) | masked=207, sdc=85, crash/hang=8 | 664.04 files/sec
[2026-05-15 15:32:49]     Progress 400/1000 files ( 40.0%) | masked=268, sdc=121, crash/hang=11 | 646.39 files/sec
[2026-05-15 15:32:49]     Progress 500/1000 files ( 50.0%) | masked=337, sdc=151, crash/hang=12 | 650.21 files/sec
[2026-05-15 15:32:49]     Progress 600/1000 files ( 60.0%) | masked=404, sdc=183, crash/hang=13 | 650.55 files/sec
[2026-05-15 15:32:49]     Progress 700/1000 files ( 70.0%) | masked=474, sdc=210, crash/hang=16 | 656.47 files/sec
[2026-05-15 15:32:49]     Progress 800/1000 files ( 80.0%) | masked=550, sdc=231, crash/hang=19 | 662.11 files/sec
[2026-05-15 15:32:50]     Progress 900/1000 files ( 90.0%) | masked=619, sdc=259, crash/hang=22 | 661.67 files/sec
[2026-05-15 15:32:50]     Progress 1000/1000 files (100.0%) | masked=686, sdc=290, crash/hang=24 | 653.43 files/sec
[2026-05-15 15:32:50]     Done folder: total=1000, masked=686, sdc=290, crash/hang=24
[2026-05-15 15:32:50]     CSV row written for leader-gvn/exec_dijkstra_small_gvn_sccp | masked_rate=0.686000, sdc_rate=0.290000, crash_rate=0.024000
[2026-05-15 15:32:50] ================================================================================
[2026-05-15 15:32:50] [  22/110 |  20.0%] Processing leader-gvn/exec_dijkstra_small_gvn_simple-loop-unswitch
[2026-05-15 15:32:50]     FI folder : /projects/lyang28/rmengle/program_outputs/paired/dijkstra_small_outputs/leader-gvn/exec_dijkstra_small_gvn_simple-loop-unswitch
[2026-05-15 15:32:50]     Timing    : /projects/lyang28/rmengle/execution_times/paired/dijkstra_small_outputs/leader-gvn/exec_dijkstra_small_gvn_simple-loop-unswitch.txt FOUND
[2026-05-15 15:32:50]     Found 1000 run files
[2026-05-15 15:32:50]     Progress 100/1000 files ( 10.0%) | masked=69, sdc=28, crash/hang=3 | 663.39 files/sec
[2026-05-15 15:32:50]     Progress 200/1000 files ( 20.0%) | masked=144, sdc=50, crash/hang=6 | 559.75 files/sec
[2026-05-15 15:32:51]     Progress 300/1000 files ( 30.0%) | masked=214, sdc=77, crash/hang=9 | 572.98 files/sec
[2026-05-15 15:32:51]     Progress 400/1000 files ( 40.0%) | masked=285, sdc=105, crash/hang=10 | 592.85 files/sec
[2026-05-15 15:32:51]     Progress 500/1000 files ( 50.0%) | masked=364, sdc=125, crash/hang=11 | 602.99 files/sec
[2026-05-15 15:32:51]     Progress 600/1000 files ( 60.0%) | masked=425, sdc=164, crash/hang=11 | 601.42 files/sec
[2026-05-15 15:32:51]     Progress 700/1000 files ( 70.0%) | masked=497, sdc=192, crash/hang=11 | 599.70 files/sec
[2026-05-15 15:32:51]     Progress 800/1000 files ( 80.0%) | masked=574, sdc=212, crash/hang=14 | 609.77 files/sec
[2026-05-15 15:32:52]     Progress 900/1000 files ( 90.0%) | masked=644, sdc=240, crash/hang=16 | 618.19 files/sec
[2026-05-15 15:32:52]     Progress 1000/1000 files (100.0%) | masked=710, sdc=273, crash/hang=17 | 624.17 files/sec
[2026-05-15 15:32:52]     Done folder: total=1000, masked=710, sdc=273, crash/hang=17
[2026-05-15 15:32:52]     CSV row written for leader-gvn/exec_dijkstra_small_gvn_simple-loop-unswitch | masked_rate=0.710000, sdc_rate=0.273000, crash_rate=0.017000
[2026-05-15 15:32:52] ================================================================================
[2026-05-15 15:32:52] [  23/110 |  20.9%] Processing leader-inline/exec_dijkstra_small_inline
[2026-05-15 15:32:52]     FI folder : /projects/lyang28/rmengle/program_outputs/paired/dijkstra_small_outputs/leader-inline/exec_dijkstra_small_inline
[2026-05-15 15:32:52]     Timing    : /projects/lyang28/rmengle/execution_times/paired/dijkstra_small_outputs/leader-inline/exec_dijkstra_small_inline.txt FOUND
[2026-05-15 15:32:52]     Found 1000 run files
[2026-05-15 15:32:52]     Progress 100/1000 files ( 10.0%) | masked=44, sdc=54, crash/hang=2 | 645.73 files/sec
[2026-05-15 15:32:52]     Progress 200/1000 files ( 20.0%) | masked=102, sdc=92, crash/hang=6 | 649.67 files/sec
[2026-05-15 15:32:53]     Progress 300/1000 files ( 30.0%) | masked=158, sdc=135, crash/hang=7 | 641.35 files/sec
[2026-05-15 15:32:53]     Progress 400/1000 files ( 40.0%) | masked=211, sdc=180, crash/hang=9 | 642.93 files/sec
[2026-05-15 15:32:53]     Progress 500/1000 files ( 50.0%) | masked=266, sdc=222, crash/hang=12 | 642.93 files/sec
[2026-05-15 15:32:53]     Progress 600/1000 files ( 60.0%) | masked=314, sdc=268, crash/hang=18 | 643.82 files/sec
[2026-05-15 15:32:53]     Progress 700/1000 files ( 70.0%) | masked=363, sdc=315, crash/hang=22 | 645.49 files/sec
[2026-05-15 15:32:53]     Progress 800/1000 files ( 80.0%) | masked=411, sdc=366, crash/hang=23 | 648.00 files/sec
[2026-05-15 15:32:53]     Progress 900/1000 files ( 90.0%) | masked=475, sdc=398, crash/hang=27 | 652.12 files/sec
[2026-05-15 15:32:54]     Progress 1000/1000 files (100.0%) | masked=527, sdc=443, crash/hang=30 | 654.57 files/sec
[2026-05-15 15:32:54]     Done folder: total=1000, masked=527, sdc=443, crash/hang=30
[2026-05-15 15:32:54]     CSV row written for leader-inline/exec_dijkstra_small_inline | masked_rate=0.527000, sdc_rate=0.443000, crash_rate=0.030000
[2026-05-15 15:32:54] ================================================================================
[2026-05-15 15:32:54] [  24/110 |  21.8%] Processing leader-inline/exec_dijkstra_small_inline_early-cse
[2026-05-15 15:32:54]     FI folder : /projects/lyang28/rmengle/program_outputs/paired/dijkstra_small_outputs/leader-inline/exec_dijkstra_small_inline_early-cse
[2026-05-15 15:32:54]     Timing    : /projects/lyang28/rmengle/execution_times/paired/dijkstra_small_outputs/leader-inline/exec_dijkstra_small_inline_early-cse.txt FOUND
[2026-05-15 15:32:54]     Found 1000 run files
[2026-05-15 15:32:54]     Progress 100/1000 files ( 10.0%) | masked=61, sdc=36, crash/hang=3 | 669.52 files/sec
[2026-05-15 15:32:54]     Progress 200/1000 files ( 20.0%) | masked=113, sdc=79, crash/hang=8 | 664.61 files/sec
[2026-05-15 15:32:54]     Progress 300/1000 files ( 30.0%) | masked=170, sdc=118, crash/hang=12 | 664.22 files/sec
[2026-05-15 15:32:54]     Progress 400/1000 files ( 40.0%) | masked=239, sdc=148, crash/hang=13 | 668.75 files/sec
[2026-05-15 15:32:55]     Progress 500/1000 files ( 50.0%) | masked=299, sdc=184, crash/hang=17 | 650.99 files/sec
[2026-05-15 15:32:55]     Progress 600/1000 files ( 60.0%) | masked=370, sdc=210, crash/hang=20 | 651.15 files/sec
[2026-05-15 15:32:55]     Progress 700/1000 files ( 70.0%) | masked=439, sdc=239, crash/hang=22 | 648.42 files/sec
[2026-05-15 15:32:55]     Progress 800/1000 files ( 80.0%) | masked=502, sdc=272, crash/hang=26 | 653.17 files/sec
[2026-05-15 15:32:55]     Progress 900/1000 files ( 90.0%) | masked=562, sdc=311, crash/hang=27 | 654.05 files/sec
[2026-05-15 15:32:55]     Progress 1000/1000 files (100.0%) | masked=624, sdc=345, crash/hang=31 | 654.44 files/sec
[2026-05-15 15:32:55]     Done folder: total=1000, masked=624, sdc=345, crash/hang=31
[2026-05-15 15:32:55]     CSV row written for leader-inline/exec_dijkstra_small_inline_early-cse | masked_rate=0.624000, sdc_rate=0.345000, crash_rate=0.031000
[2026-05-15 15:32:55] ================================================================================
[2026-05-15 15:32:55] [  25/110 |  22.7%] Processing leader-inline/exec_dijkstra_small_inline_gvn
[2026-05-15 15:32:55]     FI folder : /projects/lyang28/rmengle/program_outputs/paired/dijkstra_small_outputs/leader-inline/exec_dijkstra_small_inline_gvn
[2026-05-15 15:32:55]     Timing    : /projects/lyang28/rmengle/execution_times/paired/dijkstra_small_outputs/leader-inline/exec_dijkstra_small_inline_gvn.txt FOUND
[2026-05-15 15:32:56]     Found 1000 run files
[2026-05-15 15:32:56]     Progress 100/1000 files ( 10.0%) | masked=68, sdc=30, crash/hang=2 | 685.11 files/sec
[2026-05-15 15:32:56]     Progress 200/1000 files ( 20.0%) | masked=132, sdc=66, crash/hang=2 | 658.20 files/sec
[2026-05-15 15:32:56]     Progress 300/1000 files ( 30.0%) | masked=193, sdc=103, crash/hang=4 | 647.62 files/sec
[2026-05-15 15:32:56]     Progress 400/1000 files ( 40.0%) | masked=264, sdc=131, crash/hang=5 | 653.03 files/sec
[2026-05-15 15:32:57]     Progress 500/1000 files ( 50.0%) | masked=332, sdc=162, crash/hang=6 | 662.55 files/sec
[2026-05-15 15:32:57]     Progress 600/1000 files ( 60.0%) | masked=404, sdc=190, crash/hang=6 | 664.32 files/sec
[2026-05-15 15:32:57]     Progress 700/1000 files ( 70.0%) | masked=476, sdc=217, crash/hang=7 | 669.53 files/sec
[2026-05-15 15:32:57]     Progress 800/1000 files ( 80.0%) | masked=538, sdc=251, crash/hang=11 | 667.30 files/sec
[2026-05-15 15:32:57]     Progress 900/1000 files ( 90.0%) | masked=604, sdc=282, crash/hang=14 | 667.55 files/sec
[2026-05-15 15:32:57]     Progress 1000/1000 files (100.0%) | masked=671, sdc=311, crash/hang=18 | 665.43 files/sec
[2026-05-15 15:32:57]     Done folder: total=1000, masked=671, sdc=311, crash/hang=18
[2026-05-15 15:32:57]     CSV row written for leader-inline/exec_dijkstra_small_inline_gvn | masked_rate=0.671000, sdc_rate=0.311000, crash_rate=0.018000
[2026-05-15 15:32:57] ================================================================================
[2026-05-15 15:32:57] [  26/110 |  23.6%] Processing leader-inline/exec_dijkstra_small_inline_inline
[2026-05-15 15:32:57]     FI folder : /projects/lyang28/rmengle/program_outputs/paired/dijkstra_small_outputs/leader-inline/exec_dijkstra_small_inline_inline
[2026-05-15 15:32:57]     Timing    : /projects/lyang28/rmengle/execution_times/paired/dijkstra_small_outputs/leader-inline/exec_dijkstra_small_inline_inline.txt FOUND
[2026-05-15 15:32:58]     Found 1000 run files
[2026-05-15 15:32:58]     Progress 100/1000 files ( 10.0%) | masked=50, sdc=48, crash/hang=2 | 637.72 files/sec
[2026-05-15 15:32:58]     Progress 200/1000 files ( 20.0%) | masked=106, sdc=90, crash/hang=4 | 653.20 files/sec
[2026-05-15 15:32:58]     Progress 300/1000 files ( 30.0%) | masked=156, sdc=135, crash/hang=9 | 657.91 files/sec
[2026-05-15 15:32:58]     Progress 400/1000 files ( 40.0%) | masked=202, sdc=182, crash/hang=16 | 655.45 files/sec
[2026-05-15 15:32:58]     Progress 500/1000 files ( 50.0%) | masked=259, sdc=222, crash/hang=19 | 648.05 files/sec
[2026-05-15 15:32:59]     Progress 600/1000 files ( 60.0%) | masked=315, sdc=265, crash/hang=20 | 639.97 files/sec
[2026-05-15 15:32:59]     Progress 700/1000 files ( 70.0%) | masked=365, sdc=313, crash/hang=22 | 635.98 files/sec
[2026-05-15 15:32:59]     Progress 800/1000 files ( 80.0%) | masked=416, sdc=358, crash/hang=26 | 636.28 files/sec
[2026-05-15 15:32:59]     Progress 900/1000 files ( 90.0%) | masked=472, sdc=399, crash/hang=29 | 637.08 files/sec
[2026-05-15 15:32:59]     Progress 1000/1000 files (100.0%) | masked=524, sdc=443, crash/hang=33 | 639.05 files/sec
[2026-05-15 15:32:59]     Done folder: total=1000, masked=524, sdc=443, crash/hang=33
[2026-05-15 15:32:59]     CSV row written for leader-inline/exec_dijkstra_small_inline_inline | masked_rate=0.524000, sdc_rate=0.443000, crash_rate=0.033000
[2026-05-15 15:32:59] ================================================================================
[2026-05-15 15:32:59] [  27/110 |  24.5%] Processing leader-inline/exec_dijkstra_small_inline_instcombine
[2026-05-15 15:32:59]     FI folder : /projects/lyang28/rmengle/program_outputs/paired/dijkstra_small_outputs/leader-inline/exec_dijkstra_small_inline_instcombine
[2026-05-15 15:32:59]     Timing    : /projects/lyang28/rmengle/execution_times/paired/dijkstra_small_outputs/leader-inline/exec_dijkstra_small_inline_instcombine.txt FOUND
[2026-05-15 15:33:00]     Found 1000 run files
[2026-05-15 15:33:00]     Progress 100/1000 files ( 10.0%) | masked=49, sdc=50, crash/hang=1 | 650.83 files/sec
[2026-05-15 15:33:00]     Progress 200/1000 files ( 20.0%) | masked=102, sdc=94, crash/hang=4 | 612.90 files/sec
[2026-05-15 15:33:00]     Progress 300/1000 files ( 30.0%) | masked=165, sdc=131, crash/hang=4 | 617.62 files/sec
[2026-05-15 15:33:00]     Progress 400/1000 files ( 40.0%) | masked=215, sdc=177, crash/hang=8 | 620.57 files/sec
[2026-05-15 15:33:00]     Progress 500/1000 files ( 50.0%) | masked=263, sdc=224, crash/hang=13 | 614.80 files/sec
[2026-05-15 15:33:01]     Progress 600/1000 files ( 60.0%) | masked=319, sdc=264, crash/hang=17 | 614.88 files/sec
[2026-05-15 15:33:01]     Progress 700/1000 files ( 70.0%) | masked=368, sdc=314, crash/hang=18 | 610.65 files/sec
[2026-05-15 15:33:01]     Progress 800/1000 files ( 80.0%) | masked=422, sdc=360, crash/hang=18 | 610.05 files/sec
[2026-05-15 15:33:01]     Progress 900/1000 files ( 90.0%) | masked=477, sdc=402, crash/hang=21 | 610.29 files/sec
[2026-05-15 15:33:01]     Progress 1000/1000 files (100.0%) | masked=530, sdc=447, crash/hang=23 | 608.96 files/sec
[2026-05-15 15:33:01]     Done folder: total=1000, masked=530, sdc=447, crash/hang=23
[2026-05-15 15:33:01]     CSV row written for leader-inline/exec_dijkstra_small_inline_instcombine | masked_rate=0.530000, sdc_rate=0.447000, crash_rate=0.023000
[2026-05-15 15:33:01] ================================================================================
[2026-05-15 15:33:01] [  28/110 |  25.5%] Processing leader-inline/exec_dijkstra_small_inline_ipsccp
[2026-05-15 15:33:01]     FI folder : /projects/lyang28/rmengle/program_outputs/paired/dijkstra_small_outputs/leader-inline/exec_dijkstra_small_inline_ipsccp
[2026-05-15 15:33:01]     Timing    : /projects/lyang28/rmengle/execution_times/paired/dijkstra_small_outputs/leader-inline/exec_dijkstra_small_inline_ipsccp.txt FOUND
[2026-05-15 15:33:02]     Found 1000 run files
[2026-05-15 15:33:02]     Progress 100/1000 files ( 10.0%) | masked=55, sdc=44, crash/hang=1 | 596.69 files/sec
[2026-05-15 15:33:02]     Progress 200/1000 files ( 20.0%) | masked=107, sdc=88, crash/hang=5 | 595.39 files/sec
[2026-05-15 15:33:02]     Progress 300/1000 files ( 30.0%) | masked=154, sdc=137, crash/hang=9 | 601.32 files/sec
[2026-05-15 15:33:02]     Progress 400/1000 files ( 40.0%) | masked=199, sdc=188, crash/hang=13 | 600.75 files/sec
[2026-05-15 15:33:02]     Progress 500/1000 files ( 50.0%) | masked=246, sdc=240, crash/hang=14 | 600.28 files/sec
[2026-05-15 15:33:03]     Progress 600/1000 files ( 60.0%) | masked=300, sdc=284, crash/hang=16 | 608.35 files/sec
[2026-05-15 15:33:03]     Progress 700/1000 files ( 70.0%) | masked=361, sdc=321, crash/hang=18 | 612.98 files/sec
[2026-05-15 15:33:03]     Progress 800/1000 files ( 80.0%) | masked=417, sdc=364, crash/hang=19 | 612.00 files/sec
[2026-05-15 15:33:03]     Progress 900/1000 files ( 90.0%) | masked=467, sdc=410, crash/hang=23 | 613.84 files/sec
[2026-05-15 15:33:03]     Progress 1000/1000 files (100.0%) | masked=520, sdc=456, crash/hang=24 | 613.96 files/sec
[2026-05-15 15:33:03]     Done folder: total=1000, masked=520, sdc=456, crash/hang=24
[2026-05-15 15:33:03]     CSV row written for leader-inline/exec_dijkstra_small_inline_ipsccp | masked_rate=0.520000, sdc_rate=0.456000, crash_rate=0.024000
[2026-05-15 15:33:03] ================================================================================
[2026-05-15 15:33:03] [  29/110 |  26.4%] Processing leader-inline/exec_dijkstra_small_inline_licm
[2026-05-15 15:33:03]     FI folder : /projects/lyang28/rmengle/program_outputs/paired/dijkstra_small_outputs/leader-inline/exec_dijkstra_small_inline_licm
[2026-05-15 15:33:03]     Timing    : /projects/lyang28/rmengle/execution_times/paired/dijkstra_small_outputs/leader-inline/exec_dijkstra_small_inline_licm.txt FOUND
[2026-05-15 15:33:03]     Found 1000 run files
[2026-05-15 15:33:04]     Progress 100/1000 files ( 10.0%) | masked=55, sdc=42, crash/hang=3 | 655.53 files/sec
[2026-05-15 15:33:04]     Progress 200/1000 files ( 20.0%) | masked=113, sdc=82, crash/hang=5 | 648.38 files/sec
[2026-05-15 15:33:04]     Progress 300/1000 files ( 30.0%) | masked=166, sdc=128, crash/hang=6 | 644.68 files/sec
[2026-05-15 15:33:04]     Progress 400/1000 files ( 40.0%) | masked=220, sdc=172, crash/hang=8 | 646.41 files/sec
[2026-05-15 15:33:04]     Progress 500/1000 files ( 50.0%) | masked=281, sdc=209, crash/hang=10 | 643.48 files/sec
[2026-05-15 15:33:04]     Progress 600/1000 files ( 60.0%) | masked=344, sdc=244, crash/hang=12 | 641.96 files/sec
[2026-05-15 15:33:05]     Progress 700/1000 files ( 70.0%) | masked=401, sdc=283, crash/hang=16 | 644.10 files/sec
[2026-05-15 15:33:05]     Progress 800/1000 files ( 80.0%) | masked=456, sdc=324, crash/hang=20 | 645.19 files/sec
[2026-05-15 15:33:05]     Progress 900/1000 files ( 90.0%) | masked=515, sdc=363, crash/hang=22 | 645.71 files/sec
[2026-05-15 15:33:05]     Progress 1000/1000 files (100.0%) | masked=563, sdc=414, crash/hang=23 | 646.79 files/sec
[2026-05-15 15:33:05]     Done folder: total=1000, masked=563, sdc=414, crash/hang=23
[2026-05-15 15:33:05]     CSV row written for leader-inline/exec_dijkstra_small_inline_licm | masked_rate=0.563000, sdc_rate=0.414000, crash_rate=0.023000
[2026-05-15 15:33:05] ================================================================================
[2026-05-15 15:33:05] [  30/110 |  27.3%] Processing leader-inline/exec_dijkstra_small_inline_loop-reduce
[2026-05-15 15:33:05]     FI folder : /projects/lyang28/rmengle/program_outputs/paired/dijkstra_small_outputs/leader-inline/exec_dijkstra_small_inline_loop-reduce
[2026-05-15 15:33:05]     Timing    : /projects/lyang28/rmengle/execution_times/paired/dijkstra_small_outputs/leader-inline/exec_dijkstra_small_inline_loop-reduce.txt FOUND
[2026-05-15 15:33:05]     Found 1000 run files
[2026-05-15 15:33:06]     Progress 100/1000 files ( 10.0%) | masked=47, sdc=50, crash/hang=3 | 597.72 files/sec
[2026-05-15 15:33:06]     Progress 200/1000 files ( 20.0%) | masked=104, sdc=91, crash/hang=5 | 616.73 files/sec
[2026-05-15 15:33:06]     Progress 300/1000 files ( 30.0%) | masked=159, sdc=132, crash/hang=9 | 620.93 files/sec
[2026-05-15 15:33:06]     Progress 400/1000 files ( 40.0%) | masked=220, sdc=168, crash/hang=12 | 620.70 files/sec
[2026-05-15 15:33:06]     Progress 500/1000 files ( 50.0%) | masked=262, sdc=224, crash/hang=14 | 605.20 files/sec
[2026-05-15 15:33:06]     Progress 600/1000 files ( 60.0%) | masked=301, sdc=279, crash/hang=20 | 608.21 files/sec
[2026-05-15 15:33:07]     Progress 700/1000 files ( 70.0%) | masked=342, sdc=332, crash/hang=26 | 602.37 files/sec
[2026-05-15 15:33:07]     Progress 800/1000 files ( 80.0%) | masked=392, sdc=379, crash/hang=29 | 591.52 files/sec
[2026-05-15 15:33:07]     Progress 900/1000 files ( 90.0%) | masked=439, sdc=430, crash/hang=31 | 584.03 files/sec
[2026-05-15 15:33:07]     Progress 1000/1000 files (100.0%) | masked=489, sdc=475, crash/hang=36 | 583.04 files/sec
[2026-05-15 15:33:07]     Done folder: total=1000, masked=489, sdc=475, crash/hang=36
[2026-05-15 15:33:07]     CSV row written for leader-inline/exec_dijkstra_small_inline_loop-reduce | masked_rate=0.489000, sdc_rate=0.475000, crash_rate=0.036000
[2026-05-15 15:33:07] ================================================================================
[2026-05-15 15:33:07] [  31/110 |  28.2%] Processing leader-inline/exec_dijkstra_small_inline_loop-unroll
[2026-05-15 15:33:07]     FI folder : /projects/lyang28/rmengle/program_outputs/paired/dijkstra_small_outputs/leader-inline/exec_dijkstra_small_inline_loop-unroll
[2026-05-15 15:33:07]     Timing    : /projects/lyang28/rmengle/execution_times/paired/dijkstra_small_outputs/leader-inline/exec_dijkstra_small_inline_loop-unroll.txt FOUND
[2026-05-15 15:33:07]     Found 1000 run files
[2026-05-15 15:33:08]     Progress 100/1000 files ( 10.0%) | masked=57, sdc=40, crash/hang=3 | 656.38 files/sec
[2026-05-15 15:33:08]     Progress 200/1000 files ( 20.0%) | masked=111, sdc=83, crash/hang=6 | 634.80 files/sec
[2026-05-15 15:33:08]     Progress 300/1000 files ( 30.0%) | masked=163, sdc=129, crash/hang=8 | 631.35 files/sec
[2026-05-15 15:33:08]     Progress 400/1000 files ( 40.0%) | masked=215, sdc=173, crash/hang=12 | 622.77 files/sec
[2026-05-15 15:33:08]     Progress 500/1000 files ( 50.0%) | masked=257, sdc=228, crash/hang=15 | 619.93 files/sec
[2026-05-15 15:33:08]     Progress 600/1000 files ( 60.0%) | masked=312, sdc=267, crash/hang=21 | 622.06 files/sec
[2026-05-15 15:33:09]     Progress 700/1000 files ( 70.0%) | masked=362, sdc=314, crash/hang=24 | 629.08 files/sec
[2026-05-15 15:33:09]     Progress 800/1000 files ( 80.0%) | masked=410, sdc=363, crash/hang=27 | 621.93 files/sec
[2026-05-15 15:33:09]     Progress 900/1000 files ( 90.0%) | masked=460, sdc=410, crash/hang=30 | 621.99 files/sec
[2026-05-15 15:33:09]     Progress 1000/1000 files (100.0%) | masked=518, sdc=449, crash/hang=33 | 624.03 files/sec
[2026-05-15 15:33:09]     Done folder: total=1000, masked=518, sdc=449, crash/hang=33
[2026-05-15 15:33:09]     CSV row written for leader-inline/exec_dijkstra_small_inline_loop-unroll | masked_rate=0.518000, sdc_rate=0.449000, crash_rate=0.033000
[2026-05-15 15:33:09] ================================================================================
[2026-05-15 15:33:09] [  32/110 |  29.1%] Processing leader-inline/exec_dijkstra_small_inline_sccp
[2026-05-15 15:33:09]     FI folder : /projects/lyang28/rmengle/program_outputs/paired/dijkstra_small_outputs/leader-inline/exec_dijkstra_small_inline_sccp
[2026-05-15 15:33:09]     Timing    : /projects/lyang28/rmengle/execution_times/paired/dijkstra_small_outputs/leader-inline/exec_dijkstra_small_inline_sccp.txt FOUND
[2026-05-15 15:33:09]     Found 1000 run files
[2026-05-15 15:33:10]     Progress 100/1000 files ( 10.0%) | masked=56, sdc=41, crash/hang=3 | 635.38 files/sec
[2026-05-15 15:33:10]     Progress 200/1000 files ( 20.0%) | masked=102, sdc=91, crash/hang=7 | 616.69 files/sec
[2026-05-15 15:33:10]     Progress 300/1000 files ( 30.0%) | masked=158, sdc=134, crash/hang=8 | 621.81 files/sec
[2026-05-15 15:33:10]     Progress 400/1000 files ( 40.0%) | masked=207, sdc=178, crash/hang=15 | 639.86 files/sec
[2026-05-15 15:33:10]     Progress 500/1000 files ( 50.0%) | masked=260, sdc=224, crash/hang=16 | 638.46 files/sec
[2026-05-15 15:33:10]     Progress 600/1000 files ( 60.0%) | masked=306, sdc=276, crash/hang=18 | 632.22 files/sec
[2026-05-15 15:33:10]     Progress 700/1000 files ( 70.0%) | masked=361, sdc=313, crash/hang=26 | 630.83 files/sec
[2026-05-15 15:33:11]     Progress 800/1000 files ( 80.0%) | masked=414, sdc=356, crash/hang=30 | 624.33 files/sec
[2026-05-15 15:33:11]     Progress 900/1000 files ( 90.0%) | masked=457, sdc=411, crash/hang=32 | 623.18 files/sec
[2026-05-15 15:33:11]     Progress 1000/1000 files (100.0%) | masked=515, sdc=450, crash/hang=35 | 621.09 files/sec
[2026-05-15 15:33:11]     Done folder: total=1000, masked=515, sdc=450, crash/hang=35
[2026-05-15 15:33:11]     CSV row written for leader-inline/exec_dijkstra_small_inline_sccp | masked_rate=0.515000, sdc_rate=0.450000, crash_rate=0.035000
[2026-05-15 15:33:11] ================================================================================
[2026-05-15 15:33:11] [  33/110 |  30.0%] Processing leader-inline/exec_dijkstra_small_inline_simple-loop-unswitch
[2026-05-15 15:33:11]     FI folder : /projects/lyang28/rmengle/program_outputs/paired/dijkstra_small_outputs/leader-inline/exec_dijkstra_small_inline_simple-loop-unswitch
[2026-05-15 15:33:11]     Timing    : /projects/lyang28/rmengle/execution_times/paired/dijkstra_small_outputs/leader-inline/exec_dijkstra_small_inline_simple-loop-unswitch.txt FOUND
[2026-05-15 15:33:11]     Found 1000 run files
[2026-05-15 15:33:11]     Progress 100/1000 files ( 10.0%) | masked=59, sdc=39, crash/hang=2 | 673.47 files/sec
[2026-05-15 15:33:12]     Progress 200/1000 files ( 20.0%) | masked=116, sdc=75, crash/hang=9 | 661.09 files/sec
[2026-05-15 15:33:12]     Progress 300/1000 files ( 30.0%) | masked=163, sdc=124, crash/hang=13 | 655.60 files/sec
[2026-05-15 15:33:12]     Progress 400/1000 files ( 40.0%) | masked=215, sdc=168, crash/hang=17 | 656.11 files/sec
[2026-05-15 15:33:12]     Progress 500/1000 files ( 50.0%) | masked=258, sdc=222, crash/hang=20 | 639.50 files/sec
[2026-05-15 15:33:12]     Progress 600/1000 files ( 60.0%) | masked=308, sdc=271, crash/hang=21 | 631.86 files/sec
[2026-05-15 15:33:12]     Progress 700/1000 files ( 70.0%) | masked=361, sdc=317, crash/hang=22 | 629.42 files/sec
[2026-05-15 15:33:13]     Progress 800/1000 files ( 80.0%) | masked=412, sdc=363, crash/hang=25 | 629.39 files/sec
[2026-05-15 15:33:13]     Progress 900/1000 files ( 90.0%) | masked=463, sdc=410, crash/hang=27 | 621.95 files/sec
[2026-05-15 15:33:13]     Progress 1000/1000 files (100.0%) | masked=513, sdc=456, crash/hang=31 | 614.52 files/sec
[2026-05-15 15:33:13]     Done folder: total=1000, masked=513, sdc=456, crash/hang=31
[2026-05-15 15:33:13]     CSV row written for leader-inline/exec_dijkstra_small_inline_simple-loop-unswitch | masked_rate=0.513000, sdc_rate=0.456000, crash_rate=0.031000
[2026-05-15 15:33:13] ================================================================================
[2026-05-15 15:33:13] [  34/110 |  30.9%] Processing leader-instcombine/exec_dijkstra_small_instcombine
[2026-05-15 15:33:13]     FI folder : /projects/lyang28/rmengle/program_outputs/paired/dijkstra_small_outputs/leader-instcombine/exec_dijkstra_small_instcombine
[2026-05-15 15:33:13]     Timing    : /projects/lyang28/rmengle/execution_times/paired/dijkstra_small_outputs/leader-instcombine/exec_dijkstra_small_instcombine.txt FOUND
[2026-05-15 15:33:13]     Found 1000 run files
[2026-05-15 15:33:13]     Progress 100/1000 files ( 10.0%) | masked=64, sdc=34, crash/hang=2 | 650.67 files/sec
[2026-05-15 15:33:14]     Progress 200/1000 files ( 20.0%) | masked=112, sdc=82, crash/hang=6 | 608.08 files/sec
[2026-05-15 15:33:14]     Progress 300/1000 files ( 30.0%) | masked=167, sdc=125, crash/hang=8 | 604.59 files/sec
[2026-05-15 15:33:14]     Progress 400/1000 files ( 40.0%) | masked=220, sdc=170, crash/hang=10 | 597.60 files/sec
[2026-05-15 15:33:14]     Progress 500/1000 files ( 50.0%) | masked=270, sdc=216, crash/hang=14 | 597.77 files/sec
[2026-05-15 15:33:14]     Progress 600/1000 files ( 60.0%) | masked=320, sdc=265, crash/hang=15 | 593.73 files/sec
[2026-05-15 15:33:14]     Progress 700/1000 files ( 70.0%) | masked=365, sdc=315, crash/hang=20 | 601.89 files/sec
[2026-05-15 15:33:15]     Progress 800/1000 files ( 80.0%) | masked=423, sdc=356, crash/hang=21 | 602.83 files/sec
[2026-05-15 15:33:15]     Progress 900/1000 files ( 90.0%) | masked=478, sdc=401, crash/hang=21 | 604.43 files/sec
[2026-05-15 15:33:15]     Progress 1000/1000 files (100.0%) | masked=529, sdc=442, crash/hang=29 | 607.12 files/sec
[2026-05-15 15:33:15]     Done folder: total=1000, masked=529, sdc=442, crash/hang=29
[2026-05-15 15:33:15]     CSV row written for leader-instcombine/exec_dijkstra_small_instcombine | masked_rate=0.529000, sdc_rate=0.442000, crash_rate=0.029000
[2026-05-15 15:33:15] ================================================================================
[2026-05-15 15:33:15] [  35/110 |  31.8%] Processing leader-instcombine/exec_dijkstra_small_instcombine_early-cse
[2026-05-15 15:33:15]     FI folder : /projects/lyang28/rmengle/program_outputs/paired/dijkstra_small_outputs/leader-instcombine/exec_dijkstra_small_instcombine_early-cse
[2026-05-15 15:33:15]     Timing    : /projects/lyang28/rmengle/execution_times/paired/dijkstra_small_outputs/leader-instcombine/exec_dijkstra_small_instcombine_early-cse.txt FOUND
[2026-05-15 15:33:15]     Found 1000 run files
[2026-05-15 15:33:16]     Progress 100/1000 files ( 10.0%) | masked=56, sdc=41, crash/hang=3 | 549.70 files/sec
[2026-05-15 15:33:16]     Progress 200/1000 files ( 20.0%) | masked=112, sdc=79, crash/hang=9 | 570.30 files/sec
[2026-05-15 15:33:16]     Progress 300/1000 files ( 30.0%) | masked=175, sdc=114, crash/hang=11 | 597.77 files/sec
[2026-05-15 15:33:16]     Progress 400/1000 files ( 40.0%) | masked=240, sdc=148, crash/hang=12 | 592.51 files/sec
[2026-05-15 15:33:16]     Progress 500/1000 files ( 50.0%) | masked=304, sdc=182, crash/hang=14 | 594.88 files/sec
[2026-05-15 15:33:16]     Progress 600/1000 files ( 60.0%) | masked=366, sdc=215, crash/hang=19 | 600.02 files/sec
[2026-05-15 15:33:17]     Progress 700/1000 files ( 70.0%) | masked=422, sdc=256, crash/hang=22 | 582.89 files/sec
[2026-05-15 15:33:17]     Progress 800/1000 files ( 80.0%) | masked=487, sdc=288, crash/hang=25 | 580.57 files/sec
[2026-05-15 15:33:17]     Progress 900/1000 files ( 90.0%) | masked=543, sdc=330, crash/hang=27 | 582.59 files/sec
[2026-05-15 15:33:17]     Progress 1000/1000 files (100.0%) | masked=600, sdc=370, crash/hang=30 | 585.71 files/sec
[2026-05-15 15:33:17]     Done folder: total=1000, masked=600, sdc=370, crash/hang=30
[2026-05-15 15:33:17]     CSV row written for leader-instcombine/exec_dijkstra_small_instcombine_early-cse | masked_rate=0.600000, sdc_rate=0.370000, crash_rate=0.030000
[2026-05-15 15:33:17] ================================================================================
[2026-05-15 15:33:17] [  36/110 |  32.7%] Processing leader-instcombine/exec_dijkstra_small_instcombine_gvn
[2026-05-15 15:33:17]     FI folder : /projects/lyang28/rmengle/program_outputs/paired/dijkstra_small_outputs/leader-instcombine/exec_dijkstra_small_instcombine_gvn
[2026-05-15 15:33:17]     Timing    : /projects/lyang28/rmengle/execution_times/paired/dijkstra_small_outputs/leader-instcombine/exec_dijkstra_small_instcombine_gvn.txt FOUND
[2026-05-15 15:33:17]     Found 1000 run files
[2026-05-15 15:33:18]     Progress 100/1000 files ( 10.0%) | masked=79, sdc=20, crash/hang=1 | 686.22 files/sec
[2026-05-15 15:33:18]     Progress 200/1000 files ( 20.0%) | masked=148, sdc=50, crash/hang=2 | 645.46 files/sec
[2026-05-15 15:33:18]     Progress 300/1000 files ( 30.0%) | masked=216, sdc=80, crash/hang=4 | 572.64 files/sec
[2026-05-15 15:33:18]     Progress 400/1000 files ( 40.0%) | masked=285, sdc=107, crash/hang=8 | 573.16 files/sec
[2026-05-15 15:33:18]     Progress 500/1000 files ( 50.0%) | masked=343, sdc=147, crash/hang=10 | 581.75 files/sec
[2026-05-15 15:33:18]     Progress 600/1000 files ( 60.0%) | masked=415, sdc=174, crash/hang=11 | 590.33 files/sec
[2026-05-15 15:33:19]     Progress 700/1000 files ( 70.0%) | masked=482, sdc=205, crash/hang=13 | 583.07 files/sec
[2026-05-15 15:33:19]     Progress 800/1000 files ( 80.0%) | masked=549, sdc=236, crash/hang=15 | 577.65 files/sec
[2026-05-15 15:33:19]     Progress 900/1000 files ( 90.0%) | masked=623, sdc=260, crash/hang=17 | 581.11 files/sec
[2026-05-15 15:33:19]     Progress 1000/1000 files (100.0%) | masked=692, sdc=289, crash/hang=19 | 585.69 files/sec
[2026-05-15 15:33:19]     Done folder: total=1000, masked=692, sdc=289, crash/hang=19
[2026-05-15 15:33:19]     CSV row written for leader-instcombine/exec_dijkstra_small_instcombine_gvn | masked_rate=0.692000, sdc_rate=0.289000, crash_rate=0.019000
[2026-05-15 15:33:19] ================================================================================
[2026-05-15 15:33:19] [  37/110 |  33.6%] Processing leader-instcombine/exec_dijkstra_small_instcombine_inline
[2026-05-15 15:33:19]     FI folder : /projects/lyang28/rmengle/program_outputs/paired/dijkstra_small_outputs/leader-instcombine/exec_dijkstra_small_instcombine_inline
[2026-05-15 15:33:19]     Timing    : /projects/lyang28/rmengle/execution_times/paired/dijkstra_small_outputs/leader-instcombine/exec_dijkstra_small_instcombine_inline.txt FOUND
[2026-05-15 15:33:19]     Found 1000 run files
[2026-05-15 15:33:20]     Progress 100/1000 files ( 10.0%) | masked=51, sdc=46, crash/hang=3 | 650.36 files/sec
[2026-05-15 15:33:20]     Progress 200/1000 files ( 20.0%) | masked=109, sdc=84, crash/hang=7 | 646.78 files/sec
[2026-05-15 15:33:20]     Progress 300/1000 files ( 30.0%) | masked=166, sdc=123, crash/hang=11 | 643.26 files/sec
[2026-05-15 15:33:20]     Progress 400/1000 files ( 40.0%) | masked=218, sdc=168, crash/hang=14 | 632.31 files/sec
[2026-05-15 15:33:20]     Progress 500/1000 files ( 50.0%) | masked=266, sdc=219, crash/hang=15 | 622.83 files/sec
[2026-05-15 15:33:20]     Progress 600/1000 files ( 60.0%) | masked=309, sdc=273, crash/hang=18 | 620.79 files/sec
[2026-05-15 15:33:21]     Progress 700/1000 files ( 70.0%) | masked=368, sdc=313, crash/hang=19 | 625.38 files/sec
[2026-05-15 15:33:21]     Progress 800/1000 files ( 80.0%) | masked=410, sdc=369, crash/hang=21 | 623.99 files/sec
[2026-05-15 15:33:21]     Progress 900/1000 files ( 90.0%) | masked=466, sdc=409, crash/hang=25 | 625.44 files/sec
[2026-05-15 15:33:21]     Progress 1000/1000 files (100.0%) | masked=517, sdc=454, crash/hang=29 | 623.62 files/sec
[2026-05-15 15:33:21]     Done folder: total=1000, masked=517, sdc=454, crash/hang=29
[2026-05-15 15:33:21]     CSV row written for leader-instcombine/exec_dijkstra_small_instcombine_inline | masked_rate=0.517000, sdc_rate=0.454000, crash_rate=0.029000
[2026-05-15 15:33:21] ================================================================================
[2026-05-15 15:33:21] [  38/110 |  34.5%] Processing leader-instcombine/exec_dijkstra_small_instcombine_instcombine
[2026-05-15 15:33:21]     FI folder : /projects/lyang28/rmengle/program_outputs/paired/dijkstra_small_outputs/leader-instcombine/exec_dijkstra_small_instcombine_instcombine
[2026-05-15 15:33:21]     Timing    : /projects/lyang28/rmengle/execution_times/paired/dijkstra_small_outputs/leader-instcombine/exec_dijkstra_small_instcombine_instcombine.txt FOUND
[2026-05-15 15:33:21]     Found 1000 run files
[2026-05-15 15:33:22]     Progress 100/1000 files ( 10.0%) | masked=46, sdc=51, crash/hang=3 | 613.93 files/sec
[2026-05-15 15:33:22]     Progress 200/1000 files ( 20.0%) | masked=99, sdc=96, crash/hang=5 | 625.09 files/sec
[2026-05-15 15:33:22]     Progress 300/1000 files ( 30.0%) | masked=149, sdc=141, crash/hang=10 | 628.95 files/sec
[2026-05-15 15:33:22]     Progress 400/1000 files ( 40.0%) | masked=210, sdc=176, crash/hang=14 | 629.42 files/sec
[2026-05-15 15:33:22]     Progress 500/1000 files ( 50.0%) | masked=256, sdc=230, crash/hang=14 | 623.64 files/sec
[2026-05-15 15:33:22]     Progress 600/1000 files ( 60.0%) | masked=313, sdc=272, crash/hang=15 | 625.14 files/sec
[2026-05-15 15:33:23]     Progress 700/1000 files ( 70.0%) | masked=369, sdc=313, crash/hang=18 | 626.63 files/sec
[2026-05-15 15:33:23]     Progress 800/1000 files ( 80.0%) | masked=415, sdc=366, crash/hang=19 | 627.45 files/sec
[2026-05-15 15:33:23]     Progress 900/1000 files ( 90.0%) | masked=469, sdc=411, crash/hang=20 | 626.57 files/sec
[2026-05-15 15:33:23]     Progress 1000/1000 files (100.0%) | masked=529, sdc=446, crash/hang=25 | 626.22 files/sec
[2026-05-15 15:33:23]     Done folder: total=1000, masked=529, sdc=446, crash/hang=25
[2026-05-15 15:33:23]     CSV row written for leader-instcombine/exec_dijkstra_small_instcombine_instcombine | masked_rate=0.529000, sdc_rate=0.446000, crash_rate=0.025000
[2026-05-15 15:33:23] ================================================================================
[2026-05-15 15:33:23] [  39/110 |  35.5%] Processing leader-instcombine/exec_dijkstra_small_instcombine_ipsccp
[2026-05-15 15:33:23]     FI folder : /projects/lyang28/rmengle/program_outputs/paired/dijkstra_small_outputs/leader-instcombine/exec_dijkstra_small_instcombine_ipsccp
[2026-05-15 15:33:23]     Timing    : /projects/lyang28/rmengle/execution_times/paired/dijkstra_small_outputs/leader-instcombine/exec_dijkstra_small_instcombine_ipsccp.txt FOUND
[2026-05-15 15:33:23]     Found 1000 run files
[2026-05-15 15:33:24]     Progress 100/1000 files ( 10.0%) | masked=53, sdc=42, crash/hang=5 | 659.35 files/sec
[2026-05-15 15:33:24]     Progress 200/1000 files ( 20.0%) | masked=109, sdc=86, crash/hang=5 | 649.24 files/sec
[2026-05-15 15:33:24]     Progress 300/1000 files ( 30.0%) | masked=167, sdc=128, crash/hang=5 | 636.22 files/sec
[2026-05-15 15:33:24]     Progress 400/1000 files ( 40.0%) | masked=221, sdc=172, crash/hang=7 | 627.31 files/sec
[2026-05-15 15:33:24]     Progress 500/1000 files ( 50.0%) | masked=280, sdc=211, crash/hang=9 | 622.88 files/sec
[2026-05-15 15:33:24]     Progress 600/1000 files ( 60.0%) | masked=336, sdc=253, crash/hang=11 | 629.55 files/sec
[2026-05-15 15:33:24]     Progress 700/1000 files ( 70.0%) | masked=389, sdc=296, crash/hang=15 | 635.02 files/sec
[2026-05-15 15:33:25]     Progress 800/1000 files ( 80.0%) | masked=447, sdc=336, crash/hang=17 | 638.45 files/sec
[2026-05-15 15:33:25]     Progress 900/1000 files ( 90.0%) | masked=503, sdc=378, crash/hang=19 | 637.74 files/sec
[2026-05-15 15:33:25]     Progress 1000/1000 files (100.0%) | masked=556, sdc=424, crash/hang=20 | 637.71 files/sec
[2026-05-15 15:33:25]     Done folder: total=1000, masked=556, sdc=424, crash/hang=20
[2026-05-15 15:33:25]     CSV row written for leader-instcombine/exec_dijkstra_small_instcombine_ipsccp | masked_rate=0.556000, sdc_rate=0.424000, crash_rate=0.020000
[2026-05-15 15:33:25] ================================================================================
[2026-05-15 15:33:25] [  40/110 |  36.4%] Processing leader-instcombine/exec_dijkstra_small_instcombine_licm
[2026-05-15 15:33:25]     FI folder : /projects/lyang28/rmengle/program_outputs/paired/dijkstra_small_outputs/leader-instcombine/exec_dijkstra_small_instcombine_licm
[2026-05-15 15:33:25]     Timing    : /projects/lyang28/rmengle/execution_times/paired/dijkstra_small_outputs/leader-instcombine/exec_dijkstra_small_instcombine_licm.txt FOUND
[2026-05-15 15:33:25]     Found 1000 run files
[2026-05-15 15:33:25]     Progress 100/1000 files ( 10.0%) | masked=52, sdc=44, crash/hang=4 | 685.78 files/sec
[2026-05-15 15:33:26]     Progress 200/1000 files ( 20.0%) | masked=106, sdc=87, crash/hang=7 | 670.17 files/sec
[2026-05-15 15:33:26]     Progress 300/1000 files ( 30.0%) | masked=166, sdc=125, crash/hang=9 | 646.95 files/sec
[2026-05-15 15:33:26]     Progress 400/1000 files ( 40.0%) | masked=223, sdc=166, crash/hang=11 | 649.99 files/sec
[2026-05-15 15:33:26]     Progress 500/1000 files ( 50.0%) | masked=284, sdc=204, crash/hang=12 | 640.53 files/sec
[2026-05-15 15:33:26]     Progress 600/1000 files ( 60.0%) | masked=328, sdc=257, crash/hang=15 | 633.82 files/sec
[2026-05-15 15:33:26]     Progress 700/1000 files ( 70.0%) | masked=388, sdc=295, crash/hang=17 | 636.24 files/sec
[2026-05-15 15:33:27]     Progress 800/1000 files ( 80.0%) | masked=450, sdc=330, crash/hang=20 | 641.18 files/sec
[2026-05-15 15:33:27]     Progress 900/1000 files ( 90.0%) | masked=500, sdc=379, crash/hang=21 | 642.85 files/sec
[2026-05-15 15:33:27]     Progress 1000/1000 files (100.0%) | masked=552, sdc=425, crash/hang=23 | 644.26 files/sec
[2026-05-15 15:33:27]     Done folder: total=1000, masked=552, sdc=425, crash/hang=23
[2026-05-15 15:33:27]     CSV row written for leader-instcombine/exec_dijkstra_small_instcombine_licm | masked_rate=0.552000, sdc_rate=0.425000, crash_rate=0.023000
[2026-05-15 15:33:27] ================================================================================
[2026-05-15 15:33:27] [  41/110 |  37.3%] Processing leader-instcombine/exec_dijkstra_small_instcombine_loop-reduce
[2026-05-15 15:33:27]     FI folder : /projects/lyang28/rmengle/program_outputs/paired/dijkstra_small_outputs/leader-instcombine/exec_dijkstra_small_instcombine_loop-reduce
[2026-05-15 15:33:27]     Timing    : /projects/lyang28/rmengle/execution_times/paired/dijkstra_small_outputs/leader-instcombine/exec_dijkstra_small_instcombine_loop-reduce.txt FOUND
[2026-05-15 15:33:27]     Found 1000 run files
[2026-05-15 15:33:27]     Progress 100/1000 files ( 10.0%) | masked=66, sdc=31, crash/hang=3 | 622.00 files/sec
[2026-05-15 15:33:27]     Progress 200/1000 files ( 20.0%) | masked=115, sdc=82, crash/hang=3 | 619.94 files/sec
[2026-05-15 15:33:28]     Progress 300/1000 files ( 30.0%) | masked=170, sdc=126, crash/hang=4 | 631.69 files/sec
[2026-05-15 15:33:28]     Progress 400/1000 files ( 40.0%) | masked=226, sdc=168, crash/hang=6 | 626.02 files/sec
[2026-05-15 15:33:28]     Progress 500/1000 files ( 50.0%) | masked=273, sdc=217, crash/hang=10 | 628.63 files/sec
[2026-05-15 15:33:28]     Progress 600/1000 files ( 60.0%) | masked=332, sdc=254, crash/hang=14 | 635.27 files/sec
[2026-05-15 15:33:28]     Progress 700/1000 files ( 70.0%) | masked=376, sdc=308, crash/hang=16 | 634.45 files/sec
[2026-05-15 15:33:28]     Progress 800/1000 files ( 80.0%) | masked=427, sdc=354, crash/hang=19 | 633.46 files/sec
[2026-05-15 15:33:29]     Progress 900/1000 files ( 90.0%) | masked=484, sdc=394, crash/hang=22 | 637.23 files/sec
[2026-05-15 15:33:29]     Progress 1000/1000 files (100.0%) | masked=533, sdc=441, crash/hang=26 | 622.86 files/sec
[2026-05-15 15:33:29]     Done folder: total=1000, masked=533, sdc=441, crash/hang=26
[2026-05-15 15:33:29]     CSV row written for leader-instcombine/exec_dijkstra_small_instcombine_loop-reduce | masked_rate=0.533000, sdc_rate=0.441000, crash_rate=0.026000
[2026-05-15 15:33:29] ================================================================================
[2026-05-15 15:33:29] [  42/110 |  38.2%] Processing leader-instcombine/exec_dijkstra_small_instcombine_loop-unroll
[2026-05-15 15:33:29]     FI folder : /projects/lyang28/rmengle/program_outputs/paired/dijkstra_small_outputs/leader-instcombine/exec_dijkstra_small_instcombine_loop-unroll
[2026-05-15 15:33:29]     Timing    : /projects/lyang28/rmengle/execution_times/paired/dijkstra_small_outputs/leader-instcombine/exec_dijkstra_small_instcombine_loop-unroll.txt FOUND
[2026-05-15 15:33:29]     Found 1000 run files
[2026-05-15 15:33:29]     Progress 100/1000 files ( 10.0%) | masked=45, sdc=52, crash/hang=3 | 638.95 files/sec
[2026-05-15 15:33:29]     Progress 200/1000 files ( 20.0%) | masked=87, sdc=108, crash/hang=5 | 636.91 files/sec
[2026-05-15 15:33:30]     Progress 300/1000 files ( 30.0%) | masked=140, sdc=152, crash/hang=8 | 635.15 files/sec
[2026-05-15 15:33:30]     Progress 400/1000 files ( 40.0%) | masked=192, sdc=199, crash/hang=9 | 636.78 files/sec
[2026-05-15 15:33:30]     Progress 500/1000 files ( 50.0%) | masked=249, sdc=240, crash/hang=11 | 642.00 files/sec
[2026-05-15 15:33:30]     Progress 600/1000 files ( 60.0%) | masked=307, sdc=281, crash/hang=12 | 643.22 files/sec
[2026-05-15 15:33:30]     Progress 700/1000 files ( 70.0%) | masked=343, sdc=342, crash/hang=15 | 640.60 files/sec
[2026-05-15 15:33:30]     Progress 800/1000 files ( 80.0%) | masked=406, sdc=375, crash/hang=19 | 643.88 files/sec
[2026-05-15 15:33:31]     Progress 900/1000 files ( 90.0%) | masked=455, sdc=419, crash/hang=26 | 613.62 files/sec
[2026-05-15 15:33:31]     Progress 1000/1000 files (100.0%) | masked=508, sdc=460, crash/hang=32 | 602.88 files/sec
[2026-05-15 15:33:31]     Done folder: total=1000, masked=508, sdc=460, crash/hang=32
[2026-05-15 15:33:31]     CSV row written for leader-instcombine/exec_dijkstra_small_instcombine_loop-unroll | masked_rate=0.508000, sdc_rate=0.460000, crash_rate=0.032000
[2026-05-15 15:33:31] ================================================================================
[2026-05-15 15:33:31] [  43/110 |  39.1%] Processing leader-instcombine/exec_dijkstra_small_instcombine_sccp
[2026-05-15 15:33:31]     FI folder : /projects/lyang28/rmengle/program_outputs/paired/dijkstra_small_outputs/leader-instcombine/exec_dijkstra_small_instcombine_sccp
[2026-05-15 15:33:31]     Timing    : /projects/lyang28/rmengle/execution_times/paired/dijkstra_small_outputs/leader-instcombine/exec_dijkstra_small_instcombine_sccp.txt FOUND
[2026-05-15 15:33:31]     Found 1000 run files
[2026-05-15 15:33:31]     Progress 100/1000 files ( 10.0%) | masked=52, sdc=47, crash/hang=1 | 529.33 files/sec
[2026-05-15 15:33:32]     Progress 200/1000 files ( 20.0%) | masked=112, sdc=85, crash/hang=3 | 554.73 files/sec
[2026-05-15 15:33:32]     Progress 300/1000 files ( 30.0%) | masked=157, sdc=138, crash/hang=5 | 539.54 files/sec
[2026-05-15 15:33:32]     Progress 400/1000 files ( 40.0%) | masked=208, sdc=186, crash/hang=6 | 545.12 files/sec
[2026-05-15 15:33:32]     Progress 500/1000 files ( 50.0%) | masked=257, sdc=232, crash/hang=11 | 542.95 files/sec
[2026-05-15 15:33:32]     Progress 600/1000 files ( 60.0%) | masked=315, sdc=270, crash/hang=15 | 545.14 files/sec
[2026-05-15 15:33:32]     Progress 700/1000 files ( 70.0%) | masked=364, sdc=317, crash/hang=19 | 552.97 files/sec
[2026-05-15 15:33:33]     Progress 800/1000 files ( 80.0%) | masked=410, sdc=365, crash/hang=25 | 563.31 files/sec
[2026-05-15 15:33:33]     Progress 900/1000 files ( 90.0%) | masked=461, sdc=409, crash/hang=30 | 573.38 files/sec
[2026-05-15 15:33:33]     Progress 1000/1000 files (100.0%) | masked=523, sdc=445, crash/hang=32 | 580.24 files/sec
[2026-05-15 15:33:33]     Done folder: total=1000, masked=523, sdc=445, crash/hang=32
[2026-05-15 15:33:33]     CSV row written for leader-instcombine/exec_dijkstra_small_instcombine_sccp | masked_rate=0.523000, sdc_rate=0.445000, crash_rate=0.032000
[2026-05-15 15:33:33] ================================================================================
[2026-05-15 15:33:33] [  44/110 |  40.0%] Processing leader-instcombine/exec_dijkstra_small_instcombine_simple-loop-unswitch
[2026-05-15 15:33:33]     FI folder : /projects/lyang28/rmengle/program_outputs/paired/dijkstra_small_outputs/leader-instcombine/exec_dijkstra_small_instcombine_simple-loop-unswitch
[2026-05-15 15:33:33]     Timing    : /projects/lyang28/rmengle/execution_times/paired/dijkstra_small_outputs/leader-instcombine/exec_dijkstra_small_instcombine_simple-loop-unswitch.txt FOUND
[2026-05-15 15:33:33]     Found 1000 run files
[2026-05-15 15:33:33]     Progress 100/1000 files ( 10.0%) | masked=40, sdc=55, crash/hang=5 | 650.47 files/sec
[2026-05-15 15:33:34]     Progress 200/1000 files ( 20.0%) | masked=92, sdc=102, crash/hang=6 | 658.82 files/sec
[2026-05-15 15:33:34]     Progress 300/1000 files ( 30.0%) | masked=156, sdc=133, crash/hang=11 | 670.11 files/sec
[2026-05-15 15:33:34]     Progress 400/1000 files ( 40.0%) | masked=207, sdc=178, crash/hang=15 | 665.75 files/sec
[2026-05-15 15:33:34]     Progress 500/1000 files ( 50.0%) | masked=262, sdc=216, crash/hang=22 | 669.51 files/sec
[2026-05-15 15:33:34]     Progress 600/1000 files ( 60.0%) | masked=306, sdc=265, crash/hang=29 | 639.52 files/sec
[2026-05-15 15:33:34]     Progress 700/1000 files ( 70.0%) | masked=350, sdc=316, crash/hang=34 | 608.46 files/sec
[2026-05-15 15:33:35]     Progress 800/1000 files ( 80.0%) | masked=400, sdc=360, crash/hang=40 | 599.65 files/sec
[2026-05-15 15:33:35]     Progress 900/1000 files ( 90.0%) | masked=451, sdc=403, crash/hang=46 | 592.48 files/sec
[2026-05-15 15:33:35]     Progress 1000/1000 files (100.0%) | masked=514, sdc=439, crash/hang=47 | 596.38 files/sec
[2026-05-15 15:33:35]     Done folder: total=1000, masked=514, sdc=439, crash/hang=47
[2026-05-15 15:33:35]     CSV row written for leader-instcombine/exec_dijkstra_small_instcombine_simple-loop-unswitch | masked_rate=0.514000, sdc_rate=0.439000, crash_rate=0.047000
[2026-05-15 15:33:35] ================================================================================
[2026-05-15 15:33:35] [  45/110 |  40.9%] Processing leader-ipsccp/exec_dijkstra_small_ipsccp
[2026-05-15 15:33:35]     FI folder : /projects/lyang28/rmengle/program_outputs/paired/dijkstra_small_outputs/leader-ipsccp/exec_dijkstra_small_ipsccp
[2026-05-15 15:33:35]     Timing    : /projects/lyang28/rmengle/execution_times/paired/dijkstra_small_outputs/leader-ipsccp/exec_dijkstra_small_ipsccp.txt FOUND
[2026-05-15 15:33:35]     Found 18 run files
[2026-05-15 15:33:35]     Progress 18/18 files (100.0%) | masked=11, sdc=7, crash/hang=0 | 631.11 files/sec
[2026-05-15 15:33:35]     Done folder: total=18, masked=11, sdc=7, crash/hang=0
[2026-05-15 15:33:35]     CSV row written for leader-ipsccp/exec_dijkstra_small_ipsccp | masked_rate=0.611111, sdc_rate=0.388889, crash_rate=0.000000
[2026-05-15 15:33:35] ================================================================================
[2026-05-15 15:33:35] [  46/110 |  41.8%] Processing leader-ipsccp/exec_dijkstra_small_ipsccp_early-cse
[2026-05-15 15:33:35]     FI folder : /projects/lyang28/rmengle/program_outputs/paired/dijkstra_small_outputs/leader-ipsccp/exec_dijkstra_small_ipsccp_early-cse
[2026-05-15 15:33:35]     Timing    : /projects/lyang28/rmengle/execution_times/paired/dijkstra_small_outputs/leader-ipsccp/exec_dijkstra_small_ipsccp_early-cse.txt FOUND
[2026-05-15 15:33:35]     Found 2 run files
[2026-05-15 15:33:35]     Progress 2/2 files (100.0%) | masked=1, sdc=1, crash/hang=0 | 581.49 files/sec
[2026-05-15 15:33:35]     Done folder: total=2, masked=1, sdc=1, crash/hang=0
[2026-05-15 15:33:35]     CSV row written for leader-ipsccp/exec_dijkstra_small_ipsccp_early-cse | masked_rate=0.500000, sdc_rate=0.500000, crash_rate=0.000000
[2026-05-15 15:33:35] ================================================================================
[2026-05-15 15:33:35] [  47/110 |  42.7%] Processing leader-ipsccp/exec_dijkstra_small_ipsccp_gvn
[2026-05-15 15:33:35]     FI folder : /projects/lyang28/rmengle/program_outputs/paired/dijkstra_small_outputs/leader-ipsccp/exec_dijkstra_small_ipsccp_gvn
[2026-05-15 15:33:35]     Timing    : /projects/lyang28/rmengle/execution_times/paired/dijkstra_small_outputs/leader-ipsccp/exec_dijkstra_small_ipsccp_gvn.txt FOUND
[2026-05-15 15:33:35]     Found 12 run files
[2026-05-15 15:33:35]     Progress 12/12 files (100.0%) | masked=9, sdc=3, crash/hang=0 | 573.63 files/sec
[2026-05-15 15:33:35]     Done folder: total=12, masked=9, sdc=3, crash/hang=0
[2026-05-15 15:33:35]     CSV row written for leader-ipsccp/exec_dijkstra_small_ipsccp_gvn | masked_rate=0.750000, sdc_rate=0.250000, crash_rate=0.000000
[2026-05-15 15:33:35] ================================================================================
[2026-05-15 15:33:35] [  48/110 |  43.6%] Processing leader-ipsccp/exec_dijkstra_small_ipsccp_inline
[2026-05-15 15:33:35]     FI folder : /projects/lyang28/rmengle/program_outputs/paired/dijkstra_small_outputs/leader-ipsccp/exec_dijkstra_small_ipsccp_inline
[2026-05-15 15:33:35]     Timing    : /projects/lyang28/rmengle/execution_times/paired/dijkstra_small_outputs/leader-ipsccp/exec_dijkstra_small_ipsccp_inline.txt FOUND
[2026-05-15 15:33:35]     Found 15 run files
[2026-05-15 15:33:35]     Progress 15/15 files (100.0%) | masked=8, sdc=7, crash/hang=0 | 583.17 files/sec
[2026-05-15 15:33:35]     Done folder: total=15, masked=8, sdc=7, crash/hang=0
[2026-05-15 15:33:35]     CSV row written for leader-ipsccp/exec_dijkstra_small_ipsccp_inline | masked_rate=0.533333, sdc_rate=0.466667, crash_rate=0.000000
[2026-05-15 15:33:35] ================================================================================
[2026-05-15 15:33:35] [  49/110 |  44.5%] Processing leader-ipsccp/exec_dijkstra_small_ipsccp_instcombine
[2026-05-15 15:33:35]     FI folder : /projects/lyang28/rmengle/program_outputs/paired/dijkstra_small_outputs/leader-ipsccp/exec_dijkstra_small_ipsccp_instcombine
[2026-05-15 15:33:35]     Timing    : /projects/lyang28/rmengle/execution_times/paired/dijkstra_small_outputs/leader-ipsccp/exec_dijkstra_small_ipsccp_instcombine.txt FOUND
[2026-05-15 15:33:35]     Found 16 run files
[2026-05-15 15:33:35]     Progress 16/16 files (100.0%) | masked=9, sdc=7, crash/hang=0 | 644.50 files/sec
[2026-05-15 15:33:35]     Done folder: total=16, masked=9, sdc=7, crash/hang=0
[2026-05-15 15:33:35]     CSV row written for leader-ipsccp/exec_dijkstra_small_ipsccp_instcombine | masked_rate=0.562500, sdc_rate=0.437500, crash_rate=0.000000
[2026-05-15 15:33:35] ================================================================================
[2026-05-15 15:33:35] [  50/110 |  45.5%] Processing leader-ipsccp/exec_dijkstra_small_ipsccp_ipsccp
[2026-05-15 15:33:35]     FI folder : /projects/lyang28/rmengle/program_outputs/paired/dijkstra_small_outputs/leader-ipsccp/exec_dijkstra_small_ipsccp_ipsccp
[2026-05-15 15:33:35]     Timing    : /projects/lyang28/rmengle/execution_times/paired/dijkstra_small_outputs/leader-ipsccp/exec_dijkstra_small_ipsccp_ipsccp.txt FOUND
[2026-05-15 15:33:35]     Found 16 run files
[2026-05-15 15:33:35]     Progress 16/16 files (100.0%) | masked=9, sdc=7, crash/hang=0 | 686.30 files/sec
[2026-05-15 15:33:35]     Done folder: total=16, masked=9, sdc=7, crash/hang=0
[2026-05-15 15:33:35]     CSV row written for leader-ipsccp/exec_dijkstra_small_ipsccp_ipsccp | masked_rate=0.562500, sdc_rate=0.437500, crash_rate=0.000000
[2026-05-15 15:33:35] ================================================================================
[2026-05-15 15:33:35] [  51/110 |  46.4%] Processing leader-ipsccp/exec_dijkstra_small_ipsccp_licm
[2026-05-15 15:33:35]     FI folder : /projects/lyang28/rmengle/program_outputs/paired/dijkstra_small_outputs/leader-ipsccp/exec_dijkstra_small_ipsccp_licm
[2026-05-15 15:33:35]     Timing    : /projects/lyang28/rmengle/execution_times/paired/dijkstra_small_outputs/leader-ipsccp/exec_dijkstra_small_ipsccp_licm.txt FOUND
[2026-05-15 15:33:35]     Found 28 run files
[2026-05-15 15:33:35]     Progress 28/28 files (100.0%) | masked=17, sdc=10, crash/hang=1 | 646.56 files/sec
[2026-05-15 15:33:35]     Done folder: total=28, masked=17, sdc=10, crash/hang=1
[2026-05-15 15:33:35]     CSV row written for leader-ipsccp/exec_dijkstra_small_ipsccp_licm | masked_rate=0.607143, sdc_rate=0.357143, crash_rate=0.035714
[2026-05-15 15:33:35] ================================================================================
[2026-05-15 15:33:35] [  52/110 |  47.3%] Processing leader-ipsccp/exec_dijkstra_small_ipsccp_loop-reduce
[2026-05-15 15:33:35]     FI folder : /projects/lyang28/rmengle/program_outputs/paired/dijkstra_small_outputs/leader-ipsccp/exec_dijkstra_small_ipsccp_loop-reduce
[2026-05-15 15:33:35]     Timing    : /projects/lyang28/rmengle/execution_times/paired/dijkstra_small_outputs/leader-ipsccp/exec_dijkstra_small_ipsccp_loop-reduce.txt FOUND
[2026-05-15 15:33:35]     Found 14 run files
[2026-05-15 15:33:35]     Progress 14/14 files (100.0%) | masked=8, sdc=6, crash/hang=0 | 629.03 files/sec
[2026-05-15 15:33:35]     Done folder: total=14, masked=8, sdc=6, crash/hang=0
[2026-05-15 15:33:35]     CSV row written for leader-ipsccp/exec_dijkstra_small_ipsccp_loop-reduce | masked_rate=0.571429, sdc_rate=0.428571, crash_rate=0.000000
[2026-05-15 15:33:35] ================================================================================
[2026-05-15 15:33:35] [  53/110 |  48.2%] Processing leader-ipsccp/exec_dijkstra_small_ipsccp_loop-unroll
[2026-05-15 15:33:35]     FI folder : /projects/lyang28/rmengle/program_outputs/paired/dijkstra_small_outputs/leader-ipsccp/exec_dijkstra_small_ipsccp_loop-unroll
[2026-05-15 15:33:35]     Timing    : /projects/lyang28/rmengle/execution_times/paired/dijkstra_small_outputs/leader-ipsccp/exec_dijkstra_small_ipsccp_loop-unroll.txt FOUND
[2026-05-15 15:33:35]     Found 13 run files
[2026-05-15 15:33:35]     Progress 13/13 files (100.0%) | masked=7, sdc=6, crash/hang=0 | 603.46 files/sec
[2026-05-15 15:33:35]     Done folder: total=13, masked=7, sdc=6, crash/hang=0
[2026-05-15 15:33:35]     CSV row written for leader-ipsccp/exec_dijkstra_small_ipsccp_loop-unroll | masked_rate=0.538462, sdc_rate=0.461538, crash_rate=0.000000
[2026-05-15 15:33:35] ================================================================================
[2026-05-15 15:33:35] [  54/110 |  49.1%] Processing leader-ipsccp/exec_dijkstra_small_ipsccp_sccp
[2026-05-15 15:33:35]     FI folder : /projects/lyang28/rmengle/program_outputs/paired/dijkstra_small_outputs/leader-ipsccp/exec_dijkstra_small_ipsccp_sccp
[2026-05-15 15:33:35]     Timing    : /projects/lyang28/rmengle/execution_times/paired/dijkstra_small_outputs/leader-ipsccp/exec_dijkstra_small_ipsccp_sccp.txt FOUND
[2026-05-15 15:33:35]     Found 38 run files
[2026-05-15 15:33:36]     Progress 38/38 files (100.0%) | masked=22, sdc=15, crash/hang=1 | 689.43 files/sec
[2026-05-15 15:33:36]     Done folder: total=38, masked=22, sdc=15, crash/hang=1
[2026-05-15 15:33:36]     CSV row written for leader-ipsccp/exec_dijkstra_small_ipsccp_sccp | masked_rate=0.578947, sdc_rate=0.394737, crash_rate=0.026316
[2026-05-15 15:33:36] ================================================================================
[2026-05-15 15:33:36] [  55/110 |  50.0%] Processing leader-ipsccp/exec_dijkstra_small_ipsccp_simple-loop-unswitch
[2026-05-15 15:33:36]     FI folder : /projects/lyang28/rmengle/program_outputs/paired/dijkstra_small_outputs/leader-ipsccp/exec_dijkstra_small_ipsccp_simple-loop-unswitch
[2026-05-15 15:33:36]     Timing    : /projects/lyang28/rmengle/execution_times/paired/dijkstra_small_outputs/leader-ipsccp/exec_dijkstra_small_ipsccp_simple-loop-unswitch.txt FOUND
[2026-05-15 15:33:36]     Found 13 run files
[2026-05-15 15:33:36]     Progress 13/13 files (100.0%) | masked=8, sdc=4, crash/hang=1 | 726.59 files/sec
[2026-05-15 15:33:36]     Done folder: total=13, masked=8, sdc=4, crash/hang=1
[2026-05-15 15:33:36]     CSV row written for leader-ipsccp/exec_dijkstra_small_ipsccp_simple-loop-unswitch | masked_rate=0.615385, sdc_rate=0.307692, crash_rate=0.076923
[2026-05-15 15:33:36] ================================================================================
[2026-05-15 15:33:36] [  56/110 |  50.9%] Processing leader-licm/exec_dijkstra_small_licm
[2026-05-15 15:33:36]     FI folder : /projects/lyang28/rmengle/program_outputs/paired/dijkstra_small_outputs/leader-licm/exec_dijkstra_small_licm
[2026-05-15 15:33:36]     Timing    : /projects/lyang28/rmengle/execution_times/paired/dijkstra_small_outputs/leader-licm/exec_dijkstra_small_licm.txt FOUND
[2026-05-15 15:33:36]     Found 1000 run files
[2026-05-15 15:33:36]     Progress 100/1000 files ( 10.0%) | masked=63, sdc=33, crash/hang=4 | 608.32 files/sec
[2026-05-15 15:33:36]     Progress 200/1000 files ( 20.0%) | masked=121, sdc=73, crash/hang=6 | 609.38 files/sec
[2026-05-15 15:33:36]     Progress 300/1000 files ( 30.0%) | masked=179, sdc=112, crash/hang=9 | 627.88 files/sec
[2026-05-15 15:33:37]     Progress 400/1000 files ( 40.0%) | masked=226, sdc=161, crash/hang=13 | 629.97 files/sec
[2026-05-15 15:33:37]     Progress 500/1000 files ( 50.0%) | masked=285, sdc=198, crash/hang=17 | 640.08 files/sec
[2026-05-15 15:33:37]     Progress 600/1000 files ( 60.0%) | masked=339, sdc=242, crash/hang=19 | 643.49 files/sec
[2026-05-15 15:33:37]     Progress 700/1000 files ( 70.0%) | masked=398, sdc=280, crash/hang=22 | 641.90 files/sec
[2026-05-15 15:33:37]     Progress 800/1000 files ( 80.0%) | masked=458, sdc=315, crash/hang=27 | 647.47 files/sec
[2026-05-15 15:33:37]     Progress 900/1000 files ( 90.0%) | masked=516, sdc=353, crash/hang=31 | 649.30 files/sec
[2026-05-15 15:33:37]     Progress 1000/1000 files (100.0%) | masked=567, sdc=398, crash/hang=35 | 649.31 files/sec
[2026-05-15 15:33:37]     Done folder: total=1000, masked=567, sdc=398, crash/hang=35
[2026-05-15 15:33:37]     CSV row written for leader-licm/exec_dijkstra_small_licm | masked_rate=0.567000, sdc_rate=0.398000, crash_rate=0.035000
[2026-05-15 15:33:37] ================================================================================
[2026-05-15 15:33:37] [  57/110 |  51.8%] Processing leader-licm/exec_dijkstra_small_licm_early-cse
[2026-05-15 15:33:37]     FI folder : /projects/lyang28/rmengle/program_outputs/paired/dijkstra_small_outputs/leader-licm/exec_dijkstra_small_licm_early-cse
[2026-05-15 15:33:37]     Timing    : /projects/lyang28/rmengle/execution_times/paired/dijkstra_small_outputs/leader-licm/exec_dijkstra_small_licm_early-cse.txt FOUND
[2026-05-15 15:33:38]     Found 1000 run files
[2026-05-15 15:33:38]     Progress 100/1000 files ( 10.0%) | masked=63, sdc=33, crash/hang=4 | 644.65 files/sec
[2026-05-15 15:33:38]     Progress 200/1000 files ( 20.0%) | masked=127, sdc=65, crash/hang=8 | 659.10 files/sec
[2026-05-15 15:33:38]     Progress 300/1000 files ( 30.0%) | masked=189, sdc=102, crash/hang=9 | 660.21 files/sec
[2026-05-15 15:33:38]     Progress 400/1000 files ( 40.0%) | masked=252, sdc=136, crash/hang=12 | 640.76 files/sec
[2026-05-15 15:33:39]     Progress 500/1000 files ( 50.0%) | masked=315, sdc=171, crash/hang=14 | 628.66 files/sec
[2026-05-15 15:33:39]     Progress 600/1000 files ( 60.0%) | masked=368, sdc=215, crash/hang=17 | 621.03 files/sec
[2026-05-15 15:33:39]     Progress 700/1000 files ( 70.0%) | masked=431, sdc=249, crash/hang=20 | 620.07 files/sec
[2026-05-15 15:33:39]     Progress 800/1000 files ( 80.0%) | masked=489, sdc=290, crash/hang=21 | 622.43 files/sec
[2026-05-15 15:33:39]     Progress 900/1000 files ( 90.0%) | masked=554, sdc=319, crash/hang=27 | 621.97 files/sec
[2026-05-15 15:33:39]     Progress 1000/1000 files (100.0%) | masked=613, sdc=358, crash/hang=29 | 617.26 files/sec
[2026-05-15 15:33:39]     Done folder: total=1000, masked=613, sdc=358, crash/hang=29
[2026-05-15 15:33:39]     CSV row written for leader-licm/exec_dijkstra_small_licm_early-cse | masked_rate=0.613000, sdc_rate=0.358000, crash_rate=0.029000
[2026-05-15 15:33:39] ================================================================================
[2026-05-15 15:33:39] [  58/110 |  52.7%] Processing leader-licm/exec_dijkstra_small_licm_gvn
[2026-05-15 15:33:39]     FI folder : /projects/lyang28/rmengle/program_outputs/paired/dijkstra_small_outputs/leader-licm/exec_dijkstra_small_licm_gvn
[2026-05-15 15:33:39]     Timing    : /projects/lyang28/rmengle/execution_times/paired/dijkstra_small_outputs/leader-licm/exec_dijkstra_small_licm_gvn.txt FOUND
[2026-05-15 15:33:40]     Found 1000 run files
[2026-05-15 15:33:40]     Progress 100/1000 files ( 10.0%) | masked=65, sdc=34, crash/hang=1 | 685.26 files/sec
[2026-05-15 15:33:40]     Progress 200/1000 files ( 20.0%) | masked=142, sdc=54, crash/hang=4 | 706.00 files/sec
[2026-05-15 15:33:40]     Progress 300/1000 files ( 30.0%) | masked=217, sdc=77, crash/hang=6 | 704.46 files/sec
[2026-05-15 15:33:40]     Progress 400/1000 files ( 40.0%) | masked=279, sdc=112, crash/hang=9 | 692.63 files/sec
[2026-05-15 15:33:40]     Progress 500/1000 files ( 50.0%) | masked=340, sdc=148, crash/hang=12 | 689.83 files/sec
[2026-05-15 15:33:41]     Progress 600/1000 files ( 60.0%) | masked=411, sdc=175, crash/hang=14 | 692.29 files/sec
[2026-05-15 15:33:41]     Progress 700/1000 files ( 70.0%) | masked=478, sdc=206, crash/hang=16 | 692.78 files/sec
[2026-05-15 15:33:41]     Progress 800/1000 files ( 80.0%) | masked=551, sdc=232, crash/hang=17 | 690.47 files/sec
[2026-05-15 15:33:41]     Progress 900/1000 files ( 90.0%) | masked=621, sdc=260, crash/hang=19 | 689.50 files/sec
[2026-05-15 15:33:41]     Progress 1000/1000 files (100.0%) | masked=683, sdc=295, crash/hang=22 | 679.34 files/sec
[2026-05-15 15:33:41]     Done folder: total=1000, masked=683, sdc=295, crash/hang=22
[2026-05-15 15:33:41]     CSV row written for leader-licm/exec_dijkstra_small_licm_gvn | masked_rate=0.683000, sdc_rate=0.295000, crash_rate=0.022000
[2026-05-15 15:33:41] ================================================================================
[2026-05-15 15:33:41] [  59/110 |  53.6%] Processing leader-licm/exec_dijkstra_small_licm_inline
[2026-05-15 15:33:41]     FI folder : /projects/lyang28/rmengle/program_outputs/paired/dijkstra_small_outputs/leader-licm/exec_dijkstra_small_licm_inline
[2026-05-15 15:33:41]     Timing    : /projects/lyang28/rmengle/execution_times/paired/dijkstra_small_outputs/leader-licm/exec_dijkstra_small_licm_inline.txt FOUND
[2026-05-15 15:33:42]     Found 1000 run files
[2026-05-15 15:33:42]     Progress 100/1000 files ( 10.0%) | masked=56, sdc=40, crash/hang=4 | 681.95 files/sec
[2026-05-15 15:33:42]     Progress 200/1000 files ( 20.0%) | masked=108, sdc=86, crash/hang=6 | 652.35 files/sec
[2026-05-15 15:33:42]     Progress 300/1000 files ( 30.0%) | masked=174, sdc=117, crash/hang=9 | 639.09 files/sec
[2026-05-15 15:33:42]     Progress 400/1000 files ( 40.0%) | masked=233, sdc=157, crash/hang=10 | 642.92 files/sec
[2026-05-15 15:33:42]     Progress 500/1000 files ( 50.0%) | masked=288, sdc=197, crash/hang=15 | 622.96 files/sec
[2026-05-15 15:33:42]     Progress 600/1000 files ( 60.0%) | masked=343, sdc=238, crash/hang=19 | 629.70 files/sec
[2026-05-15 15:33:43]     Progress 700/1000 files ( 70.0%) | masked=401, sdc=278, crash/hang=21 | 637.23 files/sec
[2026-05-15 15:33:43]     Progress 800/1000 files ( 80.0%) | masked=458, sdc=316, crash/hang=26 | 629.22 files/sec
[2026-05-15 15:33:43]     Progress 900/1000 files ( 90.0%) | masked=511, sdc=360, crash/hang=29 | 630.49 files/sec
[2026-05-15 15:33:43]     Progress 1000/1000 files (100.0%) | masked=563, sdc=404, crash/hang=33 | 631.07 files/sec
[2026-05-15 15:33:43]     Done folder: total=1000, masked=563, sdc=404, crash/hang=33
[2026-05-15 15:33:43]     CSV row written for leader-licm/exec_dijkstra_small_licm_inline | masked_rate=0.563000, sdc_rate=0.404000, crash_rate=0.033000
[2026-05-15 15:33:43] ================================================================================
[2026-05-15 15:33:43] [  60/110 |  54.5%] Processing leader-licm/exec_dijkstra_small_licm_instcombine
[2026-05-15 15:33:43]     FI folder : /projects/lyang28/rmengle/program_outputs/paired/dijkstra_small_outputs/leader-licm/exec_dijkstra_small_licm_instcombine
[2026-05-15 15:33:43]     Timing    : /projects/lyang28/rmengle/execution_times/paired/dijkstra_small_outputs/leader-licm/exec_dijkstra_small_licm_instcombine.txt FOUND
[2026-05-15 15:33:43]     Found 0 run files
[2026-05-15 15:33:43]     Done folder: total=0, masked=0, sdc=0, crash/hang=0
[2026-05-15 15:33:43]     CSV row written for leader-licm/exec_dijkstra_small_licm_instcombine | masked_rate=0.000000, sdc_rate=0.000000, crash_rate=0.000000
[2026-05-15 15:33:43] ================================================================================
[2026-05-15 15:33:43] [  61/110 |  55.5%] Processing leader-licm/exec_dijkstra_small_licm_ipsccp
[2026-05-15 15:33:43]     FI folder : /projects/lyang28/rmengle/program_outputs/paired/dijkstra_small_outputs/leader-licm/exec_dijkstra_small_licm_ipsccp
[2026-05-15 15:33:43]     Timing    : /projects/lyang28/rmengle/execution_times/paired/dijkstra_small_outputs/leader-licm/exec_dijkstra_small_licm_ipsccp.txt FOUND
[2026-05-15 15:33:43]     Found 1000 run files
[2026-05-15 15:33:44]     Progress 100/1000 files ( 10.0%) | masked=51, sdc=47, crash/hang=2 | 577.42 files/sec
[2026-05-15 15:33:44]     Progress 200/1000 files ( 20.0%) | masked=104, sdc=88, crash/hang=8 | 598.26 files/sec
[2026-05-15 15:33:44]     Progress 300/1000 files ( 30.0%) | masked=160, sdc=131, crash/hang=9 | 592.07 files/sec
[2026-05-15 15:33:44]     Progress 400/1000 files ( 40.0%) | masked=211, sdc=178, crash/hang=11 | 601.12 files/sec
[2026-05-15 15:33:44]     Progress 500/1000 files ( 50.0%) | masked=272, sdc=215, crash/hang=13 | 608.75 files/sec
[2026-05-15 15:33:44]     Progress 600/1000 files ( 60.0%) | masked=324, sdc=261, crash/hang=15 | 605.51 files/sec
[2026-05-15 15:33:45]     Progress 700/1000 files ( 70.0%) | masked=380, sdc=303, crash/hang=17 | 611.46 files/sec
[2026-05-15 15:33:45]     Progress 800/1000 files ( 80.0%) | masked=441, sdc=337, crash/hang=22 | 618.87 files/sec
[2026-05-15 15:33:45]     Progress 900/1000 files ( 90.0%) | masked=501, sdc=375, crash/hang=24 | 623.13 files/sec
[2026-05-15 15:33:45]     Progress 1000/1000 files (100.0%) | masked=558, sdc=415, crash/hang=27 | 624.09 files/sec
[2026-05-15 15:33:45]     Done folder: total=1000, masked=558, sdc=415, crash/hang=27
[2026-05-15 15:33:45]     CSV row written for leader-licm/exec_dijkstra_small_licm_ipsccp | masked_rate=0.558000, sdc_rate=0.415000, crash_rate=0.027000
[2026-05-15 15:33:45] ================================================================================
[2026-05-15 15:33:45] [  62/110 |  56.4%] Processing leader-licm/exec_dijkstra_small_licm_licm
[2026-05-15 15:33:45]     FI folder : /projects/lyang28/rmengle/program_outputs/paired/dijkstra_small_outputs/leader-licm/exec_dijkstra_small_licm_licm
[2026-05-15 15:33:45]     Timing    : /projects/lyang28/rmengle/execution_times/paired/dijkstra_small_outputs/leader-licm/exec_dijkstra_small_licm_licm.txt FOUND
[2026-05-15 15:33:45]     Found 1000 run files
[2026-05-15 15:33:46]     Progress 100/1000 files ( 10.0%) | masked=57, sdc=40, crash/hang=3 | 602.59 files/sec
[2026-05-15 15:33:46]     Progress 200/1000 files ( 20.0%) | masked=107, sdc=86, crash/hang=7 | 606.57 files/sec
[2026-05-15 15:33:46]     Progress 300/1000 files ( 30.0%) | masked=160, sdc=130, crash/hang=10 | 619.52 files/sec
[2026-05-15 15:33:46]     Progress 400/1000 files ( 40.0%) | masked=223, sdc=163, crash/hang=14 | 629.27 files/sec
[2026-05-15 15:33:46]     Progress 500/1000 files ( 50.0%) | masked=287, sdc=198, crash/hang=15 | 645.03 files/sec
[2026-05-15 15:33:46]     Progress 600/1000 files ( 60.0%) | masked=350, sdc=233, crash/hang=17 | 657.61 files/sec
[2026-05-15 15:33:46]     Progress 700/1000 files ( 70.0%) | masked=410, sdc=268, crash/hang=22 | 669.52 files/sec
[2026-05-15 15:33:47]     Progress 800/1000 files ( 80.0%) | masked=460, sdc=314, crash/hang=26 | 668.48 files/sec
[2026-05-15 15:33:47]     Progress 900/1000 files ( 90.0%) | masked=512, sdc=359, crash/hang=29 | 661.28 files/sec
[2026-05-15 15:33:47]     Progress 1000/1000 files (100.0%) | masked=565, sdc=402, crash/hang=33 | 653.74 files/sec
[2026-05-15 15:33:47]     Done folder: total=1000, masked=565, sdc=402, crash/hang=33
[2026-05-15 15:33:47]     CSV row written for leader-licm/exec_dijkstra_small_licm_licm | masked_rate=0.565000, sdc_rate=0.402000, crash_rate=0.033000
[2026-05-15 15:33:47] ================================================================================
[2026-05-15 15:33:47] [  63/110 |  57.3%] Processing leader-licm/exec_dijkstra_small_licm_loop-reduce
[2026-05-15 15:33:47]     FI folder : /projects/lyang28/rmengle/program_outputs/paired/dijkstra_small_outputs/leader-licm/exec_dijkstra_small_licm_loop-reduce
[2026-05-15 15:33:47]     Timing    : /projects/lyang28/rmengle/execution_times/paired/dijkstra_small_outputs/leader-licm/exec_dijkstra_small_licm_loop-reduce.txt FOUND
[2026-05-15 15:33:47]     Found 1000 run files
[2026-05-15 15:33:48]     Progress 100/1000 files ( 10.0%) | masked=61, sdc=34, crash/hang=5 | 645.59 files/sec
[2026-05-15 15:33:48]     Progress 200/1000 files ( 20.0%) | masked=121, sdc=71, crash/hang=8 | 638.23 files/sec
[2026-05-15 15:33:48]     Progress 300/1000 files ( 30.0%) | masked=184, sdc=107, crash/hang=9 | 633.50 files/sec
[2026-05-15 15:33:48]     Progress 400/1000 files ( 40.0%) | masked=236, sdc=154, crash/hang=10 | 634.72 files/sec
[2026-05-15 15:33:48]     Progress 500/1000 files ( 50.0%) | masked=291, sdc=197, crash/hang=12 | 636.60 files/sec
[2026-05-15 15:33:48]     Progress 600/1000 files ( 60.0%) | masked=345, sdc=243, crash/hang=12 | 637.43 files/sec
[2026-05-15 15:33:48]     Progress 700/1000 files ( 70.0%) | masked=412, sdc=275, crash/hang=13 | 640.08 files/sec
[2026-05-15 15:33:49]     Progress 800/1000 files ( 80.0%) | masked=466, sdc=317, crash/hang=17 | 635.81 files/sec
[2026-05-15 15:33:49]     Progress 900/1000 files ( 90.0%) | masked=524, sdc=356, crash/hang=20 | 626.12 files/sec
[2026-05-15 15:33:49]     Progress 1000/1000 files (100.0%) | masked=579, sdc=401, crash/hang=20 | 626.51 files/sec
[2026-05-15 15:33:49]     Done folder: total=1000, masked=579, sdc=401, crash/hang=20
[2026-05-15 15:33:49]     CSV row written for leader-licm/exec_dijkstra_small_licm_loop-reduce | masked_rate=0.579000, sdc_rate=0.401000, crash_rate=0.020000
[2026-05-15 15:33:49] ================================================================================
[2026-05-15 15:33:49] [  64/110 |  58.2%] Processing leader-licm/exec_dijkstra_small_licm_loop-unroll
[2026-05-15 15:33:49]     FI folder : /projects/lyang28/rmengle/program_outputs/paired/dijkstra_small_outputs/leader-licm/exec_dijkstra_small_licm_loop-unroll
[2026-05-15 15:33:49]     Timing    : /projects/lyang28/rmengle/execution_times/paired/dijkstra_small_outputs/leader-licm/exec_dijkstra_small_licm_loop-unroll.txt FOUND
[2026-05-15 15:33:49]     Found 1000 run files
[2026-05-15 15:33:50]     Progress 100/1000 files ( 10.0%) | masked=55, sdc=42, crash/hang=3 | 552.61 files/sec
[2026-05-15 15:33:50]     Progress 200/1000 files ( 20.0%) | masked=114, sdc=79, crash/hang=7 | 573.83 files/sec
[2026-05-15 15:33:50]     Progress 300/1000 files ( 30.0%) | masked=172, sdc=117, crash/hang=11 | 586.77 files/sec
[2026-05-15 15:33:50]     Progress 400/1000 files ( 40.0%) | masked=232, sdc=155, crash/hang=13 | 561.28 files/sec
[2026-05-15 15:33:50]     Progress 500/1000 files ( 50.0%) | masked=298, sdc=187, crash/hang=15 | 545.30 files/sec
[2026-05-15 15:33:50]     Progress 600/1000 files ( 60.0%) | masked=362, sdc=222, crash/hang=16 | 539.55 files/sec
[2026-05-15 15:33:51]     Progress 700/1000 files ( 70.0%) | masked=413, sdc=269, crash/hang=18 | 539.00 files/sec
[2026-05-15 15:33:51]     Progress 800/1000 files ( 80.0%) | masked=471, sdc=309, crash/hang=20 | 537.58 files/sec
[2026-05-15 15:33:51]     Progress 900/1000 files ( 90.0%) | masked=525, sdc=351, crash/hang=24 | 533.73 files/sec
[2026-05-15 15:33:51]     Progress 1000/1000 files (100.0%) | masked=586, sdc=386, crash/hang=28 | 537.32 files/sec
[2026-05-15 15:33:51]     Done folder: total=1000, masked=586, sdc=386, crash/hang=28
[2026-05-15 15:33:51]     CSV row written for leader-licm/exec_dijkstra_small_licm_loop-unroll | masked_rate=0.586000, sdc_rate=0.386000, crash_rate=0.028000
[2026-05-15 15:33:51] ================================================================================
[2026-05-15 15:33:51] [  65/110 |  59.1%] Processing leader-licm/exec_dijkstra_small_licm_sccp
[2026-05-15 15:33:51]     FI folder : /projects/lyang28/rmengle/program_outputs/paired/dijkstra_small_outputs/leader-licm/exec_dijkstra_small_licm_sccp
[2026-05-15 15:33:51]     Timing    : /projects/lyang28/rmengle/execution_times/paired/dijkstra_small_outputs/leader-licm/exec_dijkstra_small_licm_sccp.txt FOUND
[2026-05-15 15:33:52]     Found 1000 run files
[2026-05-15 15:33:52]     Progress 100/1000 files ( 10.0%) | masked=62, sdc=36, crash/hang=2 | 646.14 files/sec
[2026-05-15 15:33:52]     Progress 200/1000 files ( 20.0%) | masked=117, sdc=81, crash/hang=2 | 644.84 files/sec
[2026-05-15 15:33:52]     Progress 300/1000 files ( 30.0%) | masked=179, sdc=117, crash/hang=4 | 644.94 files/sec
[2026-05-15 15:33:52]     Progress 400/1000 files ( 40.0%) | masked=237, sdc=157, crash/hang=6 | 644.71 files/sec
[2026-05-15 15:33:52]     Progress 500/1000 files ( 50.0%) | masked=289, sdc=201, crash/hang=10 | 644.80 files/sec
[2026-05-15 15:33:52]     Progress 600/1000 files ( 60.0%) | masked=340, sdc=244, crash/hang=16 | 648.52 files/sec
[2026-05-15 15:33:53]     Progress 700/1000 files ( 70.0%) | masked=393, sdc=287, crash/hang=20 | 644.73 files/sec
[2026-05-15 15:33:53]     Progress 800/1000 files ( 80.0%) | masked=445, sdc=331, crash/hang=24 | 637.59 files/sec
[2026-05-15 15:33:53]     Progress 900/1000 files ( 90.0%) | masked=499, sdc=374, crash/hang=27 | 633.25 files/sec
[2026-05-15 15:33:53]     Progress 1000/1000 files (100.0%) | masked=551, sdc=422, crash/hang=27 | 635.05 files/sec
[2026-05-15 15:33:53]     Done folder: total=1000, masked=551, sdc=422, crash/hang=27
[2026-05-15 15:33:53]     CSV row written for leader-licm/exec_dijkstra_small_licm_sccp | masked_rate=0.551000, sdc_rate=0.422000, crash_rate=0.027000
[2026-05-15 15:33:53] ================================================================================
[2026-05-15 15:33:53] [  66/110 |  60.0%] Processing leader-licm/exec_dijkstra_small_licm_simple-loop-unswitch
[2026-05-15 15:33:53]     FI folder : /projects/lyang28/rmengle/program_outputs/paired/dijkstra_small_outputs/leader-licm/exec_dijkstra_small_licm_simple-loop-unswitch
[2026-05-15 15:33:53]     Timing    : /projects/lyang28/rmengle/execution_times/paired/dijkstra_small_outputs/leader-licm/exec_dijkstra_small_licm_simple-loop-unswitch.txt FOUND
[2026-05-15 15:33:53]     Found 1000 run files
[2026-05-15 15:33:54]     Progress 100/1000 files ( 10.0%) | masked=61, sdc=36, crash/hang=3 | 572.79 files/sec
[2026-05-15 15:33:54]     Progress 200/1000 files ( 20.0%) | masked=112, sdc=82, crash/hang=6 | 527.82 files/sec
[2026-05-15 15:33:54]     Progress 300/1000 files ( 30.0%) | masked=168, sdc=122, crash/hang=10 | 526.99 files/sec
[2026-05-15 15:33:54]     Progress 400/1000 files ( 40.0%) | masked=216, sdc=170, crash/hang=14 | 521.69 files/sec
[2026-05-15 15:33:54]     Progress 500/1000 files ( 50.0%) | masked=270, sdc=213, crash/hang=17 | 508.54 files/sec
[2026-05-15 15:33:55]     Progress 600/1000 files ( 60.0%) | masked=323, sdc=257, crash/hang=20 | 520.33 files/sec
[2026-05-15 15:33:55]     Progress 700/1000 files ( 70.0%) | masked=382, sdc=292, crash/hang=26 | 523.73 files/sec
[2026-05-15 15:33:55]     Progress 800/1000 files ( 80.0%) | masked=450, sdc=323, crash/hang=27 | 527.24 files/sec
[2026-05-15 15:33:55]     Progress 900/1000 files ( 90.0%) | masked=507, sdc=363, crash/hang=30 | 526.71 files/sec
[2026-05-15 15:33:55]     Progress 1000/1000 files (100.0%) | masked=562, sdc=408, crash/hang=30 | 526.60 files/sec
[2026-05-15 15:33:55]     Done folder: total=1000, masked=562, sdc=408, crash/hang=30
[2026-05-15 15:33:55]     CSV row written for leader-licm/exec_dijkstra_small_licm_simple-loop-unswitch | masked_rate=0.562000, sdc_rate=0.408000, crash_rate=0.030000
[2026-05-15 15:33:55] ================================================================================
[2026-05-15 15:33:55] [  67/110 |  60.9%] Processing leader-loop-reduce/exec_dijkstra_small_loop-reduce
[2026-05-15 15:33:55]     FI folder : /projects/lyang28/rmengle/program_outputs/paired/dijkstra_small_outputs/leader-loop-reduce/exec_dijkstra_small_loop-reduce
[2026-05-15 15:33:55]     Timing    : /projects/lyang28/rmengle/execution_times/paired/dijkstra_small_outputs/leader-loop-reduce/exec_dijkstra_small_loop-reduce.txt FOUND
[2026-05-15 15:33:56]     Found 1000 run files
[2026-05-15 15:33:56]     Progress 100/1000 files ( 10.0%) | masked=58, sdc=41, crash/hang=1 | 528.95 files/sec
[2026-05-15 15:33:56]     Progress 200/1000 files ( 20.0%) | masked=103, sdc=93, crash/hang=4 | 509.94 files/sec
[2026-05-15 15:33:56]     Progress 300/1000 files ( 30.0%) | masked=149, sdc=141, crash/hang=10 | 518.44 files/sec
[2026-05-15 15:33:57]     Progress 400/1000 files ( 40.0%) | masked=202, sdc=186, crash/hang=12 | 522.71 files/sec
[2026-05-15 15:33:57]     Progress 500/1000 files ( 50.0%) | masked=252, sdc=231, crash/hang=17 | 512.97 files/sec
[2026-05-15 15:33:57]     Progress 600/1000 files ( 60.0%) | masked=308, sdc=271, crash/hang=21 | 517.90 files/sec
[2026-05-15 15:33:57]     Progress 700/1000 files ( 70.0%) | masked=353, sdc=324, crash/hang=23 | 521.13 files/sec
[2026-05-15 15:33:57]     Progress 800/1000 files ( 80.0%) | masked=408, sdc=366, crash/hang=26 | 528.47 files/sec
[2026-05-15 15:33:58]     Progress 900/1000 files ( 90.0%) | masked=463, sdc=408, crash/hang=29 | 527.36 files/sec
[2026-05-15 15:33:58]     Progress 1000/1000 files (100.0%) | masked=512, sdc=457, crash/hang=31 | 529.83 files/sec
[2026-05-15 15:33:58]     Done folder: total=1000, masked=512, sdc=457, crash/hang=31
[2026-05-15 15:33:58]     CSV row written for leader-loop-reduce/exec_dijkstra_small_loop-reduce | masked_rate=0.512000, sdc_rate=0.457000, crash_rate=0.031000
[2026-05-15 15:33:58] ================================================================================
[2026-05-15 15:33:58] [  68/110 |  61.8%] Processing leader-loop-reduce/exec_dijkstra_small_loop-reduce_early-cse
[2026-05-15 15:33:58]     FI folder : /projects/lyang28/rmengle/program_outputs/paired/dijkstra_small_outputs/leader-loop-reduce/exec_dijkstra_small_loop-reduce_early-cse
[2026-05-15 15:33:58]     Timing    : /projects/lyang28/rmengle/execution_times/paired/dijkstra_small_outputs/leader-loop-reduce/exec_dijkstra_small_loop-reduce_early-cse.txt FOUND
[2026-05-15 15:33:58]     Found 1000 run files
[2026-05-15 15:33:58]     Progress 100/1000 files ( 10.0%) | masked=54, sdc=41, crash/hang=5 | 655.60 files/sec
[2026-05-15 15:33:58]     Progress 200/1000 files ( 20.0%) | masked=110, sdc=82, crash/hang=8 | 662.54 files/sec
[2026-05-15 15:33:59]     Progress 300/1000 files ( 30.0%) | masked=168, sdc=123, crash/hang=9 | 656.47 files/sec
[2026-05-15 15:33:59]     Progress 400/1000 files ( 40.0%) | masked=233, sdc=156, crash/hang=11 | 647.74 files/sec
[2026-05-15 15:33:59]     Progress 500/1000 files ( 50.0%) | masked=291, sdc=197, crash/hang=12 | 640.88 files/sec
[2026-05-15 15:33:59]     Progress 600/1000 files ( 60.0%) | masked=342, sdc=242, crash/hang=16 | 624.09 files/sec
[2026-05-15 15:33:59]     Progress 700/1000 files ( 70.0%) | masked=409, sdc=275, crash/hang=16 | 619.96 files/sec
[2026-05-15 15:33:59]     Progress 800/1000 files ( 80.0%) | masked=477, sdc=305, crash/hang=18 | 625.77 files/sec
[2026-05-15 15:34:00]     Progress 900/1000 files ( 90.0%) | masked=540, sdc=340, crash/hang=20 | 631.03 files/sec
[2026-05-15 15:34:00]     Progress 1000/1000 files (100.0%) | masked=600, sdc=378, crash/hang=22 | 630.11 files/sec
[2026-05-15 15:34:00]     Done folder: total=1000, masked=600, sdc=378, crash/hang=22
[2026-05-15 15:34:00]     CSV row written for leader-loop-reduce/exec_dijkstra_small_loop-reduce_early-cse | masked_rate=0.600000, sdc_rate=0.378000, crash_rate=0.022000
[2026-05-15 15:34:00] ================================================================================
[2026-05-15 15:34:00] [  69/110 |  62.7%] Processing leader-loop-reduce/exec_dijkstra_small_loop-reduce_gvn
[2026-05-15 15:34:00]     FI folder : /projects/lyang28/rmengle/program_outputs/paired/dijkstra_small_outputs/leader-loop-reduce/exec_dijkstra_small_loop-reduce_gvn
[2026-05-15 15:34:00]     Timing    : /projects/lyang28/rmengle/execution_times/paired/dijkstra_small_outputs/leader-loop-reduce/exec_dijkstra_small_loop-reduce_gvn.txt FOUND
[2026-05-15 15:34:00]     Found 1000 run files
[2026-05-15 15:34:00]     Progress 100/1000 files ( 10.0%) | masked=68, sdc=31, crash/hang=1 | 670.38 files/sec
[2026-05-15 15:34:00]     Progress 200/1000 files ( 20.0%) | masked=137, sdc=59, crash/hang=4 | 669.90 files/sec
[2026-05-15 15:34:01]     Progress 300/1000 files ( 30.0%) | masked=205, sdc=90, crash/hang=5 | 646.17 files/sec
[2026-05-15 15:34:01]     Progress 400/1000 files ( 40.0%) | masked=277, sdc=118, crash/hang=5 | 643.57 files/sec
[2026-05-15 15:34:01]     Progress 500/1000 files ( 50.0%) | masked=332, sdc=161, crash/hang=7 | 643.98 files/sec
[2026-05-15 15:34:01]     Progress 600/1000 files ( 60.0%) | masked=399, sdc=187, crash/hang=14 | 636.77 files/sec
[2026-05-15 15:34:01]     Progress 700/1000 files ( 70.0%) | masked=467, sdc=219, crash/hang=14 | 632.68 files/sec
[2026-05-15 15:34:01]     Progress 800/1000 files ( 80.0%) | masked=540, sdc=246, crash/hang=14 | 636.78 files/sec
[2026-05-15 15:34:01]     Progress 900/1000 files ( 90.0%) | masked=598, sdc=285, crash/hang=17 | 637.19 files/sec
[2026-05-15 15:34:02]     Progress 1000/1000 files (100.0%) | masked=667, sdc=312, crash/hang=21 | 636.13 files/sec
[2026-05-15 15:34:02]     Done folder: total=1000, masked=667, sdc=312, crash/hang=21
[2026-05-15 15:34:02]     CSV row written for leader-loop-reduce/exec_dijkstra_small_loop-reduce_gvn | masked_rate=0.667000, sdc_rate=0.312000, crash_rate=0.021000
[2026-05-15 15:34:02] ================================================================================
[2026-05-15 15:34:02] [  70/110 |  63.6%] Processing leader-loop-reduce/exec_dijkstra_small_loop-reduce_inline
[2026-05-15 15:34:02]     FI folder : /projects/lyang28/rmengle/program_outputs/paired/dijkstra_small_outputs/leader-loop-reduce/exec_dijkstra_small_loop-reduce_inline
[2026-05-15 15:34:02]     Timing    : /projects/lyang28/rmengle/execution_times/paired/dijkstra_small_outputs/leader-loop-reduce/exec_dijkstra_small_loop-reduce_inline.txt FOUND
[2026-05-15 15:34:02]     Found 1000 run files
[2026-05-15 15:34:02]     Progress 100/1000 files ( 10.0%) | masked=49, sdc=50, crash/hang=1 | 596.80 files/sec
[2026-05-15 15:34:02]     Progress 200/1000 files ( 20.0%) | masked=106, sdc=90, crash/hang=4 | 594.67 files/sec
[2026-05-15 15:34:02]     Progress 300/1000 files ( 30.0%) | masked=165, sdc=128, crash/hang=7 | 606.72 files/sec
[2026-05-15 15:34:03]     Progress 400/1000 files ( 40.0%) | masked=224, sdc=166, crash/hang=10 | 620.68 files/sec
[2026-05-15 15:34:03]     Progress 500/1000 files ( 50.0%) | masked=290, sdc=195, crash/hang=15 | 625.72 files/sec
[2026-05-15 15:34:03]     Progress 600/1000 files ( 60.0%) | masked=349, sdc=235, crash/hang=16 | 618.26 files/sec
[2026-05-15 15:34:03]     Progress 700/1000 files ( 70.0%) | masked=405, sdc=275, crash/hang=20 | 621.46 files/sec
[2026-05-15 15:34:03]     Progress 800/1000 files ( 80.0%) | masked=461, sdc=318, crash/hang=21 | 629.56 files/sec
[2026-05-15 15:34:03]     Progress 900/1000 files ( 90.0%) | masked=515, sdc=361, crash/hang=24 | 630.68 files/sec
[2026-05-15 15:34:04]     Progress 1000/1000 files (100.0%) | masked=568, sdc=407, crash/hang=25 | 633.54 files/sec
[2026-05-15 15:34:04]     Done folder: total=1000, masked=568, sdc=407, crash/hang=25
[2026-05-15 15:34:04]     CSV row written for leader-loop-reduce/exec_dijkstra_small_loop-reduce_inline | masked_rate=0.568000, sdc_rate=0.407000, crash_rate=0.025000
[2026-05-15 15:34:04] ================================================================================
[2026-05-15 15:34:04] [  71/110 |  64.5%] Processing leader-loop-reduce/exec_dijkstra_small_loop-reduce_instcombine
[2026-05-15 15:34:04]     FI folder : /projects/lyang28/rmengle/program_outputs/paired/dijkstra_small_outputs/leader-loop-reduce/exec_dijkstra_small_loop-reduce_instcombine
[2026-05-15 15:34:04]     Timing    : /projects/lyang28/rmengle/execution_times/paired/dijkstra_small_outputs/leader-loop-reduce/exec_dijkstra_small_loop-reduce_instcombine.txt FOUND
[2026-05-15 15:34:04]     Found 1000 run files
[2026-05-15 15:34:04]     Progress 100/1000 files ( 10.0%) | masked=48, sdc=50, crash/hang=2 | 612.00 files/sec
[2026-05-15 15:34:04]     Progress 200/1000 files ( 20.0%) | masked=105, sdc=92, crash/hang=3 | 622.65 files/sec
[2026-05-15 15:34:04]     Progress 300/1000 files ( 30.0%) | masked=159, sdc=135, crash/hang=6 | 637.11 files/sec
[2026-05-15 15:34:05]     Progress 400/1000 files ( 40.0%) | masked=212, sdc=179, crash/hang=9 | 638.10 files/sec
[2026-05-15 15:34:05]     Progress 500/1000 files ( 50.0%) | masked=269, sdc=218, crash/hang=13 | 633.72 files/sec
[2026-05-15 15:34:05]     Progress 600/1000 files ( 60.0%) | masked=323, sdc=261, crash/hang=16 | 633.71 files/sec
[2026-05-15 15:34:05]     Progress 700/1000 files ( 70.0%) | masked=373, sdc=310, crash/hang=17 | 624.65 files/sec
[2026-05-15 15:34:05]     Progress 800/1000 files ( 80.0%) | masked=431, sdc=351, crash/hang=18 | 627.29 files/sec
[2026-05-15 15:34:05]     Progress 900/1000 files ( 90.0%) | masked=484, sdc=395, crash/hang=21 | 626.37 files/sec
[2026-05-15 15:34:06]     Progress 1000/1000 files (100.0%) | masked=528, sdc=449, crash/hang=23 | 618.39 files/sec
[2026-05-15 15:34:06]     Done folder: total=1000, masked=528, sdc=449, crash/hang=23
[2026-05-15 15:34:06]     CSV row written for leader-loop-reduce/exec_dijkstra_small_loop-reduce_instcombine | masked_rate=0.528000, sdc_rate=0.449000, crash_rate=0.023000
[2026-05-15 15:34:06] ================================================================================
[2026-05-15 15:34:06] [  72/110 |  65.5%] Processing leader-loop-reduce/exec_dijkstra_small_loop-reduce_ipsccp
[2026-05-15 15:34:06]     FI folder : /projects/lyang28/rmengle/program_outputs/paired/dijkstra_small_outputs/leader-loop-reduce/exec_dijkstra_small_loop-reduce_ipsccp
[2026-05-15 15:34:06]     Timing    : /projects/lyang28/rmengle/execution_times/paired/dijkstra_small_outputs/leader-loop-reduce/exec_dijkstra_small_loop-reduce_ipsccp.txt FOUND
[2026-05-15 15:34:06]     Found 1000 run files
[2026-05-15 15:34:06]     Progress 100/1000 files ( 10.0%) | masked=58, sdc=39, crash/hang=3 | 631.90 files/sec
[2026-05-15 15:34:06]     Progress 200/1000 files ( 20.0%) | masked=121, sdc=74, crash/hang=5 | 627.34 files/sec
[2026-05-15 15:34:06]     Progress 300/1000 files ( 30.0%) | masked=182, sdc=112, crash/hang=6 | 618.90 files/sec
[2026-05-15 15:34:07]     Progress 400/1000 files ( 40.0%) | masked=234, sdc=159, crash/hang=7 | 605.26 files/sec
[2026-05-15 15:34:07]     Progress 500/1000 files ( 50.0%) | masked=292, sdc=199, crash/hang=9 | 602.94 files/sec
[2026-05-15 15:34:07]     Progress 600/1000 files ( 60.0%) | masked=349, sdc=238, crash/hang=13 | 609.99 files/sec
[2026-05-15 15:34:07]     Progress 700/1000 files ( 70.0%) | masked=407, sdc=278, crash/hang=15 | 614.69 files/sec
[2026-05-15 15:34:07]     Progress 800/1000 files ( 80.0%) | masked=464, sdc=315, crash/hang=21 | 620.55 files/sec
[2026-05-15 15:34:07]     Progress 900/1000 files ( 90.0%) | masked=515, sdc=362, crash/hang=23 | 624.80 files/sec
[2026-05-15 15:34:08]     Progress 1000/1000 files (100.0%) | masked=571, sdc=401, crash/hang=28 | 615.51 files/sec
[2026-05-15 15:34:08]     Done folder: total=1000, masked=571, sdc=401, crash/hang=28
[2026-05-15 15:34:08]     CSV row written for leader-loop-reduce/exec_dijkstra_small_loop-reduce_ipsccp | masked_rate=0.571000, sdc_rate=0.401000, crash_rate=0.028000
[2026-05-15 15:34:08] ================================================================================
[2026-05-15 15:34:08] [  73/110 |  66.4%] Processing leader-loop-reduce/exec_dijkstra_small_loop-reduce_licm
[2026-05-15 15:34:08]     FI folder : /projects/lyang28/rmengle/program_outputs/paired/dijkstra_small_outputs/leader-loop-reduce/exec_dijkstra_small_loop-reduce_licm
[2026-05-15 15:34:08]     Timing    : /projects/lyang28/rmengle/execution_times/paired/dijkstra_small_outputs/leader-loop-reduce/exec_dijkstra_small_loop-reduce_licm.txt FOUND
[2026-05-15 15:34:08]     Found 1000 run files
[2026-05-15 15:34:08]     Progress 100/1000 files ( 10.0%) | masked=51, sdc=45, crash/hang=4 | 506.49 files/sec
[2026-05-15 15:34:08]     Progress 200/1000 files ( 20.0%) | masked=117, sdc=74, crash/hang=9 | 546.31 files/sec
[2026-05-15 15:34:09]     Progress 300/1000 files ( 30.0%) | masked=171, sdc=119, crash/hang=10 | 559.13 files/sec
[2026-05-15 15:34:09]     Progress 400/1000 files ( 40.0%) | masked=227, sdc=160, crash/hang=13 | 551.59 files/sec
[2026-05-15 15:34:09]     Progress 500/1000 files ( 50.0%) | masked=284, sdc=200, crash/hang=16 | 533.74 files/sec
[2026-05-15 15:34:09]     Progress 600/1000 files ( 60.0%) | masked=337, sdc=243, crash/hang=20 | 516.75 files/sec
[2026-05-15 15:34:09]     Progress 700/1000 files ( 70.0%) | masked=399, sdc=278, crash/hang=23 | 518.96 files/sec
[2026-05-15 15:34:10]     Progress 800/1000 files ( 80.0%) | masked=464, sdc=311, crash/hang=25 | 521.41 files/sec
[2026-05-15 15:34:10]     Progress 900/1000 files ( 90.0%) | masked=521, sdc=353, crash/hang=26 | 525.80 files/sec
[2026-05-15 15:34:10]     Progress 1000/1000 files (100.0%) | masked=576, sdc=393, crash/hang=31 | 532.80 files/sec
[2026-05-15 15:34:10]     Done folder: total=1000, masked=576, sdc=393, crash/hang=31
[2026-05-15 15:34:10]     CSV row written for leader-loop-reduce/exec_dijkstra_small_loop-reduce_licm | masked_rate=0.576000, sdc_rate=0.393000, crash_rate=0.031000
[2026-05-15 15:34:10] ================================================================================
[2026-05-15 15:34:10] [  74/110 |  67.3%] Processing leader-loop-reduce/exec_dijkstra_small_loop-reduce_loop-reduce
[2026-05-15 15:34:10]     FI folder : /projects/lyang28/rmengle/program_outputs/paired/dijkstra_small_outputs/leader-loop-reduce/exec_dijkstra_small_loop-reduce_loop-reduce
[2026-05-15 15:34:10]     Timing    : /projects/lyang28/rmengle/execution_times/paired/dijkstra_small_outputs/leader-loop-reduce/exec_dijkstra_small_loop-reduce_loop-reduce.txt FOUND
[2026-05-15 15:34:10]     Found 1000 run files
[2026-05-15 15:34:10]     Progress 100/1000 files ( 10.0%) | masked=49, sdc=49, crash/hang=2 | 503.56 files/sec
[2026-05-15 15:34:11]     Progress 200/1000 files ( 20.0%) | masked=108, sdc=87, crash/hang=5 | 511.29 files/sec
[2026-05-15 15:34:11]     Progress 300/1000 files ( 30.0%) | masked=156, sdc=135, crash/hang=9 | 546.37 files/sec
[2026-05-15 15:34:11]     Progress 400/1000 files ( 40.0%) | masked=210, sdc=179, crash/hang=11 | 556.47 files/sec
[2026-05-15 15:34:11]     Progress 500/1000 files ( 50.0%) | masked=269, sdc=217, crash/hang=14 | 549.82 files/sec
[2026-05-15 15:34:11]     Progress 600/1000 files ( 60.0%) | masked=326, sdc=259, crash/hang=15 | 559.65 files/sec
[2026-05-15 15:34:12]     Progress 700/1000 files ( 70.0%) | masked=377, sdc=305, crash/hang=18 | 566.50 files/sec
[2026-05-15 15:34:12]     Progress 800/1000 files ( 80.0%) | masked=431, sdc=346, crash/hang=23 | 573.95 files/sec
[2026-05-15 15:34:12]     Progress 900/1000 files ( 90.0%) | masked=484, sdc=388, crash/hang=28 | 581.38 files/sec
[2026-05-15 15:34:12]     Progress 1000/1000 files (100.0%) | masked=541, sdc=430, crash/hang=29 | 587.55 files/sec
[2026-05-15 15:34:12]     Done folder: total=1000, masked=541, sdc=430, crash/hang=29
[2026-05-15 15:34:12]     CSV row written for leader-loop-reduce/exec_dijkstra_small_loop-reduce_loop-reduce | masked_rate=0.541000, sdc_rate=0.430000, crash_rate=0.029000
[2026-05-15 15:34:12] ================================================================================
[2026-05-15 15:34:12] [  75/110 |  68.2%] Processing leader-loop-reduce/exec_dijkstra_small_loop-reduce_loop-unroll
[2026-05-15 15:34:12]     FI folder : /projects/lyang28/rmengle/program_outputs/paired/dijkstra_small_outputs/leader-loop-reduce/exec_dijkstra_small_loop-reduce_loop-unroll
[2026-05-15 15:34:12]     Timing    : /projects/lyang28/rmengle/execution_times/paired/dijkstra_small_outputs/leader-loop-reduce/exec_dijkstra_small_loop-reduce_loop-unroll.txt FOUND
[2026-05-15 15:34:12]     Found 1000 run files
[2026-05-15 15:34:12]     Progress 100/1000 files ( 10.0%) | masked=57, sdc=42, crash/hang=1 | 616.50 files/sec
[2026-05-15 15:34:13]     Progress 200/1000 files ( 20.0%) | masked=111, sdc=85, crash/hang=4 | 627.16 files/sec
[2026-05-15 15:34:13]     Progress 300/1000 files ( 30.0%) | masked=158, sdc=136, crash/hang=6 | 610.08 files/sec
[2026-05-15 15:34:13]     Progress 400/1000 files ( 40.0%) | masked=213, sdc=180, crash/hang=7 | 615.64 files/sec
[2026-05-15 15:34:13]     Progress 500/1000 files ( 50.0%) | masked=260, sdc=229, crash/hang=11 | 604.89 files/sec
[2026-05-15 15:34:13]     Progress 600/1000 files ( 60.0%) | masked=311, sdc=275, crash/hang=14 | 609.05 files/sec
[2026-05-15 15:34:13]     Progress 700/1000 files ( 70.0%) | masked=360, sdc=321, crash/hang=19 | 614.49 files/sec
[2026-05-15 15:34:14]     Progress 800/1000 files ( 80.0%) | masked=407, sdc=373, crash/hang=20 | 614.24 files/sec
[2026-05-15 15:34:14]     Progress 900/1000 files ( 90.0%) | masked=462, sdc=413, crash/hang=25 | 618.69 files/sec
[2026-05-15 15:34:14]     Progress 1000/1000 files (100.0%) | masked=513, sdc=459, crash/hang=28 | 619.36 files/sec
[2026-05-15 15:34:14]     Done folder: total=1000, masked=513, sdc=459, crash/hang=28
[2026-05-15 15:34:14]     CSV row written for leader-loop-reduce/exec_dijkstra_small_loop-reduce_loop-unroll | masked_rate=0.513000, sdc_rate=0.459000, crash_rate=0.028000
[2026-05-15 15:34:14] ================================================================================
[2026-05-15 15:34:14] [  76/110 |  69.1%] Processing leader-loop-reduce/exec_dijkstra_small_loop-reduce_sccp
[2026-05-15 15:34:14]     FI folder : /projects/lyang28/rmengle/program_outputs/paired/dijkstra_small_outputs/leader-loop-reduce/exec_dijkstra_small_loop-reduce_sccp
[2026-05-15 15:34:14]     Timing    : /projects/lyang28/rmengle/execution_times/paired/dijkstra_small_outputs/leader-loop-reduce/exec_dijkstra_small_loop-reduce_sccp.txt FOUND
[2026-05-15 15:34:14]     Found 1000 run files
[2026-05-15 15:34:14]     Progress 100/1000 files ( 10.0%) | masked=48, sdc=49, crash/hang=3 | 657.91 files/sec
[2026-05-15 15:34:15]     Progress 200/1000 files ( 20.0%) | masked=104, sdc=88, crash/hang=8 | 647.72 files/sec
[2026-05-15 15:34:15]     Progress 300/1000 files ( 30.0%) | masked=155, sdc=134, crash/hang=11 | 612.59 files/sec
[2026-05-15 15:34:15]     Progress 400/1000 files ( 40.0%) | masked=208, sdc=178, crash/hang=14 | 614.22 files/sec
[2026-05-15 15:34:15]     Progress 500/1000 files ( 50.0%) | masked=268, sdc=216, crash/hang=16 | 618.93 files/sec
[2026-05-15 15:34:15]     Progress 600/1000 files ( 60.0%) | masked=317, sdc=262, crash/hang=21 | 616.13 files/sec
[2026-05-15 15:34:15]     Progress 700/1000 files ( 70.0%) | masked=371, sdc=305, crash/hang=24 | 620.52 files/sec
[2026-05-15 15:34:16]     Progress 800/1000 files ( 80.0%) | masked=420, sdc=351, crash/hang=29 | 621.30 files/sec
[2026-05-15 15:34:16]     Progress 900/1000 files ( 90.0%) | masked=472, sdc=397, crash/hang=31 | 620.87 files/sec
[2026-05-15 15:34:16]     Progress 1000/1000 files (100.0%) | masked=524, sdc=445, crash/hang=31 | 620.65 files/sec
[2026-05-15 15:34:16]     Done folder: total=1000, masked=524, sdc=445, crash/hang=31
[2026-05-15 15:34:16]     CSV row written for leader-loop-reduce/exec_dijkstra_small_loop-reduce_sccp | masked_rate=0.524000, sdc_rate=0.445000, crash_rate=0.031000
[2026-05-15 15:34:16] ================================================================================
[2026-05-15 15:34:16] [  77/110 |  70.0%] Processing leader-loop-reduce/exec_dijkstra_small_loop-reduce_simple-loop-unswitch
[2026-05-15 15:34:16]     FI folder : /projects/lyang28/rmengle/program_outputs/paired/dijkstra_small_outputs/leader-loop-reduce/exec_dijkstra_small_loop-reduce_simple-loop-unswitch
[2026-05-15 15:34:16]     Timing    : /projects/lyang28/rmengle/execution_times/paired/dijkstra_small_outputs/leader-loop-reduce/exec_dijkstra_small_loop-reduce_simple-loop-unswitch.txt FOUND
[2026-05-15 15:34:16]     Found 1000 run files
[2026-05-15 15:34:16]     Progress 100/1000 files ( 10.0%) | masked=55, sdc=41, crash/hang=4 | 590.02 files/sec
[2026-05-15 15:34:17]     Progress 200/1000 files ( 20.0%) | masked=107, sdc=89, crash/hang=4 | 615.08 files/sec
[2026-05-15 15:34:17]     Progress 300/1000 files ( 30.0%) | masked=163, sdc=127, crash/hang=10 | 632.28 files/sec
[2026-05-15 15:34:17]     Progress 400/1000 files ( 40.0%) | masked=215, sdc=174, crash/hang=11 | 637.73 files/sec
[2026-05-15 15:34:17]     Progress 500/1000 files ( 50.0%) | masked=268, sdc=217, crash/hang=15 | 632.36 files/sec
[2026-05-15 15:34:17]     Progress 600/1000 files ( 60.0%) | masked=314, sdc=269, crash/hang=17 | 636.08 files/sec
[2026-05-15 15:34:17]     Progress 700/1000 files ( 70.0%) | masked=371, sdc=311, crash/hang=18 | 640.17 files/sec
[2026-05-15 15:34:17]     Progress 800/1000 files ( 80.0%) | masked=422, sdc=359, crash/hang=19 | 637.64 files/sec
[2026-05-15 15:34:18]     Progress 900/1000 files ( 90.0%) | masked=474, sdc=402, crash/hang=24 | 640.14 files/sec
[2026-05-15 15:34:18]     Progress 1000/1000 files (100.0%) | masked=530, sdc=441, crash/hang=29 | 641.12 files/sec
[2026-05-15 15:34:18]     Done folder: total=1000, masked=530, sdc=441, crash/hang=29
[2026-05-15 15:34:18]     CSV row written for leader-loop-reduce/exec_dijkstra_small_loop-reduce_simple-loop-unswitch | masked_rate=0.530000, sdc_rate=0.441000, crash_rate=0.029000
[2026-05-15 15:34:18] ================================================================================
[2026-05-15 15:34:18] [  78/110 |  70.9%] Processing leader-loop-unroll/exec_dijkstra_small_loop-unroll
[2026-05-15 15:34:18]     FI folder : /projects/lyang28/rmengle/program_outputs/paired/dijkstra_small_outputs/leader-loop-unroll/exec_dijkstra_small_loop-unroll
[2026-05-15 15:34:18]     Timing    : /projects/lyang28/rmengle/execution_times/paired/dijkstra_small_outputs/leader-loop-unroll/exec_dijkstra_small_loop-unroll.txt FOUND
[2026-05-15 15:34:18]     Found 1000 run files
[2026-05-15 15:34:18]     Progress 100/1000 files ( 10.0%) | masked=47, sdc=48, crash/hang=5 | 620.93 files/sec
[2026-05-15 15:34:18]     Progress 200/1000 files ( 20.0%) | masked=103, sdc=91, crash/hang=6 | 618.28 files/sec
[2026-05-15 15:34:19]     Progress 300/1000 files ( 30.0%) | masked=148, sdc=145, crash/hang=7 | 576.86 files/sec
[2026-05-15 15:34:19]     Progress 400/1000 files ( 40.0%) | masked=195, sdc=194, crash/hang=11 | 581.62 files/sec
[2026-05-15 15:34:19]     Progress 500/1000 files ( 50.0%) | masked=243, sdc=243, crash/hang=14 | 586.26 files/sec
[2026-05-15 15:34:19]     Progress 600/1000 files ( 60.0%) | masked=297, sdc=285, crash/hang=18 | 592.53 files/sec
[2026-05-15 15:34:19]     Progress 700/1000 files ( 70.0%) | masked=353, sdc=327, crash/hang=20 | 597.62 files/sec
[2026-05-15 15:34:19]     Progress 800/1000 files ( 80.0%) | masked=411, sdc=368, crash/hang=21 | 602.48 files/sec
[2026-05-15 15:34:20]     Progress 900/1000 files ( 90.0%) | masked=455, sdc=419, crash/hang=26 | 605.33 files/sec
[2026-05-15 15:34:20]     Progress 1000/1000 files (100.0%) | masked=508, sdc=464, crash/hang=28 | 604.50 files/sec
[2026-05-15 15:34:20]     Done folder: total=1000, masked=508, sdc=464, crash/hang=28
[2026-05-15 15:34:20]     CSV row written for leader-loop-unroll/exec_dijkstra_small_loop-unroll | masked_rate=0.508000, sdc_rate=0.464000, crash_rate=0.028000
[2026-05-15 15:34:20] ================================================================================
[2026-05-15 15:34:20] [  79/110 |  71.8%] Processing leader-loop-unroll/exec_dijkstra_small_loop-unroll_early-cse
[2026-05-15 15:34:20]     FI folder : /projects/lyang28/rmengle/program_outputs/paired/dijkstra_small_outputs/leader-loop-unroll/exec_dijkstra_small_loop-unroll_early-cse
[2026-05-15 15:34:20]     Timing    : /projects/lyang28/rmengle/execution_times/paired/dijkstra_small_outputs/leader-loop-unroll/exec_dijkstra_small_loop-unroll_early-cse.txt FOUND
[2026-05-15 15:34:20]     Found 1000 run files
[2026-05-15 15:34:20]     Progress 100/1000 files ( 10.0%) | masked=69, sdc=29, crash/hang=2 | 650.44 files/sec
[2026-05-15 15:34:20]     Progress 200/1000 files ( 20.0%) | masked=130, sdc=64, crash/hang=6 | 663.85 files/sec
[2026-05-15 15:34:21]     Progress 300/1000 files ( 30.0%) | masked=195, sdc=95, crash/hang=10 | 658.77 files/sec
[2026-05-15 15:34:21]     Progress 400/1000 files ( 40.0%) | masked=257, sdc=129, crash/hang=14 | 661.90 files/sec
[2026-05-15 15:34:21]     Progress 500/1000 files ( 50.0%) | masked=318, sdc=166, crash/hang=16 | 664.75 files/sec
[2026-05-15 15:34:21]     Progress 600/1000 files ( 60.0%) | masked=381, sdc=202, crash/hang=17 | 659.31 files/sec
[2026-05-15 15:34:21]     Progress 700/1000 files ( 70.0%) | masked=443, sdc=237, crash/hang=20 | 646.14 files/sec
[2026-05-15 15:34:21]     Progress 800/1000 files ( 80.0%) | masked=506, sdc=272, crash/hang=22 | 642.59 files/sec
[2026-05-15 15:34:22]     Progress 900/1000 files ( 90.0%) | masked=570, sdc=308, crash/hang=22 | 639.54 files/sec
[2026-05-15 15:34:22]     Progress 1000/1000 files (100.0%) | masked=640, sdc=336, crash/hang=24 | 639.06 files/sec
[2026-05-15 15:34:22]     Done folder: total=1000, masked=640, sdc=336, crash/hang=24
[2026-05-15 15:34:22]     CSV row written for leader-loop-unroll/exec_dijkstra_small_loop-unroll_early-cse | masked_rate=0.640000, sdc_rate=0.336000, crash_rate=0.024000
[2026-05-15 15:34:22] ================================================================================
[2026-05-15 15:34:22] [  80/110 |  72.7%] Processing leader-loop-unroll/exec_dijkstra_small_loop-unroll_gvn
[2026-05-15 15:34:22]     FI folder : /projects/lyang28/rmengle/program_outputs/paired/dijkstra_small_outputs/leader-loop-unroll/exec_dijkstra_small_loop-unroll_gvn
[2026-05-15 15:34:22]     Timing    : /projects/lyang28/rmengle/execution_times/paired/dijkstra_small_outputs/leader-loop-unroll/exec_dijkstra_small_loop-unroll_gvn.txt FOUND
[2026-05-15 15:34:22]     Found 1000 run files
[2026-05-15 15:34:22]     Progress 100/1000 files ( 10.0%) | masked=64, sdc=35, crash/hang=1 | 592.60 files/sec
[2026-05-15 15:34:22]     Progress 200/1000 files ( 20.0%) | masked=131, sdc=65, crash/hang=4 | 583.01 files/sec
[2026-05-15 15:34:23]     Progress 300/1000 files ( 30.0%) | masked=192, sdc=103, crash/hang=5 | 594.21 files/sec
[2026-05-15 15:34:23]     Progress 400/1000 files ( 40.0%) | masked=266, sdc=128, crash/hang=6 | 603.28 files/sec
[2026-05-15 15:34:23]     Progress 500/1000 files ( 50.0%) | masked=343, sdc=149, crash/hang=8 | 614.79 files/sec
[2026-05-15 15:34:23]     Progress 600/1000 files ( 60.0%) | masked=412, sdc=178, crash/hang=10 | 610.03 files/sec
[2026-05-15 15:34:23]     Progress 700/1000 files ( 70.0%) | masked=480, sdc=209, crash/hang=11 | 604.90 files/sec
[2026-05-15 15:34:23]     Progress 800/1000 files ( 80.0%) | masked=541, sdc=248, crash/hang=11 | 605.26 files/sec
[2026-05-15 15:34:24]     Progress 900/1000 files ( 90.0%) | masked=608, sdc=279, crash/hang=13 | 606.86 files/sec
[2026-05-15 15:34:24]     Progress 1000/1000 files (100.0%) | masked=672, sdc=314, crash/hang=14 | 604.57 files/sec
[2026-05-15 15:34:24]     Done folder: total=1000, masked=672, sdc=314, crash/hang=14
[2026-05-15 15:34:24]     CSV row written for leader-loop-unroll/exec_dijkstra_small_loop-unroll_gvn | masked_rate=0.672000, sdc_rate=0.314000, crash_rate=0.014000
[2026-05-15 15:34:24] ================================================================================
[2026-05-15 15:34:24] [  81/110 |  73.6%] Processing leader-loop-unroll/exec_dijkstra_small_loop-unroll_inline
[2026-05-15 15:34:24]     FI folder : /projects/lyang28/rmengle/program_outputs/paired/dijkstra_small_outputs/leader-loop-unroll/exec_dijkstra_small_loop-unroll_inline
[2026-05-15 15:34:24]     Timing    : /projects/lyang28/rmengle/execution_times/paired/dijkstra_small_outputs/leader-loop-unroll/exec_dijkstra_small_loop-unroll_inline.txt FOUND
[2026-05-15 15:34:24]     Found 1000 run files
[2026-05-15 15:34:24]     Progress 100/1000 files ( 10.0%) | masked=47, sdc=47, crash/hang=6 | 460.74 files/sec
[2026-05-15 15:34:24]     Progress 200/1000 files ( 20.0%) | masked=105, sdc=86, crash/hang=9 | 510.36 files/sec
[2026-05-15 15:34:25]     Progress 300/1000 files ( 30.0%) | masked=163, sdc=125, crash/hang=12 | 535.25 files/sec
[2026-05-15 15:34:25]     Progress 400/1000 files ( 40.0%) | masked=214, sdc=173, crash/hang=13 | 528.17 files/sec
[2026-05-15 15:34:25]     Progress 500/1000 files ( 50.0%) | masked=276, sdc=209, crash/hang=15 | 533.35 files/sec
[2026-05-15 15:34:25]     Progress 600/1000 files ( 60.0%) | masked=332, sdc=251, crash/hang=17 | 537.12 files/sec
[2026-05-15 15:34:25]     Progress 700/1000 files ( 70.0%) | masked=393, sdc=287, crash/hang=20 | 538.90 files/sec
[2026-05-15 15:34:26]     Progress 800/1000 files ( 80.0%) | masked=450, sdc=324, crash/hang=26 | 542.69 files/sec
[2026-05-15 15:34:26]     Progress 900/1000 files ( 90.0%) | masked=506, sdc=365, crash/hang=29 | 550.22 files/sec
[2026-05-15 15:34:26]     Progress 1000/1000 files (100.0%) | masked=555, sdc=413, crash/hang=32 | 559.14 files/sec
[2026-05-15 15:34:26]     Done folder: total=1000, masked=555, sdc=413, crash/hang=32
[2026-05-15 15:34:26]     CSV row written for leader-loop-unroll/exec_dijkstra_small_loop-unroll_inline | masked_rate=0.555000, sdc_rate=0.413000, crash_rate=0.032000
[2026-05-15 15:34:26] ================================================================================
[2026-05-15 15:34:26] [  82/110 |  74.5%] Processing leader-loop-unroll/exec_dijkstra_small_loop-unroll_instcombine
[2026-05-15 15:34:26]     FI folder : /projects/lyang28/rmengle/program_outputs/paired/dijkstra_small_outputs/leader-loop-unroll/exec_dijkstra_small_loop-unroll_instcombine
[2026-05-15 15:34:26]     Timing    : /projects/lyang28/rmengle/execution_times/paired/dijkstra_small_outputs/leader-loop-unroll/exec_dijkstra_small_loop-unroll_instcombine.txt FOUND
[2026-05-15 15:34:26]     Found 1000 run files
[2026-05-15 15:34:26]     Progress 100/1000 files ( 10.0%) | masked=50, sdc=44, crash/hang=6 | 612.61 files/sec
[2026-05-15 15:34:27]     Progress 200/1000 files ( 20.0%) | masked=93, sdc=97, crash/hang=10 | 625.37 files/sec
[2026-05-15 15:34:27]     Progress 300/1000 files ( 30.0%) | masked=147, sdc=140, crash/hang=13 | 629.58 files/sec
[2026-05-15 15:34:27]     Progress 400/1000 files ( 40.0%) | masked=195, sdc=190, crash/hang=15 | 630.52 files/sec
[2026-05-15 15:34:27]     Progress 500/1000 files ( 50.0%) | masked=241, sdc=242, crash/hang=17 | 632.68 files/sec
[2026-05-15 15:34:27]     Progress 600/1000 files ( 60.0%) | masked=303, sdc=278, crash/hang=19 | 640.07 files/sec
[2026-05-15 15:34:27]     Progress 700/1000 files ( 70.0%) | masked=355, sdc=326, crash/hang=19 | 641.87 files/sec
[2026-05-15 15:34:27]     Progress 800/1000 files ( 80.0%) | masked=418, sdc=359, crash/hang=23 | 644.41 files/sec
[2026-05-15 15:34:28]     Progress 900/1000 files ( 90.0%) | masked=467, sdc=408, crash/hang=25 | 638.73 files/sec
[2026-05-15 15:34:28]     Progress 1000/1000 files (100.0%) | masked=523, sdc=451, crash/hang=26 | 637.24 files/sec
[2026-05-15 15:34:28]     Done folder: total=1000, masked=523, sdc=451, crash/hang=26
[2026-05-15 15:34:28]     CSV row written for leader-loop-unroll/exec_dijkstra_small_loop-unroll_instcombine | masked_rate=0.523000, sdc_rate=0.451000, crash_rate=0.026000
[2026-05-15 15:34:28] ================================================================================
[2026-05-15 15:34:28] [  83/110 |  75.5%] Processing leader-loop-unroll/exec_dijkstra_small_loop-unroll_ipsccp
[2026-05-15 15:34:28]     FI folder : /projects/lyang28/rmengle/program_outputs/paired/dijkstra_small_outputs/leader-loop-unroll/exec_dijkstra_small_loop-unroll_ipsccp
[2026-05-15 15:34:28]     Timing    : /projects/lyang28/rmengle/execution_times/paired/dijkstra_small_outputs/leader-loop-unroll/exec_dijkstra_small_loop-unroll_ipsccp.txt FOUND
[2026-05-15 15:34:28]     Found 1000 run files
[2026-05-15 15:34:28]     Progress 100/1000 files ( 10.0%) | masked=60, sdc=38, crash/hang=2 | 627.45 files/sec
[2026-05-15 15:34:28]     Progress 200/1000 files ( 20.0%) | masked=117, sdc=79, crash/hang=4 | 635.22 files/sec
[2026-05-15 15:34:29]     Progress 300/1000 files ( 30.0%) | masked=171, sdc=121, crash/hang=8 | 635.63 files/sec
[2026-05-15 15:34:29]     Progress 400/1000 files ( 40.0%) | masked=225, sdc=164, crash/hang=11 | 609.38 files/sec
[2026-05-15 15:34:29]     Progress 500/1000 files ( 50.0%) | masked=289, sdc=199, crash/hang=12 | 623.31 files/sec
[2026-05-15 15:34:29]     Progress 600/1000 files ( 60.0%) | masked=342, sdc=241, crash/hang=17 | 626.97 files/sec
[2026-05-15 15:34:29]     Progress 700/1000 files ( 70.0%) | masked=390, sdc=291, crash/hang=19 | 621.25 files/sec
[2026-05-15 15:34:29]     Progress 800/1000 files ( 80.0%) | masked=449, sdc=330, crash/hang=21 | 620.52 files/sec
[2026-05-15 15:34:30]     Progress 900/1000 files ( 90.0%) | masked=498, sdc=381, crash/hang=21 | 617.95 files/sec
[2026-05-15 15:34:30]     Progress 1000/1000 files (100.0%) | masked=551, sdc=427, crash/hang=22 | 612.94 files/sec
[2026-05-15 15:34:30]     Done folder: total=1000, masked=551, sdc=427, crash/hang=22
[2026-05-15 15:34:30]     CSV row written for leader-loop-unroll/exec_dijkstra_small_loop-unroll_ipsccp | masked_rate=0.551000, sdc_rate=0.427000, crash_rate=0.022000
[2026-05-15 15:34:30] ================================================================================
[2026-05-15 15:34:30] [  84/110 |  76.4%] Processing leader-loop-unroll/exec_dijkstra_small_loop-unroll_licm
[2026-05-15 15:34:30]     FI folder : /projects/lyang28/rmengle/program_outputs/paired/dijkstra_small_outputs/leader-loop-unroll/exec_dijkstra_small_loop-unroll_licm
[2026-05-15 15:34:30]     Timing    : /projects/lyang28/rmengle/execution_times/paired/dijkstra_small_outputs/leader-loop-unroll/exec_dijkstra_small_loop-unroll_licm.txt FOUND
[2026-05-15 15:34:30]     Found 1000 run files
[2026-05-15 15:34:30]     Progress 100/1000 files ( 10.0%) | masked=60, sdc=30, crash/hang=10 | 671.98 files/sec
[2026-05-15 15:34:30]     Progress 200/1000 files ( 20.0%) | masked=129, sdc=60, crash/hang=11 | 679.74 files/sec
[2026-05-15 15:34:31]     Progress 300/1000 files ( 30.0%) | masked=191, sdc=95, crash/hang=14 | 659.38 files/sec
[2026-05-15 15:34:31]     Progress 400/1000 files ( 40.0%) | masked=260, sdc=123, crash/hang=17 | 644.69 files/sec
[2026-05-15 15:34:31]     Progress 500/1000 files ( 50.0%) | masked=308, sdc=170, crash/hang=22 | 644.11 files/sec
[2026-05-15 15:34:31]     Progress 600/1000 files ( 60.0%) | masked=364, sdc=213, crash/hang=23 | 633.93 files/sec
[2026-05-15 15:34:31]     Progress 700/1000 files ( 70.0%) | masked=427, sdc=248, crash/hang=25 | 630.48 files/sec
[2026-05-15 15:34:31]     Progress 800/1000 files ( 80.0%) | masked=490, sdc=281, crash/hang=29 | 636.53 files/sec
[2026-05-15 15:34:32]     Progress 900/1000 files ( 90.0%) | masked=546, sdc=323, crash/hang=31 | 640.08 files/sec
[2026-05-15 15:34:32]     Progress 1000/1000 files (100.0%) | masked=605, sdc=364, crash/hang=31 | 644.25 files/sec
[2026-05-15 15:34:32]     Done folder: total=1000, masked=605, sdc=364, crash/hang=31
[2026-05-15 15:34:32]     CSV row written for leader-loop-unroll/exec_dijkstra_small_loop-unroll_licm | masked_rate=0.605000, sdc_rate=0.364000, crash_rate=0.031000
[2026-05-15 15:34:32] ================================================================================
[2026-05-15 15:34:32] [  85/110 |  77.3%] Processing leader-loop-unroll/exec_dijkstra_small_loop-unroll_loop-reduce
[2026-05-15 15:34:32]     FI folder : /projects/lyang28/rmengle/program_outputs/paired/dijkstra_small_outputs/leader-loop-unroll/exec_dijkstra_small_loop-unroll_loop-reduce
[2026-05-15 15:34:32]     Timing    : /projects/lyang28/rmengle/execution_times/paired/dijkstra_small_outputs/leader-loop-unroll/exec_dijkstra_small_loop-unroll_loop-reduce.txt FOUND
[2026-05-15 15:34:32]     Found 1000 run files
[2026-05-15 15:34:32]     Progress 100/1000 files ( 10.0%) | masked=47, sdc=52, crash/hang=1 | 637.05 files/sec
[2026-05-15 15:34:32]     Progress 200/1000 files ( 20.0%) | masked=91, sdc=106, crash/hang=3 | 611.28 files/sec
[2026-05-15 15:34:32]     Progress 300/1000 files ( 30.0%) | masked=147, sdc=149, crash/hang=4 | 617.12 files/sec
[2026-05-15 15:34:33]     Progress 400/1000 files ( 40.0%) | masked=207, sdc=186, crash/hang=7 | 618.54 files/sec
[2026-05-15 15:34:33]     Progress 500/1000 files ( 50.0%) | masked=270, sdc=221, crash/hang=9 | 622.89 files/sec
[2026-05-15 15:34:33]     Progress 600/1000 files ( 60.0%) | masked=319, sdc=266, crash/hang=15 | 622.94 files/sec
[2026-05-15 15:34:33]     Progress 700/1000 files ( 70.0%) | masked=370, sdc=315, crash/hang=15 | 621.12 files/sec
[2026-05-15 15:34:33]     Progress 800/1000 files ( 80.0%) | masked=426, sdc=354, crash/hang=20 | 627.21 files/sec
[2026-05-15 15:34:33]     Progress 900/1000 files ( 90.0%) | masked=478, sdc=400, crash/hang=22 | 625.49 files/sec
[2026-05-15 15:34:34]     Progress 1000/1000 files (100.0%) | masked=534, sdc=441, crash/hang=25 | 628.59 files/sec
[2026-05-15 15:34:34]     Done folder: total=1000, masked=534, sdc=441, crash/hang=25
[2026-05-15 15:34:34]     CSV row written for leader-loop-unroll/exec_dijkstra_small_loop-unroll_loop-reduce | masked_rate=0.534000, sdc_rate=0.441000, crash_rate=0.025000
[2026-05-15 15:34:34] ================================================================================
[2026-05-15 15:34:34] [  86/110 |  78.2%] Processing leader-loop-unroll/exec_dijkstra_small_loop-unroll_loop-unroll
[2026-05-15 15:34:34]     FI folder : /projects/lyang28/rmengle/program_outputs/paired/dijkstra_small_outputs/leader-loop-unroll/exec_dijkstra_small_loop-unroll_loop-unroll
[2026-05-15 15:34:34]     Timing    : /projects/lyang28/rmengle/execution_times/paired/dijkstra_small_outputs/leader-loop-unroll/exec_dijkstra_small_loop-unroll_loop-unroll.txt FOUND
[2026-05-15 15:34:34]     Found 1000 run files
[2026-05-15 15:34:34]     Progress 100/1000 files ( 10.0%) | masked=58, sdc=40, crash/hang=2 | 676.63 files/sec
[2026-05-15 15:34:34]     Progress 200/1000 files ( 20.0%) | masked=110, sdc=87, crash/hang=3 | 657.92 files/sec
[2026-05-15 15:34:34]     Progress 300/1000 files ( 30.0%) | masked=163, sdc=133, crash/hang=4 | 634.86 files/sec
[2026-05-15 15:34:35]     Progress 400/1000 files ( 40.0%) | masked=206, sdc=187, crash/hang=7 | 640.03 files/sec
[2026-05-15 15:34:35]     Progress 500/1000 files ( 50.0%) | masked=262, sdc=228, crash/hang=10 | 597.93 files/sec
[2026-05-15 15:34:35]     Progress 600/1000 files ( 60.0%) | masked=309, sdc=278, crash/hang=13 | 603.31 files/sec
[2026-05-15 15:34:35]     Progress 700/1000 files ( 70.0%) | masked=359, sdc=328, crash/hang=13 | 608.86 files/sec
[2026-05-15 15:34:35]     Progress 800/1000 files ( 80.0%) | masked=407, sdc=377, crash/hang=16 | 604.55 files/sec
[2026-05-15 15:34:35]     Progress 900/1000 files ( 90.0%) | masked=461, sdc=419, crash/hang=20 | 607.20 files/sec
[2026-05-15 15:34:36]     Progress 1000/1000 files (100.0%) | masked=525, sdc=453, crash/hang=22 | 607.46 files/sec
[2026-05-15 15:34:36]     Done folder: total=1000, masked=525, sdc=453, crash/hang=22
[2026-05-15 15:34:36]     CSV row written for leader-loop-unroll/exec_dijkstra_small_loop-unroll_loop-unroll | masked_rate=0.525000, sdc_rate=0.453000, crash_rate=0.022000
[2026-05-15 15:34:36] ================================================================================
[2026-05-15 15:34:36] [  87/110 |  79.1%] Processing leader-loop-unroll/exec_dijkstra_small_loop-unroll_sccp
[2026-05-15 15:34:36]     FI folder : /projects/lyang28/rmengle/program_outputs/paired/dijkstra_small_outputs/leader-loop-unroll/exec_dijkstra_small_loop-unroll_sccp
[2026-05-15 15:34:36]     Timing    : /projects/lyang28/rmengle/execution_times/paired/dijkstra_small_outputs/leader-loop-unroll/exec_dijkstra_small_loop-unroll_sccp.txt FOUND
[2026-05-15 15:34:36]     Found 1000 run files
[2026-05-15 15:34:36]     Progress 100/1000 files ( 10.0%) | masked=43, sdc=46, crash/hang=11 | 606.21 files/sec
[2026-05-15 15:34:36]     Progress 200/1000 files ( 20.0%) | masked=104, sdc=82, crash/hang=14 | 606.47 files/sec
[2026-05-15 15:34:36]     Progress 300/1000 files ( 30.0%) | masked=155, sdc=129, crash/hang=16 | 606.49 files/sec
[2026-05-15 15:34:37]     Progress 400/1000 files ( 40.0%) | masked=215, sdc=165, crash/hang=20 | 612.46 files/sec
[2026-05-15 15:34:37]     Progress 500/1000 files ( 50.0%) | masked=272, sdc=207, crash/hang=21 | 613.30 files/sec
[2026-05-15 15:34:37]     Progress 600/1000 files ( 60.0%) | masked=325, sdc=252, crash/hang=23 | 613.43 files/sec
[2026-05-15 15:34:37]     Progress 700/1000 files ( 70.0%) | masked=382, sdc=291, crash/hang=27 | 602.55 files/sec
[2026-05-15 15:34:37]     Progress 800/1000 files ( 80.0%) | masked=426, sdc=345, crash/hang=29 | 604.90 files/sec
[2026-05-15 15:34:37]     Progress 900/1000 files ( 90.0%) | masked=482, sdc=388, crash/hang=30 | 607.97 files/sec
[2026-05-15 15:34:38]     Progress 1000/1000 files (100.0%) | masked=545, sdc=424, crash/hang=31 | 608.86 files/sec
[2026-05-15 15:34:38]     Done folder: total=1000, masked=545, sdc=424, crash/hang=31
[2026-05-15 15:34:38]     CSV row written for leader-loop-unroll/exec_dijkstra_small_loop-unroll_sccp | masked_rate=0.545000, sdc_rate=0.424000, crash_rate=0.031000
[2026-05-15 15:34:38] ================================================================================
[2026-05-15 15:34:38] [  88/110 |  80.0%] Processing leader-loop-unroll/exec_dijkstra_small_loop-unroll_simple-loop-unswitch
[2026-05-15 15:34:38]     FI folder : /projects/lyang28/rmengle/program_outputs/paired/dijkstra_small_outputs/leader-loop-unroll/exec_dijkstra_small_loop-unroll_simple-loop-unswitch
[2026-05-15 15:34:38]     Timing    : /projects/lyang28/rmengle/execution_times/paired/dijkstra_small_outputs/leader-loop-unroll/exec_dijkstra_small_loop-unroll_simple-loop-unswitch.txt FOUND
[2026-05-15 15:34:38]     Found 1000 run files
[2026-05-15 15:34:38]     Progress 100/1000 files ( 10.0%) | masked=54, sdc=44, crash/hang=2 | 659.41 files/sec
[2026-05-15 15:34:38]     Progress 200/1000 files ( 20.0%) | masked=110, sdc=87, crash/hang=3 | 654.04 files/sec
[2026-05-15 15:34:38]     Progress 300/1000 files ( 30.0%) | masked=161, sdc=134, crash/hang=5 | 651.19 files/sec
[2026-05-15 15:34:39]     Progress 400/1000 files ( 40.0%) | masked=211, sdc=181, crash/hang=8 | 647.60 files/sec
[2026-05-15 15:34:39]     Progress 500/1000 files ( 50.0%) | masked=275, sdc=212, crash/hang=13 | 645.03 files/sec
[2026-05-15 15:34:39]     Progress 600/1000 files ( 60.0%) | masked=336, sdc=248, crash/hang=16 | 633.52 files/sec
[2026-05-15 15:34:39]     Progress 700/1000 files ( 70.0%) | masked=388, sdc=295, crash/hang=17 | 629.30 files/sec
[2026-05-15 15:34:39]     Progress 800/1000 files ( 80.0%) | masked=441, sdc=340, crash/hang=19 | 630.27 files/sec
[2026-05-15 15:34:39]     Progress 900/1000 files ( 90.0%) | masked=497, sdc=379, crash/hang=24 | 635.01 files/sec
[2026-05-15 15:34:39]     Progress 1000/1000 files (100.0%) | masked=548, sdc=425, crash/hang=27 | 636.56 files/sec
[2026-05-15 15:34:39]     Done folder: total=1000, masked=548, sdc=425, crash/hang=27
[2026-05-15 15:34:40]     CSV row written for leader-loop-unroll/exec_dijkstra_small_loop-unroll_simple-loop-unswitch | masked_rate=0.548000, sdc_rate=0.425000, crash_rate=0.027000
[2026-05-15 15:34:40] ================================================================================
[2026-05-15 15:34:40] [  89/110 |  80.9%] Processing leader-loop-unswitch/exec_dijkstra_small_sccp_simple-loop-unswitch
[2026-05-15 15:34:40]     FI folder : /projects/lyang28/rmengle/program_outputs/paired/dijkstra_small_outputs/leader-loop-unswitch/exec_dijkstra_small_sccp_simple-loop-unswitch
[2026-05-15 15:34:40]     Timing    : /projects/lyang28/rmengle/execution_times/paired/dijkstra_small_outputs/leader-loop-unswitch/exec_dijkstra_small_sccp_simple-loop-unswitch.txt MISSING
[2026-05-15 15:34:40]     Found 1000 run files
[2026-05-15 15:34:40]     Progress 100/1000 files ( 10.0%) | masked=49, sdc=49, crash/hang=2 | 587.06 files/sec
[2026-05-15 15:34:40]     Progress 200/1000 files ( 20.0%) | masked=93, sdc=101, crash/hang=6 | 561.29 files/sec
[2026-05-15 15:34:40]     Progress 300/1000 files ( 30.0%) | masked=143, sdc=148, crash/hang=9 | 539.08 files/sec
[2026-05-15 15:34:41]     Progress 400/1000 files ( 40.0%) | masked=201, sdc=187, crash/hang=12 | 560.43 files/sec
[2026-05-15 15:34:41]     Progress 500/1000 files ( 50.0%) | masked=244, sdc=240, crash/hang=16 | 574.47 files/sec
[2026-05-15 15:34:41]     Progress 600/1000 files ( 60.0%) | masked=295, sdc=285, crash/hang=20 | 586.87 files/sec
[2026-05-15 15:34:41]     Progress 700/1000 files ( 70.0%) | masked=362, sdc=317, crash/hang=21 | 583.62 files/sec
[2026-05-15 15:34:41]     Progress 800/1000 files ( 80.0%) | masked=416, sdc=359, crash/hang=25 | 570.88 files/sec
[2026-05-15 15:34:41]     Progress 900/1000 files ( 90.0%) | masked=470, sdc=403, crash/hang=27 | 563.51 files/sec
[2026-05-15 15:34:42]     Progress 1000/1000 files (100.0%) | masked=529, sdc=443, crash/hang=28 | 554.89 files/sec
[2026-05-15 15:34:42]     Done folder: total=1000, masked=529, sdc=443, crash/hang=28
[2026-05-15 15:34:42]    [WARN] Missing timing file: /projects/lyang28/rmengle/execution_times/paired/dijkstra_small_outputs/leader-loop-unswitch/exec_dijkstra_small_sccp_simple-loop-unswitch.txt
[2026-05-15 15:34:42]     CSV row written for leader-loop-unswitch/exec_dijkstra_small_sccp_simple-loop-unswitch | masked_rate=0.529000, sdc_rate=0.443000, crash_rate=0.028000
[2026-05-15 15:34:42] ================================================================================
[2026-05-15 15:34:42] [  90/110 |  81.8%] Processing leader-loop-unswitch/exec_dijkstra_small_simple-loop-unswitch
[2026-05-15 15:34:42]     FI folder : /projects/lyang28/rmengle/program_outputs/paired/dijkstra_small_outputs/leader-loop-unswitch/exec_dijkstra_small_simple-loop-unswitch
[2026-05-15 15:34:42]     Timing    : /projects/lyang28/rmengle/execution_times/paired/dijkstra_small_outputs/leader-loop-unswitch/exec_dijkstra_small_simple-loop-unswitch.txt FOUND
[2026-05-15 15:34:42]     Found 1000 run files
[2026-05-15 15:34:42]     Progress 100/1000 files ( 10.0%) | masked=56, sdc=39, crash/hang=5 | 498.23 files/sec
[2026-05-15 15:34:42]     Progress 200/1000 files ( 20.0%) | masked=104, sdc=85, crash/hang=11 | 518.09 files/sec
[2026-05-15 15:34:43]     Progress 300/1000 files ( 30.0%) | masked=160, sdc=127, crash/hang=13 | 550.89 files/sec
[2026-05-15 15:34:43]     Progress 400/1000 files ( 40.0%) | masked=218, sdc=166, crash/hang=16 | 557.51 files/sec
[2026-05-15 15:34:43]     Progress 500/1000 files ( 50.0%) | masked=280, sdc=202, crash/hang=18 | 526.47 files/sec
[2026-05-15 15:34:43]     Progress 600/1000 files ( 60.0%) | masked=329, sdc=252, crash/hang=19 | 524.15 files/sec
[2026-05-15 15:34:43]     Progress 700/1000 files ( 70.0%) | masked=386, sdc=294, crash/hang=20 | 514.97 files/sec
[2026-05-15 15:34:44]     Progress 800/1000 files ( 80.0%) | masked=440, sdc=337, crash/hang=23 | 519.29 files/sec
[2026-05-15 15:34:44]     Progress 900/1000 files ( 90.0%) | masked=496, sdc=379, crash/hang=25 | 521.14 files/sec
[2026-05-15 15:34:44]     Progress 1000/1000 files (100.0%) | masked=552, sdc=421, crash/hang=27 | 509.42 files/sec
[2026-05-15 15:34:44]     Done folder: total=1000, masked=552, sdc=421, crash/hang=27
[2026-05-15 15:34:44]     CSV row written for leader-loop-unswitch/exec_dijkstra_small_simple-loop-unswitch | masked_rate=0.552000, sdc_rate=0.421000, crash_rate=0.027000
[2026-05-15 15:34:44] ================================================================================
[2026-05-15 15:34:44] [  91/110 |  82.7%] Processing leader-loop-unswitch/exec_dijkstra_small_simple-loop-unswitch_early-cse
[2026-05-15 15:34:44]     FI folder : /projects/lyang28/rmengle/program_outputs/paired/dijkstra_small_outputs/leader-loop-unswitch/exec_dijkstra_small_simple-loop-unswitch_early-cse
[2026-05-15 15:34:44]     Timing    : /projects/lyang28/rmengle/execution_times/paired/dijkstra_small_outputs/leader-loop-unswitch/exec_dijkstra_small_simple-loop-unswitch_early-cse.txt FOUND
[2026-05-15 15:34:44]     Found 1000 run files
[2026-05-15 15:34:45]     Progress 100/1000 files ( 10.0%) | masked=59, sdc=38, crash/hang=3 | 548.77 files/sec
[2026-05-15 15:34:45]     Progress 200/1000 files ( 20.0%) | masked=124, sdc=70, crash/hang=6 | 518.93 files/sec
[2026-05-15 15:34:45]     Progress 300/1000 files ( 30.0%) | masked=190, sdc=102, crash/hang=8 | 554.13 files/sec
[2026-05-15 15:34:45]     Progress 400/1000 files ( 40.0%) | masked=250, sdc=138, crash/hang=12 | 562.26 files/sec
[2026-05-15 15:34:45]     Progress 500/1000 files ( 50.0%) | masked=315, sdc=172, crash/hang=13 | 565.76 files/sec
[2026-05-15 15:34:46]     Progress 600/1000 files ( 60.0%) | masked=370, sdc=214, crash/hang=16 | 555.38 files/sec
[2026-05-15 15:34:46]     Progress 700/1000 files ( 70.0%) | masked=422, sdc=261, crash/hang=17 | 552.13 files/sec
[2026-05-15 15:34:46]     Progress 800/1000 files ( 80.0%) | masked=490, sdc=290, crash/hang=20 | 546.74 files/sec
[2026-05-15 15:34:46]     Progress 900/1000 files ( 90.0%) | masked=552, sdc=328, crash/hang=20 | 547.09 files/sec
[2026-05-15 15:34:46]     Progress 1000/1000 files (100.0%) | masked=611, sdc=365, crash/hang=24 | 552.63 files/sec
[2026-05-15 15:34:46]     Done folder: total=1000, masked=611, sdc=365, crash/hang=24
[2026-05-15 15:34:46]     CSV row written for leader-loop-unswitch/exec_dijkstra_small_simple-loop-unswitch_early-cse | masked_rate=0.611000, sdc_rate=0.365000, crash_rate=0.024000
[2026-05-15 15:34:46] ================================================================================
[2026-05-15 15:34:46] [  92/110 |  83.6%] Processing leader-loop-unswitch/exec_dijkstra_small_simple-loop-unswitch_gvn
[2026-05-15 15:34:46]     FI folder : /projects/lyang28/rmengle/program_outputs/paired/dijkstra_small_outputs/leader-loop-unswitch/exec_dijkstra_small_simple-loop-unswitch_gvn
[2026-05-15 15:34:46]     Timing    : /projects/lyang28/rmengle/execution_times/paired/dijkstra_small_outputs/leader-loop-unswitch/exec_dijkstra_small_simple-loop-unswitch_gvn.txt FOUND
[2026-05-15 15:34:47]     Found 1000 run files
[2026-05-15 15:34:47]     Progress 100/1000 files ( 10.0%) | masked=66, sdc=32, crash/hang=2 | 624.72 files/sec
[2026-05-15 15:34:47]     Progress 200/1000 files ( 20.0%) | masked=128, sdc=69, crash/hang=3 | 564.66 files/sec
[2026-05-15 15:34:47]     Progress 300/1000 files ( 30.0%) | masked=207, sdc=90, crash/hang=3 | 569.59 files/sec
[2026-05-15 15:34:47]     Progress 400/1000 files ( 40.0%) | masked=276, sdc=116, crash/hang=8 | 566.63 files/sec
[2026-05-15 15:34:48]     Progress 500/1000 files ( 50.0%) | masked=346, sdc=142, crash/hang=12 | 538.49 files/sec
[2026-05-15 15:34:48]     Progress 600/1000 files ( 60.0%) | masked=412, sdc=174, crash/hang=14 | 532.55 files/sec
[2026-05-15 15:34:48]     Progress 700/1000 files ( 70.0%) | masked=479, sdc=204, crash/hang=17 | 536.91 files/sec
[2026-05-15 15:34:48]     Progress 800/1000 files ( 80.0%) | masked=540, sdc=241, crash/hang=19 | 542.13 files/sec
[2026-05-15 15:34:48]     Progress 900/1000 files ( 90.0%) | masked=611, sdc=268, crash/hang=21 | 545.40 files/sec
[2026-05-15 15:34:49]     Progress 1000/1000 files (100.0%) | masked=677, sdc=299, crash/hang=24 | 541.81 files/sec
[2026-05-15 15:34:49]     Done folder: total=1000, masked=677, sdc=299, crash/hang=24
[2026-05-15 15:34:49]     CSV row written for leader-loop-unswitch/exec_dijkstra_small_simple-loop-unswitch_gvn | masked_rate=0.677000, sdc_rate=0.299000, crash_rate=0.024000
[2026-05-15 15:34:49] ================================================================================
[2026-05-15 15:34:49] [  93/110 |  84.5%] Processing leader-loop-unswitch/exec_dijkstra_small_simple-loop-unswitch_inline
[2026-05-15 15:34:49]     FI folder : /projects/lyang28/rmengle/program_outputs/paired/dijkstra_small_outputs/leader-loop-unswitch/exec_dijkstra_small_simple-loop-unswitch_inline
[2026-05-15 15:34:49]     Timing    : /projects/lyang28/rmengle/execution_times/paired/dijkstra_small_outputs/leader-loop-unswitch/exec_dijkstra_small_simple-loop-unswitch_inline.txt FOUND
[2026-05-15 15:34:49]     Found 1000 run files
[2026-05-15 15:34:49]     Progress 100/1000 files ( 10.0%) | masked=50, sdc=47, crash/hang=3 | 513.82 files/sec
[2026-05-15 15:34:49]     Progress 200/1000 files ( 20.0%) | masked=102, sdc=93, crash/hang=5 | 485.12 files/sec
[2026-05-15 15:34:50]     Progress 300/1000 files ( 30.0%) | masked=157, sdc=133, crash/hang=10 | 514.32 files/sec
[2026-05-15 15:34:50]     Progress 400/1000 files ( 40.0%) | masked=214, sdc=176, crash/hang=10 | 521.04 files/sec
[2026-05-15 15:34:50]     Progress 500/1000 files ( 50.0%) | masked=258, sdc=227, crash/hang=15 | 531.29 files/sec
[2026-05-15 15:34:50]     Progress 600/1000 files ( 60.0%) | masked=309, sdc=271, crash/hang=20 | 549.75 files/sec
[2026-05-15 15:34:50]     Progress 700/1000 files ( 70.0%) | masked=354, sdc=318, crash/hang=28 | 550.69 files/sec
[2026-05-15 15:34:51]     Progress 800/1000 files ( 80.0%) | masked=399, sdc=369, crash/hang=32 | 552.91 files/sec
[2026-05-15 15:34:51]     Progress 900/1000 files ( 90.0%) | masked=447, sdc=418, crash/hang=35 | 557.51 files/sec
[2026-05-15 15:34:51]     Progress 1000/1000 files (100.0%) | masked=505, sdc=456, crash/hang=39 | 566.14 files/sec
[2026-05-15 15:34:51]     Done folder: total=1000, masked=505, sdc=456, crash/hang=39
[2026-05-15 15:34:51]     CSV row written for leader-loop-unswitch/exec_dijkstra_small_simple-loop-unswitch_inline | masked_rate=0.505000, sdc_rate=0.456000, crash_rate=0.039000
[2026-05-15 15:34:51] ================================================================================
[2026-05-15 15:34:51] [  94/110 |  85.5%] Processing leader-loop-unswitch/exec_dijkstra_small_simple-loop-unswitch_instcombine
[2026-05-15 15:34:51]     FI folder : /projects/lyang28/rmengle/program_outputs/paired/dijkstra_small_outputs/leader-loop-unswitch/exec_dijkstra_small_simple-loop-unswitch_instcombine
[2026-05-15 15:34:51]     Timing    : /projects/lyang28/rmengle/execution_times/paired/dijkstra_small_outputs/leader-loop-unswitch/exec_dijkstra_small_simple-loop-unswitch_instcombine.txt FOUND
[2026-05-15 15:34:51]     Found 1000 run files
[2026-05-15 15:34:51]     Progress 100/1000 files ( 10.0%) | masked=62, sdc=35, crash/hang=3 | 658.00 files/sec
[2026-05-15 15:34:52]     Progress 200/1000 files ( 20.0%) | masked=120, sdc=74, crash/hang=6 | 615.57 files/sec
[2026-05-15 15:34:52]     Progress 300/1000 files ( 30.0%) | masked=182, sdc=110, crash/hang=8 | 614.64 files/sec
[2026-05-15 15:34:52]     Progress 400/1000 files ( 40.0%) | masked=241, sdc=148, crash/hang=11 | 610.60 files/sec
[2026-05-15 15:34:52]     Progress 500/1000 files ( 50.0%) | masked=295, sdc=190, crash/hang=15 | 570.59 files/sec
[2026-05-15 15:34:52]     Progress 600/1000 files ( 60.0%) | masked=352, sdc=232, crash/hang=16 | 572.44 files/sec
[2026-05-15 15:34:52]     Progress 700/1000 files ( 70.0%) | masked=414, sdc=269, crash/hang=17 | 571.42 files/sec
[2026-05-15 15:34:53]     Progress 800/1000 files ( 80.0%) | masked=469, sdc=312, crash/hang=19 | 581.52 files/sec
[2026-05-15 15:34:53]     Progress 900/1000 files ( 90.0%) | masked=530, sdc=345, crash/hang=25 | 586.45 files/sec
[2026-05-15 15:34:53]     Progress 1000/1000 files (100.0%) | masked=586, sdc=386, crash/hang=28 | 587.03 files/sec
[2026-05-15 15:34:53]     Done folder: total=1000, masked=586, sdc=386, crash/hang=28
[2026-05-15 15:34:53]     CSV row written for leader-loop-unswitch/exec_dijkstra_small_simple-loop-unswitch_instcombine | masked_rate=0.586000, sdc_rate=0.386000, crash_rate=0.028000
[2026-05-15 15:34:53] ================================================================================
[2026-05-15 15:34:53] [  95/110 |  86.4%] Processing leader-loop-unswitch/exec_dijkstra_small_simple-loop-unswitch_ipsccp
[2026-05-15 15:34:53]     FI folder : /projects/lyang28/rmengle/program_outputs/paired/dijkstra_small_outputs/leader-loop-unswitch/exec_dijkstra_small_simple-loop-unswitch_ipsccp
[2026-05-15 15:34:53]     Timing    : /projects/lyang28/rmengle/execution_times/paired/dijkstra_small_outputs/leader-loop-unswitch/exec_dijkstra_small_simple-loop-unswitch_ipsccp.txt FOUND
[2026-05-15 15:34:53]     Found 1000 run files
[2026-05-15 15:34:53]     Progress 100/1000 files ( 10.0%) | masked=56, sdc=43, crash/hang=1 | 637.93 files/sec
[2026-05-15 15:34:54]     Progress 200/1000 files ( 20.0%) | masked=108, sdc=86, crash/hang=6 | 632.08 files/sec
[2026-05-15 15:34:54]     Progress 300/1000 files ( 30.0%) | masked=162, sdc=132, crash/hang=6 | 606.10 files/sec
[2026-05-15 15:34:54]     Progress 400/1000 files ( 40.0%) | masked=218, sdc=174, crash/hang=8 | 586.17 files/sec
[2026-05-15 15:34:54]     Progress 500/1000 files ( 50.0%) | masked=265, sdc=225, crash/hang=10 | 585.15 files/sec
[2026-05-15 15:34:54]     Progress 600/1000 files ( 60.0%) | masked=325, sdc=261, crash/hang=14 | 587.81 files/sec
[2026-05-15 15:34:54]     Progress 700/1000 files ( 70.0%) | masked=373, sdc=311, crash/hang=16 | 594.51 files/sec
[2026-05-15 15:34:55]     Progress 800/1000 files ( 80.0%) | masked=421, sdc=360, crash/hang=19 | 603.31 files/sec
[2026-05-15 15:34:55]     Progress 900/1000 files ( 90.0%) | masked=468, sdc=412, crash/hang=20 | 604.67 files/sec
[2026-05-15 15:34:55]     Progress 1000/1000 files (100.0%) | masked=521, sdc=457, crash/hang=22 | 600.53 files/sec
[2026-05-15 15:34:55]     Done folder: total=1000, masked=521, sdc=457, crash/hang=22
[2026-05-15 15:34:55]     CSV row written for leader-loop-unswitch/exec_dijkstra_small_simple-loop-unswitch_ipsccp | masked_rate=0.521000, sdc_rate=0.457000, crash_rate=0.022000
[2026-05-15 15:34:55] ================================================================================
[2026-05-15 15:34:55] [  96/110 |  87.3%] Processing leader-loop-unswitch/exec_dijkstra_small_simple-loop-unswitch_licm
[2026-05-15 15:34:55]     FI folder : /projects/lyang28/rmengle/program_outputs/paired/dijkstra_small_outputs/leader-loop-unswitch/exec_dijkstra_small_simple-loop-unswitch_licm
[2026-05-15 15:34:55]     Timing    : /projects/lyang28/rmengle/execution_times/paired/dijkstra_small_outputs/leader-loop-unswitch/exec_dijkstra_small_simple-loop-unswitch_licm.txt FOUND
[2026-05-15 15:34:55]     Found 1000 run files
[2026-05-15 15:34:55]     Progress 100/1000 files ( 10.0%) | masked=55, sdc=40, crash/hang=5 | 677.43 files/sec
[2026-05-15 15:34:56]     Progress 200/1000 files ( 20.0%) | masked=118, sdc=76, crash/hang=6 | 666.89 files/sec
[2026-05-15 15:34:56]     Progress 300/1000 files ( 30.0%) | masked=171, sdc=120, crash/hang=9 | 672.33 files/sec
[2026-05-15 15:34:56]     Progress 400/1000 files ( 40.0%) | masked=220, sdc=169, crash/hang=11 | 667.89 files/sec
[2026-05-15 15:34:56]     Progress 500/1000 files ( 50.0%) | masked=282, sdc=206, crash/hang=12 | 658.56 files/sec
[2026-05-15 15:34:56]     Progress 600/1000 files ( 60.0%) | masked=342, sdc=243, crash/hang=15 | 661.75 files/sec
[2026-05-15 15:34:56]     Progress 700/1000 files ( 70.0%) | masked=402, sdc=281, crash/hang=17 | 661.31 files/sec
[2026-05-15 15:34:57]     Progress 800/1000 files ( 80.0%) | masked=455, sdc=323, crash/hang=22 | 656.13 files/sec
[2026-05-15 15:34:57]     Progress 900/1000 files ( 90.0%) | masked=511, sdc=363, crash/hang=26 | 654.47 files/sec
[2026-05-15 15:34:57]     Progress 1000/1000 files (100.0%) | masked=576, sdc=395, crash/hang=29 | 657.68 files/sec
[2026-05-15 15:34:57]     Done folder: total=1000, masked=576, sdc=395, crash/hang=29
[2026-05-15 15:34:57]     CSV row written for leader-loop-unswitch/exec_dijkstra_small_simple-loop-unswitch_licm | masked_rate=0.576000, sdc_rate=0.395000, crash_rate=0.029000
[2026-05-15 15:34:57] ================================================================================
[2026-05-15 15:34:57] [  97/110 |  88.2%] Processing leader-loop-unswitch/exec_dijkstra_small_simple-loop-unswitch_loop-reduce
[2026-05-15 15:34:57]     FI folder : /projects/lyang28/rmengle/program_outputs/paired/dijkstra_small_outputs/leader-loop-unswitch/exec_dijkstra_small_simple-loop-unswitch_loop-reduce
[2026-05-15 15:34:57]     Timing    : /projects/lyang28/rmengle/execution_times/paired/dijkstra_small_outputs/leader-loop-unswitch/exec_dijkstra_small_simple-loop-unswitch_loop-reduce.txt FOUND
[2026-05-15 15:34:57]     Found 1000 run files
[2026-05-15 15:34:57]     Progress 100/1000 files ( 10.0%) | masked=58, sdc=42, crash/hang=0 | 654.53 files/sec
[2026-05-15 15:34:57]     Progress 200/1000 files ( 20.0%) | masked=112, sdc=87, crash/hang=1 | 664.02 files/sec
[2026-05-15 15:34:58]     Progress 300/1000 files ( 30.0%) | masked=163, sdc=133, crash/hang=4 | 661.27 files/sec
[2026-05-15 15:34:58]     Progress 400/1000 files ( 40.0%) | masked=217, sdc=176, crash/hang=7 | 657.02 files/sec
[2026-05-15 15:34:58]     Progress 500/1000 files ( 50.0%) | masked=270, sdc=222, crash/hang=8 | 651.65 files/sec
[2026-05-15 15:34:58]     Progress 600/1000 files ( 60.0%) | masked=325, sdc=262, crash/hang=13 | 657.18 files/sec
[2026-05-15 15:34:58]     Progress 700/1000 files ( 70.0%) | masked=384, sdc=300, crash/hang=16 | 659.20 files/sec
[2026-05-15 15:34:58]     Progress 800/1000 files ( 80.0%) | masked=435, sdc=346, crash/hang=19 | 650.13 files/sec
[2026-05-15 15:34:59]     Progress 900/1000 files ( 90.0%) | masked=489, sdc=390, crash/hang=21 | 646.04 files/sec
[2026-05-15 15:34:59]     Progress 1000/1000 files (100.0%) | masked=541, sdc=433, crash/hang=26 | 638.39 files/sec
[2026-05-15 15:34:59]     Done folder: total=1000, masked=541, sdc=433, crash/hang=26
[2026-05-15 15:34:59]     CSV row written for leader-loop-unswitch/exec_dijkstra_small_simple-loop-unswitch_loop-reduce | masked_rate=0.541000, sdc_rate=0.433000, crash_rate=0.026000
[2026-05-15 15:34:59] ================================================================================
[2026-05-15 15:34:59] [  98/110 |  89.1%] Processing leader-loop-unswitch/exec_dijkstra_small_simple-loop-unswitch_loop-unroll
[2026-05-15 15:34:59]     FI folder : /projects/lyang28/rmengle/program_outputs/paired/dijkstra_small_outputs/leader-loop-unswitch/exec_dijkstra_small_simple-loop-unswitch_loop-unroll
[2026-05-15 15:34:59]     Timing    : /projects/lyang28/rmengle/execution_times/paired/dijkstra_small_outputs/leader-loop-unswitch/exec_dijkstra_small_simple-loop-unswitch_loop-unroll.txt FOUND
[2026-05-15 15:34:59]     Found 1000 run files
[2026-05-15 15:34:59]     Progress 100/1000 files ( 10.0%) | masked=42, sdc=55, crash/hang=3 | 618.00 files/sec
[2026-05-15 15:34:59]     Progress 200/1000 files ( 20.0%) | masked=95, sdc=94, crash/hang=11 | 640.98 files/sec
[2026-05-15 15:35:00]     Progress 300/1000 files ( 30.0%) | masked=150, sdc=135, crash/hang=15 | 654.77 files/sec
[2026-05-15 15:35:00]     Progress 400/1000 files ( 40.0%) | masked=196, sdc=184, crash/hang=20 | 655.50 files/sec
[2026-05-15 15:35:00]     Progress 500/1000 files ( 50.0%) | masked=246, sdc=232, crash/hang=22 | 656.94 files/sec
[2026-05-15 15:35:00]     Progress 600/1000 files ( 60.0%) | masked=300, sdc=276, crash/hang=24 | 661.90 files/sec
[2026-05-15 15:35:00]     Progress 700/1000 files ( 70.0%) | masked=358, sdc=314, crash/hang=28 | 666.29 files/sec
[2026-05-15 15:35:00]     Progress 800/1000 files ( 80.0%) | masked=407, sdc=361, crash/hang=32 | 663.61 files/sec
[2026-05-15 15:35:00]     Progress 900/1000 files ( 90.0%) | masked=457, sdc=409, crash/hang=34 | 662.03 files/sec
[2026-05-15 15:35:01]     Progress 1000/1000 files (100.0%) | masked=512, sdc=451, crash/hang=37 | 664.83 files/sec
[2026-05-15 15:35:01]     Done folder: total=1000, masked=512, sdc=451, crash/hang=37
[2026-05-15 15:35:01]     CSV row written for leader-loop-unswitch/exec_dijkstra_small_simple-loop-unswitch_loop-unroll | masked_rate=0.512000, sdc_rate=0.451000, crash_rate=0.037000
[2026-05-15 15:35:01] ================================================================================
[2026-05-15 15:35:01] [  99/110 |  90.0%] Processing leader-loop-unswitch/exec_dijkstra_small_simple-loop-unswitch_sccp
[2026-05-15 15:35:01]     FI folder : /projects/lyang28/rmengle/program_outputs/paired/dijkstra_small_outputs/leader-loop-unswitch/exec_dijkstra_small_simple-loop-unswitch_sccp
[2026-05-15 15:35:01]     Timing    : /projects/lyang28/rmengle/execution_times/paired/dijkstra_small_outputs/leader-loop-unswitch/exec_dijkstra_small_simple-loop-unswitch_sccp.txt FOUND
[2026-05-15 15:35:01]     Found 1000 run files
[2026-05-15 15:35:01]     Progress 100/1000 files ( 10.0%) | masked=47, sdc=50, crash/hang=3 | 636.77 files/sec
[2026-05-15 15:35:01]     Progress 200/1000 files ( 20.0%) | masked=91, sdc=105, crash/hang=4 | 627.60 files/sec
[2026-05-15 15:35:01]     Progress 300/1000 files ( 30.0%) | masked=151, sdc=142, crash/hang=7 | 649.79 files/sec
[2026-05-15 15:35:02]     Progress 400/1000 files ( 40.0%) | masked=199, sdc=191, crash/hang=10 | 646.20 files/sec
[2026-05-15 15:35:02]     Progress 500/1000 files ( 50.0%) | masked=240, sdc=244, crash/hang=16 | 652.26 files/sec
[2026-05-15 15:35:02]     Progress 600/1000 files ( 60.0%) | masked=294, sdc=286, crash/hang=20 | 656.56 files/sec
[2026-05-15 15:35:02]     Progress 700/1000 files ( 70.0%) | masked=351, sdc=326, crash/hang=23 | 660.13 files/sec
[2026-05-15 15:35:02]     Progress 800/1000 files ( 80.0%) | masked=405, sdc=369, crash/hang=26 | 652.21 files/sec
[2026-05-15 15:35:02]     Progress 900/1000 files ( 90.0%) | masked=467, sdc=403, crash/hang=30 | 651.70 files/sec
[2026-05-15 15:35:02]     Progress 1000/1000 files (100.0%) | masked=517, sdc=450, crash/hang=33 | 642.49 files/sec
[2026-05-15 15:35:03]     Done folder: total=1000, masked=517, sdc=450, crash/hang=33
[2026-05-15 15:35:03]     CSV row written for leader-loop-unswitch/exec_dijkstra_small_simple-loop-unswitch_sccp | masked_rate=0.517000, sdc_rate=0.450000, crash_rate=0.033000
[2026-05-15 15:35:03] ================================================================================
[2026-05-15 15:35:03] [ 100/110 |  90.9%] Processing leader-loop-unswitch/exec_dijkstra_small_simple-loop-unswitch_simple-loop-unswitch
[2026-05-15 15:35:03]     FI folder : /projects/lyang28/rmengle/program_outputs/paired/dijkstra_small_outputs/leader-loop-unswitch/exec_dijkstra_small_simple-loop-unswitch_simple-loop-unswitch
[2026-05-15 15:35:03]     Timing    : /projects/lyang28/rmengle/execution_times/paired/dijkstra_small_outputs/leader-loop-unswitch/exec_dijkstra_small_simple-loop-unswitch_simple-loop-unswitch.txt FOUND
[2026-05-15 15:35:03]     Found 1000 run files
[2026-05-15 15:35:03]     Progress 100/1000 files ( 10.0%) | masked=51, sdc=47, crash/hang=2 | 626.12 files/sec
[2026-05-15 15:35:03]     Progress 200/1000 files ( 20.0%) | masked=94, sdc=102, crash/hang=4 | 554.61 files/sec
[2026-05-15 15:35:03]     Progress 300/1000 files ( 30.0%) | masked=151, sdc=141, crash/hang=8 | 562.08 files/sec
[2026-05-15 15:35:04]     Progress 400/1000 files ( 40.0%) | masked=200, sdc=188, crash/hang=12 | 568.99 files/sec
[2026-05-15 15:35:04]     Progress 500/1000 files ( 50.0%) | masked=256, sdc=229, crash/hang=15 | 568.60 files/sec
[2026-05-15 15:35:04]     Progress 600/1000 files ( 60.0%) | masked=309, sdc=274, crash/hang=17 | 578.17 files/sec
[2026-05-15 15:35:04]     Progress 700/1000 files ( 70.0%) | masked=361, sdc=318, crash/hang=21 | 588.88 files/sec
[2026-05-15 15:35:04]     Progress 800/1000 files ( 80.0%) | masked=410, sdc=368, crash/hang=22 | 597.03 files/sec
[2026-05-15 15:35:04]     Progress 900/1000 files ( 90.0%) | masked=459, sdc=415, crash/hang=26 | 604.90 files/sec
[2026-05-15 15:35:05]     Progress 1000/1000 files (100.0%) | masked=521, sdc=448, crash/hang=31 | 613.90 files/sec
[2026-05-15 15:35:05]     Done folder: total=1000, masked=521, sdc=448, crash/hang=31
[2026-05-15 15:35:05]     CSV row written for leader-loop-unswitch/exec_dijkstra_small_simple-loop-unswitch_simple-loop-unswitch | masked_rate=0.521000, sdc_rate=0.448000, crash_rate=0.031000
[2026-05-15 15:35:05] ================================================================================
[2026-05-15 15:35:05] [ 101/110 |  91.8%] Processing leader-sccp/exec_dijkstra_small_sccp
[2026-05-15 15:35:05]     FI folder : /projects/lyang28/rmengle/program_outputs/paired/dijkstra_small_outputs/leader-sccp/exec_dijkstra_small_sccp
[2026-05-15 15:35:05]     Timing    : /projects/lyang28/rmengle/execution_times/paired/dijkstra_small_outputs/leader-sccp/exec_dijkstra_small_sccp.txt FOUND
[2026-05-15 15:35:05]     Found 1000 run files
[2026-05-15 15:35:05]     Progress 100/1000 files ( 10.0%) | masked=53, sdc=41, crash/hang=6 | 678.79 files/sec
[2026-05-15 15:35:05]     Progress 200/1000 files ( 20.0%) | masked=111, sdc=80, crash/hang=9 | 677.10 files/sec
[2026-05-15 15:35:05]     Progress 300/1000 files ( 30.0%) | masked=168, sdc=122, crash/hang=10 | 675.62 files/sec
[2026-05-15 15:35:05]     Progress 400/1000 files ( 40.0%) | masked=220, sdc=164, crash/hang=16 | 674.19 files/sec
[2026-05-15 15:35:06]     Progress 500/1000 files ( 50.0%) | masked=267, sdc=215, crash/hang=18 | 653.32 files/sec
[2026-05-15 15:35:06]     Progress 600/1000 files ( 60.0%) | masked=320, sdc=256, crash/hang=24 | 646.61 files/sec
[2026-05-15 15:35:06]     Progress 700/1000 files ( 70.0%) | masked=373, sdc=297, crash/hang=30 | 644.01 files/sec
[2026-05-15 15:35:06]     Progress 800/1000 files ( 80.0%) | masked=411, sdc=359, crash/hang=30 | 634.25 files/sec
[2026-05-15 15:35:06]     Progress 900/1000 files ( 90.0%) | masked=459, sdc=408, crash/hang=33 | 631.52 files/sec
[2026-05-15 15:35:06]     Progress 1000/1000 files (100.0%) | masked=511, sdc=452, crash/hang=37 | 633.73 files/sec
[2026-05-15 15:35:06]     Done folder: total=1000, masked=511, sdc=452, crash/hang=37
[2026-05-15 15:35:07]     CSV row written for leader-sccp/exec_dijkstra_small_sccp | masked_rate=0.511000, sdc_rate=0.452000, crash_rate=0.037000
[2026-05-15 15:35:07] ================================================================================
[2026-05-15 15:35:07] [ 102/110 |  92.7%] Processing leader-sccp/exec_dijkstra_small_sccp_early-cse
[2026-05-15 15:35:07]     FI folder : /projects/lyang28/rmengle/program_outputs/paired/dijkstra_small_outputs/leader-sccp/exec_dijkstra_small_sccp_early-cse
[2026-05-15 15:35:07]     Timing    : /projects/lyang28/rmengle/execution_times/paired/dijkstra_small_outputs/leader-sccp/exec_dijkstra_small_sccp_early-cse.txt FOUND
[2026-05-15 15:35:07]     Found 1000 run files
[2026-05-15 15:35:07]     Progress 100/1000 files ( 10.0%) | masked=67, sdc=33, crash/hang=0 | 636.88 files/sec
[2026-05-15 15:35:07]     Progress 200/1000 files ( 20.0%) | masked=124, sdc=74, crash/hang=2 | 648.96 files/sec
[2026-05-15 15:35:07]     Progress 300/1000 files ( 30.0%) | masked=181, sdc=113, crash/hang=6 | 653.76 files/sec
[2026-05-15 15:35:07]     Progress 400/1000 files ( 40.0%) | masked=240, sdc=153, crash/hang=7 | 654.32 files/sec
[2026-05-15 15:35:08]     Progress 500/1000 files ( 50.0%) | masked=285, sdc=204, crash/hang=11 | 653.08 files/sec
[2026-05-15 15:35:08]     Progress 600/1000 files ( 60.0%) | masked=345, sdc=240, crash/hang=15 | 655.92 files/sec
[2026-05-15 15:35:08]     Progress 700/1000 files ( 70.0%) | masked=401, sdc=283, crash/hang=16 | 656.07 files/sec
[2026-05-15 15:35:08]     Progress 800/1000 files ( 80.0%) | masked=465, sdc=318, crash/hang=17 | 658.94 files/sec
[2026-05-15 15:35:08]     Progress 900/1000 files ( 90.0%) | masked=517, sdc=363, crash/hang=20 | 660.24 files/sec
[2026-05-15 15:35:08]     Progress 1000/1000 files (100.0%) | masked=585, sdc=392, crash/hang=23 | 663.24 files/sec
[2026-05-15 15:35:08]     Done folder: total=1000, masked=585, sdc=392, crash/hang=23
[2026-05-15 15:35:08]     CSV row written for leader-sccp/exec_dijkstra_small_sccp_early-cse | masked_rate=0.585000, sdc_rate=0.392000, crash_rate=0.023000
[2026-05-15 15:35:08] ================================================================================
[2026-05-15 15:35:08] [ 103/110 |  93.6%] Processing leader-sccp/exec_dijkstra_small_sccp_gvn
[2026-05-15 15:35:08]     FI folder : /projects/lyang28/rmengle/program_outputs/paired/dijkstra_small_outputs/leader-sccp/exec_dijkstra_small_sccp_gvn
[2026-05-15 15:35:08]     Timing    : /projects/lyang28/rmengle/execution_times/paired/dijkstra_small_outputs/leader-sccp/exec_dijkstra_small_sccp_gvn.txt FOUND
[2026-05-15 15:35:09]     Found 1000 run files
[2026-05-15 15:35:09]     Progress 100/1000 files ( 10.0%) | masked=71, sdc=29, crash/hang=0 | 624.55 files/sec
[2026-05-15 15:35:09]     Progress 200/1000 files ( 20.0%) | masked=131, sdc=68, crash/hang=1 | 645.07 files/sec
[2026-05-15 15:35:09]     Progress 300/1000 files ( 30.0%) | masked=197, sdc=97, crash/hang=6 | 667.97 files/sec
[2026-05-15 15:35:09]     Progress 400/1000 files ( 40.0%) | masked=261, sdc=130, crash/hang=9 | 661.69 files/sec
[2026-05-15 15:35:09]     Progress 500/1000 files ( 50.0%) | masked=324, sdc=161, crash/hang=15 | 663.35 files/sec
[2026-05-15 15:35:10]     Progress 600/1000 files ( 60.0%) | masked=394, sdc=188, crash/hang=18 | 655.47 files/sec
[2026-05-15 15:35:10]     Progress 700/1000 files ( 70.0%) | masked=458, sdc=222, crash/hang=20 | 627.07 files/sec
[2026-05-15 15:35:10]     Progress 800/1000 files ( 80.0%) | masked=529, sdc=249, crash/hang=22 | 610.68 files/sec
[2026-05-15 15:35:10]     Progress 900/1000 files ( 90.0%) | masked=598, sdc=278, crash/hang=24 | 605.61 files/sec
[2026-05-15 15:35:10]     Progress 1000/1000 files (100.0%) | masked=662, sdc=313, crash/hang=25 | 605.78 files/sec
[2026-05-15 15:35:10]     Done folder: total=1000, masked=662, sdc=313, crash/hang=25
[2026-05-15 15:35:10]     CSV row written for leader-sccp/exec_dijkstra_small_sccp_gvn | masked_rate=0.662000, sdc_rate=0.313000, crash_rate=0.025000
[2026-05-15 15:35:10] ================================================================================
[2026-05-15 15:35:10] [ 104/110 |  94.5%] Processing leader-sccp/exec_dijkstra_small_sccp_inline
[2026-05-15 15:35:10]     FI folder : /projects/lyang28/rmengle/program_outputs/paired/dijkstra_small_outputs/leader-sccp/exec_dijkstra_small_sccp_inline
[2026-05-15 15:35:10]     Timing    : /projects/lyang28/rmengle/execution_times/paired/dijkstra_small_outputs/leader-sccp/exec_dijkstra_small_sccp_inline.txt FOUND
[2026-05-15 15:35:11]     Found 1000 run files
[2026-05-15 15:35:11]     Progress 100/1000 files ( 10.0%) | masked=52, sdc=44, crash/hang=4 | 489.18 files/sec
[2026-05-15 15:35:11]     Progress 200/1000 files ( 20.0%) | masked=103, sdc=89, crash/hang=8 | 415.82 files/sec
[2026-05-15 15:35:11]     Progress 300/1000 files ( 30.0%) | masked=155, sdc=132, crash/hang=13 | 451.38 files/sec
[2026-05-15 15:35:12]     Progress 400/1000 files ( 40.0%) | masked=211, sdc=172, crash/hang=17 | 462.10 files/sec
[2026-05-15 15:35:12]     Progress 500/1000 files ( 50.0%) | masked=263, sdc=216, crash/hang=21 | 478.72 files/sec
[2026-05-15 15:35:12]     Progress 600/1000 files ( 60.0%) | masked=312, sdc=265, crash/hang=23 | 489.46 files/sec
[2026-05-15 15:35:12]     Progress 700/1000 files ( 70.0%) | masked=366, sdc=307, crash/hang=27 | 502.88 files/sec
[2026-05-15 15:35:12]     Progress 800/1000 files ( 80.0%) | masked=427, sdc=344, crash/hang=29 | 514.14 files/sec
[2026-05-15 15:35:13]     Progress 900/1000 files ( 90.0%) | masked=486, sdc=381, crash/hang=33 | 513.89 files/sec
[2026-05-15 15:35:13]     Progress 1000/1000 files (100.0%) | masked=538, sdc=426, crash/hang=36 | 517.28 files/sec
[2026-05-15 15:35:13]     Done folder: total=1000, masked=538, sdc=426, crash/hang=36
[2026-05-15 15:35:13]     CSV row written for leader-sccp/exec_dijkstra_small_sccp_inline | masked_rate=0.538000, sdc_rate=0.426000, crash_rate=0.036000
[2026-05-15 15:35:13] ================================================================================
[2026-05-15 15:35:13] [ 105/110 |  95.5%] Processing leader-sccp/exec_dijkstra_small_sccp_instcombine
[2026-05-15 15:35:13]     FI folder : /projects/lyang28/rmengle/program_outputs/paired/dijkstra_small_outputs/leader-sccp/exec_dijkstra_small_sccp_instcombine
[2026-05-15 15:35:13]     Timing    : /projects/lyang28/rmengle/execution_times/paired/dijkstra_small_outputs/leader-sccp/exec_dijkstra_small_sccp_instcombine.txt FOUND
[2026-05-15 15:35:13]     Found 1000 run files
[2026-05-15 15:35:13]     Progress 100/1000 files ( 10.0%) | masked=51, sdc=46, crash/hang=3 | 379.24 files/sec
[2026-05-15 15:35:14]     Progress 200/1000 files ( 20.0%) | masked=107, sdc=86, crash/hang=7 | 431.47 files/sec
[2026-05-15 15:35:14]     Progress 300/1000 files ( 30.0%) | masked=168, sdc=122, crash/hang=10 | 470.35 files/sec
[2026-05-15 15:35:14]     Progress 400/1000 files ( 40.0%) | masked=212, sdc=175, crash/hang=13 | 464.04 files/sec
[2026-05-15 15:35:14]     Progress 500/1000 files ( 50.0%) | masked=258, sdc=229, crash/hang=13 | 477.86 files/sec
[2026-05-15 15:35:14]     Progress 600/1000 files ( 60.0%) | masked=312, sdc=271, crash/hang=17 | 492.01 files/sec
[2026-05-15 15:35:15]     Progress 700/1000 files ( 70.0%) | masked=363, sdc=318, crash/hang=19 | 478.68 files/sec
[2026-05-15 15:35:15]     Progress 800/1000 files ( 80.0%) | masked=415, sdc=362, crash/hang=23 | 463.08 files/sec
[2026-05-15 15:35:15]     Progress 900/1000 files ( 90.0%) | masked=470, sdc=402, crash/hang=28 | 460.65 files/sec
[2026-05-15 15:35:15]     Progress 1000/1000 files (100.0%) | masked=515, sdc=455, crash/hang=30 | 451.61 files/sec
[2026-05-15 15:35:15]     Done folder: total=1000, masked=515, sdc=455, crash/hang=30
[2026-05-15 15:35:15]     CSV row written for leader-sccp/exec_dijkstra_small_sccp_instcombine | masked_rate=0.515000, sdc_rate=0.455000, crash_rate=0.030000
[2026-05-15 15:35:15] ================================================================================
[2026-05-15 15:35:15] [ 106/110 |  96.4%] Processing leader-sccp/exec_dijkstra_small_sccp_ipsccp
[2026-05-15 15:35:15]     FI folder : /projects/lyang28/rmengle/program_outputs/paired/dijkstra_small_outputs/leader-sccp/exec_dijkstra_small_sccp_ipsccp
[2026-05-15 15:35:15]     Timing    : /projects/lyang28/rmengle/execution_times/paired/dijkstra_small_outputs/leader-sccp/exec_dijkstra_small_sccp_ipsccp.txt FOUND
[2026-05-15 15:35:16]     Found 1000 run files
[2026-05-15 15:35:16]     Progress 100/1000 files ( 10.0%) | masked=62, sdc=36, crash/hang=2 | 503.36 files/sec
[2026-05-15 15:35:16]     Progress 200/1000 files ( 20.0%) | masked=111, sdc=82, crash/hang=7 | 530.85 files/sec
[2026-05-15 15:35:16]     Progress 300/1000 files ( 30.0%) | masked=162, sdc=129, crash/hang=9 | 524.34 files/sec
[2026-05-15 15:35:17]     Progress 400/1000 files ( 40.0%) | masked=212, sdc=173, crash/hang=15 | 513.20 files/sec
[2026-05-15 15:35:17]     Progress 500/1000 files ( 50.0%) | masked=263, sdc=220, crash/hang=17 | 512.16 files/sec
[2026-05-15 15:35:17]     Progress 600/1000 files ( 60.0%) | masked=314, sdc=267, crash/hang=19 | 503.93 files/sec
[2026-05-15 15:35:17]     Progress 700/1000 files ( 70.0%) | masked=377, sdc=300, crash/hang=23 | 514.31 files/sec
[2026-05-15 15:35:17]     Progress 800/1000 files ( 80.0%) | masked=424, sdc=347, crash/hang=29 | 519.78 files/sec
[2026-05-15 15:35:18]     Progress 900/1000 files ( 90.0%) | masked=464, sdc=403, crash/hang=33 | 524.92 files/sec
[2026-05-15 15:35:18]     Progress 1000/1000 files (100.0%) | masked=518, sdc=446, crash/hang=36 | 527.88 files/sec
[2026-05-15 15:35:18]     Done folder: total=1000, masked=518, sdc=446, crash/hang=36
[2026-05-15 15:35:18]     CSV row written for leader-sccp/exec_dijkstra_small_sccp_ipsccp | masked_rate=0.518000, sdc_rate=0.446000, crash_rate=0.036000
[2026-05-15 15:35:18] ================================================================================
[2026-05-15 15:35:18] [ 107/110 |  97.3%] Processing leader-sccp/exec_dijkstra_small_sccp_licm
[2026-05-15 15:35:18]     FI folder : /projects/lyang28/rmengle/program_outputs/paired/dijkstra_small_outputs/leader-sccp/exec_dijkstra_small_sccp_licm
[2026-05-15 15:35:18]     Timing    : /projects/lyang28/rmengle/execution_times/paired/dijkstra_small_outputs/leader-sccp/exec_dijkstra_small_sccp_licm.txt FOUND
[2026-05-15 15:35:18]     Found 1000 run files
[2026-05-15 15:35:18]     Progress 100/1000 files ( 10.0%) | masked=62, sdc=33, crash/hang=5 | 628.98 files/sec
[2026-05-15 15:35:18]     Progress 200/1000 files ( 20.0%) | masked=118, sdc=74, crash/hang=8 | 590.17 files/sec
[2026-05-15 15:35:19]     Progress 300/1000 files ( 30.0%) | masked=172, sdc=117, crash/hang=11 | 538.98 files/sec
[2026-05-15 15:35:19]     Progress 400/1000 files ( 40.0%) | masked=228, sdc=159, crash/hang=13 | 523.88 files/sec
[2026-05-15 15:35:19]     Progress 500/1000 files ( 50.0%) | masked=277, sdc=208, crash/hang=15 | 531.08 files/sec
[2026-05-15 15:35:19]     Progress 600/1000 files ( 60.0%) | masked=323, sdc=257, crash/hang=20 | 531.69 files/sec
[2026-05-15 15:35:19]     Progress 700/1000 files ( 70.0%) | masked=382, sdc=294, crash/hang=24 | 533.66 files/sec
[2026-05-15 15:35:20]     Progress 800/1000 files ( 80.0%) | masked=442, sdc=330, crash/hang=28 | 536.10 files/sec
[2026-05-15 15:35:20]     Progress 900/1000 files ( 90.0%) | masked=496, sdc=372, crash/hang=32 | 538.82 files/sec
[2026-05-15 15:35:20]     Progress 1000/1000 files (100.0%) | masked=551, sdc=414, crash/hang=35 | 534.24 files/sec
[2026-05-15 15:35:20]     Done folder: total=1000, masked=551, sdc=414, crash/hang=35
[2026-05-15 15:35:20]     CSV row written for leader-sccp/exec_dijkstra_small_sccp_licm | masked_rate=0.551000, sdc_rate=0.414000, crash_rate=0.035000
[2026-05-15 15:35:20] ================================================================================
[2026-05-15 15:35:20] [ 108/110 |  98.2%] Processing leader-sccp/exec_dijkstra_small_sccp_loop-reduce
[2026-05-15 15:35:20]     FI folder : /projects/lyang28/rmengle/program_outputs/paired/dijkstra_small_outputs/leader-sccp/exec_dijkstra_small_sccp_loop-reduce
[2026-05-15 15:35:20]     Timing    : /projects/lyang28/rmengle/execution_times/paired/dijkstra_small_outputs/leader-sccp/exec_dijkstra_small_sccp_loop-reduce.txt FOUND
[2026-05-15 15:35:20]     Found 1000 run files
[2026-05-15 15:35:21]     Progress 100/1000 files ( 10.0%) | masked=59, sdc=38, crash/hang=3 | 455.44 files/sec
[2026-05-15 15:35:21]     Progress 200/1000 files ( 20.0%) | masked=105, sdc=90, crash/hang=5 | 457.41 files/sec
[2026-05-15 15:35:21]     Progress 300/1000 files ( 30.0%) | masked=159, sdc=136, crash/hang=5 | 480.18 files/sec
[2026-05-15 15:35:21]     Progress 400/1000 files ( 40.0%) | masked=206, sdc=180, crash/hang=14 | 502.12 files/sec
[2026-05-15 15:35:21]     Progress 500/1000 files ( 50.0%) | masked=261, sdc=221, crash/hang=18 | 504.01 files/sec
[2026-05-15 15:35:22]     Progress 600/1000 files ( 60.0%) | masked=307, sdc=271, crash/hang=22 | 507.57 files/sec
[2026-05-15 15:35:22]     Progress 700/1000 files ( 70.0%) | masked=365, sdc=311, crash/hang=24 | 506.61 files/sec
[2026-05-15 15:35:22]     Progress 800/1000 files ( 80.0%) | masked=420, sdc=352, crash/hang=28 | 509.60 files/sec
[2026-05-15 15:35:22]     Progress 900/1000 files ( 90.0%) | masked=475, sdc=395, crash/hang=30 | 505.42 files/sec
[2026-05-15 15:35:22]     Progress 1000/1000 files (100.0%) | masked=538, sdc=431, crash/hang=31 | 514.04 files/sec
[2026-05-15 15:35:22]     Done folder: total=1000, masked=538, sdc=431, crash/hang=31
[2026-05-15 15:35:22]     CSV row written for leader-sccp/exec_dijkstra_small_sccp_loop-reduce | masked_rate=0.538000, sdc_rate=0.431000, crash_rate=0.031000
[2026-05-15 15:35:22] ================================================================================
[2026-05-15 15:35:22] [ 109/110 |  99.1%] Processing leader-sccp/exec_dijkstra_small_sccp_loop-unroll
[2026-05-15 15:35:22]     FI folder : /projects/lyang28/rmengle/program_outputs/paired/dijkstra_small_outputs/leader-sccp/exec_dijkstra_small_sccp_loop-unroll
[2026-05-15 15:35:22]     Timing    : /projects/lyang28/rmengle/execution_times/paired/dijkstra_small_outputs/leader-sccp/exec_dijkstra_small_sccp_loop-unroll.txt FOUND
[2026-05-15 15:35:23]     Found 1000 run files
[2026-05-15 15:35:23]     Progress 100/1000 files ( 10.0%) | masked=50, sdc=43, crash/hang=7 | 641.46 files/sec
[2026-05-15 15:35:23]     Progress 200/1000 files ( 20.0%) | masked=107, sdc=83, crash/hang=10 | 660.74 files/sec
[2026-05-15 15:35:23]     Progress 300/1000 files ( 30.0%) | masked=165, sdc=121, crash/hang=14 | 663.97 files/sec
[2026-05-15 15:35:23]     Progress 400/1000 files ( 40.0%) | masked=214, sdc=169, crash/hang=17 | 641.66 files/sec
[2026-05-15 15:35:24]     Progress 500/1000 files ( 50.0%) | masked=266, sdc=215, crash/hang=19 | 615.70 files/sec
[2026-05-15 15:35:24]     Progress 600/1000 files ( 60.0%) | masked=324, sdc=252, crash/hang=24 | 582.31 files/sec
[2026-05-15 15:35:24]     Progress 700/1000 files ( 70.0%) | masked=384, sdc=291, crash/hang=25 | 550.96 files/sec
[2026-05-15 15:35:24]     Progress 800/1000 files ( 80.0%) | masked=436, sdc=337, crash/hang=27 | 544.71 files/sec
[2026-05-15 15:35:24]     Progress 900/1000 files ( 90.0%) | masked=488, sdc=382, crash/hang=30 | 537.23 files/sec
[2026-05-15 15:35:25]     Progress 1000/1000 files (100.0%) | masked=546, sdc=422, crash/hang=32 | 518.91 files/sec
[2026-05-15 15:35:25]     Done folder: total=1000, masked=546, sdc=422, crash/hang=32
[2026-05-15 15:35:25]     CSV row written for leader-sccp/exec_dijkstra_small_sccp_loop-unroll | masked_rate=0.546000, sdc_rate=0.422000, crash_rate=0.032000
[2026-05-15 15:35:25] ================================================================================
[2026-05-15 15:35:25] [ 110/110 | 100.0%] Processing leader-sccp/exec_dijkstra_small_sccp_sccp
[2026-05-15 15:35:25]     FI folder : /projects/lyang28/rmengle/program_outputs/paired/dijkstra_small_outputs/leader-sccp/exec_dijkstra_small_sccp_sccp
[2026-05-15 15:35:25]     Timing    : /projects/lyang28/rmengle/execution_times/paired/dijkstra_small_outputs/leader-sccp/exec_dijkstra_small_sccp_sccp.txt FOUND
[2026-05-15 15:35:25]     Found 1000 run files
[2026-05-15 15:35:25]     Progress 100/1000 files ( 10.0%) | masked=56, sdc=41, crash/hang=3 | 532.67 files/sec
[2026-05-15 15:35:26]     Progress 200/1000 files ( 20.0%) | masked=119, sdc=75, crash/hang=6 | 541.86 files/sec
[2026-05-15 15:35:26]     Progress 300/1000 files ( 30.0%) | masked=174, sdc=114, crash/hang=12 | 564.75 files/sec
[2026-05-15 15:35:26]     Progress 400/1000 files ( 40.0%) | masked=238, sdc=147, crash/hang=15 | 582.44 files/sec
[2026-05-15 15:35:26]     Progress 500/1000 files ( 50.0%) | masked=289, sdc=193, crash/hang=18 | 587.09 files/sec
[2026-05-15 15:35:26]     Progress 600/1000 files ( 60.0%) | masked=342, sdc=238, crash/hang=20 | 589.06 files/sec
[2026-05-15 15:35:26]     Progress 700/1000 files ( 70.0%) | masked=392, sdc=286, crash/hang=22 | 585.17 files/sec
[2026-05-15 15:35:27]     Progress 800/1000 files ( 80.0%) | masked=429, sdc=343, crash/hang=28 | 582.19 files/sec
[2026-05-15 15:35:27]     Progress 900/1000 files ( 90.0%) | masked=485, sdc=383, crash/hang=32 | 576.31 files/sec
[2026-05-15 15:35:27]     Progress 1000/1000 files (100.0%) | masked=539, sdc=428, crash/hang=33 | 575.40 files/sec
[2026-05-15 15:35:27]     Done folder: total=1000, masked=539, sdc=428, crash/hang=33
[2026-05-15 15:35:27]     CSV row written for leader-sccp/exec_dijkstra_small_sccp_sccp | masked_rate=0.539000, sdc_rate=0.428000, crash_rate=0.033000
[2026-05-15 15:35:27] 
[2026-05-15 15:35:27] CSV written to: dijkstra_small_paired_reliability_data.csv
[2026-05-15 15:35:27] Log written to: dijkstra_small_paired_classification.log
[2026-05-15 15:35:27] Total elapsed time: 197.37 seconds
[2026-05-15 15:35:27] Verification logs written to:
  verification_logs/masked
  verification_logs/sdc
  verification_logs/crash

Finished classification.
End time: Fri May 15 15:35:27 EDT 2026
