Pin: pin-3.31-98869-fa6f126a8
Copyright 2002-2024 Intel Corporation.
 [tid:1554385] Invalid RTN nop edx, edi
 [tid:1554385] Invalid RTN push r14
 [tid:1554385] Invalid RTN mov rax, 0xffffffffffffffff
 [tid:1554385] Invalid RTN push r13
 [tid:1554385] Invalid RTN push r12
 [tid:1554385] Invalid RTN push rbp
 [tid:1554385] Invalid RTN push rbx
 [tid:1554385] Invalid RTN sub rsp, 0x20
 [tid:1554385] Invalid RTN mov rbx, qword ptr [rip+0x2ea3ea]
 [tid:1554385] Invalid RTN mov qword ptr [rsp+0x10], rax
 [tid:1554385] Invalid RTN mov qword ptr [rsp+0x18], rax
 [tid:1554385] Invalid RTN mov eax, dword ptr [rbx+0x68]
 [tid:1554385] Invalid RTN mov dword ptr [rsp+0xc], 0x0
 [tid:1554385] Invalid RTN test eax, eax
 [tid:1554385] Invalid RTN jz 0x7f81100c0d32
 [tid:1554385] Invalid RTN mov r13, qword ptr [rbx+0x190]
 [tid:1554385] Invalid RTN mov rbp, qword ptr [rbx+0x198]
 [tid:1554385] Invalid RTN cmp eax, 0x1
 [tid:1554385] Invalid RTN jz 0x7f81100c0c60
 [tid:1554385] Invalid RTN cmp eax, 0x3
 [tid:1554385] Invalid RTN jz 0x7f81100c0cb8
 [tid:1554385] Invalid RTN mov edi, 0xbc
 [tid:1554385] Invalid RTN call 0x7f81100c0900
 [tid:1554385] Invalid RTN push r15
 [tid:1554385] Invalid RTN push r14
 [tid:1554385] Invalid RTN push r13
 [tid:1554385] Invalid RTN push r12
 [tid:1554385] Invalid RTN push rbp
 [tid:1554385] Invalid RTN push rbx
 [tid:1554385] Invalid RTN sub rsp, 0x28
 [tid:1554385] Invalid RTN mov rbp, qword ptr [rip+0x2ea543]
 [tid:1554385] Invalid RTN mov rax, qword ptr fs:[0x28]
 [tid:1554385] Invalid RTN mov qword ptr [rsp+0x18], rax
 [tid:1554385] Invalid RTN xor eax, eax
 [tid:1554385] Invalid RTN cmp dword ptr [rbp+0x6c], 0x1
 [tid:1554385] Invalid RTN jbe 0x7f81100c0a36
 [tid:1554385] Invalid RTN mov r15d, edi
 [tid:1554385] Invalid RTN mov byte ptr [rsp+0x16], 0x0
 [tid:1554385] Invalid RTN mov eax, 0x2
 [tid:1554385] Invalid RTN mov byte ptr [rsp+0x17], 0x0
 [tid:1554385] Invalid RTN cpuid 
 [tid:1554385] Invalid RTN mov dword ptr [rsp+0xc], edx
 [tid:1554385] Invalid RTN mov r14d, ecx
 [tid:1554385] Invalid RTN cmp al, 0x1
 [tid:1554385] Invalid RTN jz 0x7f81100c0990
 [tid:1554385] Invalid RTN lea rcx, ptr [rsp+0x16]
 [tid:1554385] Invalid RTN lea rdx, ptr [rsp+0x17]
 [tid:1554385] Invalid RTN mov esi, 0xff
 [tid:1554385] Invalid RTN lea r9, ptr [rbp+0x74]
 [tid:1554385] Invalid RTN lea r8, ptr [rbp+0x70]
 [tid:1554385] Invalid RTN call 0x7f81100c0660
 [tid:1554385] Invalid RTN xor al, al
 [tid:1554385] Invalid RTN lea r13, ptr [rsp+0x16]
 [tid:1554385] Invalid RTN lea r12, ptr [rsp+0x17]
 [tid:1554385] Invalid RTN mov esi, eax
 [tid:1554385] Invalid RTN lea r9, ptr [rbp+0x74]
 [tid:1554385] Invalid RTN lea r8, ptr [rbp+0x70]
 [tid:1554385] Invalid RTN mov rcx, r13
 [tid:1554385] Invalid RTN mov rdx, r12
 [tid:1554385] Invalid RTN call 0x7f81100c0660
 [tid:1554385] Invalid RTN test esi, esi
 [tid:1554385] Invalid RTN js 0x7f81100c0767
 [tid:1554385] Invalid RTN lea r10d, ptr [rdi-0xb9]
 [tid:1554385] Invalid RTN push r13
 [tid:1554385] Invalid RTN mov eax, r10d
 [tid:1554385] Invalid RTN push r12
 [tid:1554385] Invalid RTN mov r12, rdx
 [tid:1554385] Invalid RTN mov edx, 0x55555556
 [tid:1554385] Invalid RTN imul edx
 [tid:1554385] Invalid RTN push rbp
 [tid:1554385] Invalid RTN sar r10d, 0x1f
 [tid:1554385] Invalid RTN push rbx
 [tid:1554385] Invalid RTN sub edx, r10d
 [tid:1554385] Invalid RTN sub rsp, 0x8
 [tid:1554385] Invalid RTN lea ebp, ptr [rdx+rdx*2]
 [tid:1554385] Invalid RTN test esi, esi
 [tid:1554385] Invalid RTN jz 0x7f81100c074c
 [tid:1554385] Invalid RTN lea r13, ptr [rip+0xac821]
 [tid:1554385] Invalid RTN jmp 0x7f81100c06bd
 [tid:1554385] Invalid RTN movzx eax, sil
 [tid:1554385] Invalid RTN cmp eax, 0x40
 [tid:1554385] Invalid RTN jz 0x7f81100c06a8
 [tid:1554385] Invalid RTN cmp eax, 0xff
 [tid:1554385] Invalid RTN jz 0x7f81100c076a
 [tid:1554385] Invalid RTN cmp eax, 0x49
 [tid:1554385] Invalid RTN jnz 0x7f81100c06ef
 [tid:1554385] Invalid RTN mov ebx, esi
 [tid:1554385] Invalid RTN mov r10d, 0x44
 [tid:1554385] Invalid RTN xor edx, edx
 [tid:1554385] Invalid RTN jmp 0x7f81100c0708
 [tid:1554385] Invalid RTN lea rax, ptr [rdx+r10*1]
 [tid:1554385] Invalid RTN shr rax, 0x1
 [tid:1554385] Invalid RTN lea r11, ptr [r13+rax*8]
 [tid:1554385] Invalid RTN cmp bl, byte ptr [r11]
 [tid:1554385] Invalid RTN jz 0x7f81100c0728
 [tid:1554385] Invalid RTN jb 0x7f81100c0700
 [tid:1554385] Invalid RTN lea rdx, ptr [rax+0x1]
 [tid:1554385] Invalid RTN jmp 0x7f81100c0703
 [tid:1554385] Invalid RTN mov r10, rax
 [tid:1554385] Invalid RTN cmp r10, rdx
 [tid:1554385] Invalid RTN jbe 0x7f81100c06b4
 [tid:1554385] Invalid RTN lea rax, ptr [rdx+r10*1]
 [tid:1554385] Invalid RTN shr rax, 0x1
 [tid:1554385] Invalid RTN lea r11, ptr [r13+rax*8]
 [tid:1554385] Invalid RTN cmp bl, byte ptr [r11]
 [tid:1554385] Invalid RTN jz 0x7f81100c0728
 [tid:1554385] Invalid RTN jb 0x7f81100c0700
 [tid:1554385] Invalid RTN shr esi, 0x8
 [tid:1554385] Invalid RTN jz 0x7f81100c074c
 [tid:1554385] Invalid RTN movzx eax, sil
 [tid:1554385] Invalid RTN cmp eax, 0x40
 [tid:1554385] Invalid RTN jz 0x7f81100c06a8
 [tid:1554385] Invalid RTN cmp eax, 0xff
 [tid:1554385] Invalid RTN jz 0x7f81100c076a
 [tid:1554385] Invalid RTN cmp eax, 0x49
 [tid:1554385] Invalid RTN jnz 0x7f81100c06ef
 [tid:1554385] Invalid RTN cmp ebp, 0x9
 [tid:1554385] Invalid RTN jnz 0x7f81100c06ef
 [tid:1554385] Invalid RTN cmp dword ptr [r8], 0xf
 [tid:1554385] Invalid RTN jnz 0x7f81100c0760
 [tid:1554385] Invalid RTN cmp r10, rdx
 [tid:1554385] Invalid RTN jbe 0x7f81100c06b4
 [tid:1554385] Invalid RTN lea rax, ptr [rdx+r10*1]
 [tid:1554385] Invalid RTN shr rax, 0x1
 [tid:1554385] Invalid RTN lea r11, ptr [r13+rax*8]
 [tid:1554385] Invalid RTN cmp bl, byte ptr [r11]
 [tid:1554385] Invalid RTN jz 0x7f81100c0728
 [tid:1554385] Invalid RTN jb 0x7f81100c0700
 [tid:1554385] Invalid RTN lea rdx, ptr [rax+0x1]
 [tid:1554385] Invalid RTN jmp 0x7f81100c0703
 [tid:1554385] Invalid RTN xor eax, eax
 [tid:1554385] Invalid RTN add rsp, 0x8
 [tid:1554385] Invalid RTN pop rbx
 [tid:1554385] Invalid RTN pop rbp
 [tid:1554385] Invalid RTN pop r12
 [tid:1554385] Invalid RTN pop r13
 [tid:1554385] Invalid RTN ret 
 [tid:1554385] Invalid RTN test rax, rax
 [tid:1554385] Invalid RTN jnz 0x7f81100c096a
 [tid:1554385] Invalid RTN lea r9, ptr [rbp+0x74]
 [tid:1554385] Invalid RTN lea r8, ptr [rbp+0x70]
 [tid:1554385] Invalid RTN mov rcx, r13
 [tid:1554385] Invalid RTN mov rdx, r12
 [tid:1554385] Invalid RTN mov esi, ebx
 [tid:1554385] Invalid RTN mov edi, r15d
 [tid:1554385] Invalid RTN call 0x7f81100c0660
 [tid:1554385] Invalid RTN mov eax, 0x4
 [tid:1554385] Invalid RTN xor ecx, ecx
 [tid:1554385] Invalid RTN cpuid 
 [tid:1554385] Invalid RTN mov edx, eax
 [tid:1554385] Invalid RTN and edx, 0x1f
 [tid:1554385] Invalid RTN jz 0x7f81100c08a0
 [tid:1554385] Invalid RTN xor esi, esi
 [tid:1554385] Invalid RTN mov r8d, 0x4
 [tid:1554385] Invalid RTN jmp 0x7f81100c07af
 [tid:1554385] Invalid RTN shr eax, 0x5
 [tid:1554385] Invalid RTN and eax, 0x7
 [tid:1554385] Invalid RTN cmp eax, 0x1
 [tid:1554385] Invalid RTN setz r9b
 [tid:1554385] Invalid RTN cmp edx, 0x1
 [tid:1554385] Invalid RTN jz 0x7f81100c0790
 [tid:1554385] Invalid RTN cmp edx, 0x2
 [tid:1554385] Invalid RTN jnz 0x7f81100c0869
 [tid:1554385] Invalid RTN test r9b, r9b
 [tid:1554385] Invalid RTN jz 0x7f81100c0869
 [tid:1554385] Invalid RTN test r9b, r9b
 [tid:1554385] Invalid RTN jz 0x7f81100c07c1
 [tid:1554385] Invalid RTN cmp ebp, 0x3
 [tid:1554385] Invalid RTN jz 0x7f81100c07d7
 [tid:1554385] Invalid RTN add esi, 0x1
 [tid:1554385] Invalid RTN mov eax, r8d
 [tid:1554385] Invalid RTN mov ecx, esi
 [tid:1554385] Invalid RTN cpuid 
 [tid:1554385] Invalid RTN lea eax, ptr [rdi-0xb9]
 [tid:1554385] Invalid RTN sub eax, ebp
 [tid:1554385] Invalid RTN jz 0x7f81100c082e
 [tid:1554385] Invalid RTN cmp eax, 0x1
 [tid:1554385] Invalid RTN jz 0x7f81100c08ac
 [tid:1554385] Invalid RTN cmp eax, 0x2
 [tid:1554385] Invalid RTN jnz 0x7f81100c08b9
 [tid:1554385] Invalid RTN mov eax, ebx
 [tid:1554385] Invalid RTN mov edx, ebx
 [tid:1554385] Invalid RTN add ecx, 0x1
 [tid:1554385] Invalid RTN shr ebx, 0xc
 [tid:1554385] Invalid RTN shr eax, 0x16
 [tid:1554385] Invalid RTN and edx, 0xfff
 [tid:1554385] Invalid RTN add edx, 0x1
 [tid:1554385] Invalid RTN add eax, 0x1
 [tid:1554385] Invalid RTN imul eax, edx
 [tid:1554385] Invalid RTN mov edx, ebx
 [tid:1554385] Invalid RTN and edx, 0x3ff
 [tid:1554385] Invalid RTN add edx, 0x1
 [tid:1554385] Invalid RTN imul eax, ecx
 [tid:1554385] Invalid RTN imul eax, edx
 [tid:1554385] Invalid RTN jmp 0x7f81100c074e
 [tid:1554385] Invalid RTN add rsp, 0x8
 [tid:1554385] Invalid RTN pop rbx
 [tid:1554385] Invalid RTN pop rbp
 [tid:1554385] Invalid RTN pop r12
 [tid:1554385] Invalid RTN pop r13
 [tid:1554385] Invalid RTN ret 
 [tid:1554385] Invalid RTN test rax, rax
 [tid:1554385] Invalid RTN jnz 0x7f81100c096a
 [tid:1554385] Invalid RTN lea r9, ptr [rbp+0x74]
 [tid:1554385] Invalid RTN lea r8, ptr [rbp+0x70]
 [tid:1554385] Invalid RTN mov rcx, r13
 [tid:1554385] Invalid RTN mov rdx, r12
 [tid:1554385] Invalid RTN mov esi, r14d
 [tid:1554385] Invalid RTN mov edi, r15d
 [tid:1554385] Invalid RTN call 0x7f81100c0660
 [tid:1554385] Invalid RTN mov rbx, qword ptr [rsp+0x18]
 [tid:1554385] Invalid RTN xor rbx, qword ptr fs:[0x28]
 [tid:1554385] Invalid RTN jnz 0x7f81100c0a42
 [tid:1554385] Invalid RTN add rsp, 0x28
 [tid:1554385] Invalid RTN pop rbx
 [tid:1554385] Invalid RTN pop rbp
 [tid:1554385] Invalid RTN pop r12
 [tid:1554385] Invalid RTN pop r13
 [tid:1554385] Invalid RTN pop r14
 [tid:1554385] Invalid RTN pop r15
 [tid:1554385] Invalid RTN ret 
 [tid:1554385] Invalid RTN mov edi, 0xbf
 [tid:1554385] Invalid RTN mov r12, rax
 [tid:1554385] Invalid RTN call 0x7f81100c0900
 [tid:1554385] Invalid RTN mov edx, eax
 [tid:1554385] Invalid RTN and edx, 0x1f
 [tid:1554385] Invalid RTN jz 0x7f81100c08a0
 [tid:1554385] Invalid RTN shr eax, 0x5
 [tid:1554385] Invalid RTN and eax, 0x7
 [tid:1554385] Invalid RTN cmp eax, 0x1
 [tid:1554385] Invalid RTN setz r9b
 [tid:1554385] Invalid RTN cmp edx, 0x1
 [tid:1554385] Invalid RTN jz 0x7f81100c0790
 [tid:1554385] Invalid RTN cmp edx, 0x2
 [tid:1554385] Invalid RTN jnz 0x7f81100c0869
 [tid:1554385] Invalid RTN test r9b, r9b
 [tid:1554385] Invalid RTN jz 0x7f81100c0869
 [tid:1554385] Invalid RTN test ebp, ebp
 [tid:1554385] Invalid RTN jnz 0x7f81100c079a
 [tid:1554385] Invalid RTN lea eax, ptr [rdi-0xb9]
 [tid:1554385] Invalid RTN sub eax, ebp
 [tid:1554385] Invalid RTN jz 0x7f81100c082e
 [tid:1554385] Invalid RTN add esi, 0x1
 [tid:1554385] Invalid RTN mov eax, r8d
 [tid:1554385] Invalid RTN mov ecx, esi
 [tid:1554385] Invalid RTN cpuid 
 [tid:1554385] Invalid RTN cmp eax, 0x2
 [tid:1554385] Invalid RTN jnz 0x7f81100c0877
 [tid:1554385] Invalid RTN cmp ebp, 0x6
 [tid:1554385] Invalid RTN jz 0x7f81100c07d7
 [tid:1554385] Invalid RTN cmp eax, 0x3
 [tid:1554385] Invalid RTN jnz 0x7f81100c0885
 [tid:1554385] Invalid RTN mov edi, 0xc2
 [tid:1554385] Invalid RTN mov r14, rax
 [tid:1554385] Invalid RTN call 0x7f81100c0900
 [tid:1554385] Invalid RTN cmp eax, 0x4
 [tid:1554385] Invalid RTN jnz 0x7f81100c079a
 [tid:1554385] Invalid RTN cmp ebp, 0xc
 [tid:1554385] Invalid RTN jz 0x7f81100c07d7
 [tid:1554385] Invalid RTN jmp 0x7f81100c079a
 [tid:1554385] Invalid RTN cmp eax, 0x3
 [tid:1554385] Invalid RTN jnz 0x7f81100c0885
 [tid:1554385] Invalid RTN cmp ebp, 0x9
 [tid:1554385] Invalid RTN jz 0x7f81100c07d7
 [tid:1554385] Invalid RTN cmp eax, 0x4
 [tid:1554385] Invalid RTN jnz 0x7f81100c079a
 [tid:1554385] Invalid RTN lea rdx, ptr [rsp+0xc]
 [tid:1554385] Invalid RTN lea rsi, ptr [rsp+0x18]
 [tid:1554385] Invalid RTN mov rcx, r14
 [tid:1554385] Invalid RTN mov qword ptr [rsp+0x10], rax
 [tid:1554385] Invalid RTN lea rdi, ptr [rsp+0x10]
 [tid:1554385] Invalid RTN mov qword ptr [rsp+0x18], rax
 [tid:1554385] Invalid RTN call 0x7f81100bfdc0
 [tid:1554385] Invalid RTN push r15
 [tid:1554385] Invalid RTN mov r9, qword ptr [rsi]
 [tid:1554385] Invalid RTN push r14
 [tid:1554385] Invalid RTN mov r14, rdi
 [tid:1554385] Invalid RTN push r13
 [tid:1554385] Invalid RTN mov r13, rdx
 [tid:1554385] Invalid RTN push r12
 [tid:1554385] Invalid RTN push rbp
 [tid:1554385] Invalid RTN push rbx
 [tid:1554385] Invalid RTN mov r10, qword ptr [rdi]
 [tid:1554385] Invalid RTN mov r15d, dword ptr [rdx]
 [tid:1554385] Invalid RTN mov qword ptr [rsp-0x20], rcx
 [tid:1554385] Invalid RTN test r10, r10
 [tid:1554385] Invalid RTN jle 0x7f81100c0080
 [tid:1554385] Invalid RTN mov dword ptr [rsp-0x10], 0x3
 [tid:1554385] Invalid RTN mov dword ptr [rsp-0x24], 0x0
 [tid:1554385] Invalid RTN mov r11, qword ptr [rip+0x2eb05a]
 [tid:1554385] Invalid RTN test byte ptr [r11+0x8b], 0x10
 [tid:1554385] Invalid RTN jz 0x7f81100bff17
 [tid:1554385] Invalid RTN mov eax, dword ptr [r11+0x6c]
 [tid:1554385] Invalid RTN mov edx, dword ptr [r11+0x70]
 [tid:1554385] Invalid RTN mov ebx, dword ptr [r11+0x74]
 [tid:1554385] Invalid RTN mov ebp, dword ptr [r11+0x68]
 [tid:1554385] Invalid RTN mov dword ptr [rsp-0x8], eax
 [tid:1554385] Invalid RTN mov dword ptr [rsp-0xc], edx
 [tid:1554385] Invalid RTN mov dword ptr [rsp-0x4], ebx
 [tid:1554385] Invalid RTN cmp eax, 0x3
 [tid:1554385] Invalid RTN jle 0x7f81100bfec0
 [tid:1554385] Invalid RTN mov r12d, dword ptr [rsp-0x24]
 [tid:1554385] Invalid RTN mov r8d, 0x3
 [tid:1554385] Invalid RTN test r12d, r12d
 [tid:1554385] Invalid RTN jnz 0x7f81100c00a0
 [tid:1554385] Invalid RTN mov byte ptr [rsp-0x11], 0x1
 [tid:1554385] Invalid RTN xor ecx, ecx
 [tid:1554385] Invalid RTN mov r12d, 0x4
 [tid:1554385] Invalid RTN mov dword ptr [rsp-0x18], 0x0
 [tid:1554385] Invalid RTN nop word ptr [rax+rax*1]
 [tid:1554385] Invalid RTN lea edi, ptr [rcx+0x1]
 [tid:1554385] Invalid RTN mov eax, r12d
 [tid:1554385] Invalid RTN cpuid 
 [tid:1554385] Invalid RTN cmp ebp, 0x1
 [tid:1554385] Invalid RTN jz 0x7f81100bff30
 [tid:1554385] Invalid RTN mov ecx, eax
 [tid:1554385] Invalid RTN shr ecx, 0x5
 [tid:1554385] Invalid RTN and ecx, 0x7
 [tid:1554385] Invalid RTN cmp ecx, 0x2
 [tid:1554385] Invalid RTN jz 0x7f81100bff45
 [tid:1554385] Invalid RTN cmp ecx, 0x3
 [tid:1554385] Invalid RTN jnz 0x7f81100bfeb8
 [tid:1554385] Invalid RTN test al, 0x1f
 [tid:1554385] Invalid RTN jz 0x7f81100bfecd
 [tid:1554385] Invalid RTN mov ecx, eax
 [tid:1554385] Invalid RTN shr ecx, 0x5
 [tid:1554385] Invalid RTN and ecx, 0x7
 [tid:1554385] Invalid RTN cmp ecx, 0x2
 [tid:1554385] Invalid RTN jnz 0x7f81100bfe82
 [tid:1554385] Invalid RTN test r8b, 0x1
 [tid:1554385] Invalid RTN jz 0x7f81100bfeb8
 [tid:1554385] Invalid RTN cmp ecx, 0x3
 [tid:1554385] Invalid RTN jnz 0x7f81100bfeb8
 [tid:1554385] Invalid RTN test r8b, 0x2
 [tid:1554385] Invalid RTN jz 0x7f81100bfeb8
 [tid:1554385] Invalid RTN shr eax, 0xe
 [tid:1554385] Invalid RTN shr edx, 0x1
 [tid:1554385] Invalid RTN and r8d, 0xfffffffd
 [tid:1554385] Invalid RTN and eax, 0x3ff
 [tid:1554385] Invalid RTN mov dword ptr [rsp-0x24], eax
 [tid:1554385] Invalid RTN mov eax, edx
 [tid:1554385] Invalid RTN and eax, 0x1
 [tid:1554385] Invalid RTN mov byte ptr [rsp-0x11], al
 [tid:1554385] Invalid RTN test r8d, r8d
 [tid:1554385] Invalid RTN jz 0x7f81100bff68
 [tid:1554385] Invalid RTN mov ecx, edi
 [tid:1554385] Invalid RTN jmp 0x7f81100bfe60
 [tid:1554385] Invalid RTN lea edi, ptr [rcx+0x1]
 [tid:1554385] Invalid RTN mov eax, r12d
 [tid:1554385] Invalid RTN cpuid 
 [tid:1554385] Invalid RTN shr eax, 0xe
 [tid:1554385] Invalid RTN and r8d, 0xfffffffe
 [tid:1554385] Invalid RTN and eax, 0x3ff
 [tid:1554385] Invalid RTN mov dword ptr [rsp-0x18], eax
 [tid:1554385] Invalid RTN test r8d, r8d
 [tid:1554385] Invalid RTN jnz 0x7f81100bfeb8
 [tid:1554385] Invalid RTN cmp dword ptr [rsp-0xc], 0x6
 [tid:1554385] Invalid RTN setz r12b
 [tid:1554385] Invalid RTN cmp ebp, 0x3
 [tid:1554385] Invalid RTN setz al
 [tid:1554385] Invalid RTN test al, r12b
 [tid:1554385] Invalid RTN jnz 0x7f81100c003b
 [tid:1554385] Invalid RTN cmp dword ptr [rsp-0x8], 0xa
 [tid:1554385] Invalid RTN jle 0x7f81100c003b
 [tid:1554385] Invalid RTN cmp dword ptr [rsp-0xc], 0x6
 [tid:1554385] Invalid RTN setz r12b
 [tid:1554385] Invalid RTN cmp ebp, 0x3
 [tid:1554385] Invalid RTN setz al
 [tid:1554385] Invalid RTN test al, r12b
 [tid:1554385] Invalid RTN jnz 0x7f81100c003b
 [tid:1554385] Invalid RTN cmp dword ptr [rsp-0x8], 0xa
 [tid:1554385] Invalid RTN jle 0x7f81100c003b
 [tid:1554385] Invalid RTN mov r11d, dword ptr [rsp-0x18]
 [tid:1554385] Invalid RTN mov edi, dword ptr [rsp-0x10]
 [tid:1554385] Invalid RTN mov ebx, dword ptr [rsp-0x24]
 [tid:1554385] Invalid RTN test r11d, r11d
 [tid:1554385] Invalid RTN setnle dl
 [tid:1554385] Invalid RTN xor eax, eax
 [tid:1554385] Invalid RTN cmp edi, 0x3
 [tid:1554385] Invalid RTN setz al
 [tid:1554385] Invalid RTN and eax, edx
 [tid:1554385] Invalid RTN mov r8d, eax
 [tid:1554385] Invalid RTN or r8d, 0x2
 [tid:1554385] Invalid RTN test ebx, ebx
 [tid:1554385] Invalid RTN jle 0x7f81100c0138
 [tid:1554385] Invalid RTN mov eax, 0xb
 [tid:1554385] Invalid RTN xor ecx, ecx
 [tid:1554385] Invalid RTN cpuid 
 [tid:1554385] Invalid RTN movzx ebx, bl
 [tid:1554385] Invalid RTN and ecx, 0xff00
 [tid:1554385] Invalid RTN jz 0x7f81100c003b
 [tid:1554385] Invalid RTN test ebx, ebx
 [tid:1554385] Invalid RTN jz 0x7f81100c003b
 [tid:1554385] Invalid RTN mov edx, 0x1
 [tid:1554385] Invalid RTN mov r11d, 0xb
 [tid:1554385] Invalid RTN jmp 0x7f81100c000a
 [tid:1554385] Invalid RTN cmp ecx, 0x100
 [tid:1554385] Invalid RTN jnz 0x7f81100bffe0
 [tid:1554385] Invalid RTN test r8b, 0x1
 [tid:1554385] Invalid RTN jz 0x7f81100bffec
 [tid:1554385] Invalid RTN bsr ecx, dword ptr [rsp-0x18]
 [tid:1554385] Invalid RTN mov eax, 0xffffffff
 [tid:1554385] Invalid RTN add ecx, 0x1
 [tid:1554385] Invalid RTN sub ebx, 0x1
 [tid:1554385] Invalid RTN and r8d, 0xfffffffe
 [tid:1554385] Invalid RTN shl eax, cl
 [tid:1554385] Invalid RTN not eax
 [tid:1554385] Invalid RTN and ebx, eax
 [tid:1554385] Invalid RTN mov dword ptr [rsp-0x18], ebx
 [tid:1554385] Invalid RTN test r8d, r8d
 [tid:1554385] Invalid RTN jnz 0x7f81100bffec
 [tid:1554385] Invalid RTN lea edi, ptr [rdx+0x1]
 [tid:1554385] Invalid RTN mov eax, r11d
 [tid:1554385] Invalid RTN mov ecx, edx
 [tid:1554385] Invalid RTN cpuid 
 [tid:1554385] Invalid RTN and ecx, 0xff00
 [tid:1554385] Invalid RTN and ebx, 0xff
 [tid:1554385] Invalid RTN jz 0x7f81100c003b
 [tid:1554385] Invalid RTN test ecx, ecx
 [tid:1554385] Invalid RTN jz 0x7f81100c003b
 [tid:1554385] Invalid RTN mov edx, edi
 [tid:1554385] Invalid RTN cmp ecx, 0x100
 [tid:1554385] Invalid RTN jnz 0x7f81100bffe0
 [tid:1554385] Invalid RTN cmp ecx, 0x200
 [tid:1554385] Invalid RTN jz 0x7f81100c00b8
 [tid:1554385] Invalid RTN lea edi, ptr [rdx+0x1]
 [tid:1554385] Invalid RTN mov eax, r11d
 [tid:1554385] Invalid RTN mov ecx, edx
 [tid:1554385] Invalid RTN cpuid 
 [tid:1554385] Invalid RTN test r8b, 0x2
 [tid:1554385] Invalid RTN jz 0x7f81100bffec
 [tid:1554385] Invalid RTN sub ebx, 0x1
 [tid:1554385] Invalid RTN cmp dword ptr [rsp-0x10], 0x2
 [tid:1554385] Invalid RTN jz 0x7f81100c01c0
 [tid:1554385] Invalid RTN bsr ecx, dword ptr [rsp-0x24]
 [tid:1554385] Invalid RTN mov eax, 0xffffffff
 [tid:1554385] Invalid RTN add ecx, 0x1
 [tid:1554385] Invalid RTN shl eax, cl
 [tid:1554385] Invalid RTN not eax
 [tid:1554385] Invalid RTN and eax, ebx
 [tid:1554385] Invalid RTN mov dword ptr [rsp-0x24], eax
 [tid:1554385] Invalid RTN and r8d, 0xfffffffd
 [tid:1554385] Invalid RTN jmp 0x7f81100c0036
 [tid:1554385] Invalid RTN test r8d, r8d
 [tid:1554385] Invalid RTN jnz 0x7f81100bffec
 [tid:1554385] Invalid RTN mov r8d, dword ptr [rsp-0x18]
 [tid:1554385] Invalid RTN test r8d, r8d
 [tid:1554385] Invalid RTN jz 0x7f81100c00f0
 [tid:1554385] Invalid RTN mov ecx, dword ptr [rsp-0x24]
 [tid:1554385] Invalid RTN add dword ptr [rsp-0x18], 0x1
 [tid:1554385] Invalid RTN test ecx, ecx
 [tid:1554385] Invalid RTN jle 0x7f81100c0160
 [tid:1554385] Invalid RTN cmp dword ptr [rsp-0x10], 0x2
 [tid:1554385] Invalid RTN jz 0x7f81100c0167
 [tid:1554385] Invalid RTN mov eax, dword ptr [rsp-0x24]
 [tid:1554385] Invalid RTN add eax, 0x1
 [tid:1554385] Invalid RTN mov r15d, eax
 [tid:1554385] Invalid RTN mov eax, 0x1
 [tid:1554385] Invalid RTN jmp 0x7f81100bfedb
 [tid:1554385] Invalid RTN test r9, r9
 [tid:1554385] Invalid RTN jle 0x7f81100bfef2
 [tid:1554385] Invalid RTN test al, al
 [tid:1554385] Invalid RTN jz 0x7f81100bfef2
 [tid:1554385] Invalid RTN mov rax, r9
 [tid:1554385] Invalid RTN mov ecx, r15d
 [tid:1554385] Invalid RTN cqo 
 [tid:1554385] Invalid RTN idiv rcx
 [tid:1554385] Invalid RTN mov r9, rax
 [tid:1554385] Invalid RTN cmp byte ptr [rsp-0x11], 0x0
 [tid:1554385] Invalid RTN jnz 0x7f81100bff17
 [tid:1554385] Invalid RTN mov rdi, qword ptr [rsp-0x20]
 [tid:1554385] Invalid RTN movsxd rbx, dword ptr [rsp-0x18]
 [tid:1554385] Invalid RTN mov rax, rdi
 [tid:1554385] Invalid RTN test ebx, ebx
 [tid:1554385] Invalid RTN jz 0x7f81100bff0f
 [tid:1554385] Invalid RTN cqo 
 [tid:1554385] Invalid RTN idiv rbx
 [tid:1554385] Invalid RTN add r9, rax
 [tid:1554385] Invalid RTN add r10, qword ptr [rsp-0x20]
 [tid:1554385] Invalid RTN pop rbx
 [tid:1554385] Invalid RTN pop rbp
 [tid:1554385] Invalid RTN mov qword ptr [r14], r10
 [tid:1554385] Invalid RTN pop r12
 [tid:1554385] Invalid RTN mov qword ptr [rsi], r9
 [tid:1554385] Invalid RTN mov dword ptr [r13], r15d
 [tid:1554385] Invalid RTN pop r13
 [tid:1554385] Invalid RTN pop r14
 [tid:1554385] Invalid RTN pop r15
 [tid:1554385] Invalid RTN ret 
 [tid:1554385] Invalid RTN test r13, r13
 [tid:1554385] Invalid RTN jnz 0x7f81100c0abd
 [tid:1554385] Invalid RTN jmp 0x7f81100c0ac0
 [tid:1554385] Invalid RTN test r12, r12
 [tid:1554385] Invalid RTN jle 0x7f81100c0af0
 [tid:1554385] Invalid RTN mov rax, r12
 [tid:1554385] Invalid RTN mov qword ptr [rip+0x2ea879], r12
 [tid:1554385] Invalid RTN xor r12b, r12b
 [tid:1554385] Invalid RTN sar rax, 0x1
 [tid:1554385] Invalid RTN mov qword ptr [rip+0x2ea87c], r12
 [tid:1554385] Invalid RTN mov qword ptr [rip+0x2ea86d], rax
 [tid:1554385] Invalid RTN mov rax, r12
 [tid:1554385] Invalid RTN sar rax, 0x1
 [tid:1554385] Invalid RTN mov qword ptr [rip+0x2ea870], rax
 [tid:1554385] Invalid RTN test rbp, rbp
 [tid:1554385] Invalid RTN jnz 0x7f81100c0beb
 [tid:1554385] Invalid RTN mov rax, qword ptr [rsp+0x10]
 [tid:1554385] Invalid RTN test rax, rax
 [tid:1554385] Invalid RTN jle 0x7f81100c0bf7
 [tid:1554385] Invalid RTN mov rdx, rax
 [tid:1554385] Invalid RTN mov qword ptr [rip+0x2ea817], rax
 [tid:1554385] Invalid RTN xor al, al
 [tid:1554385] Invalid RTN sar rdx, 0x1
 [tid:1554385] Invalid RTN mov qword ptr [rip+0x2ea81b], rax
 [tid:1554385] Invalid RTN mov qword ptr [rip+0x2ea80c], rdx
 [tid:1554385] Invalid RTN mov rdx, rax
 [tid:1554385] Invalid RTN sar rdx, 0x1
 [tid:1554385] Invalid RTN mov qword ptr [rip+0x2ea80f], rdx
 [tid:1554385] Invalid RTN mov rdx, qword ptr [rsp+0x18]
 [tid:1554385] Invalid RTN lea rdx, ptr [rdx+rdx*2]
 [tid:1554385] Invalid RTN test rdx, rdx
 [tid:1554385] Invalid RTN lea rbp, ptr [rdx+0x3]
 [tid:1554385] Invalid RTN cmovns rbp, rdx
 [tid:1554385] Invalid RTN sar rax, 0x2
 [tid:1554385] Invalid RTN sar rbp, 0x2
 [tid:1554385] Invalid RTN cmp rax, rbp
 [tid:1554385] Invalid RTN cmovb rax, rbp
 [tid:1554385] Invalid RTN mov ecx, dword ptr [rbx+0xb0]
 [tid:1554385] Invalid RTN mov rdx, qword ptr [rbx+0x1a0]
 [tid:1554385] Invalid RTN test ch, 0x2
 [tid:1554385] Invalid RTN cmovz rax, rbp
 [tid:1554385] Invalid RTN test rdx, rdx
 [tid:1554385] Invalid RTN cmovnz rax, rdx
 [tid:1554385] Invalid RTN and ecx, 0x10000
 [tid:1554385] Invalid RTN mov edx, dword ptr [rbx+0x17c]
 [tid:1554385] Invalid RTN mov qword ptr [rip+0x2ed6b6], rax
 [tid:1554385] Invalid RTN jz 0x7f81100c0c30
 [tid:1554385] Invalid RTN test dh, 0x40
 [tid:1554385] Invalid RTN jnz 0x7f81100c0c30
 [tid:1554385] Invalid RTN mov eax, 0x4000
 [tid:1554385] Invalid RTN mov edx, 0x200
 [tid:1554385] Invalid RTN test byte ptr [rbx+0xb8], 0x10
 [tid:1554385] Invalid RTN mov ecx, 0x840
 [tid:1554385] Invalid RTN cmovnz rax, rcx
 [tid:1554385] Invalid RTN mov rcx, qword ptr [rbx+0x1a8]
 [tid:1554385] Invalid RTN cmp rcx, rdx
 [tid:1554385] Invalid RTN cmovnbe rax, rcx
 [tid:1554385] Invalid RTN mov qword ptr [rip+0x2ea760], rax
 [tid:1554385] Invalid RTN mov rax, qword ptr [rbx+0x1b0]
 [tid:1554385] Invalid RTN mov qword ptr [rip+0x2ea74a], rax
 [tid:1554385] Invalid RTN add rsp, 0x20
 [tid:1554385] Invalid RTN xor eax, eax
 [tid:1554385] Invalid RTN pop rbx
 [tid:1554385] Invalid RTN pop rbp
 [tid:1554385] Invalid RTN pop r12
 [tid:1554385] Invalid RTN pop r13
 [tid:1554385] Invalid RTN pop r14
 [tid:1554385] Invalid RTN ret 
 [tid:1554385] Invalid RTN and edx, 0x100
 [tid:1554385] Invalid RTN cmp edx, 0x1
 [tid:1554385] Invalid RTN sbb rax, rax
 [tid:1554385] Invalid RTN and rax, 0xffffffffffffe800
 [tid:1554385] Invalid RTN add rax, 0x2000
 [tid:1554385] Invalid RTN cmp edx, 0x1
 [tid:1554385] Invalid RTN sbb rdx, rdx
 [tid:1554385] Invalid RTN and rdx, 0xffffffffffffff80
 [tid:1554385] Invalid RTN add rdx, 0x100
 [tid:1554385] Invalid RTN jmp 0x7f81100c0b9b
 [tid:1554385] Invalid RTN test byte ptr [rbx+0xb8], 0x10
 [tid:1554385] Invalid RTN mov ecx, 0x840
 [tid:1554385] Invalid RTN cmovnz rax, rcx
 [tid:1554385] Invalid RTN mov rcx, qword ptr [rbx+0x1a8]
 [tid:1554385] Invalid RTN cmp rcx, rdx
 [tid:1554385] Invalid RTN cmovnbe rax, rcx
 [tid:1554385] Invalid RTN mov qword ptr [rip+0x2ea760], rax
 [tid:1554385] Invalid RTN mov rax, qword ptr [rbx+0x1b0]
 [tid:1554385] Invalid RTN mov qword ptr [rip+0x2ea74a], rax
 [tid:1554385] Invalid RTN add rsp, 0x20
 [tid:1554385] Invalid RTN xor eax, eax
 [tid:1554385] Invalid RTN pop rbx
 [tid:1554385] Invalid RTN pop rbp
 [tid:1554385] Invalid RTN pop r12
 [tid:1554385] Invalid RTN pop r13
 [tid:1554385] Invalid RTN pop r14
 [tid:1554385] Invalid RTN ret 
 [tid:1554385] Invalid RTN nop edx, edi
 [tid:1554385] Invalid RTN mov rcx, qword ptr [rip+0x32f8fd]
 [tid:1554385] Invalid RTN lea rax, ptr [rip-0x7bac2]
 [tid:1554385] Invalid RTN mov edx, dword ptr [rcx+0x17c]
 [tid:1554385] Invalid RTN test dh, 0x30
 [tid:1554385] Invalid RTN jnz 0x7f811007b5e3
 [tid:1554385] Invalid RTN mov esi, dword ptr [rcx+0xb0]
 [tid:1554385] Invalid RTN test esi, 0x10000
 [tid:1554385] Invalid RTN jnz 0x7f811007b5e8
 [tid:1554385] Invalid RTN test dh, 0x1
 [tid:1554385] Invalid RTN jz 0x7f811007b5c0
 [tid:1554385] Invalid RTN test dh, 0x40
 [tid:1554385] Invalid RTN jnz 0x7f811007b57b
 [tid:1554385] Invalid RTN lea rax, ptr [rip+0x3d90c]
 [tid:1554385] Invalid RTN test esi, esi
 [tid:1554385] Invalid RTN jns 0x7f811007b5e3
 [tid:1554385] Invalid RTN and esi, 0x200
 [tid:1554385] Invalid RTN lea rdx, ptr [rip+0x3e32b]
 [tid:1554385] Invalid RTN lea rax, ptr [rip+0x3e394]
 [tid:1554385] Invalid RTN cmovz rax, rdx
 [tid:1554385] Invalid RTN ret 
 [tid:1554385] Invalid RTN test dh, 0x1
 [tid:1554385] Invalid RTN jz 0x7f811007b5c0
 [tid:1554385] Invalid RTN test esi, esi
 [tid:1554385] Invalid RTN js 0x7f811007b638
 [tid:1554385] Invalid RTN test esi, 0x800
 [tid:1554385] Invalid RTN jz 0x7f811007b5b0
 [tid:1554385] Invalid RTN and esi, 0x200
 [tid:1554385] Invalid RTN lea rdx, ptr [rip+0x184ab]
 [tid:1554385] Invalid RTN lea rax, ptr [rip+0x18514]
 [tid:1554385] Invalid RTN cmovz rax, rdx
 [tid:1554385] Invalid RTN ret 
 [tid:1554385] Invalid RTN nop edx, edi
 [tid:1554385] Invalid RTN mov rdx, qword ptr [rip+0x3306dd]
 [tid:1554385] Invalid RTN mov ecx, dword ptr [rdx+0xb0]
 [tid:1554385] Invalid RTN mov esi, dword ptr [rdx+0x17c]
 [tid:1554385] Invalid RTN test cl, 0x20
 [tid:1554385] Invalid RTN jz 0x7f811007a794
 [tid:1554385] Invalid RTN test esi, 0x100
 [tid:1554385] Invalid RTN jnz 0x7f811007a7c0
 [tid:1554385] Invalid RTN and esi, 0x10
 [tid:1554385] Invalid RTN lea rax, ptr [rip-0x6a40e]
 [tid:1554385] Invalid RTN jnz 0x7f811007a7b9
 [tid:1554385] Invalid RTN test ecx, ecx
 [tid:1554385] Invalid RTN js 0x7f811007a7e0
 [tid:1554385] Invalid RTN lea rax, ptr [rip+0x16115]
 [tid:1554385] Invalid RTN and ch, 0x8
 [tid:1554385] Invalid RTN jnz 0x7f811007a7b9
 [tid:1554385] Invalid RTN lea rax, ptr [rip+0xd729]
 [tid:1554385] Invalid RTN test esi, 0x800
 [tid:1554385] Invalid RTN jnz 0x7f811007a794
 [tid:1554385] Invalid RTN lea rax, ptr [rip+0x1efe9]
 [tid:1554385] Invalid RTN test ecx, 0x40000000
 [tid:1554385] Invalid RTN jz 0x7f811007a7c4
 [tid:1554385] Invalid RTN jmp 0x7f811007a7b9
 [tid:1554385] Invalid RTN ret 
 [tid:1554385] Invalid RTN nop edx, edi
 [tid:1554385] Invalid RTN mov rdx, qword ptr [rip+0x32f31d]
 [tid:1554385] Invalid RTN mov ecx, dword ptr [rdx+0xb0]
 [tid:1554385] Invalid RTN test cl, 0x20
 [tid:1554385] Invalid RTN jz 0x7f811007bb78
 [tid:1554385] Invalid RTN mov esi, dword ptr [rdx+0x17c]
 [tid:1554385] Invalid RTN test esi, 0x100
 [tid:1554385] Invalid RTN jz 0x7f811007bb78
 [tid:1554385] Invalid RTN test ecx, ecx
 [tid:1554385] Invalid RTN js 0x7f811007bbb0
 [tid:1554385] Invalid RTN lea rax, ptr [rip+0x19e09]
 [tid:1554385] Invalid RTN test ecx, 0x40000000
 [tid:1554385] Invalid RTN jz 0x7f811007bb58
 [tid:1554385] Invalid RTN jmp 0x7f811007bbab
 [tid:1554385] Invalid RTN ret 
 [tid:1554385] Invalid RTN nop edx, edi
 [tid:1554385] Invalid RTN mov rdx, qword ptr [rip+0x330efd]
 [tid:1554385] Invalid RTN mov ecx, dword ptr [rdx+0xb0]
 [tid:1554385] Invalid RTN mov esi, dword ptr [rdx+0x17c]
 [tid:1554385] Invalid RTN test cl, 0x20
 [tid:1554385] Invalid RTN jz 0x7f8110079f74
 [tid:1554385] Invalid RTN test esi, 0x100
 [tid:1554385] Invalid RTN jnz 0x7f8110079fa0
 [tid:1554385] Invalid RTN and esi, 0x10
 [tid:1554385] Invalid RTN lea rax, ptr [rip-0x75dae]
 [tid:1554385] Invalid RTN jnz 0x7f8110079f99
 [tid:1554385] Invalid RTN test ecx, ecx
 [tid:1554385] Invalid RTN js 0x7f8110079fc0
 [tid:1554385] Invalid RTN lea rax, ptr [rip+0x137d5]
 [tid:1554385] Invalid RTN and ch, 0x8
 [tid:1554385] Invalid RTN jnz 0x7f8110079f99
 [tid:1554385] Invalid RTN lea rax, ptr [rip+0xae89]
 [tid:1554385] Invalid RTN test esi, 0x800
 [tid:1554385] Invalid RTN jnz 0x7f8110079f74
 [tid:1554385] Invalid RTN lea rax, ptr [rip+0x1c419]
 [tid:1554385] Invalid RTN test ecx, 0x40000000
 [tid:1554385] Invalid RTN jz 0x7f8110079fa4
 [tid:1554385] Invalid RTN jmp 0x7f8110079f99
 [tid:1554385] Invalid RTN ret 
 [tid:1554385] Invalid RTN nop edx, edi
 [tid:1554385] Invalid RTN mov rcx, qword ptr [rip+0x33064d]
 [tid:1554385] Invalid RTN lea rax, ptr [rip-0x69252]
 [tid:1554385] Invalid RTN mov edx, dword ptr [rcx+0xb0]
 [tid:1554385] Invalid RTN mov esi, edx
 [tid:1554385] Invalid RTN and esi, 0x120
 [tid:1554385] Invalid RTN cmp esi, 0x120
 [tid:1554385] Invalid RTN jz 0x7f811007a830
 [tid:1554385] Invalid RTN ret 
 [tid:1554385] Invalid RTN mov ecx, dword ptr [rcx+0x17c]
 [tid:1554385] Invalid RTN test ch, 0x1
 [tid:1554385] Invalid RTN jz 0x7f811007a828
 [tid:1554385] Invalid RTN test edx, edx
 [tid:1554385] Invalid RTN js 0x7f811007a868
 [tid:1554385] Invalid RTN lea rax, ptr [rip+0x16d1a]
 [tid:1554385] Invalid RTN and dh, 0x8
 [tid:1554385] Invalid RTN jnz 0x7f811007a828
 [tid:1554385] Invalid RTN lea rax, ptr [rip+0x1fc71]
 [tid:1554385] Invalid RTN test edx, 0x40000000
 [tid:1554385] Invalid RTN jz 0x7f811007a83f
 [tid:1554385] Invalid RTN ret 
 [tid:1554385] Invalid RTN nop edx, edi
 [tid:1554385] Invalid RTN sub rsp, 0x28
 [tid:1554385] Invalid RTN mov esi, 0x32
 [tid:1554385] Invalid RTN lea rax, ptr [rip+0x9e3e4]
 [tid:1554385] Invalid RTN mov edx, 0x5f
 [tid:1554385] Invalid RTN mov qword ptr [rsp], rax
 [tid:1554385] Invalid RTN lea rcx, ptr [rip+0x9e3d9]
 [tid:1554385] Invalid RTN mov rax, 0x103ae75f6
 [tid:1554385] Invalid RTN mov qword ptr [rsp+0x8], rax
 [tid:1554385] Invalid RTN mov eax, 0x50e3a8
 [tid:1554385] Invalid RTN shl rax, 0x4
 [tid:1554385] Invalid RTN add rcx, 0x1
 [tid:1554385] Invalid RTN add rax, rdx
 [tid:1554385] Invalid RTN mov rdx, rax
 [tid:1554385] Invalid RTN shr rdx, 0x18
 [tid:1554385] Invalid RTN and edx, 0xf0
 [tid:1554385] Invalid RTN xor rax, rdx
 [tid:1554385] Invalid RTN test sil, sil
 [tid:1554385] Invalid RTN jz 0x7f81100d28f8
 [tid:1554385] Invalid RTN movzx edx, sil
 [tid:1554385] Invalid RTN movzx esi, byte ptr [rcx+0x1]
 [tid:1554385] Invalid RTN jmp 0x7f81100d28c8
 [tid:1554385] Invalid RTN shl rax, 0x4
 [tid:1554385] Invalid RTN add rcx, 0x1
 [tid:1554385] Invalid RTN add rax, rdx
 [tid:1554385] Invalid RTN mov rdx, rax
 [tid:1554385] Invalid RTN shr rdx, 0x18
 [tid:1554385] Invalid RTN and edx, 0xf0
 [tid:1554385] Invalid RTN xor rax, rdx
 [tid:1554385] Invalid RTN test sil, sil
 [tid:1554385] Invalid RTN jz 0x7f81100d28f8
 [tid:1554385] Invalid RTN movzx edx, sil
 [tid:1554385] Invalid RTN movzx esi, byte ptr [rcx+0x1]
 [tid:1554385] Invalid RTN jmp 0x7f81100d28c8
 [tid:1554385] Invalid RTN and eax, 0xfffffff
 [tid:1554385] Invalid RTN cmp rax, 0x3ae75f6
 [tid:1554385] Invalid RTN jnz 0x7f81100d2930
 [tid:1554385] Invalid RTN mov rsi, rsp
 [tid:1554385] Invalid RTN lea rdi, ptr [rip+0x9fd82]
 [tid:1554385] Invalid RTN mov qword ptr [rsp+0x10], 0x0
 [tid:1554385] Invalid RTN call 0x7f8110154710
 [tid:1554385] Invalid RTN nop edx, edi
 [tid:1554385] Invalid RTN sub rsp, 0x38
 [tid:1554385] Invalid RTN mov r8, rsi
 [tid:1554385] Invalid RTN mov rax, qword ptr fs:[0x28]
 [tid:1554385] Invalid RTN mov qword ptr [rsp+0x28], rax
 [tid:1554385] Invalid RTN xor eax, eax
 [tid:1554385] Invalid RTN mov rax, qword ptr [rip+0x256726]
 [tid:1554385] Invalid RTN mov rsi, qword ptr [rax+0x248]
 [tid:1554385] Invalid RTN test rsi, rsi
 [tid:1554385] Invalid RTN jz 0x7f811015479a
 [tid:1554385] Invalid RTN lea rdx, ptr [rsp+0x10]
 [tid:1554385] Invalid RTN pxor xmm0, xmm0
 [tid:1554385] Invalid RTN xor r9d, r9d
 [tid:1554385] Invalid RTN mov qword ptr [rsp+0x20], 0x0
 [tid:1554385] Invalid RTN movaps xmmword ptr [rsp+0x10], xmm0
 [tid:1554385] Invalid RTN lea rcx, ptr [rsi+0x398]
 [tid:1554385] Invalid RTN mov qword ptr [rsp+0x8], rdx
 [tid:1554385] Invalid RTN lea rdx, ptr [rsp+0x8]
 [tid:1554385] Invalid RTN mov byte ptr [rsp+0x14], 0x20
 [tid:1554385] Invalid RTN push 0x0
 [tid:1554385] Invalid RTN push 0x0
 [tid:1554385] Invalid RTN call qword ptr [rax+0x268]
 [tid:1554385] Invalid RTN mov rsi, qword ptr [rsp+0x18]
 [tid:1554385] Invalid RTN pop rdx
 [tid:1554385] Invalid RTN pop rcx
 [tid:1554385] Invalid RTN test rsi, rsi
 [tid:1554385] Invalid RTN jz 0x7f811015479a
 [tid:1554385] Invalid RTN cmp word ptr [rsi+0x6], 0xfff1
 [tid:1554385] Invalid RTN jz 0x7f81101547b8
 [tid:1554385] Invalid RTN test rax, rax
 [tid:1554385] Invalid RTN jz 0x7f81101547b8
 [tid:1554385] Invalid RTN mov rax, qword ptr [rax]
 [tid:1554385] Invalid RTN add rax, qword ptr [rsi+0x8]
 [tid:1554385] Invalid RTN mov rsi, rax
 [tid:1554385] Invalid RTN mov rcx, qword ptr [rsp+0x28]
 [tid:1554385] Invalid RTN xor rcx, qword ptr fs:[0x28]
 [tid:1554385] Invalid RTN mov rax, rsi
 [tid:1554385] Invalid RTN jnz 0x7f81101547bc
 [tid:1554385] Invalid RTN add rsp, 0x38
 [tid:1554385] Invalid RTN ret 
 [tid:1554385] Invalid RTN lea rdx, ptr [rip-0xa4]
 [tid:1554385] Invalid RTN test rax, rax
 [tid:1554385] Invalid RTN cmovz rax, rdx
 [tid:1554385] Invalid RTN add rsp, 0x28
 [tid:1554385] Invalid RTN ret 
 [tid:1554385] Invalid RTN nop edx, edi
 [tid:1554385] Invalid RTN mov rcx, qword ptr [rip+0x32db4d]
 [tid:1554385] Invalid RTN lea rax, ptr [rip-0x7cc52]
 [tid:1554385] Invalid RTN mov edx, dword ptr [rcx+0xb0]
 [tid:1554385] Invalid RTN mov esi, edx
 [tid:1554385] Invalid RTN and esi, 0x120
 [tid:1554385] Invalid RTN cmp esi, 0x120
 [tid:1554385] Invalid RTN jz 0x7f811007d330
 [tid:1554385] Invalid RTN ret 
 [tid:1554385] Invalid RTN mov ecx, dword ptr [rcx+0x17c]
 [tid:1554385] Invalid RTN test ch, 0x1
 [tid:1554385] Invalid RTN jz 0x7f811007d328
 [tid:1554385] Invalid RTN mov esi, edx
 [tid:1554385] Invalid RTN and esi, 0x800
 [tid:1554385] Invalid RTN test edx, edx
 [tid:1554385] Invalid RTN js 0x7f811007d370
 [tid:1554385] Invalid RTN lea rax, ptr [rip+0xeb32]
 [tid:1554385] Invalid RTN test esi, esi
 [tid:1554385] Invalid RTN jnz 0x7f811007d328
 [tid:1554385] Invalid RTN and edx, 0x40000000
 [tid:1554385] Invalid RTN jz 0x7f811007d347
 [tid:1554385] Invalid RTN test esi, esi
 [tid:1554385] Invalid RTN lea rdx, ptr [rip+0x175df]
 [tid:1554385] Invalid RTN lea rax, ptr [rip+0x1f3b8]
 [tid:1554385] Invalid RTN cmovz rax, rdx
 [tid:1554385] Invalid RTN ret 
 [tid:1554385] Invalid RTN nop edx, edi
 [tid:1554385] Invalid RTN mov rcx, qword ptr [rip+0x2e990d]
 [tid:1554385] Invalid RTN lea rax, ptr [rip-0xae102]
 [tid:1554385] Invalid RTN mov edx, dword ptr [rcx+0xb0]
 [tid:1554385] Invalid RTN mov esi, edx
 [tid:1554385] Invalid RTN and esi, 0x120
 [tid:1554385] Invalid RTN cmp esi, 0x120
 [tid:1554385] Invalid RTN jz 0x7f81100c1570
 [tid:1554385] Invalid RTN ret 
 [tid:1554385] Invalid RTN mov ecx, dword ptr [rcx+0x17c]
 [tid:1554385] Invalid RTN test ch, 0x1
 [tid:1554385] Invalid RTN jz 0x7f81100c1568
 [tid:1554385] Invalid RTN mov esi, edx
 [tid:1554385] Invalid RTN and esi, 0x800
 [tid:1554385] Invalid RTN test edx, edx
 [tid:1554385] Invalid RTN js 0x7f81100c15b0
 [tid:1554385] Invalid RTN lea rax, ptr [rip-0x2e7ae]
 [tid:1554385] Invalid RTN test esi, esi
 [tid:1554385] Invalid RTN jnz 0x7f81100c1568
 [tid:1554385] Invalid RTN and edx, 0x40000000
 [tid:1554385] Invalid RTN jz 0x7f81100c1587
 [tid:1554385] Invalid RTN test esi, esi
 [tid:1554385] Invalid RTN lea rdx, ptr [rip-0x257c1]
 [tid:1554385] Invalid RTN lea rax, ptr [rip-0x24ce8]
 [tid:1554385] Invalid RTN cmovz rax, rdx
 [tid:1554385] Invalid RTN ret 
 [tid:1554385] Invalid RTN nop edx, edi
 [tid:1554385] Invalid RTN mov rcx, qword ptr [rip+0x2e9fed]
 [tid:1554385] Invalid RTN lea rax, ptr [rip-0xaefe2]
 [tid:1554385] Invalid RTN mov edx, dword ptr [rcx+0xb0]
 [tid:1554385] Invalid RTN mov esi, edx
 [tid:1554385] Invalid RTN and esi, 0x120
 [tid:1554385] Invalid RTN cmp esi, 0x120
 [tid:1554385] Invalid RTN jz 0x7f81100c0e90
 [tid:1554385] Invalid RTN ret 
 [tid:1554385] Invalid RTN mov ecx, dword ptr [rcx+0x17c]
 [tid:1554385] Invalid RTN test ch, 0x1
 [tid:1554385] Invalid RTN jz 0x7f81100c0e88
 [tid:1554385] Invalid RTN test edx, edx
 [tid:1554385] Invalid RTN js 0x7f81100c0ec8
 [tid:1554385] Invalid RTN lea rax, ptr [rip-0x2f466]
 [tid:1554385] Invalid RTN and dh, 0x8
 [tid:1554385] Invalid RTN jnz 0x7f81100c0e88
 [tid:1554385] Invalid RTN lea rax, ptr [rip-0x2648f]
 [tid:1554385] Invalid RTN test edx, 0x40000000
 [tid:1554385] Invalid RTN jz 0x7f81100c0e9f
 [tid:1554385] Invalid RTN ret 
 [tid:1554385] Invalid RTN nop edx, edi
 [tid:1554385] Invalid RTN mov rcx, qword ptr [rip+0x32f6cd]
 [tid:1554385] Invalid RTN lea rax, ptr [rip-0x7bd22]
 [tid:1554385] Invalid RTN mov edx, dword ptr [rcx+0x17c]
 [tid:1554385] Invalid RTN test dh, 0x30
 [tid:1554385] Invalid RTN jnz 0x7f811007b813
 [tid:1554385] Invalid RTN mov esi, dword ptr [rcx+0xb0]
 [tid:1554385] Invalid RTN test esi, 0x10000
 [tid:1554385] Invalid RTN jnz 0x7f811007b818
 [tid:1554385] Invalid RTN test dh, 0x1
 [tid:1554385] Invalid RTN jz 0x7f811007b7f0
 [tid:1554385] Invalid RTN test dh, 0x40
 [tid:1554385] Invalid RTN jnz 0x7f811007b7ab
 [tid:1554385] Invalid RTN lea rax, ptr [rip+0x3d6bc]
 [tid:1554385] Invalid RTN test esi, esi
 [tid:1554385] Invalid RTN jns 0x7f811007b813
 [tid:1554385] Invalid RTN and esi, 0x200
 [tid:1554385] Invalid RTN lea rdx, ptr [rip+0x3e0db]
 [tid:1554385] Invalid RTN lea rax, ptr [rip+0x3e144]
 [tid:1554385] Invalid RTN cmovz rax, rdx
 [tid:1554385] Invalid RTN ret 
 [tid:1554385] Invalid RTN test dh, 0x1
 [tid:1554385] Invalid RTN jz 0x7f811007b7f0
 [tid:1554385] Invalid RTN test esi, esi
 [tid:1554385] Invalid RTN js 0x7f811007b868
 [tid:1554385] Invalid RTN test esi, 0x800
 [tid:1554385] Invalid RTN jz 0x7f811007b7e0
 [tid:1554385] Invalid RTN and esi, 0x200
 [tid:1554385] Invalid RTN lea rdx, ptr [rip+0x1825b]
 [tid:1554385] Invalid RTN lea rax, ptr [rip+0x182c4]
 [tid:1554385] Invalid RTN cmovz rax, rdx
 [tid:1554385] Invalid RTN ret 
 [tid:1554385] Invalid RTN nop edx, edi
 [tid:1554385] Invalid RTN mov rax, qword ptr [rip+0x32f99d]
 [tid:1554385] Invalid RTN mov ecx, dword ptr [rax+0xb0]
 [tid:1554385] Invalid RTN mov edx, dword ptr [rax+0x94]
 [tid:1554385] Invalid RTN test cl, 0x20
 [tid:1554385] Invalid RTN jz 0x7f811007b510
 [tid:1554385] Invalid RTN test edx, 0x400000
 [tid:1554385] Invalid RTN jz 0x7f811007b510
 [tid:1554385] Invalid RTN test ch, 0x1
 [tid:1554385] Invalid RTN jz 0x7f811007b510
 [tid:1554385] Invalid RTN mov esi, dword ptr [rax+0x17c]
 [tid:1554385] Invalid RTN test esi, 0x100
 [tid:1554385] Invalid RTN jz 0x7f811007b510
 [tid:1554385] Invalid RTN test ecx, ecx
 [tid:1554385] Invalid RTN js 0x7f811007b530
 [tid:1554385] Invalid RTN lea rax, ptr [rip+0xf84e]
 [tid:1554385] Invalid RTN and ch, 0x8
 [tid:1554385] Invalid RTN jnz 0x7f811007b525
 [tid:1554385] Invalid RTN lea rax, ptr [rip+0x18289]
 [tid:1554385] Invalid RTN test ecx, 0x40000000
 [tid:1554385] Invalid RTN jz 0x7f811007b4eb
 [tid:1554385] Invalid RTN jmp 0x7f811007b525
 [tid:1554385] Invalid RTN ret 
 [tid:1554385] Invalid RTN nop edx, edi
 [tid:1554385] Invalid RTN mov rdx, qword ptr [rip+0x33077d]
 [tid:1554385] Invalid RTN mov ecx, dword ptr [rdx+0xb0]
 [tid:1554385] Invalid RTN test cl, 0x20
 [tid:1554385] Invalid RTN jz 0x7f811007a718
 [tid:1554385] Invalid RTN mov esi, dword ptr [rdx+0x17c]
 [tid:1554385] Invalid RTN test esi, 0x100
 [tid:1554385] Invalid RTN jz 0x7f811007a718
 [tid:1554385] Invalid RTN test ecx, ecx
 [tid:1554385] Invalid RTN js 0x7f811007a750
 [tid:1554385] Invalid RTN mov eax, ecx
 [tid:1554385] Invalid RTN and eax, 0x40000100
 [tid:1554385] Invalid RTN cmp eax, 0x40000100
 [tid:1554385] Invalid RTN jnz 0x7f811007a6f8
 [tid:1554385] Invalid RTN lea rax, ptr [rip+0x1e9db]
 [tid:1554385] Invalid RTN test esi, 0x10000
 [tid:1554385] Invalid RTN jnz 0x7f811007a6f8
 [tid:1554385] Invalid RTN jmp 0x7f811007a74b
 [tid:1554385] Invalid RTN lea rax, ptr [rip+0x15b61]
 [tid:1554385] Invalid RTN and ch, 0x8
 [tid:1554385] Invalid RTN jnz 0x7f811007a74b
 [tid:1554385] Invalid RTN and esi, 0x800
 [tid:1554385] Invalid RTN lea rax, ptr [rip+0xd19f]
 [tid:1554385] Invalid RTN jz 0x7f811007a74b
 [tid:1554385] Invalid RTN nop dword ptr [rax+rax*1]
 [tid:1554385] Invalid RTN mov ecx, dword ptr [rdx+0x94]
 [tid:1554385] Invalid RTN test ecx, 0x100000
 [tid:1554385] Invalid RTN jz 0x7f811007a736
 [tid:1554385] Invalid RTN ret 
 [tid:1554385] Invalid RTN nop edx, edi
 [tid:1554385] Invalid RTN mov rdx, qword ptr [rip+0x330ded]
 [tid:1554385] Invalid RTN mov ecx, dword ptr [rdx+0xb0]
 [tid:1554385] Invalid RTN mov esi, dword ptr [rdx+0x17c]
 [tid:1554385] Invalid RTN test cl, 0x20
 [tid:1554385] Invalid RTN jz 0x7f811007a084
 [tid:1554385] Invalid RTN test esi, 0x100
 [tid:1554385] Invalid RTN jnz 0x7f811007a0b0
 [tid:1554385] Invalid RTN and esi, 0x10
 [tid:1554385] Invalid RTN lea rax, ptr [rip-0x7211e]
 [tid:1554385] Invalid RTN jnz 0x7f811007a0a9
 [tid:1554385] Invalid RTN test ecx, ecx
 [tid:1554385] Invalid RTN js 0x7f811007a0d0
 [tid:1554385] Invalid RTN lea rax, ptr [rip+0x14195]
 [tid:1554385] Invalid RTN and ch, 0x8
 [tid:1554385] Invalid RTN jnz 0x7f811007a0a9
 [tid:1554385] Invalid RTN lea rax, ptr [rip+0xb829]
 [tid:1554385] Invalid RTN test esi, 0x800
 [tid:1554385] Invalid RTN jnz 0x7f811007a084
 [tid:1554385] Invalid RTN mov eax, ecx
 [tid:1554385] Invalid RTN and eax, 0x40000100
 [tid:1554385] Invalid RTN cmp eax, 0x40000100
 [tid:1554385] Invalid RTN jnz 0x7f811007a0b4
 [tid:1554385] Invalid RTN lea rax, ptr [rip+0x1cebb]
 [tid:1554385] Invalid RTN test esi, 0x10000
 [tid:1554385] Invalid RTN jnz 0x7f811007a0b4
 [tid:1554385] Invalid RTN jmp 0x7f811007a0a9
 [tid:1554385] Invalid RTN lea rax, ptr [rip+0x14195]
 [tid:1554385] Invalid RTN and ch, 0x8
 [tid:1554385] Invalid RTN jnz 0x7f811007a0a9
 [tid:1554385] Invalid RTN lea rax, ptr [rip+0xb829]
 [tid:1554385] Invalid RTN test esi, 0x800
 [tid:1554385] Invalid RTN jnz 0x7f811007a084
 [tid:1554385] Invalid RTN ret 
 [tid:1554385] Invalid RTN nop edx, edi
 [tid:1554385] Invalid RTN mov rdx, qword ptr [rip+0x32f7cd]
 [tid:1554385] Invalid RTN lea rax, ptr [rip-0x7b152]
 [tid:1554385] Invalid RTN mov ecx, dword ptr [rdx+0x17c]
 [tid:1554385] Invalid RTN test ch, 0x10
 [tid:1554385] Invalid RTN jnz 0x7f811007b6f4
 [tid:1554385] Invalid RTN mov edx, dword ptr [rdx+0xb0]
 [tid:1554385] Invalid RTN test edx, 0x10000
 [tid:1554385] Invalid RTN jnz 0x7f811007b6f8
 [tid:1554385] Invalid RTN mov eax, edx
 [tid:1554385] Invalid RTN and eax, 0x200
 [tid:1554385] Invalid RTN test dl, 0x20
 [tid:1554385] Invalid RTN jz 0x7f811007b6e0
 [tid:1554385] Invalid RTN test ch, 0x40
 [tid:1554385] Invalid RTN jnz 0x7f811007b6ab
 [tid:1554385] Invalid RTN lea rax, ptr [rip+0x3df4c]
 [tid:1554385] Invalid RTN test edx, edx
 [tid:1554385] Invalid RTN jns 0x7f811007b6f4
 [tid:1554385] Invalid RTN mov ecx, edx
 [tid:1554385] Invalid RTN and ecx, 0x40000100
 [tid:1554385] Invalid RTN cmp ecx, 0x40000100
 [tid:1554385] Invalid RTN jnz 0x7f811007b6f4
 [tid:1554385] Invalid RTN mov eax, edx
 [tid:1554385] Invalid RTN and eax, 0x200
 [tid:1554385] Invalid RTN test dl, 0x20
 [tid:1554385] Invalid RTN jz 0x7f811007b6e0
 [tid:1554385] Invalid RTN test edx, edx
 [tid:1554385] Invalid RTN js 0x7f811007b748
 [tid:1554385] Invalid RTN and dh, 0x8
 [tid:1554385] Invalid RTN jnz 0x7f811007b730
 [tid:1554385] Invalid RTN mov esi, edx
 [tid:1554385] Invalid RTN and esi, 0x40000100
 [tid:1554385] Invalid RTN cmp esi, 0x40000100
 [tid:1554385] Invalid RTN jnz 0x7f811007b6bf
 [tid:1554385] Invalid RTN test eax, eax
 [tid:1554385] Invalid RTN lea rdx, ptr [rip+0x18f9b]
 [tid:1554385] Invalid RTN lea rax, ptr [rip+0x19094]
 [tid:1554385] Invalid RTN cmovz rax, rdx
 [tid:1554385] Invalid RTN ret 
 [tid:1554385] Invalid RTN nop edx, edi
 [tid:1554385] Invalid RTN mov rcx, qword ptr [rip+0x2ea06d]
 [tid:1554385] Invalid RTN lea rax, ptr [rip-0xaf0f2]
 [tid:1554385] Invalid RTN mov edx, dword ptr [rcx+0xb0]
 [tid:1554385] Invalid RTN mov esi, edx
 [tid:1554385] Invalid RTN and esi, 0x120
 [tid:1554385] Invalid RTN cmp esi, 0x120
 [tid:1554385] Invalid RTN jz 0x7f81100c0e10
 [tid:1554385] Invalid RTN ret 
 [tid:1554385] Invalid RTN mov ecx, dword ptr [rcx+0x17c]
 [tid:1554385] Invalid RTN test ch, 0x1
 [tid:1554385] Invalid RTN jz 0x7f81100c0e08
 [tid:1554385] Invalid RTN test edx, edx
 [tid:1554385] Invalid RTN js 0x7f81100c0e48
 [tid:1554385] Invalid RTN lea rax, ptr [rip-0x2f626]
 [tid:1554385] Invalid RTN and dh, 0x8
 [tid:1554385] Invalid RTN jnz 0x7f81100c0e08
 [tid:1554385] Invalid RTN lea rax, ptr [rip-0x2666f]
 [tid:1554385] Invalid RTN test edx, 0x40000000
 [tid:1554385] Invalid RTN jz 0x7f81100c0e1f
 [tid:1554385] Invalid RTN ret 
 [tid:1554385] Invalid RTN nop edx, edi
 [tid:1554385] Invalid RTN mov rcx, qword ptr [rip+0x33088d]
 [tid:1554385] Invalid RTN lea rax, ptr [rip-0x69232]
 [tid:1554385] Invalid RTN mov edx, dword ptr [rcx+0xb0]
 [tid:1554385] Invalid RTN mov esi, edx
 [tid:1554385] Invalid RTN and esi, 0x120
 [tid:1554385] Invalid RTN cmp esi, 0x120
 [tid:1554385] Invalid RTN jz 0x7f811007a5f0
 [tid:1554385] Invalid RTN ret 
 [tid:1554385] Invalid RTN mov ecx, dword ptr [rcx+0x17c]
 [tid:1554385] Invalid RTN test ch, 0x1
 [tid:1554385] Invalid RTN jz 0x7f811007a5e8
 [tid:1554385] Invalid RTN test edx, edx
 [tid:1554385] Invalid RTN js 0x7f811007a628
 [tid:1554385] Invalid RTN lea rax, ptr [rip+0x16c5a]
 [tid:1554385] Invalid RTN and dh, 0x8
 [tid:1554385] Invalid RTN jnz 0x7f811007a5e8
 [tid:1554385] Invalid RTN lea rax, ptr [rip+0x1fbf1]
 [tid:1554385] Invalid RTN test edx, 0x40000000
 [tid:1554385] Invalid RTN jz 0x7f811007a5ff
 [tid:1554385] Invalid RTN ret 
 [tid:1554385] Invalid RTN nop edx, edi
 [tid:1554385] Invalid RTN mov rax, qword ptr [rip+0x330cad]
 [tid:1554385] Invalid RTN lea rdx, ptr [rip+0x453ce]
 [tid:1554385] Invalid RTN test byte ptr [rax+0x96], 0x10
 [tid:1554385] Invalid RTN lea rax, ptr [rip+0x45530]
 [tid:1554385] Invalid RTN cmovnz rax, rdx
 [tid:1554385] Invalid RTN ret 
 [tid:1554385] Invalid RTN nop edx, edi
 [tid:1554385] Invalid RTN mov rdx, qword ptr [rip+0x32f27d]
 [tid:1554385] Invalid RTN mov ecx, dword ptr [rdx+0xb0]
 [tid:1554385] Invalid RTN test cl, 0x20
 [tid:1554385] Invalid RTN jz 0x7f811007bc18
 [tid:1554385] Invalid RTN mov esi, dword ptr [rdx+0x17c]
 [tid:1554385] Invalid RTN test esi, 0x100
 [tid:1554385] Invalid RTN jz 0x7f811007bc18
 [tid:1554385] Invalid RTN test ecx, ecx
 [tid:1554385] Invalid RTN js 0x7f811007bc50
 [tid:1554385] Invalid RTN lea rax, ptr [rip+0x1be69]
 [tid:1554385] Invalid RTN test ecx, 0x40000000
 [tid:1554385] Invalid RTN jz 0x7f811007bbf8
 [tid:1554385] Invalid RTN jmp 0x7f811007bc4b
 [tid:1554385] Invalid RTN ret 
 [tid:1554385] Invalid RTN nop edx, edi
 [tid:1554385] Invalid RTN mov rdx, qword ptr [rip+0x330d3d]
 [tid:1554385] Invalid RTN mov ecx, dword ptr [rdx+0xb0]
 [tid:1554385] Invalid RTN mov esi, dword ptr [rdx+0x17c]
 [tid:1554385] Invalid RTN test cl, 0x20
 [tid:1554385] Invalid RTN jz 0x7f811007a134
 [tid:1554385] Invalid RTN test esi, 0x100
 [tid:1554385] Invalid RTN jnz 0x7f811007a160
 [tid:1554385] Invalid RTN and esi, 0x10
 [tid:1554385] Invalid RTN lea rax, ptr [rip-0x71e2e]
 [tid:1554385] Invalid RTN jnz 0x7f811007a159
 [tid:1554385] Invalid RTN test ecx, ecx
 [tid:1554385] Invalid RTN js 0x7f811007a180
 [tid:1554385] Invalid RTN lea rax, ptr [rip+0x14645]
 [tid:1554385] Invalid RTN and ch, 0x8
 [tid:1554385] Invalid RTN jnz 0x7f811007a159
 [tid:1554385] Invalid RTN lea rax, ptr [rip+0xbcd9]
 [tid:1554385] Invalid RTN test esi, 0x800
 [tid:1554385] Invalid RTN jnz 0x7f811007a134
 [tid:1554385] Invalid RTN lea rax, ptr [rip+0x1d379]
 [tid:1554385] Invalid RTN test ecx, 0x40000000
 [tid:1554385] Invalid RTN jz 0x7f811007a164
 [tid:1554385] Invalid RTN jmp 0x7f811007a159
 [tid:1554385] Invalid RTN ret 
 [tid:1554385] Invalid RTN nop edx, edi
 [tid:1554385] Invalid RTN mov rcx, qword ptr [rip+0x32f03d]
 [tid:1554385] Invalid RTN lea rax, ptr [rip-0x7c382]
 [tid:1554385] Invalid RTN mov edx, dword ptr [rcx+0x17c]
 [tid:1554385] Invalid RTN test dh, 0x30
 [tid:1554385] Invalid RTN jnz 0x7f811007bea3
 [tid:1554385] Invalid RTN mov esi, dword ptr [rcx+0xb0]
 [tid:1554385] Invalid RTN test esi, 0x10000
 [tid:1554385] Invalid RTN jnz 0x7f811007bea8
 [tid:1554385] Invalid RTN test dh, 0x1
 [tid:1554385] Invalid RTN jz 0x7f811007be80
 [tid:1554385] Invalid RTN test dh, 0x40
 [tid:1554385] Invalid RTN jnz 0x7f811007be3b
 [tid:1554385] Invalid RTN lea rax, ptr [rip+0x3d04c]
 [tid:1554385] Invalid RTN test esi, esi
 [tid:1554385] Invalid RTN jns 0x7f811007bea3
 [tid:1554385] Invalid RTN and esi, 0x200
 [tid:1554385] Invalid RTN lea rdx, ptr [rip+0x3da6b]
 [tid:1554385] Invalid RTN lea rax, ptr [rip+0x3dad4]
 [tid:1554385] Invalid RTN cmovz rax, rdx
 [tid:1554385] Invalid RTN ret 
 [tid:1554385] Invalid RTN test dh, 0x1
 [tid:1554385] Invalid RTN jz 0x7f811007be80
 [tid:1554385] Invalid RTN test esi, esi
 [tid:1554385] Invalid RTN js 0x7f811007bef8
 [tid:1554385] Invalid RTN test esi, 0x800
 [tid:1554385] Invalid RTN jz 0x7f811007be70
 [tid:1554385] Invalid RTN and esi, 0x200
 [tid:1554385] Invalid RTN lea rdx, ptr [rip+0x17beb]
 [tid:1554385] Invalid RTN lea rax, ptr [rip+0x17c54]
 [tid:1554385] Invalid RTN cmovz rax, rdx
 [tid:1554385] Invalid RTN ret 
 [tid:1554385] Invalid RTN nop edx, edi
 [tid:1554385] Invalid RTN mov rdx, qword ptr [rip+0x2e856d]
 [tid:1554385] Invalid RTN mov ecx, dword ptr [rdx+0xb0]
 [tid:1554385] Invalid RTN mov eax, ecx
 [tid:1554385] Invalid RTN and eax, 0x120
 [tid:1554385] Invalid RTN cmp eax, 0x120
 [tid:1554385] Invalid RTN jz 0x7f81100c2920
 [tid:1554385] Invalid RTN test byte ptr [rdx+0x96], 0x8
 [tid:1554385] Invalid RTN lea rax, ptr [rip+0xefd3]
 [tid:1554385] Invalid RTN lea rdx, ptr [rip-0xaf9d4]
 [tid:1554385] Invalid RTN cmovnz rax, rdx
 [tid:1554385] Invalid RTN ret 
 [tid:1554385] Invalid RTN mov esi, dword ptr [rdx+0x17c]
 [tid:1554385] Invalid RTN test esi, 0x100
 [tid:1554385] Invalid RTN jz 0x7f81100c28ff
 [tid:1554385] Invalid RTN test ecx, ecx
 [tid:1554385] Invalid RTN js 0x7f81100c2950
 [tid:1554385] Invalid RTN lea rax, ptr [rip-0x30199]
 [tid:1554385] Invalid RTN and ch, 0x8
 [tid:1554385] Invalid RTN jnz 0x7f81100c2918
 [tid:1554385] Invalid RTN lea rax, ptr [rip-0x27157]
 [tid:1554385] Invalid RTN test ecx, 0x40000000
 [tid:1554385] Invalid RTN jz 0x7f81100c2932
 [tid:1554385] Invalid RTN ret 
 [tid:1554385] Invalid RTN nop edx, edi
 [tid:1554385] Invalid RTN mov rdx, qword ptr [rip+0x2e97bd]
 [tid:1554385] Invalid RTN lea rax, ptr [rip-0xc1212]
 [tid:1554385] Invalid RTN mov ecx, dword ptr [rdx+0xb0]
 [tid:1554385] Invalid RTN test cl, 0x20
 [tid:1554385] Invalid RTN jz 0x7f81100c16dd
 [tid:1554385] Invalid RTN mov edx, dword ptr [rdx+0x17c]
 [tid:1554385] Invalid RTN test dh, 0x1
 [tid:1554385] Invalid RTN jz 0x7f81100c16dd
 [tid:1554385] Invalid RTN test ecx, ecx
 [tid:1554385] Invalid RTN js 0x7f81100c16e0
 [tid:1554385] Invalid RTN and dh, 0x40
 [tid:1554385] Invalid RTN lea rax, ptr [rip-0x755a]
 [tid:1554385] Invalid RTN lea rdx, ptr [rip-0x2d061]
 [tid:1554385] Invalid RTN cmovnz rax, rdx
 [tid:1554385] Invalid RTN ret 
 [tid:1554385] Invalid RTN nop edx, edi
 [tid:1554385] Invalid RTN mov rax, qword ptr [rip+0x3305cd]
 [tid:1554385] Invalid RTN lea rdx, ptr [rip+0x4508e]
 [tid:1554385] Invalid RTN test byte ptr [rax+0x96], 0x10
 [tid:1554385] Invalid RTN lea rax, ptr [rip+0x451b0]
 [tid:1554385] Invalid RTN cmovnz rax, rdx
 [tid:1554385] Invalid RTN ret 
 [tid:1554385] Invalid RTN nop edx, edi
 [tid:1554385] Invalid RTN mov rax, qword ptr [rip+0x330e6d]
 [tid:1554385] Invalid RTN mov edx, dword ptr [rax+0xb0]
 [tid:1554385] Invalid RTN mov ecx, dword ptr [rax+0x17c]
 [tid:1554385] Invalid RTN mov eax, edx
 [tid:1554385] Invalid RTN and eax, 0x120
 [tid:1554385] Invalid RTN cmp eax, 0x120
 [tid:1554385] Invalid RTN jz 0x7f811007a020
 [tid:1554385] Invalid RTN and ecx, 0x40
 [tid:1554385] Invalid RTN lea rax, ptr [rip-0x7392f]
 [tid:1554385] Invalid RTN lea rdx, ptr [rip+0x2435a]
 [tid:1554385] Invalid RTN cmovnz rax, rdx
 [tid:1554385] Invalid RTN ret 
 [tid:1554385] Invalid RTN test ch, 0x1
 [tid:1554385] Invalid RTN jz 0x7f811007a005
 [tid:1554385] Invalid RTN test edx, edx
 [tid:1554385] Invalid RTN js 0x7f811007a048
 [tid:1554385] Invalid RTN lea rax, ptr [rip+0x13df0]
 [tid:1554385] Invalid RTN and dh, 0x8
 [tid:1554385] Invalid RTN jnz 0x7f811007a01a
 [tid:1554385] Invalid RTN lea rax, ptr [rip+0x1caf1]
 [tid:1554385] Invalid RTN test edx, 0x40000000
 [tid:1554385] Invalid RTN jz 0x7f811007a029
 [tid:1554385] Invalid RTN ret 
 [tid:1554385] Invalid RTN nop edx, edi
 [tid:1554385] Invalid RTN mov rcx, qword ptr [rip+0x33090d]
 [tid:1554385] Invalid RTN lea rax, ptr [rip-0x71c12]
 [tid:1554385] Invalid RTN mov edx, dword ptr [rcx+0xb0]
 [tid:1554385] Invalid RTN mov esi, edx
 [tid:1554385] Invalid RTN and esi, 0x120
 [tid:1554385] Invalid RTN cmp esi, 0x120
 [tid:1554385] Invalid RTN jz 0x7f811007a570
 [tid:1554385] Invalid RTN ret 
 [tid:1554385] Invalid RTN mov ecx, dword ptr [rcx+0x17c]
 [tid:1554385] Invalid RTN test ch, 0x1
 [tid:1554385] Invalid RTN jz 0x7f811007a568
 [tid:1554385] Invalid RTN test edx, edx
 [tid:1554385] Invalid RTN js 0x7f811007a5a8
 [tid:1554385] Invalid RTN lea rax, ptr [rip+0x145da]
 [tid:1554385] Invalid RTN and dh, 0x8
 [tid:1554385] Invalid RTN jnz 0x7f811007a568
 [tid:1554385] Invalid RTN lea rax, ptr [rip+0x1d391]
 [tid:1554385] Invalid RTN test edx, 0x40000000
 [tid:1554385] Invalid RTN jz 0x7f811007a57f
 [tid:1554385] Invalid RTN ret 
 [tid:1554385] Invalid RTN nop edx, edi
 [tid:1554385] Invalid RTN mov rcx, qword ptr [rip+0x328fdd]
 [tid:1554385] Invalid RTN lea rax, ptr [rip-0x81de2]
 [tid:1554385] Invalid RTN mov edx, dword ptr [rcx+0xb0]
 [tid:1554385] Invalid RTN mov esi, edx
 [tid:1554385] Invalid RTN and esi, 0x120
 [tid:1554385] Invalid RTN cmp esi, 0x120
 [tid:1554385] Invalid RTN jz 0x7f8110081ea0
 [tid:1554385] Invalid RTN ret 
 [tid:1554385] Invalid RTN mov ecx, dword ptr [rcx+0x17c]
 [tid:1554385] Invalid RTN test ch, 0x1
 [tid:1554385] Invalid RTN jz 0x7f8110081e98
 [tid:1554385] Invalid RTN test edx, edx
 [tid:1554385] Invalid RTN js 0x7f8110081ed8
 [tid:1554385] Invalid RTN lea rax, ptr [rip+0x99ba]
 [tid:1554385] Invalid RTN and dh, 0x8
 [tid:1554385] Invalid RTN jnz 0x7f8110081e98
 [tid:1554385] Invalid RTN lea rax, ptr [rip+0x12421]
 [tid:1554385] Invalid RTN test edx, 0x40000000
 [tid:1554385] Invalid RTN jz 0x7f8110081eaf
 [tid:1554385] Invalid RTN ret 
 [tid:1554385] Invalid RTN nop edx, edi
 [tid:1554385] Invalid RTN mov rdx, qword ptr [rip+0x32f1dd]
 [tid:1554385] Invalid RTN mov ecx, dword ptr [rdx+0xb0]
 [tid:1554385] Invalid RTN test cl, 0x20
 [tid:1554385] Invalid RTN jz 0x7f811007bcb8
 [tid:1554385] Invalid RTN mov esi, dword ptr [rdx+0x17c]
 [tid:1554385] Invalid RTN test esi, 0x100
 [tid:1554385] Invalid RTN jz 0x7f811007bcb8
 [tid:1554385] Invalid RTN test ecx, ecx
 [tid:1554385] Invalid RTN js 0x7f811007bcf0
 [tid:1554385] Invalid RTN lea rax, ptr [rip+0x19cd9]
 [tid:1554385] Invalid RTN test ecx, 0x40000000
 [tid:1554385] Invalid RTN jz 0x7f811007bc98
 [tid:1554385] Invalid RTN jmp 0x7f811007bceb
 [tid:1554385] Invalid RTN ret 
 [tid:1554385] Invalid RTN nop edx, edi
 [tid:1554385] Invalid RTN mov rcx, qword ptr [rip+0x32fa2d]
 [tid:1554385] Invalid RTN lea rax, ptr [rip-0x7c162]
 [tid:1554385] Invalid RTN mov edx, dword ptr [rcx+0xb0]
 [tid:1554385] Invalid RTN mov esi, edx
 [tid:1554385] Invalid RTN and esi, 0x120
 [tid:1554385] Invalid RTN cmp esi, 0x120
 [tid:1554385] Invalid RTN jz 0x7f811007b450
 [tid:1554385] Invalid RTN ret 
 [tid:1554385] Invalid RTN mov ecx, dword ptr [rcx+0x17c]
 [tid:1554385] Invalid RTN test ch, 0x1
 [tid:1554385] Invalid RTN jz 0x7f811007b448
 [tid:1554385] Invalid RTN mov esi, edx
 [tid:1554385] Invalid RTN and esi, 0x800
 [tid:1554385] Invalid RTN test edx, edx
 [tid:1554385] Invalid RTN js 0x7f811007b490
 [tid:1554385] Invalid RTN lea rax, ptr [rip+0xf612]
 [tid:1554385] Invalid RTN test esi, esi
 [tid:1554385] Invalid RTN jnz 0x7f811007b448
 [tid:1554385] Invalid RTN and edx, 0x40000000
 [tid:1554385] Invalid RTN jz 0x7f811007b467
 [tid:1554385] Invalid RTN test esi, esi
 [tid:1554385] Invalid RTN lea rdx, ptr [rip+0x1801f]
 [tid:1554385] Invalid RTN lea rax, ptr [rip+0x20f98]
 [tid:1554385] Invalid RTN cmovz rax, rdx
 [tid:1554385] Invalid RTN ret 
 [tid:1554385] Invalid RTN nop edx, edi
 [tid:1554385] Invalid RTN mov rdx, qword ptr [rip+0x2e9e9d]
 [tid:1554385] Invalid RTN mov ecx, dword ptr [rdx+0xb0]
 [tid:1554385] Invalid RTN mov eax, ecx
 [tid:1554385] Invalid RTN and eax, 0x120
 [tid:1554385] Invalid RTN cmp eax, 0x120
 [tid:1554385] Invalid RTN jz 0x7f81100c0ff0
 [tid:1554385] Invalid RTN test byte ptr [rdx+0x96], 0x8
 [tid:1554385] Invalid RTN lea rax, ptr [rip-0xae47d]
 [tid:1554385] Invalid RTN lea rdx, ptr [rip-0xae244]
 [tid:1554385] Invalid RTN cmovnz rax, rdx
 [tid:1554385] Invalid RTN ret 
 [tid:1554385] Invalid RTN mov esi, dword ptr [rdx+0x17c]
 [tid:1554385] Invalid RTN test esi, 0x100
 [tid:1554385] Invalid RTN jz 0x7f81100c0fcf
 [tid:1554385] Invalid RTN test ecx, ecx
 [tid:1554385] Invalid RTN js 0x7f81100c1020
 [tid:1554385] Invalid RTN lea rax, ptr [rip-0x2f0a9]
 [tid:1554385] Invalid RTN and ch, 0x8
 [tid:1554385] Invalid RTN jnz 0x7f81100c0fe8
 [tid:1554385] Invalid RTN lea rax, ptr [rip-0x26047]
 [tid:1554385] Invalid RTN test ecx, 0x40000000
 [tid:1554385] Invalid RTN jz 0x7f81100c1002
 [tid:1554385] Invalid RTN ret 
 [tid:1554385] Invalid RTN nop edx, edi
 [tid:1554385] Invalid RTN mov rax, qword ptr [rip+0x33030d]
 [tid:1554385] Invalid RTN lea rdx, ptr [rip+0x44f1e]
 [tid:1554385] Invalid RTN test byte ptr [rax+0x96], 0x10
 [tid:1554385] Invalid RTN lea rax, ptr [rip+0x45030]
 [tid:1554385] Invalid RTN cmovnz rax, rdx
 [tid:1554385] Invalid RTN ret 
 [tid:1554385] Invalid RTN nop edx, edi
 [tid:1554385] Invalid RTN mov rdx, qword ptr [rip+0x32f3ad]
 [tid:1554385] Invalid RTN mov ecx, dword ptr [rdx+0xb0]
 [tid:1554385] Invalid RTN mov esi, dword ptr [rdx+0x17c]
 [tid:1554385] Invalid RTN test cl, 0x20
 [tid:1554385] Invalid RTN jz 0x7f811007bac4
 [tid:1554385] Invalid RTN test esi, 0x100
 [tid:1554385] Invalid RTN jnz 0x7f811007baf0
 [tid:1554385] Invalid RTN and esi, 0x10
 [tid:1554385] Invalid RTN lea rax, ptr [rip-0x7aa4e]
 [tid:1554385] Invalid RTN jnz 0x7f811007bae9
 [tid:1554385] Invalid RTN test ecx, ecx
 [tid:1554385] Invalid RTN js 0x7f811007bb10
 [tid:1554385] Invalid RTN lea rax, ptr [rip+0x108a5]
 [tid:1554385] Invalid RTN and ch, 0x8
 [tid:1554385] Invalid RTN jnz 0x7f811007bae9
 [tid:1554385] Invalid RTN lea rax, ptr [rip+0x7f99]
 [tid:1554385] Invalid RTN test esi, 0x800
 [tid:1554385] Invalid RTN jnz 0x7f811007bac4
 [tid:1554385] Invalid RTN lea rax, ptr [rip+0x19419]
 [tid:1554385] Invalid RTN test ecx, 0x40000000
 [tid:1554385] Invalid RTN jz 0x7f811007baf4
 [tid:1554385] Invalid RTN jmp 0x7f811007bae9
 [tid:1554385] Invalid RTN ret 
 [tid:1554385] Invalid RTN nop edx, edi
 [tid:1554385] Invalid RTN mov rdx, qword ptr [rip+0x32f43d]
 [tid:1554385] Invalid RTN mov ecx, dword ptr [rdx+0xb0]
 [tid:1554385] Invalid RTN mov esi, dword ptr [rdx+0x17c]
 [tid:1554385] Invalid RTN test cl, 0x20
 [tid:1554385] Invalid RTN jz 0x7f811007ba34
 [tid:1554385] Invalid RTN test esi, 0x100
 [tid:1554385] Invalid RTN jnz 0x7f811007ba60
 [tid:1554385] Invalid RTN and esi, 0x10
 [tid:1554385] Invalid RTN lea rax, ptr [rip-0x7b07e]
 [tid:1554385] Invalid RTN jnz 0x7f811007ba59
 [tid:1554385] Invalid RTN test ecx, ecx
 [tid:1554385] Invalid RTN js 0x7f811007ba80
 [tid:1554385] Invalid RTN lea rax, ptr [rip+0x10575]
 [tid:1554385] Invalid RTN and ch, 0x8
 [tid:1554385] Invalid RTN jnz 0x7f811007ba59
 [tid:1554385] Invalid RTN lea rax, ptr [rip+0x7c79]
 [tid:1554385] Invalid RTN test esi, 0x800
 [tid:1554385] Invalid RTN jnz 0x7f811007ba34
 [tid:1554385] Invalid RTN lea rax, ptr [rip+0x19059]
 [tid:1554385] Invalid RTN test ecx, 0x40000000
 [tid:1554385] Invalid RTN jz 0x7f811007ba64
 [tid:1554385] Invalid RTN jmp 0x7f811007ba59
 [tid:1554385] Invalid RTN ret 
 [tid:1554385] Invalid RTN nop edx, edi
 [tid:1554385] Invalid RTN mov rcx, qword ptr [rip+0x32dabd]
 [tid:1554385] Invalid RTN lea rax, ptr [rip-0x76a92]
 [tid:1554385] Invalid RTN mov edx, dword ptr [rcx+0xb0]
 [tid:1554385] Invalid RTN mov esi, edx
 [tid:1554385] Invalid RTN and esi, 0x120
 [tid:1554385] Invalid RTN cmp esi, 0x120
 [tid:1554385] Invalid RTN jz 0x7f811007d3c0
 [tid:1554385] Invalid RTN ret 
 [tid:1554385] Invalid RTN mov ecx, dword ptr [rcx+0x17c]
 [tid:1554385] Invalid RTN test ch, 0x1
 [tid:1554385] Invalid RTN jz 0x7f811007d3b8
 [tid:1554385] Invalid RTN test edx, edx
 [tid:1554385] Invalid RTN js 0x7f811007d3f8
 [tid:1554385] Invalid RTN lea rax, ptr [rip+0x10c8a]
 [tid:1554385] Invalid RTN and dh, 0x8
 [tid:1554385] Invalid RTN jnz 0x7f811007d3b8
 [tid:1554385] Invalid RTN lea rax, ptr [rip+0x19981]
 [tid:1554385] Invalid RTN test edx, 0x40000000
 [tid:1554385] Invalid RTN jz 0x7f811007d3cf
 [tid:1554385] Invalid RTN ret 
 [tid:1554385] Invalid RTN nop edx, edi
 [tid:1554385] Invalid RTN mov rdx, qword ptr [rip+0x32f13d]
 [tid:1554385] Invalid RTN mov ecx, dword ptr [rdx+0xb0]
 [tid:1554385] Invalid RTN test cl, 0x20
 [tid:1554385] Invalid RTN jz 0x7f811007bd58
 [tid:1554385] Invalid RTN mov esi, dword ptr [rdx+0x17c]
 [tid:1554385] Invalid RTN test esi, 0x100
 [tid:1554385] Invalid RTN jz 0x7f811007bd58
 [tid:1554385] Invalid RTN test ecx, ecx
 [tid:1554385] Invalid RTN js 0x7f811007bd90
 [tid:1554385] Invalid RTN lea rax, ptr [rip+0x1bd39]
 [tid:1554385] Invalid RTN test ecx, 0x40000000
 [tid:1554385] Invalid RTN jz 0x7f811007bd38
 [tid:1554385] Invalid RTN jmp 0x7f811007bd8b
 [tid:1554385] Invalid RTN ret 
 [tid:1554385] Invalid RTN nop edx, edi
 [tid:1554385] Invalid RTN sub rsp, 0x28
 [tid:1554385] Invalid RTN mov esi, 0x32
 [tid:1554385] Invalid RTN lea rax, ptr [rip+0x9e2f4]
 [tid:1554385] Invalid RTN mov edx, 0x5f
 [tid:1554385] Invalid RTN mov qword ptr [rsp], rax
 [tid:1554385] Invalid RTN lea rcx, ptr [rip+0x9e2e9]
 [tid:1554385] Invalid RTN mov rax, 0x103ae75f6
 [tid:1554385] Invalid RTN mov qword ptr [rsp+0x8], rax
 [tid:1554385] Invalid RTN mov eax, 0x50e3a8
 [tid:1554385] Invalid RTN shl rax, 0x4
 [tid:1554385] Invalid RTN add rcx, 0x1
 [tid:1554385] Invalid RTN add rax, rdx
 [tid:1554385] Invalid RTN mov rdx, rax
 [tid:1554385] Invalid RTN shr rdx, 0x18
 [tid:1554385] Invalid RTN and edx, 0xf0
 [tid:1554385] Invalid RTN xor rax, rdx
 [tid:1554385] Invalid RTN test sil, sil
 [tid:1554385] Invalid RTN jz 0x7f81100d29e8
 [tid:1554385] Invalid RTN movzx edx, sil
 [tid:1554385] Invalid RTN movzx esi, byte ptr [rcx+0x1]
 [tid:1554385] Invalid RTN jmp 0x7f81100d29b8
 [tid:1554385] Invalid RTN shl rax, 0x4
 [tid:1554385] Invalid RTN add rcx, 0x1
 [tid:1554385] Invalid RTN add rax, rdx
 [tid:1554385] Invalid RTN mov rdx, rax
 [tid:1554385] Invalid RTN shr rdx, 0x18
 [tid:1554385] Invalid RTN and edx, 0xf0
 [tid:1554385] Invalid RTN xor rax, rdx
 [tid:1554385] Invalid RTN test sil, sil
 [tid:1554385] Invalid RTN jz 0x7f81100d29e8
 [tid:1554385] Invalid RTN movzx edx, sil
 [tid:1554385] Invalid RTN movzx esi, byte ptr [rcx+0x1]
 [tid:1554385] Invalid RTN jmp 0x7f81100d29b8
 [tid:1554385] Invalid RTN and eax, 0xfffffff
 [tid:1554385] Invalid RTN cmp rax, 0x3ae75f6
 [tid:1554385] Invalid RTN jnz 0x7f81100d2a20
 [tid:1554385] Invalid RTN mov rsi, rsp
 [tid:1554385] Invalid RTN lea rdi, ptr [rip+0x9fc9e]
 [tid:1554385] Invalid RTN mov qword ptr [rsp+0x10], 0x0
 [tid:1554385] Invalid RTN call 0x7f8110154710
 [tid:1554385] Invalid RTN lea rdx, ptr [rip-0xc4]
 [tid:1554385] Invalid RTN test rax, rax
 [tid:1554385] Invalid RTN cmovz rax, rdx
 [tid:1554385] Invalid RTN add rsp, 0x28
 [tid:1554385] Invalid RTN ret 
 [tid:1554385] Invalid RTN nop edx, edi
 [tid:1554385] Invalid RTN mov rdx, qword ptr [rip+0x33b1a5]
 [tid:1554385] Invalid RTN lea rax, ptr [rip+0x4011e]
 [tid:1554385] Invalid RTN test byte ptr [rdx+0x95], 0x10
 [tid:1554385] Invalid RTN jz 0x7f81104aae4d
 [tid:1554385] Invalid RTN test byte ptr [rdx+0xb0], 0x20
 [tid:1554385] Invalid RTN lea rdx, ptr [rip+0x41837]
 [tid:1554385] Invalid RTN cmovnz rax, rdx
 [tid:1554385] Invalid RTN ret 
 [tid:1554385] Invalid RTN nop edx, edi
 [tid:1554385] Invalid RTN mov rdx, qword ptr [rip+0x358c45]
 [tid:1554385] Invalid RTN mov ecx, dword ptr [rdx+0x94]
 [tid:1554385] Invalid RTN test ch, 0x10
 [tid:1554385] Invalid RTN jz 0x7f811048d3a6
 [tid:1554385] Invalid RTN lea rax, ptr [rip+0x4ee43]
 [tid:1554385] Invalid RTN test byte ptr [rdx+0xb0], 0x20
 [tid:1554385] Invalid RTN jnz 0x7f811048d3ce
 [tid:1554385] Invalid RTN lea rax, ptr [rip+0x5fc43]
 [tid:1554385] Invalid RTN test byte ptr [rdx+0xd6], 0x1
 [tid:1554385] Invalid RTN jnz 0x7f811048d3ce
 [tid:1554385] Invalid RTN ret 
 [tid:1554385] Invalid RTN nop edx, edi
 [tid:1554385] Invalid RTN mov rdx, qword ptr [rip+0x33faf5]
 [tid:1554385] Invalid RTN lea rax, ptr [rip-0x132]
 [tid:1554385] Invalid RTN test byte ptr [rdx+0x95], 0x10
 [tid:1554385] Invalid RTN jz 0x7f81104a64fd
 [tid:1554385] Invalid RTN test byte ptr [rdx+0xb0], 0x20
 [tid:1554385] Invalid RTN lea rdx, ptr [rip+0x454e7]
 [tid:1554385] Invalid RTN cmovnz rax, rdx
 [tid:1554385] Invalid RTN ret 
 [tid:1554385] Invalid RTN nop edx, edi
 [tid:1554385] Invalid RTN mov rdx, qword ptr [rip+0x34e305]
 [tid:1554385] Invalid RTN mov ecx, dword ptr [rdx+0x94]
 [tid:1554385] Invalid RTN test ch, 0x10
 [tid:1554385] Invalid RTN jz 0x7f8110497ce6
 [tid:1554385] Invalid RTN lea rax, ptr [rip+0x4c1e3]
 [tid:1554385] Invalid RTN test byte ptr [rdx+0xb0], 0x20
 [tid:1554385] Invalid RTN jnz 0x7f8110497d0e
 [tid:1554385] Invalid RTN lea rax, ptr [rip+0x5d053]
 [tid:1554385] Invalid RTN test byte ptr [rdx+0xd6], 0x1
 [tid:1554385] Invalid RTN jnz 0x7f8110497d0e
 [tid:1554385] Invalid RTN ret 
 [tid:1554385] Invalid RTN nop edx, edi
 [tid:1554385] Invalid RTN mov rdx, qword ptr [rip+0x33cff5]
 [tid:1554385] Invalid RTN lea rax, ptr [rip-0x162]
 [tid:1554385] Invalid RTN test byte ptr [rdx+0x95], 0x10
 [tid:1554385] Invalid RTN jz 0x7f81104a8ffd
 [tid:1554385] Invalid RTN test byte ptr [rdx+0xb0], 0x20
 [tid:1554385] Invalid RTN lea rdx, ptr [rip+0x42c27]
 [tid:1554385] Invalid RTN cmovnz rax, rdx
 [tid:1554385] Invalid RTN ret 
 [tid:1554385] Invalid RTN nop edx, edi
 [tid:1554385] Invalid RTN mov rax, qword ptr [rip+0x34f805]
 [tid:1554385] Invalid RTN lea rdx, ptr [rip+0x459ce]
 [tid:1554385] Invalid RTN test byte ptr [rax+0x96], 0x8
 [tid:1554385] Invalid RTN lea rax, ptr [rip+0x453c0]
 [tid:1554385] Invalid RTN cmovnz rax, rdx
 [tid:1554385] Invalid RTN ret 
 [tid:1554385] Invalid RTN nop edx, edi
 [tid:1554385] Invalid RTN mov rdx, qword ptr [rip+0x339645]
 [tid:1554385] Invalid RTN lea rax, ptr [rip+0x3eb6e]
 [tid:1554385] Invalid RTN test byte ptr [rdx+0x95], 0x10
 [tid:1554385] Invalid RTN jz 0x7f81104ac9ad
 [tid:1554385] Invalid RTN test byte ptr [rdx+0xb0], 0x20
 [tid:1554385] Invalid RTN lea rdx, ptr [rip+0x402d7]
 [tid:1554385] Invalid RTN cmovnz rax, rdx
 [tid:1554385] Invalid RTN ret 
 [tid:1554385] Invalid RTN nop edx, edi
 [tid:1554385] Invalid RTN mov rdx, qword ptr [rip+0x33cb35]
 [tid:1554385] Invalid RTN lea rax, ptr [rip-0x3b2]
 [tid:1554385] Invalid RTN test byte ptr [rdx+0x95], 0x10
 [tid:1554385] Invalid RTN jz 0x7f81104a94bd
 [tid:1554385] Invalid RTN test byte ptr [rdx+0xb0], 0x20
 [tid:1554385] Invalid RTN lea rdx, ptr [rip+0x42897]
 [tid:1554385] Invalid RTN cmovnz rax, rdx
 [tid:1554385] Invalid RTN ret 
 [tid:1554385] Invalid RTN nop edx, edi
 [tid:1554385] Invalid RTN mov rax, qword ptr [rip+0x33b1d5]
 [tid:1554385] Invalid RTN lea rdx, ptr [rip+0x3132e]
 [tid:1554385] Invalid RTN test byte ptr [rax+0x96], 0x8
 [tid:1554385] Invalid RTN lea rax, ptr [rip+0x30d10]
 [tid:1554385] Invalid RTN cmovnz rax, rdx
 [tid:1554385] Invalid RTN ret 
 [tid:1554385] Invalid RTN nop edx, edi
 [tid:1554385] Invalid RTN mov rax, qword ptr [rip+0x350f45]
 [tid:1554385] Invalid RTN lea rdx, ptr [rip+0x4708e]
 [tid:1554385] Invalid RTN test byte ptr [rax+0x96], 0x8
 [tid:1554385] Invalid RTN lea rax, ptr [rip+0x46970]
 [tid:1554385] Invalid RTN cmovnz rax, rdx
 [tid:1554385] Invalid RTN ret 
 [tid:1554385] Invalid RTN nop edx, edi
 [tid:1554385] Invalid RTN mov rdx, qword ptr [rip+0x3544d5]
 [tid:1554385] Invalid RTN test byte ptr [rdx+0x95], 0x10
 [tid:1554385] Invalid RTN jz 0x7f8110491b14
 [tid:1554385] Invalid RTN lea rax, ptr [rip+0x4b475]
 [tid:1554385] Invalid RTN test byte ptr [rdx+0xb0], 0x20
 [tid:1554385] Invalid RTN jnz 0x7f8110491b2d
 [tid:1554385] Invalid RTN test byte ptr [rdx+0xd6], 0x1
 [tid:1554385] Invalid RTN lea rax, ptr [rip-0xbc2]
 [tid:1554385] Invalid RTN lea rdx, ptr [rip+0x5c277]
 [tid:1554385] Invalid RTN cmovnz rax, rdx
 [tid:1554385] Invalid RTN ret 
 [tid:1554385] Invalid RTN ret 
 [tid:1554385] Invalid RTN nop edx, edi
 [tid:1554385] Invalid RTN mov rdx, qword ptr [rip+0x339715]
 [tid:1554385] Invalid RTN lea rax, ptr [rip-0x152]
 [tid:1554385] Invalid RTN test byte ptr [rdx+0x95], 0x10
 [tid:1554385] Invalid RTN jz 0x7f81104ac8dd
 [tid:1554385] Invalid RTN test byte ptr [rdx+0xb0], 0x20
 [tid:1554385] Invalid RTN lea rdx, ptr [rip+0x3f217]
 [tid:1554385] Invalid RTN cmovnz rax, rdx
 [tid:1554385] Invalid RTN ret 
 [tid:1554385] Invalid RTN nop edx, edi
 [tid:1554385] Invalid RTN mov rdx, qword ptr [rip+0x3552b5]
 [tid:1554385] Invalid RTN mov ecx, dword ptr [rdx+0x94]
 [tid:1554385] Invalid RTN test ch, 0x10
 [tid:1554385] Invalid RTN jz 0x7f8110490d36
 [tid:1554385] Invalid RTN lea rax, ptr [rip+0x4be23]
 [tid:1554385] Invalid RTN test byte ptr [rdx+0xb0], 0x20
 [tid:1554385] Invalid RTN jnz 0x7f8110490d5e
 [tid:1554385] Invalid RTN lea rax, ptr [rip+0x5cc23]
 [tid:1554385] Invalid RTN test byte ptr [rdx+0xd6], 0x1
 [tid:1554385] Invalid RTN jnz 0x7f8110490d5e
 [tid:1554385] Invalid RTN ret 
 [tid:1554385] Invalid RTN nop edx, edi
 [tid:1554385] Invalid RTN mov rax, qword ptr [rip+0x339df5]
 [tid:1554385] Invalid RTN lea rdx, ptr [rip+0x2ffce]
 [tid:1554385] Invalid RTN test byte ptr [rax+0x96], 0x8
 [tid:1554385] Invalid RTN lea rax, ptr [rip+0x2fa20]
 [tid:1554385] Invalid RTN cmovnz rax, rdx
 [tid:1554385] Invalid RTN ret 
 [tid:1554385] Invalid RTN nop edx, edi
 [tid:1554385] Invalid RTN mov rdx, qword ptr [rip+0x35d785]
 [tid:1554385] Invalid RTN test byte ptr [rdx+0x95], 0x10
 [tid:1554385] Invalid RTN jz 0x7f8110488864
 [tid:1554385] Invalid RTN lea rax, ptr [rip+0x574f5]
 [tid:1554385] Invalid RTN test byte ptr [rdx+0xb0], 0x20
 [tid:1554385] Invalid RTN jnz 0x7f811048887d
 [tid:1554385] Invalid RTN test byte ptr [rdx+0xd6], 0x1
 [tid:1554385] Invalid RTN lea rax, ptr [rip-0x1262]
 [tid:1554385] Invalid RTN lea rdx, ptr [rip+0x68317]
 [tid:1554385] Invalid RTN cmovnz rax, rdx
 [tid:1554385] Invalid RTN ret 
 [tid:1554385] Invalid RTN ret 
 [tid:1554385] Invalid RTN nop edx, edi
 [tid:1554385] Invalid RTN mov rdx, qword ptr [rip+0x339cc5]
 [tid:1554385] Invalid RTN lea rax, ptr [rip+0x3e64e]
 [tid:1554385] Invalid RTN test byte ptr [rdx+0x95], 0x10
 [tid:1554385] Invalid RTN jz 0x7f81104ac32d
 [tid:1554385] Invalid RTN test byte ptr [rdx+0xb0], 0x20
 [tid:1554385] Invalid RTN lea rdx, ptr [rip+0x3fda7]
 [tid:1554385] Invalid RTN cmovnz rax, rdx
 [tid:1554385] Invalid RTN ret 
 [tid:1554385] Invalid RTN nop edx, edi
 [tid:1554385] Invalid RTN mov rax, qword ptr [rip+0x33a3d5]
 [tid:1554385] Invalid RTN lea rdx, ptr [rip+0x3054e]
 [tid:1554385] Invalid RTN test byte ptr [rax+0x96], 0x8
 [tid:1554385] Invalid RTN lea rax, ptr [rip+0x2fea0]
 [tid:1554385] Invalid RTN cmovnz rax, rdx
 [tid:1554385] Invalid RTN ret 
 [tid:1554385] Invalid RTN nop edx, edi
 [tid:1554385] Invalid RTN mov rax, qword ptr [rip+0x34ff55]
 [tid:1554385] Invalid RTN lea rdx, ptr [rip+0x460be]
 [tid:1554385] Invalid RTN test byte ptr [rax+0x96], 0x8
 [tid:1554385] Invalid RTN lea rax, ptr [rip+0x458e0]
 [tid:1554385] Invalid RTN cmovnz rax, rdx
 [tid:1554385] Invalid RTN ret 
 [tid:1554385] Invalid RTN nop edx, edi
 [tid:1554385] Invalid RTN mov rdx, qword ptr [rip+0x35d7c5]
 [tid:1554385] Invalid RTN test byte ptr [rdx+0x95], 0x10
 [tid:1554385] Invalid RTN jz 0x7f8110488824
 [tid:1554385] Invalid RTN lea rax, ptr [rip+0x566a5]
 [tid:1554385] Invalid RTN test byte ptr [rdx+0xb0], 0x20
 [tid:1554385] Invalid RTN jnz 0x7f811048883d
 [tid:1554385] Invalid RTN test byte ptr [rdx+0xd6], 0x1
 [tid:1554385] Invalid RTN lea rax, ptr [rip-0x2162]
 [tid:1554385] Invalid RTN lea rdx, ptr [rip+0x674a7]
 [tid:1554385] Invalid RTN cmovnz rax, rdx
 [tid:1554385] Invalid RTN ret 
 [tid:1554385] Invalid RTN ret 
 [tid:1554385] Invalid RTN nop edx, edi
 [tid:1554385] Invalid RTN mov rdx, qword ptr [rip+0x333245]
 [tid:1554385] Invalid RTN lea rax, ptr [rip-0x122]
 [tid:1554385] Invalid RTN test byte ptr [rdx+0x95], 0x10
 [tid:1554385] Invalid RTN jz 0x7f81104b2dad
 [tid:1554385] Invalid RTN test byte ptr [rdx+0xb0], 0x20
 [tid:1554385] Invalid RTN lea rdx, ptr [rip+0x38b37]
 [tid:1554385] Invalid RTN cmovnz rax, rdx
 [tid:1554385] Invalid RTN ret 
 [tid:1554385] Invalid RTN nop edx, edi
 [tid:1554385] Invalid RTN mov rax, qword ptr [rip+0x339a75]
 [tid:1554385] Invalid RTN lea rdx, ptr [rip+0x2fc6e]
 [tid:1554385] Invalid RTN test byte ptr [rax+0x96], 0x8
 [tid:1554385] Invalid RTN lea rax, ptr [rip+0x2fb50]
 [tid:1554385] Invalid RTN cmovnz rax, rdx
 [tid:1554385] Invalid RTN ret 
 [tid:1554385] Invalid RTN nop edx, edi
 [tid:1554385] Invalid RTN mov rdx, qword ptr [rip+0x3595f5]
 [tid:1554385] Invalid RTN mov ecx, dword ptr [rdx+0x94]
 [tid:1554385] Invalid RTN test ch, 0x10
 [tid:1554385] Invalid RTN jz 0x7f811048c9f6
 [tid:1554385] Invalid RTN lea rax, ptr [rip+0x545f3]
 [tid:1554385] Invalid RTN test byte ptr [rdx+0xb0], 0x20
 [tid:1554385] Invalid RTN jnz 0x7f811048ca1e
 [tid:1554385] Invalid RTN lea rax, ptr [rip+0x65463]
 [tid:1554385] Invalid RTN test byte ptr [rdx+0xd6], 0x1
 [tid:1554385] Invalid RTN jnz 0x7f811048ca1e
 [tid:1554385] Invalid RTN ret 
 [tid:1554385] Invalid RTN nop edx, edi
 [tid:1554385] Invalid RTN mov rdx, qword ptr [rip+0x34e355]
 [tid:1554385] Invalid RTN mov ecx, dword ptr [rdx+0x94]
 [tid:1554385] Invalid RTN test ch, 0x10
 [tid:1554385] Invalid RTN jz 0x7f8110497c96
 [tid:1554385] Invalid RTN lea rax, ptr [rip+0x4ba23]
 [tid:1554385] Invalid RTN test byte ptr [rdx+0xb0], 0x20
 [tid:1554385] Invalid RTN jnz 0x7f8110497cbe
 [tid:1554385] Invalid RTN lea rax, ptr [rip+0x5c873]
 [tid:1554385] Invalid RTN test byte ptr [rdx+0xd6], 0x1
 [tid:1554385] Invalid RTN jnz 0x7f8110497cbe
 [tid:1554385] Invalid RTN ret 
 [tid:1554385] Invalid RTN nop edx, edi
 [tid:1554385] Invalid RTN mov rax, qword ptr [rip+0x348b85]
 [tid:1554385] Invalid RTN lea rdx, ptr [rip+0x3ed6e]
 [tid:1554385] Invalid RTN test byte ptr [rax+0x96], 0x8
 [tid:1554385] Invalid RTN lea rax, ptr [rip+0x3ebe0]
 [tid:1554385] Invalid RTN cmovnz rax, rdx
 [tid:1554385] Invalid RTN ret 
 [tid:1554385] Invalid RTN nop edx, edi
 [tid:1554385] Invalid RTN jmp 0x7f8110022430
 [tid:1554385] Invalid RTN nop edx, edi
 [tid:1554385] Invalid RTN mov rax, qword ptr [rip+0x388985]
 [tid:1554385] Invalid RTN mov rcx, qword ptr [rip+0x3889be]
 [tid:1554385] Invalid RTN mov rax, qword ptr fs:[rax]
 [tid:1554385] Invalid RTN mov rax, qword ptr [rax]
 [tid:1554385] Invalid RTN mov rsi, qword ptr [rax+0x40]
 [tid:1554385] Invalid RTN lea rdx, ptr [rsi+0x100]
 [tid:1554385] Invalid RTN mov qword ptr fs:[rcx], rdx
 [tid:1554385] Invalid RTN mov rdi, qword ptr [rax+0x48]
 [tid:1554385] Invalid RTN mov rcx, qword ptr [rip+0x388a85]
 [tid:1554385] Invalid RTN lea rdx, ptr [rdi+0x200]
 [tid:1554385] Invalid RTN mov qword ptr fs:[rcx], rdx
 [tid:1554385] Invalid RTN mov rax, qword ptr [rax+0x58]
 [tid:1554385] Invalid RTN mov rdx, qword ptr [rip+0x388aaf]
 [tid:1554385] Invalid RTN add rax, 0x200
 [tid:1554385] Invalid RTN mov qword ptr fs:[rdx], rax
 [tid:1554385] Invalid RTN ret 
 [tid:1554385] Exe register_tm_clones
 [tid:1554385] INSTSELECTOR: instruction to be included lea rdi, ptr [rip+0x2017b9]
 [tid:1554385] ins:lea rdi, ptr [rip+0x2017b9]
 [tid:1554385] reg:rdi
 [tid:1554385] Exe register_tm_clones
 [tid:1554385] INSTSELECTOR: instruction to be included lea rsi, ptr [rip+0x2017b2]
 [tid:1554385] ins:lea rsi, ptr [rip+0x2017b2]
 [tid:1554385] reg:rsi
 [tid:1554385] Exe register_tm_clones
 [tid:1554385] INSTSELECTOR: instruction to be included sub rsi, rdi
 [tid:1554385] ins:sub rsi, rdi
 [tid:1554385] reg:rsi
 [tid:1554385] Exe register_tm_clones
 [tid:1554385] INSTSELECTOR: instruction to be included sar rsi, 0x3
 [tid:1554385] ins:sar rsi, 0x3
 [tid:1554385] reg:rsi
 [tid:1554385] Exe register_tm_clones
 [tid:1554385] INSTSELECTOR: instruction to be included mov rax, rsi
 [tid:1554385] ins:mov rax, rsi
 [tid:1554385] reg:rax
 [tid:1554385] Exe register_tm_clones
 [tid:1554385] INSTSELECTOR: instruction to be included shr rax, 0x3f
 [tid:1554385] ins:shr rax, 0x3f
 [tid:1554385] reg:rax
 [tid:1554385] Exe register_tm_clones
 [tid:1554385] INSTSELECTOR: instruction to be included add rsi, rax
 [tid:1554385] ins:add rsi, rax
 [tid:1554385] reg:rsi
 [tid:1554385] Exe register_tm_clones
 [tid:1554385] INSTSELECTOR: instruction to be included sar rsi, 0x1
 [tid:1554385] ins:sar rsi, 0x1
 [tid:1554385] reg:rsi
 [tid:1554385] Exe register_tm_clones
 [tid:1554385] Exe register_tm_clones
 [tid:1554385] INSTSELECTOR: instruction to be included mov rax, qword ptr [rip+0x2016fd]
 [tid:1554385] ins:mov rax, qword ptr [rip+0x2016fd]
 [tid:1554385] reg:rax
 [tid:1554385] Exe register_tm_clones
 [tid:1554385] INSTSELECTOR: instruction to be included test rax, rax
 [tid:1554385] ins:test rax, rax
 [tid:1554385] reg:rflags
 [tid:1554385] Exe register_tm_clones
 [tid:1554385] Exe register_tm_clones
 [tid:1554385] Exe register_tm_clones
 [tid:1554385] Exe main
 [tid:1554385] INSTSELECTOR: instruction to be included push rbp
 [tid:1554385] ins:push rbp
 [tid:1554385] reg:rsp
 [tid:1554385] Exe main
 [tid:1554385] INSTSELECTOR: instruction to be included push r15
 [tid:1554385] ins:push r15
 [tid:1554385] reg:rsp
 [tid:1554385] Exe main
 [tid:1554385] INSTSELECTOR: instruction to be included push r14
 [tid:1554385] ins:push r14
 [tid:1554385] reg:rsp
 [tid:1554385] Exe main
 [tid:1554385] INSTSELECTOR: instruction to be included push r13
 [tid:1554385] ins:push r13
 [tid:1554385] reg:rsp
 [tid:1554385] Exe main
 [tid:1554385] INSTSELECTOR: instruction to be included push r12
 [tid:1554385] ins:push r12
 [tid:1554385] reg:rsp
 [tid:1554385] Exe main
 [tid:1554385] INSTSELECTOR: instruction to be included push rbx
 [tid:1554385] ins:push rbx
 [tid:1554385] reg:rsp
 [tid:1554385] Exe main
 [tid:1554385] INSTSELECTOR: instruction to be included sub rsp, 0x48
 [tid:1554385] ins:sub rsp, 0x48
 [tid:1554385] reg:rsp
 [tid:1554385] Exe main
 [tid:1554385] INSTSELECTOR: instruction to be included mov edi, 0x1
 [tid:1554385] ins:mov edi, 0x1
 [tid:1554385] reg:edi
 [tid:1554385] Exe main
 [tid:1554385] Exe main
 [tid:1554385] INSTSELECTOR: instruction to be included mov edi, 0x4000
 [tid:1554385] ins:mov edi, 0x4000
 [tid:1554385] reg:edi
 [tid:1554385] Exe main
 [tid:1554385] Exe main
 [tid:1554385] INSTSELECTOR: instruction to be included mov rbx, rax
 [tid:1554385] ins:mov rbx, rax
 [tid:1554385] reg:rbx
 [tid:1554385] Exe main
 [tid:1554385] INSTSELECTOR: instruction to be included mov edi, 0x4000
 [tid:1554385] ins:mov edi, 0x4000
 [tid:1554385] reg:edi
 [tid:1554385] Exe main
 [tid:1554385] Exe main
 [tid:1554385] INSTSELECTOR: instruction to be included mov r14, rax
 [tid:1554385] ins:mov r14, rax
 [tid:1554385] reg:r14
 [tid:1554385] Exe main
 [tid:1554385] INSTSELECTOR: instruction to be included mov edi, 0x4000
 [tid:1554385] ins:mov edi, 0x4000
 [tid:1554385] reg:edi
 [tid:1554385] Exe main
 [tid:1554385] Exe main
 [tid:1554385] INSTSELECTOR: instruction to be included mov r15, rax
 [tid:1554385] ins:mov r15, rax
 [tid:1554385] reg:r15
 [tid:1554385] Exe main
 [tid:1554385] INSTSELECTOR: instruction to be included mov edi, 0x4000
 [tid:1554385] ins:mov edi, 0x4000
 [tid:1554385] reg:edi
 [tid:1554385] Exe main
 [tid:1554385] Exe main
 [tid:1554385] INSTSELECTOR: instruction to be included mov r12, rax
 [tid:1554385] ins:mov r12, rax
 [tid:1554385] reg:r12
 [tid:1554385] Exe main
 [tid:1554385] Exe main
 [tid:1554385] INSTSELECTOR: instruction to be included cdqe 
 [tid:1554385] ins:cdqe 
 [tid:1554385] reg:rax
 [tid:1554385] Exe main
 [tid:1554385] INSTSELECTOR: instruction to be included imul rcx, rax, 0x10624dd3
 [tid:1554385] ins:imul rcx, rax, 0x10624dd3
 [tid:1554385] reg:rcx
 [tid:1554385] Exe main
 [tid:1554385] INSTSELECTOR: instruction to be included mov rdx, rcx
 [tid:1554385] ins:mov rdx, rcx
 [tid:1554385] reg:rdx
 [tid:1554385] Exe main
 [tid:1554385] INSTSELECTOR: instruction to be included shr rdx, 0x3f
 [tid:1554385] ins:shr rdx, 0x3f
 [tid:1554385] reg:rdx
 [tid:1554385] Exe main
 [tid:1554385] INSTSELECTOR: instruction to be included sar rcx, 0x26
 [tid:1554385] ins:sar rcx, 0x26
 [tid:1554385] reg:rcx
 [tid:1554385] Exe main
 [tid:1554385] INSTSELECTOR: instruction to be included add ecx, edx
 [tid:1554385] ins:add ecx, edx
 [tid:1554385] reg:ecx
 [tid:1554385] Exe main
 [tid:1554385] INSTSELECTOR: instruction to be included imul ecx, ecx, 0x3e8
 [tid:1554385] ins:imul ecx, ecx, 0x3e8
 [tid:1554385] reg:ecx
 [tid:1554385] Exe main
 [tid:1554385] INSTSELECTOR: instruction to be included sub eax, ecx
 [tid:1554385] ins:sub eax, ecx
 [tid:1554385] reg:eax
 [tid:1554385] Exe main
 [tid:1554385] INSTSELECTOR: instruction to be included cvtsi2ss xmm0, eax
 [tid:1554385] ins:cvtsi2ss xmm0, eax
 [tid:1554385] reg:xmm0
 [tid:1554385] Exe main
 [tid:1554385] Exe main
 [tid:1554385] Exe main
 [tid:1554385] INSTSELECTOR: instruction to be included cdqe 
 [tid:1554385] ins:cdqe 
 [tid:1554385] reg:rax
 [tid:1554385] Exe main
 [tid:1554385] INSTSELECTOR: instruction to be included imul rcx, rax, 0x10624dd3
 [tid:1554385] ins:imul rcx, rax, 0x10624dd3
 [tid:1554385] reg:rcx
 [tid:1554385] Exe main
 [tid:1554385] INSTSELECTOR: instruction to be included mov rdx, rcx
 [tid:1554385] ins:mov rdx, rcx
 [tid:1554385] reg:rdx
 [tid:1554385] Exe main
 [tid:1554385] INSTSELECTOR: instruction to be included shr rdx, 0x3f
 [tid:1554385] ins:shr rdx, 0x3f
 [tid:1554385] reg:rdx
 [tid:1554385] Exe main
 [tid:1554385] INSTSELECTOR: instruction to be included sar rcx, 0x26
 [tid:1554385] ins:sar rcx, 0x26
 [tid:1554385] reg:rcx
 [tid:1554385] Exe main
 [tid:1554385] INSTSELECTOR: instruction to be included add ecx, edx
 [tid:1554385] ins:add ecx, edx
 [tid:1554385] reg:ecx
 [tid:1554385] Exe main
 [tid:1554385] INSTSELECTOR: instruction to be included imul ecx, ecx, 0x3e8
 [tid:1554385] ins:imul ecx, ecx, 0x3e8
 [tid:1554385] reg:ecx
 [tid:1554385] Exe main
 [tid:1554385] INSTSELECTOR: instruction to be included sub eax, ecx
 [tid:1554385] ins:sub eax, ecx
 [tid:1554385] reg:eax
 [tid:1554385] Exe main
 [tid:1554385] INSTSELECTOR: instruction to be included xorps xmm0, xmm0
 [tid:1554385] ins:xorps xmm0, xmm0
 [tid:1554385] reg:xmm0
 [tid:1554385] Exe main
 [tid:1554385] INSTSELECTOR: instruction to be included cvtsi2ss xmm0, eax
 [tid:1554385] ins:cvtsi2ss xmm0, eax
 [tid:1554385] reg:xmm0
 [tid:1554385] Exe main
 [tid:1554385] Exe main
 [tid:1554385] Exe main
 [tid:1554385] INSTSELECTOR: instruction to be included cdqe 
 [tid:1554385] ins:cdqe 
 [tid:1554385] reg:rax
 [tid:1554385] Exe main
 [tid:1554385] INSTSELECTOR: instruction to be included imul rcx, rax, 0x10624dd3
 [tid:1554385] ins:imul rcx, rax, 0x10624dd3
 [tid:1554385] reg:rcx
 [tid:1554385] Exe main
 [tid:1554385] INSTSELECTOR: instruction to be included mov rdx, rcx
 [tid:1554385] ins:mov rdx, rcx
 [tid:1554385] reg:rdx
 [tid:1554385] Exe main
 [tid:1554385] INSTSELECTOR: instruction to be included shr rdx, 0x3f
 [tid:1554385] ins:shr rdx, 0x3f
 [tid:1554385] reg:rdx
 [tid:1554385] Exe main
 [tid:1554385] INSTSELECTOR: instruction to be included sar rcx, 0x26
 [tid:1554385] ins:sar rcx, 0x26
 [tid:1554385] reg:rcx
 [tid:1554385] Exe main
 [tid:1554385] INSTSELECTOR: instruction to be included add ecx, edx
 [tid:1554385] ins:add ecx, edx
 [tid:1554385] reg:ecx
 [tid:1554385] Exe main
 [tid:1554385] INSTSELECTOR: instruction to be included imul ecx, ecx, 0x3e8
 [tid:1554385] ins:imul ecx, ecx, 0x3e8
 [tid:1554385] reg:ecx
 [tid:1554385] Exe main
 [tid:1554385] INSTSELECTOR: instruction to be included sub eax, ecx
 [tid:1554385] ins:sub eax, ecx
 [tid:1554385] reg:eax
 [tid:1554385] Exe main
 [tid:1554385] INSTSELECTOR: instruction to be included xorps xmm0, xmm0
 [tid:1554385] ins:xorps xmm0, xmm0
 [tid:1554385] reg:xmm0
 [tid:1554385] Exe main
 [tid:1554385] INSTSELECTOR: instruction to be included cvtsi2ss xmm0, eax
 [tid:1554385] ins:cvtsi2ss xmm0, eax
 [tid:1554385] reg:xmm0
 [tid:1554385] Exe main
 [tid:1554385] Exe main
 [tid:1554385] Exe main
 [tid:1554385] INSTSELECTOR: instruction to be included cdqe 
 [tid:1554385] ins:cdqe 
 [tid:1554385] reg:rax
 [tid:1554385] Exe main
 [tid:1554385] INSTSELECTOR: instruction to be included imul rcx, rax, 0x10624dd3
 [tid:1554385] ins:imul rcx, rax, 0x10624dd3
 [tid:1554385] reg:rcx
 [tid:1554385] Exe main
 [tid:1554385] INSTSELECTOR: instruction to be included mov rdx, rcx
 [tid:1554385] ins:mov rdx, rcx
 [tid:1554385] reg:rdx
 [tid:1554385] Exe main
 [tid:1554385] INSTSELECTOR: instruction to be included shr rdx, 0x3f
 [tid:1554385] ins:shr rdx, 0x3f
 [tid:1554385] reg:rdx
 [tid:1554385] Exe main
 [tid:1554385] INSTSELECTOR: instruction to be included sar rcx, 0x26
 [tid:1554385] ins:sar rcx, 0x26
 [tid:1554385] reg:rcx
 [tid:1554385] Exe main
 [tid:1554385] INSTSELECTOR: instruction to be included add ecx, edx
 [tid:1554385] ins:add ecx, edx
 [tid:1554385] reg:ecx
 [tid:1554385] Exe main
 [tid:1554385] INSTSELECTOR: instruction to be included imul ecx, ecx, 0x3e8
 [tid:1554385] ins:imul ecx, ecx, 0x3e8
 [tid:1554385] reg:ecx
 [tid:1554385] Exe main
 [tid:1554385] INSTSELECTOR: instruction to be included sub eax, ecx
 [tid:1554385] ins:sub eax, ecx
 [tid:1554385] reg:eax
 [tid:1554385] Exe main
 [tid:1554385] INSTSELECTOR: instruction to be included xorps xmm0, xmm0
 [tid:1554385] ins:xorps xmm0, xmm0
 [tid:1554385] reg:xmm0
 [tid:1554385] Exe main
 [tid:1554385] INSTSELECTOR: instruction to be included cvtsi2ss xmm0, eax
 [tid:1554385] ins:cvtsi2ss xmm0, eax
 [tid:1554385] reg:xmm0
 [tid:1554385] Exe main
 [tid:1554385] Exe main
 [tid:1554385] Exe main
 [tid:1554385] INSTSELECTOR: instruction to be included cdqe 
 [tid:1554385] ins:cdqe 
 [tid:1554385] reg:rax
 [tid:1554385] Exe main
 [tid:1554385] INSTSELECTOR: instruction to be included imul rcx, rax, 0x10624dd3
 [tid:1554385] ins:imul rcx, rax, 0x10624dd3
 [tid:1554385] reg:rcx
 [tid:1554385] Exe main
 [tid:1554385] INSTSELECTOR: instruction to be included mov rdx, rcx
 [tid:1554385] ins:mov rdx, rcx
 [tid:1554385] reg:rdx
 [tid:1554385] Exe main
 [tid:1554385] INSTSELECTOR: instruction to be included shr rdx, 0x3f
 [tid:1554385] ins:shr rdx, 0x3f
 [tid:1554385] reg:rdx
 [tid:1554385] Exe main
 [tid:1554385] INSTSELECTOR: instruction to be included sar rcx, 0x26
 [tid:1554385] ins:sar rcx, 0x26
 [tid:1554385] reg:rcx
 [tid:1554385] Exe main
 [tid:1554385] INSTSELECTOR: instruction to be included add ecx, edx
 [tid:1554385] ins:add ecx, edx
 [tid:1554385] reg:ecx
 [tid:1554385] Exe main
 [tid:1554385] INSTSELECTOR: instruction to be included imul ecx, ecx, 0x3e8
 [tid:1554385] ins:imul ecx, ecx, 0x3e8
 [tid:1554385] reg:ecx
 [tid:1554385] Exe main
 [tid:1554385] INSTSELECTOR: instruction to be included sub eax, ecx
 [tid:1554385] ins:sub eax, ecx
 [tid:1554385] reg:eax
 [tid:1554385] Exe main
 [tid:1554385] INSTSELECTOR: instruction to be included xorps xmm0, xmm0
 [tid:1554385] ins:xorps xmm0, xmm0
 [tid:1554385] reg:xmm0
 [tid:1554385] Exe main
 [tid:1554385] INSTSELECTOR: instruction to be included cvtsi2ss xmm0, eax
 [tid:1554385] ins:cvtsi2ss xmm0, eax
 [tid:1554385] reg:xmm0
 [tid:1554385] Exe main
 [tid:1554385] Exe main
 [tid:1554385] Exe main
 [tid:1554385] INSTSELECTOR: instruction to be included cdqe 
 [tid:1554385] ins:cdqe 
 [tid:1554385] reg:rax
 [tid:1554385] Exe main
 [tid:1554385] INSTSELECTOR: instruction to be included imul rcx, rax, 0x10624dd3
 [tid:1554385] ins:imul rcx, rax, 0x10624dd3
 [tid:1554385] reg:rcx
 [tid:1554385] Exe main
 [tid:1554385] INSTSELECTOR: instruction to be included mov rdx, rcx
 [tid:1554385] ins:mov rdx, rcx
 [tid:1554385] reg:rdx
 [tid:1554385] Exe main
 [tid:1554385] INSTSELECTOR: instruction to be included shr rdx, 0x3f
 [tid:1554385] ins:shr rdx, 0x3f
 [tid:1554385] reg:rdx
 [tid:1554385] Exe main
 [tid:1554385] INSTSELECTOR: instruction to be included sar rcx, 0x26
 [tid:1554385] ins:sar rcx, 0x26
 [tid:1554385] reg:rcx
 [tid:1554385] Exe main
 [tid:1554385] INSTSELECTOR: instruction to be included add ecx, edx
 [tid:1554385] ins:add ecx, edx
 [tid:1554385] reg:ecx
 [tid:1554385] Exe main
 [tid:1554385] INSTSELECTOR: instruction to be included imul ecx, ecx, 0x3e8
 [tid:1554385] ins:imul ecx, ecx, 0x3e8
 [tid:1554385] reg:ecx
 [tid:1554385] Exe main
 [tid:1554385] INSTSELECTOR: instruction to be included sub eax, ecx
 [tid:1554385] ins:sub eax, ecx
 [tid:1554385] reg:eax
 [tid:1554385] Exe main
 [tid:1554385] INSTSELECTOR: instruction to be included xorps xmm0, xmm0
 [tid:1554385] ins:xorps xmm0, xmm0
 [tid:1554385] reg:xmm0
 [tid:1554385] Exe main
 [tid:1554385] INSTSELECTOR: instruction to be included cvtsi2ss xmm0, eax
 [tid:1554385] ins:cvtsi2ss xmm0, eax
 [tid:1554385] reg:xmm0
 [tid:1554385] Exe main
 [tid:1554385] Exe main
 [tid:1554385] Exe main
 [tid:1554385] INSTSELECTOR: instruction to be included cdqe 
 [tid:1554385] ins:cdqe 
 [tid:1554385] reg:rax
 [tid:1554385] Exe main
 [tid:1554385] INSTSELECTOR: instruction to be included imul rcx, rax, 0x10624dd3
 [tid:1554385] ins:imul rcx, rax, 0x10624dd3
 [tid:1554385] reg:rcx
 [tid:1554385] Exe main
 [tid:1554385] INSTSELECTOR: instruction to be included mov rdx, rcx
 [tid:1554385] ins:mov rdx, rcx
 [tid:1554385] reg:rdx
 [tid:1554385] Exe main
 [tid:1554385] INSTSELECTOR: instruction to be included shr rdx, 0x3f
 [tid:1554385] ins:shr rdx, 0x3f
 [tid:1554385] reg:rdx
 [tid:1554385] Exe main
 [tid:1554385] INSTSELECTOR: instruction to be included sar rcx, 0x26
 [tid:1554385] ins:sar rcx, 0x26
 [tid:1554385] reg:rcx
 [tid:1554385] Exe main
 [tid:1554385] INSTSELECTOR: instruction to be included add ecx, edx
 [tid:1554385] ins:add ecx, edx
 [tid:1554385] reg:ecx
 [tid:1554385] Exe main
 [tid:1554385] INSTSELECTOR: instruction to be included imul ecx, ecx, 0x3e8
 [tid:1554385] ins:imul ecx, ecx, 0x3e8
 [tid:1554385] reg:ecx
 [tid:1554385] Exe main
 [tid:1554385] INSTSELECTOR: instruction to be included sub eax, ecx
 [tid:1554385] ins:sub eax, ecx
 [tid:1554385] reg:eax
 [tid:1554385] Exe main
 [tid:1554385] INSTSELECTOR: instruction to be included xorps xmm0, xmm0
 [tid:1554385] ins:xorps xmm0, xmm0
 [tid:1554385] reg:xmm0
 [tid:1554385] Exe main
 [tid:1554385] INSTSELECTOR: instruction to be included cvtsi2ss xmm0, eax
 [tid:1554385] ins:cvtsi2ss xmm0, eax
 [tid:1554385] reg:xmm0
 [tid:1554385] Exe main
 [tid:1554385] Exe main
 [tid:1554385] Exe main
 [tid:1554385] INSTSELECTOR: instruction to be included cdqe 
 [tid:1554385] ins:cdqe 
 [tid:1554385] reg:rax
 [tid:1554385] Exe main
 [tid:1554385] INSTSELECTOR: instruction to be included imul rcx, rax, 0x10624dd3
 [tid:1554385] ins:imul rcx, rax, 0x10624dd3
 [tid:1554385] reg:rcx
 [tid:1554385] Exe main
 [tid:1554385] INSTSELECTOR: instruction to be included mov rdx, rcx
 [tid:1554385] ins:mov rdx, rcx
 [tid:1554385] reg:rdx
 [tid:1554385] Exe main
 [tid:1554385] INSTSELECTOR: instruction to be included shr rdx, 0x3f
 [tid:1554385] ins:shr rdx, 0x3f
 [tid:1554385] reg:rdx
 [tid:1554385] Exe main
 [tid:1554385] INSTSELECTOR: instruction to be included sar rcx, 0x26
 [tid:1554385] ins:sar rcx, 0x26
 [tid:1554385] reg:rcx
 [tid:1554385] Exe main
 [tid:1554385] INSTSELECTOR: instruction to be included add ecx, edx
 [tid:1554385] ins:add ecx, edx
 [tid:1554385] reg:ecx
 [tid:1554385] Exe main
 [tid:1554385] INSTSELECTOR: instruction to be included imul ecx, ecx, 0x3e8
 [tid:1554385] ins:imul ecx, ecx, 0x3e8
 [tid:1554385] reg:ecx
 [tid:1554385] Exe main
 [tid:1554385] INSTSELECTOR: instruction to be included sub eax, ecx
 [tid:1554385] ins:sub eax, ecx
 [tid:1554385] reg:eax
 [tid:1554385] Exe main
 [tid:1554385] INSTSELECTOR: instruction to be included xorps xmm0, xmm0
 [tid:1554385] ins:xorps xmm0, xmm0
 [tid:1554385] reg:xmm0
 [tid:1554385] Exe main
 [tid:1554385] INSTSELECTOR: instruction to be included cvtsi2ss xmm0, eax
 [tid:1554385] ins:cvtsi2ss xmm0, eax
 [tid:1554385] reg:xmm0
 [tid:1554385] Exe main
 [tid:1554385] Exe main
 [tid:1554385] INSTSELECTOR: instruction to be included movss xmm0, dword ptr [rsp+0x10]
 [tid:1554385] ins:movss xmm0, dword ptr [rsp+0x10]
 [tid:1554385] reg:xmm0
 [tid:1554385] Exe main
 [tid:1554385] INSTSELECTOR: instruction to be included cvtss2sd xmm0, xmm0
 [tid:1554385] ins:cvtss2sd xmm0, xmm0
 [tid:1554385] reg:xmm0
 [tid:1554385] Exe main
 [tid:1554385] Exe main
 [tid:1554385] INSTSELECTOR: instruction to be included movss xmm0, dword ptr [rsp+0x8]
 [tid:1554385] ins:movss xmm0, dword ptr [rsp+0x8]
 [tid:1554385] reg:xmm0
 [tid:1554385] Exe main
 [tid:1554385] INSTSELECTOR: instruction to be included cvtss2sd xmm0, xmm0
 [tid:1554385] ins:cvtss2sd xmm0, xmm0
 [tid:1554385] reg:xmm0
 [tid:1554385] Exe main
 [tid:1554385] Exe main
 [tid:1554385] INSTSELECTOR: instruction to be included movss xmm0, dword ptr [rsp+0x20]
 [tid:1554385] ins:movss xmm0, dword ptr [rsp+0x20]
 [tid:1554385] reg:xmm0
 [tid:1554385] Exe main
 [tid:1554385] INSTSELECTOR: instruction to be included cvtss2sd xmm0, xmm0
 [tid:1554385] ins:cvtss2sd xmm0, xmm0
 [tid:1554385] reg:xmm0
 [tid:1554385] Exe main
 [tid:1554385] Exe main
 [tid:1554385] INSTSELECTOR: instruction to be included movss xmm0, dword ptr [rsp+0x18]
 [tid:1554385] ins:movss xmm0, dword ptr [rsp+0x18]
 [tid:1554385] reg:xmm0
 [tid:1554385] Exe main
 [tid:1554385] INSTSELECTOR: instruction to be included cvtss2sd xmm0, xmm0
 [tid:1554385] ins:cvtss2sd xmm0, xmm0
 [tid:1554385] reg:xmm0
 [tid:1554385] Exe main
 [tid:1554385] Exe main
 [tid:1554385] INSTSELECTOR: instruction to be included xor r13d, r13d
 [tid:1554385] ins:xor r13d, r13d
 [tid:1554385] reg:r13d
 [tid:1554385] Exe main
 [tid:1554385] Exe main
 [tid:1554385] INSTSELECTOR: instruction to be included xorps xmm0, xmm0
 [tid:1554385] ins:xorps xmm0, xmm0
 [tid:1554385] reg:xmm0
 [tid:1554385] Exe main
 [tid:1554385] INSTSELECTOR: instruction to be included cvtsi2ss xmm0, r13d
 [tid:1554385] ins:cvtsi2ss xmm0, r13d
 [tid:1554385] reg:xmm0
 [tid:1554385] Exe main
 [tid:1554385] Exe main
 [tid:1554385] Exe main
 [tid:1554385] INSTSELECTOR: instruction to be included movss xmm0, dword ptr [rsp+0x34]
 [tid:1554385] ins:movss xmm0, dword ptr [rsp+0x34]
 [tid:1554385] reg:xmm0
 [tid:1554385] Exe main
 [tid:1554385] INSTSELECTOR: instruction to be included mulss xmm0, dword ptr [rsp+0x10]
 [tid:1554385] ins:mulss xmm0, dword ptr [rsp+0x10]
 [tid:1554385] reg:xmm0
 [tid:1554385] Exe main
 [tid:1554385] INSTSELECTOR: instruction to be included cvtss2sd xmm0, xmm0
 [tid:1554385] ins:cvtss2sd xmm0, xmm0
 [tid:1554385] reg:xmm0
 [tid:1554385] Exe main
 [tid:1554385] INSTSELECTOR: instruction to be included test al, 0x1
 [tid:1554385] ins:test al, 0x1
 [tid:1554385] reg:rflags
 [tid:1554385] Exe main
 [tid:1554385] Exe main
 [tid:1554385] Exe main
 [tid:1554385] Exe main
 [tid:1554385] INSTSELECTOR: instruction to be included mulsd xmm0, qword ptr [rsp+0x40]
 [tid:1554385] ins:mulsd xmm0, qword ptr [rsp+0x40]
 [tid:1554385] reg:xmm0
 [tid:1554385] Exe main
 [tid:1554385] INSTSELECTOR: instruction to be included xorpd xmm1, xmm1
 [tid:1554385] ins:xorpd xmm1, xmm1
 [tid:1554385] reg:xmm1
 [tid:1554385] Exe main
 [tid:1554385] INSTSELECTOR: instruction to be included addsd xmm0, xmm1
 [tid:1554385] ins:addsd xmm0, xmm1
 [tid:1554385] reg:xmm0
 [tid:1554385] Exe main
 [tid:1554385] INSTSELECTOR: instruction to be included cvtsd2ss xmm0, xmm0
 [tid:1554385] ins:cvtsd2ss xmm0, xmm0
 [tid:1554385] reg:xmm0
 [tid:1554385] Exe main
 [tid:1554385] Exe main
 [tid:1554385] Exe main
 [tid:1554385] Exe main
 [tid:1554385] INSTSELECTOR: instruction to be included movss xmm0, dword ptr [rsp+0x30]
 [tid:1554385] ins:movss xmm0, dword ptr [rsp+0x30]
 [tid:1554385] reg:xmm0
 [tid:1554385] Exe main
 [tid:1554385] INSTSELECTOR: instruction to be included mulss xmm0, dword ptr [rsp+0x10]
 [tid:1554385] ins:mulss xmm0, dword ptr [rsp+0x10]
 [tid:1554385] reg:xmm0
 [tid:1554385] Exe main
 [tid:1554385] INSTSELECTOR: instruction to be included cvtss2sd xmm0, xmm0
 [tid:1554385] ins:cvtss2sd xmm0, xmm0
 [tid:1554385] reg:xmm0
 [tid:1554385] Exe main
 [tid:1554385] INSTSELECTOR: instruction to be included movss xmm1, dword ptr [rsp+0x8]
 [tid:1554385] ins:movss xmm1, dword ptr [rsp+0x8]
 [tid:1554385] reg:xmm1
 [tid:1554385] Exe main
 [tid:1554385] INSTSELECTOR: instruction to be included cvtss2sd xmm1, xmm1
 [tid:1554385] ins:cvtss2sd xmm1, xmm1
 [tid:1554385] reg:xmm1
 [tid:1554385] Exe main
 [tid:1554385] Exe main
 [tid:1554385] INSTSELECTOR: instruction to be included test al, 0x1
 [tid:1554385] ins:test al, 0x1
 [tid:1554385] reg:rflags
 [tid:1554385] Exe main
 [tid:1554385] Exe main
 [tid:1554385] Exe main
 [tid:1554385] Exe main
 [tid:1554385] INSTSELECTOR: instruction to be included mulsd xmm0, qword ptr [rsp+0x38]
 [tid:1554385] ins:mulsd xmm0, qword ptr [rsp+0x38]
 [tid:1554385] reg:xmm0
 [tid:1554385] Exe main
 [tid:1554385] INSTSELECTOR: instruction to be included addsd xmm0, qword ptr [rsp+0x8]
 [tid:1554385] ins:addsd xmm0, qword ptr [rsp+0x8]
 [tid:1554385] reg:xmm0
 [tid:1554385] Exe main
 [tid:1554385] INSTSELECTOR: instruction to be included cvtsd2ss xmm0, xmm0
 [tid:1554385] ins:cvtsd2ss xmm0, xmm0
 [tid:1554385] reg:xmm0
 [tid:1554385] Exe main
 [tid:1554385] Exe main
 [tid:1554385] Exe main
 [tid:1554385] INSTSELECTOR: instruction to be included movss xmm0, dword ptr [rsp+0x2c]
 [tid:1554385] ins:movss xmm0, dword ptr [rsp+0x2c]
 [tid:1554385] reg:xmm0
 [tid:1554385] Exe main
 [tid:1554385] INSTSELECTOR: instruction to be included mulss xmm0, dword ptr [rsp+0x10]
 [tid:1554385] ins:mulss xmm0, dword ptr [rsp+0x10]
 [tid:1554385] reg:xmm0
 [tid:1554385] Exe main
 [tid:1554385] INSTSELECTOR: instruction to be included cvtss2sd xmm0, xmm0
 [tid:1554385] ins:cvtss2sd xmm0, xmm0
 [tid:1554385] reg:xmm0
 [tid:1554385] Exe main
 [tid:1554385] INSTSELECTOR: instruction to be included movss xmm1, dword ptr [rsp+0x8]
 [tid:1554385] ins:movss xmm1, dword ptr [rsp+0x8]
 [tid:1554385] reg:xmm1
 [tid:1554385] Exe main
 [tid:1554385] INSTSELECTOR: instruction to be included cvtss2sd xmm1, xmm1
 [tid:1554385] ins:cvtss2sd xmm1, xmm1
 [tid:1554385] reg:xmm1
 [tid:1554385] Exe main
 [tid:1554385] Exe main
 [tid:1554385] INSTSELECTOR: instruction to be included test al, 0x1
 [tid:1554385] ins:test al, 0x1
 [tid:1554385] reg:rflags
 [tid:1554385] Exe main
 [tid:1554385] Exe main
 [tid:1554385] Exe main
 [tid:1554385] Exe main
 [tid:1554385] INSTSELECTOR: instruction to be included mulsd xmm0, qword ptr [rsp+0x20]
 [tid:1554385] ins:mulsd xmm0, qword ptr [rsp+0x20]
 [tid:1554385] reg:xmm0
 [tid:1554385] Exe main
 [tid:1554385] INSTSELECTOR: instruction to be included addsd xmm0, qword ptr [rsp+0x8]
 [tid:1554385] ins:addsd xmm0, qword ptr [rsp+0x8]
 [tid:1554385] reg:xmm0
 [tid:1554385] Exe main
 [tid:1554385] INSTSELECTOR: instruction to be included cvtsd2ss xmm0, xmm0
 [tid:1554385] ins:cvtsd2ss xmm0, xmm0
 [tid:1554385] reg:xmm0
 [tid:1554385] Exe main
 [tid:1554385] Exe main
 [tid:1554385] Exe main
 [tid:1554385] INSTSELECTOR: instruction to be included movss xmm0, dword ptr [rsp+0x10]
 [tid:1554385] ins:movss xmm0, dword ptr [rsp+0x10]
 [tid:1554385] reg:xmm0
 [tid:1554385] Exe main
 [tid:1554385] INSTSELECTOR: instruction to be included mulss xmm0, dword ptr [rsp+0x28]
 [tid:1554385] ins:mulss xmm0, dword ptr [rsp+0x28]
 [tid:1554385] reg:xmm0
 [tid:1554385] Exe main
 [tid:1554385] INSTSELECTOR: instruction to be included cvtss2sd xmm0, xmm0
 [tid:1554385] ins:cvtss2sd xmm0, xmm0
 [tid:1554385] reg:xmm0
 [tid:1554385] Exe main
 [tid:1554385] INSTSELECTOR: instruction to be included movss xmm1, dword ptr [rsp+0x8]
 [tid:1554385] ins:movss xmm1, dword ptr [rsp+0x8]
 [tid:1554385] reg:xmm1
 [tid:1554385] Exe main
 [tid:1554385] INSTSELECTOR: instruction to be included cvtss2sd xmm1, xmm1
 [tid:1554385] ins:cvtss2sd xmm1, xmm1
 [tid:1554385] reg:xmm1
 [tid:1554385] Exe main
 [tid:1554385] Exe main
 [tid:1554385] INSTSELECTOR: instruction to be included test al, 0x1
 [tid:1554385] ins:test al, 0x1
 [tid:1554385] reg:rflags
 [tid:1554385] Exe main
 [tid:1554385] Exe main
 [tid:1554385] Exe main
 [tid:1554385] Exe main
 [tid:1554385] INSTSELECTOR: instruction to be included mulsd xmm0, qword ptr [rsp+0x18]
 [tid:1554385] ins:mulsd xmm0, qword ptr [rsp+0x18]
 [tid:1554385] reg:xmm0
 [tid:1554385] Exe main
 [tid:1554385] INSTSELECTOR: instruction to be included addsd xmm0, qword ptr [rsp+0x10]
 [tid:1554385] ins:addsd xmm0, qword ptr [rsp+0x10]
 [tid:1554385] reg:xmm0
 [tid:1554385] Exe main
 [tid:1554385] INSTSELECTOR: instruction to be included cvtsd2ss xmm0, xmm0
 [tid:1554385] ins:cvtsd2ss xmm0, xmm0
 [tid:1554385] reg:xmm0
 [tid:1554385] Exe main
 [tid:1554385] Exe main
 [tid:1554385] Exe main
 [tid:1554385] INSTSELECTOR: instruction to be included inc r13
 [tid:1554385] ins:inc r13
 [tid:1554385] reg:r13
 [tid:1554385] Exe main
 [tid:1554385] INSTSELECTOR: instruction to be included cmp r13, 0x1000
 [tid:1554385] ins:cmp r13, 0x1000
 [tid:1554385] reg:rflags
 [tid:1554385] Exe main
 [tid:1554385] Exe main
 [tid:1554385] INSTSELECTOR: instruction to be included xorps xmm0, xmm0
 [tid:1554385] ins:xorps xmm0, xmm0
 [tid:1554385] reg:xmm0
 [tid:1554385] Exe main
 [tid:1554385] INSTSELECTOR: instruction to be included cvtsi2ss xmm0, r13d
 [tid:1554385] ins:cvtsi2ss xmm0, r13d
 [tid:1554385] reg:xmm0
 [tid:1554385] Exe main
 [tid:1554385] Exe main
 [tid:1554385] Exe main
 [tid:1554385] Exe main
 [tid:1554385] INSTSELECTOR: instruction to be included mulsd xmm0, qword ptr [rsp+0x40]
 [tid:1554385] ins:mulsd xmm0, qword ptr [rsp+0x40]
 [tid:1554385] reg:xmm0
 [tid:1554385] Exe main
 [tid:1554385] INSTSELECTOR: instruction to be included xorpd xmm1, xmm1
 [tid:1554385] ins:xorpd xmm1, xmm1
 [tid:1554385] reg:xmm1
 [tid:1554385] Exe main
 [tid:1554385] INSTSELECTOR: instruction to be included addsd xmm0, xmm1
 [tid:1554385] ins:addsd xmm0, xmm1
 [tid:1554385] reg:xmm0
 [tid:1554385] Exe main
 [tid:1554385] INSTSELECTOR: instruction to be included cvtsd2ss xmm0, xmm0
 [tid:1554385] ins:cvtsd2ss xmm0, xmm0
 [tid:1554385] reg:xmm0
 [tid:1554385] Exe main
 [tid:1554385] Exe main
 [tid:1554385] Exe main
 [tid:1554385] Exe main
 [tid:1554385] Exe main
 [tid:1554385] INSTSELECTOR: instruction to be included mulsd xmm0, qword ptr [rsp+0x20]
 [tid:1554385] ins:mulsd xmm0, qword ptr [rsp+0x20]
 [tid:1554385] reg:xmm0
 [tid:1554385] Exe main
 [tid:1554385] INSTSELECTOR: instruction to be included addsd xmm0, qword ptr [rsp+0x8]
 [tid:1554385] ins:addsd xmm0, qword ptr [rsp+0x8]
 [tid:1554385] reg:xmm0
 [tid:1554385] Exe main
 [tid:1554385] INSTSELECTOR: instruction to be included cvtsd2ss xmm0, xmm0
 [tid:1554385] ins:cvtsd2ss xmm0, xmm0
 [tid:1554385] reg:xmm0
 [tid:1554385] Exe main
 [tid:1554385] Exe main
 [tid:1554385] Exe main
 [tid:1554385] Exe main
 [tid:1554385] INSTSELECTOR: instruction to be included mulsd xmm0, qword ptr [rsp+0x18]
 [tid:1554385] ins:mulsd xmm0, qword ptr [rsp+0x18]
 [tid:1554385] reg:xmm0
 [tid:1554385] Exe main
 [tid:1554385] INSTSELECTOR: instruction to be included addsd xmm0, qword ptr [rsp+0x10]
 [tid:1554385] ins:addsd xmm0, qword ptr [rsp+0x10]
 [tid:1554385] reg:xmm0
 [tid:1554385] Exe main
 [tid:1554385] INSTSELECTOR: instruction to be included cvtsd2ss xmm0, xmm0
 [tid:1554385] ins:cvtsd2ss xmm0, xmm0
 [tid:1554385] reg:xmm0
 [tid:1554385] Exe main
 [tid:1554385] Exe main
 [tid:1554385] Exe main
 [tid:1554385] INSTSELECTOR: instruction to be included inc r13
 [tid:1554385] ins:inc r13
 [tid:1554385] reg:r13
 [tid:1554385] Exe main
 [tid:1554385] INSTSELECTOR: instruction to be included cmp r13, 0x1000
 [tid:1554385] ins:cmp r13, 0x1000
 [tid:1554385] reg:rflags
 [tid:1554385] Exe main
 [tid:1554385] Exe main
 [tid:1554385] INSTSELECTOR: instruction to be included xorps xmm0, xmm0
 [tid:1554385] ins:xorps xmm0, xmm0
 [tid:1554385] reg:xmm0
 [tid:1554385] Exe main
 [tid:1554385] INSTSELECTOR: instruction to be included cvtsi2ss xmm0, r13d
 [tid:1554385] ins:cvtsi2ss xmm0, r13d
 [tid:1554385] reg:xmm0
 [tid:1554385] Exe main
 [tid:1554385] Exe main
 [tid:1554385] Exe main
 [tid:1554385] Exe main
 [tid:1554385] INSTSELECTOR: instruction to be included mulsd xmm0, qword ptr [rsp+0x38]
 [tid:1554385] ins:mulsd xmm0, qword ptr [rsp+0x38]
 [tid:1554385] reg:xmm0
 [tid:1554385] Exe main
 [tid:1554385] INSTSELECTOR: instruction to be included addsd xmm0, qword ptr [rsp+0x8]
 [tid:1554385] ins:addsd xmm0, qword ptr [rsp+0x8]
 [tid:1554385] reg:xmm0
 [tid:1554385] Exe main
 [tid:1554385] INSTSELECTOR: instruction to be included cvtsd2ss xmm0, xmm0
 [tid:1554385] ins:cvtsd2ss xmm0, xmm0
 [tid:1554385] reg:xmm0
 [tid:1554385] Exe main
 [tid:1554385] Exe main
 [tid:1554385] Exe main
 [tid:1554385] Exe main
 [tid:1554385] INSTSELECTOR: instruction to be included mulsd xmm0, qword ptr [rsp+0x20]
 [tid:1554385] ins:mulsd xmm0, qword ptr [rsp+0x20]
 [tid:1554385] reg:xmm0
 [tid:1554385] Exe main
 [tid:1554385] INSTSELECTOR: instruction to be included addsd xmm0, qword ptr [rsp+0x8]
 [tid:1554385] ins:addsd xmm0, qword ptr [rsp+0x8]
 [tid:1554385] reg:xmm0
 [tid:1554385] Exe main
 [tid:1554385] INSTSELECTOR: instruction to be included cvtsd2ss xmm0, xmm0
 [tid:1554385] ins:cvtsd2ss xmm0, xmm0
 [tid:1554385] reg:xmm0
 [tid:1554385] Exe main
 [tid:1554385] Exe main
 [tid:1554385] Exe main
 [tid:1554385] INSTSELECTOR: instruction to be included mulsd xmm0, qword ptr [rsp+0x40]
 [tid:1554385] ins:mulsd xmm0, qword ptr [rsp+0x40]
 [tid:1554385] reg:xmm0
 [tid:1554385] Exe main
 [tid:1554385] INSTSELECTOR: instruction to be included xorpd xmm1, xmm1
 [tid:1554385] ins:xorpd xmm1, xmm1
 [tid:1554385] reg:xmm1
 [tid:1554385] Exe main
 [tid:1554385] INSTSELECTOR: instruction to be included addsd xmm0, xmm1
 [tid:1554385] ins:addsd xmm0, xmm1
 [tid:1554385] reg:xmm0
 [tid:1554385] Exe main
 [tid:1554385] INSTSELECTOR: instruction to be included cvtsd2ss xmm0, xmm0
 [tid:1554385] ins:cvtsd2ss xmm0, xmm0
 [tid:1554385] reg:xmm0
 [tid:1554385] Exe main
 [tid:1554385] Exe main
 [tid:1554385] Exe main
 [tid:1554385] Exe main
 [tid:1554385] INSTSELECTOR: instruction to be included xor ebp, ebp
 [tid:1554385] ins:xor ebp, ebp
 [tid:1554385] reg:ebp
 [tid:1554385] Exe main
 [tid:1554385] INSTSELECTOR: instruction to be included mov edi, 0x1000
 [tid:1554385] ins:mov edi, 0x1000
 [tid:1554385] reg:edi
 [tid:1554385] Exe main
 [tid:1554385] INSTSELECTOR: instruction to be included xor esi, esi
 [tid:1554385] ins:xor esi, esi
 [tid:1554385] reg:esi
 [tid:1554385] Exe main
 [tid:1554385] INSTSELECTOR: instruction to be included mov rdx, rbx
 [tid:1554385] ins:mov rdx, rbx
 [tid:1554385] reg:rdx
 [tid:1554385] Exe main
 [tid:1554385] INSTSELECTOR: instruction to be included mov rcx, r14
 [tid:1554385] ins:mov rcx, r14
 [tid:1554385] reg:rcx
 [tid:1554385] Exe main
 [tid:1554385] INSTSELECTOR: instruction to be included mov r8, r15
 [tid:1554385] ins:mov r8, r15
 [tid:1554385] reg:r8
 [tid:1554385] Exe main
 [tid:1554385] INSTSELECTOR: instruction to be included mov r9, r12
 [tid:1554385] ins:mov r9, r12
 [tid:1554385] reg:r9
 [tid:1554385] Exe main
 [tid:1554385] INSTSELECTOR: instruction to be included xor eax, eax
 [tid:1554385] ins:xor eax, eax
 [tid:1554385] reg:eax
 [tid:1554385] Exe main
 [tid:1554385] Exe fft_float
 [tid:1554385] INSTSELECTOR: instruction to be included push rbp
 [tid:1554385] ins:push rbp
 [tid:1554385] reg:rsp
 [tid:1554385] Exe fft_float
 [tid:1554385] INSTSELECTOR: instruction to be included push r15
 [tid:1554385] ins:push r15
 [tid:1554385] reg:rsp
 [tid:1554385] Exe fft_float
 [tid:1554385] INSTSELECTOR: instruction to be included push r14
 [tid:1554385] ins:push r14
 [tid:1554385] reg:rsp
 [tid:1554385] Exe fft_float
 [tid:1554385] INSTSELECTOR: instruction to be included push r13
 [tid:1554385] ins:push r13
 [tid:1554385] reg:rsp
 [tid:1554385] Exe fft_float
 [tid:1554385] INSTSELECTOR: instruction to be included push r12
 [tid:1554385] ins:push r12
 [tid:1554385] reg:rsp
 [tid:1554385] Exe fft_float
 [tid:1554385] INSTSELECTOR: instruction to be included push rbx
 [tid:1554385] ins:push rbx
 [tid:1554385] reg:rsp
 [tid:1554385] Exe fft_float
 [tid:1554385] INSTSELECTOR: instruction to be included sub rsp, 0x68
 [tid:1554385] ins:sub rsp, 0x68
 [tid:1554385] reg:rsp
 [tid:1554385] Exe fft_float
 [tid:1554385] INSTSELECTOR: instruction to be included mov rbx, r9
 [tid:1554385] ins:mov rbx, r9
 [tid:1554385] reg:rbx
 [tid:1554385] Exe fft_float
 [tid:1554385] INSTSELECTOR: instruction to be included mov r14, r8
 [tid:1554385] ins:mov r14, r8
 [tid:1554385] reg:r14
 [tid:1554385] Exe fft_float
 [tid:1554385] Exe fft_float
 [tid:1554385] INSTSELECTOR: instruction to be included mov r12, rdx
 [tid:1554385] ins:mov r12, rdx
 [tid:1554385] reg:r12
 [tid:1554385] Exe fft_float
 [tid:1554385] INSTSELECTOR: instruction to be included mov r13d, esi
 [tid:1554385] ins:mov r13d, esi
 [tid:1554385] reg:r13d
 [tid:1554385] Exe fft_float
 [tid:1554385] INSTSELECTOR: instruction to be included mov ebp, edi
 [tid:1554385] ins:mov ebp, edi
 [tid:1554385] reg:ebp
 [tid:1554385] Exe fft_float
 [tid:1554385] Exe IsPowerOfTwo
 [tid:1554385] INSTSELECTOR: instruction to be included xor eax, eax
 [tid:1554385] ins:xor eax, eax
 [tid:1554385] reg:eax
 [tid:1554385] Exe IsPowerOfTwo
 [tid:1554385] INSTSELECTOR: instruction to be included cmp edi, 0x2
 [tid:1554385] ins:cmp edi, 0x2
 [tid:1554385] reg:rflags
 [tid:1554385] Exe IsPowerOfTwo
 [tid:1554385] Exe IsPowerOfTwo
 [tid:1554385] INSTSELECTOR: instruction to be included lea ecx, ptr [rdi-0x1]
 [tid:1554385] ins:lea ecx, ptr [rdi-0x1]
 [tid:1554385] reg:ecx
 [tid:1554385] Exe IsPowerOfTwo
 [tid:1554385] INSTSELECTOR: instruction to be included xor eax, eax
 [tid:1554385] ins:xor eax, eax
 [tid:1554385] reg:eax
 [tid:1554385] Exe IsPowerOfTwo
 [tid:1554385] INSTSELECTOR: instruction to be included test edi, ecx
 [tid:1554385] ins:test edi, ecx
 [tid:1554385] reg:rflags
 [tid:1554385] NORMAL FLAG REG: inst test edi, ecx
 [tid:1554385] Exe IsPowerOfTwo
 [tid:1554385] INSTSELECTOR: instruction to be included setz al
 [tid:1554385] ins:setz al
 [tid:1554385] reg:al
 [tid:1554385] Exe IsPowerOfTwo
 [tid:1554385] Exe fft_float
 [tid:1554385] INSTSELECTOR: instruction to be included test eax, eax
 [tid:1554385] ins:test eax, eax
 [tid:1554385] reg:rflags
 [tid:1554385] Exe fft_float
 [tid:1554385] Exe fft_float
 [tid:1554385] INSTSELECTOR: instruction to be included test r13d, r13d
 [tid:1554385] ins:test r13d, r13d
 [tid:1554385] reg:rflags
 [tid:1554385] NORMAL FLAG REG: inst test r13d, r13d
 [tid:1554385] Exe fft_float
 [tid:1554385] INSTSELECTOR: instruction to be included setz al
 [tid:1554385] ins:setz al
 [tid:1554385] reg:al
 [tid:1554385] Exe fft_float
 [tid:1554385] INSTSELECTOR: instruction to be included test r12, r12
 [tid:1554385] ins:test r12, r12
 [tid:1554385] reg:rflags
 [tid:1554385] Exe fft_float
 [tid:1554385] Exe fft_float
 [tid:1554385] INSTSELECTOR: instruction to be included test r14, r14
 [tid:1554385] ins:test r14, r14
 [tid:1554385] reg:rflags
 [tid:1554385] Exe fft_float
 [tid:1554385] Exe fft_float
 [tid:1554385] Exe fft_float
 [tid:1554385] INSTSELECTOR: instruction to be included test rbx, rbx
 [tid:1554385] ins:test rbx, rbx
 [tid:1554385] reg:rflags
 [tid:1554385] Exe fft_float
 [tid:1554385] Exe fft_float
 [tid:1554385] INSTSELECTOR: instruction to be included mov edi, ebp
 [tid:1554385] ins:mov edi, ebp
 [tid:1554385] reg:edi
 [tid:1554385] Exe fft_float
 [tid:1554385] Exe NumberOfBitsNeeded
 [tid:1554385] INSTSELECTOR: instruction to be included mov edx, edi
 [tid:1554385] ins:mov edx, edi
 [tid:1554385] reg:edx
 [tid:1554385] Exe NumberOfBitsNeeded
 [tid:1554385] INSTSELECTOR: instruction to be included cmp edi, 0x2
 [tid:1554385] ins:cmp edi, 0x2
 [tid:1554385] reg:rflags
 [tid:1554385] Exe NumberOfBitsNeeded
 [tid:1554385] Exe NumberOfBitsNeeded
 [tid:1554385] INSTSELECTOR: instruction to be included mov eax, 0xffffffff
 [tid:1554385] ins:mov eax, 0xffffffff
 [tid:1554385] reg:eax
 [tid:1554385] Exe NumberOfBitsNeeded
 [tid:1554385] Exe NumberOfBitsNeeded
 [tid:1554385] INSTSELECTOR: instruction to be included inc eax
 [tid:1554385] ins:inc eax
 [tid:1554385] reg:eax
 [tid:1554385] Exe NumberOfBitsNeeded
 [tid:1554385] INSTSELECTOR: instruction to be included bt edx, eax
 [tid:1554385] ins:bt edx, eax
 [tid:1554385] reg:rflags
 [tid:1554385] Exe NumberOfBitsNeeded
 [tid:1554385] Exe NumberOfBitsNeeded
 [tid:1554385] Exe NumberOfBitsNeeded
 [tid:1554385] INSTSELECTOR: instruction to be included inc eax
 [tid:1554385] ins:inc eax
 [tid:1554385] reg:eax
 [tid:1554385] Exe NumberOfBitsNeeded
 [tid:1554385] INSTSELECTOR: instruction to be included bt edx, eax
 [tid:1554385] ins:bt edx, eax
 [tid:1554385] reg:rflags
 [tid:1554385] Exe NumberOfBitsNeeded
 [tid:1554385] Exe NumberOfBitsNeeded
 [tid:1554385] Exe fft_float
 [tid:1554385] INSTSELECTOR: instruction to be included test ebp, ebp
 [tid:1554385] ins:test ebp, ebp
 [tid:1554385] reg:rflags
 [tid:1554385] Exe fft_float
 [tid:1554385] Exe fft_float
 [tid:1554385] INSTSELECTOR: instruction to be included mov r15d, eax
 [tid:1554385] ins:mov r15d, eax
 [tid:1554385] reg:r15d
 [tid:1554385] Exe fft_float
 [tid:1554385] Exe fft_float
 [tid:1554385] INSTSELECTOR: instruction to be included mov eax, ebp
 [tid:1554385] ins:mov eax, ebp
 [tid:1554385] reg:eax
 [tid:1554385] Exe fft_float
 [tid:1554385] Exe fft_float
 [tid:1554385] INSTSELECTOR: instruction to be included cmp qword ptr [rsp+0x10], 0x0
 [tid:1554385] ins:cmp qword ptr [rsp+0x10], 0x0
 [tid:1554385] reg:rflags
 [tid:1554385] Exe fft_float
 [tid:1554385] Exe fft_float
 [tid:1554385] INSTSELECTOR: instruction to be included xor r13d, r13d
 [tid:1554385] ins:xor r13d, r13d
 [tid:1554385] reg:r13d
 [tid:1554385] Exe fft_float
 [tid:1554385] Exe fft_float
 [tid:1554385] INSTSELECTOR: instruction to be included mov edi, r13d
 [tid:1554385] ins:mov edi, r13d
 [tid:1554385] reg:edi
 [tid:1554385] Exe fft_float
 [tid:1554385] INSTSELECTOR: instruction to be included mov esi, r15d
 [tid:1554385] ins:mov esi, r15d
 [tid:1554385] reg:esi
 [tid:1554385] Exe fft_float
 [tid:1554385] Exe ReverseBits
 [tid:1554385] INSTSELECTOR: instruction to be included test esi, esi
 [tid:1554385] ins:test esi, esi
 [tid:1554385] reg:rflags
 [tid:1554385] Exe ReverseBits
 [tid:1554385] Exe ReverseBits
 [tid:1554385] INSTSELECTOR: instruction to be included mov ecx, esi
 [tid:1554385] ins:mov ecx, esi
 [tid:1554385] reg:ecx
 [tid:1554385] Exe ReverseBits
 [tid:1554385] INSTSELECTOR: instruction to be included and ecx, 0x3
 [tid:1554385] ins:and ecx, 0x3
 [tid:1554385] reg:ecx
 [tid:1554385] Exe ReverseBits
 [tid:1554385] INSTSELECTOR: instruction to be included cmp esi, 0x4
 [tid:1554385] ins:cmp esi, 0x4
 [tid:1554385] reg:rflags
 [tid:1554385] Exe ReverseBits
 [tid:1554385] Exe ReverseBits
 [tid:1554385] INSTSELECTOR: instruction to be included xor eax, eax
 [tid:1554385] ins:xor eax, eax
 [tid:1554385] reg:eax
 [tid:1554385] Exe ReverseBits
 [tid:1554385] Exe ReverseBits
 [tid:1554385] INSTSELECTOR: instruction to be included and esi, 0xfffffffc
 [tid:1554385] ins:and esi, 0xfffffffc
 [tid:1554385] reg:esi
 [tid:1554385] Exe ReverseBits
 [tid:1554385] INSTSELECTOR: instruction to be included xor eax, eax
 [tid:1554385] ins:xor eax, eax
 [tid:1554385] reg:eax
 [tid:1554385] Exe ReverseBits
 [tid:1554385] Exe ReverseBits
 [tid:1554385] INSTSELECTOR: instruction to be included mov edx, edi
 [tid:1554385] ins:mov edx, edi
 [tid:1554385] reg:edx
 [tid:1554385] Exe ReverseBits
 [tid:1554385] INSTSELECTOR: instruction to be included and edx, 0x1
 [tid:1554385] ins:and edx, 0x1
 [tid:1554385] reg:edx
 [tid:1554385] Exe ReverseBits
 [tid:1554385] INSTSELECTOR: instruction to be included shl edx, 0x2
 [tid:1554385] ins:shl edx, 0x2
 [tid:1554385] reg:edx
 [tid:1554385] Exe ReverseBits
 [tid:1554385] INSTSELECTOR: instruction to be included lea eax, ptr [rdx+rax*8]
 [tid:1554385] ins:lea eax, ptr [rdx+rax*8]
 [tid:1554385] reg:eax
 [tid:1554385] Exe ReverseBits
 [tid:1554385] INSTSELECTOR: instruction to be included mov edx, edi
 [tid:1554385] ins:mov edx, edi
 [tid:1554385] reg:edx
 [tid:1554385] Exe ReverseBits
 [tid:1554385] INSTSELECTOR: instruction to be included and edx, 0x2
 [tid:1554385] ins:and edx, 0x2
 [tid:1554385] reg:edx
 [tid:1554385] Exe ReverseBits
 [tid:1554385] INSTSELECTOR: instruction to be included or edx, eax
 [tid:1554385] ins:or edx, eax
 [tid:1554385] reg:edx
 [tid:1554385] Exe ReverseBits
 [tid:1554385] INSTSELECTOR: instruction to be included mov eax, edi
 [tid:1554385] ins:mov eax, edi
 [tid:1554385] reg:eax
 [tid:1554385] Exe ReverseBits
 [tid:1554385] INSTSELECTOR: instruction to be included shr eax, 0x2
 [tid:1554385] ins:shr eax, 0x2
 [tid:1554385] reg:eax
 [tid:1554385] Exe ReverseBits
 [tid:1554385] INSTSELECTOR: instruction to be included and eax, 0x1
 [tid:1554385] ins:and eax, 0x1
 [tid:1554385] reg:eax
 [tid:1554385] Exe ReverseBits
 [tid:1554385] INSTSELECTOR: instruction to be included or eax, edx
 [tid:1554385] ins:or eax, edx
 [tid:1554385] reg:eax
 [tid:1554385] Exe ReverseBits
 [tid:1554385] INSTSELECTOR: instruction to be included mov edx, edi
 [tid:1554385] ins:mov edx, edi
 [tid:1554385] reg:edx
 [tid:1554385] Exe ReverseBits
 [tid:1554385] INSTSELECTOR: instruction to be included shr edx, 0x3
 [tid:1554385] ins:shr edx, 0x3
 [tid:1554385] reg:edx
 [tid:1554385] Exe ReverseBits
 [tid:1554385] INSTSELECTOR: instruction to be included and edx, 0x1
 [tid:1554385] ins:and edx, 0x1
 [tid:1554385] reg:edx
 [tid:1554385] Exe ReverseBits
 [tid:1554385] INSTSELECTOR: instruction to be included lea eax, ptr [rdx+rax*2]
 [tid:1554385] ins:lea eax, ptr [rdx+rax*2]
 [tid:1554385] reg:eax
 [tid:1554385] Exe ReverseBits
 [tid:1554385] INSTSELECTOR: instruction to be included shr edi, 0x4
 [tid:1554385] ins:shr edi, 0x4
 [tid:1554385] reg:edi
 [tid:1554385] Exe ReverseBits
 [tid:1554385] INSTSELECTOR: instruction to be included add esi, 0xfffffffc
 [tid:1554385] ins:add esi, 0xfffffffc
 [tid:1554385] reg:esi
 [tid:1554385] Exe ReverseBits
 [tid:1554385] Exe ReverseBits
 [tid:1554385] INSTSELECTOR: instruction to be included test ecx, ecx
 [tid:1554385] ins:test ecx, ecx
 [tid:1554385] reg:rflags
 [tid:1554385] Exe ReverseBits
 [tid:1554385] Exe ReverseBits
 [tid:1554385] Exe ReverseBits
 [tid:1554385] INSTSELECTOR: instruction to be included mov edx, edi
 [tid:1554385] ins:mov edx, edi
 [tid:1554385] reg:edx
 [tid:1554385] Exe ReverseBits
 [tid:1554385] INSTSELECTOR: instruction to be included and edx, 0x1
 [tid:1554385] ins:and edx, 0x1
 [tid:1554385] reg:edx
 [tid:1554385] Exe ReverseBits
 [tid:1554385] INSTSELECTOR: instruction to be included lea eax, ptr [rdx+rax*2]
 [tid:1554385] ins:lea eax, ptr [rdx+rax*2]
 [tid:1554385] reg:eax
 [tid:1554385] Exe ReverseBits
 [tid:1554385] INSTSELECTOR: instruction to be included shr edi, 0x1
 [tid:1554385] ins:shr edi, 0x1
 [tid:1554385] reg:edi
 [tid:1554385] Exe ReverseBits
 [tid:1554385] INSTSELECTOR: instruction to be included dec ecx
 [tid:1554385] ins:dec ecx
 [tid:1554385] reg:ecx
 [tid:1554385] Exe ReverseBits
 [tid:1554385] Exe ReverseBits
 [tid:1554385] INSTSELECTOR: instruction to be included mov edx, edi
 [tid:1554385] ins:mov edx, edi
 [tid:1554385] reg:edx
 [tid:1554385] Exe ReverseBits
 [tid:1554385] INSTSELECTOR: instruction to be included and edx, 0x1
 [tid:1554385] ins:and edx, 0x1
 [tid:1554385] reg:edx
 [tid:1554385] Exe ReverseBits
 [tid:1554385] INSTSELECTOR: instruction to be included shl edx, 0x2
 [tid:1554385] ins:shl edx, 0x2
 [tid:1554385] reg:edx
 [tid:1554385] Exe ReverseBits
 [tid:1554385] INSTSELECTOR: instruction to be included lea eax, ptr [rdx+rax*8]
 [tid:1554385] ins:lea eax, ptr [rdx+rax*8]
 [tid:1554385] reg:eax
 [tid:1554385] Exe ReverseBits
 [tid:1554385] INSTSELECTOR: instruction to be included mov edx, edi
 [tid:1554385] ins:mov edx, edi
 [tid:1554385] reg:edx
 [tid:1554385] Exe ReverseBits
 [tid:1554385] INSTSELECTOR: instruction to be included and edx, 0x2
 [tid:1554385] ins:and edx, 0x2
 [tid:1554385] reg:edx
 [tid:1554385] Exe ReverseBits
 [tid:1554385] INSTSELECTOR: instruction to be included or edx, eax
 [tid:1554385] ins:or edx, eax
 [tid:1554385] reg:edx
 [tid:1554385] Exe ReverseBits
 [tid:1554385] INSTSELECTOR: instruction to be included mov eax, edi
 [tid:1554385] ins:mov eax, edi
 [tid:1554385] reg:eax
 [tid:1554385] Exe ReverseBits
 [tid:1554385] INSTSELECTOR: instruction to be included shr eax, 0x2
 [tid:1554385] ins:shr eax, 0x2
 [tid:1554385] reg:eax
 [tid:1554385] Exe ReverseBits
 [tid:1554385] INSTSELECTOR: instruction to be included and eax, 0x1
 [tid:1554385] ins:and eax, 0x1
 [tid:1554385] reg:eax
 [tid:1554385] Exe ReverseBits
 [tid:1554385] INSTSELECTOR: instruction to be included or eax, edx
 [tid:1554385] ins:or eax, edx
 [tid:1554385] reg:eax
 [tid:1554385] Exe ReverseBits
 [tid:1554385] INSTSELECTOR: instruction to be included mov edx, edi
 [tid:1554385] ins:mov edx, edi
 [tid:1554385] reg:edx
 [tid:1554385] Exe ReverseBits
 [tid:1554385] INSTSELECTOR: instruction to be included shr edx, 0x3
 [tid:1554385] ins:shr edx, 0x3
 [tid:1554385] reg:edx
 [tid:1554385] Exe ReverseBits
 [tid:1554385] INSTSELECTOR: instruction to be included and edx, 0x1
 [tid:1554385] ins:and edx, 0x1
 [tid:1554385] reg:edx
 [tid:1554385] Exe ReverseBits
 [tid:1554385] INSTSELECTOR: instruction to be included lea eax, ptr [rdx+rax*2]
 [tid:1554385] ins:lea eax, ptr [rdx+rax*2]
 [tid:1554385] reg:eax
 [tid:1554385] Exe ReverseBits
 [tid:1554385] INSTSELECTOR: instruction to be included shr edi, 0x4
 [tid:1554385] ins:shr edi, 0x4
 [tid:1554385] reg:edi
 [tid:1554385] Exe ReverseBits
 [tid:1554385] INSTSELECTOR: instruction to be included add esi, 0xfffffffc
 [tid:1554385] ins:add esi, 0xfffffffc
 [tid:1554385] reg:esi
 [tid:1554385] Exe ReverseBits
 [tid:1554385] Exe ReverseBits
 [tid:1554385] INSTSELECTOR: instruction to be included test ecx, ecx
 [tid:1554385] ins:test ecx, ecx
 [tid:1554385] reg:rflags
 [tid:1554385] Exe ReverseBits
 [tid:1554385] Exe ReverseBits
 [tid:1554385] Exe ReverseBits
 [tid:1554385] INSTSELECTOR: instruction to be included mov edx, edi
 [tid:1554385] ins:mov edx, edi
 [tid:1554385] reg:edx
 [tid:1554385] Exe ReverseBits
 [tid:1554385] INSTSELECTOR: instruction to be included and edx, 0x1
 [tid:1554385] ins:and edx, 0x1
 [tid:1554385] reg:edx
 [tid:1554385] Exe ReverseBits
 [tid:1554385] INSTSELECTOR: instruction to be included lea eax, ptr [rdx+rax*2]
 [tid:1554385] ins:lea eax, ptr [rdx+rax*2]
 [tid:1554385] reg:eax
 [tid:1554385] Exe ReverseBits
 [tid:1554385] INSTSELECTOR: instruction to be included shr edi, 0x1
 [tid:1554385] ins:shr edi, 0x1
 [tid:1554385] reg:edi
 [tid:1554385] Exe ReverseBits
 [tid:1554385] INSTSELECTOR: instruction to be included dec ecx
 [tid:1554385] ins:dec ecx
 [tid:1554385] reg:ecx
 [tid:1554385] Exe ReverseBits
 [tid:1554385] Exe ReverseBits
 [tid:1554385] Exe fft_float
 [tid:1554385] INSTSELECTOR: instruction to be included mov rsi, qword ptr [rsp+0x8]
 [tid:1554385] ins:mov rsi, qword ptr [rsp+0x8]
 [tid:1554385] reg:rsi
 [tid:1554385] Exe fft_float
 [tid:1554385] INSTSELECTOR: instruction to be included movss xmm0, dword ptr [r12+r13*4]
 [tid:1554385] ins:movss xmm0, dword ptr [r12+r13*4]
 [tid:1554385] reg:xmm0
 [tid:1554385] Exe fft_float
 [tid:1554385] INSTSELECTOR: instruction to be included mov eax, eax
 [tid:1554385] ins:mov eax, eax
 [tid:1554385] reg:eax
 [tid:1554385] Exe fft_float
 [tid:1554385] Exe fft_float
 [tid:1554385] INSTSELECTOR: instruction to be included mov rcx, qword ptr [rsp+0x10]
 [tid:1554385] ins:mov rcx, qword ptr [rsp+0x10]
 [tid:1554385] reg:rcx
 [tid:1554385] Exe fft_float
 [tid:1554385] INSTSELECTOR: instruction to be included movss xmm0, dword ptr [rcx+r13*4]
 [tid:1554385] ins:movss xmm0, dword ptr [rcx+r13*4]
 [tid:1554385] reg:xmm0
 [tid:1554385] Exe fft_float
 [tid:1554385] Exe fft_float
 [tid:1554385] INSTSELECTOR: instruction to be included inc r13
 [tid:1554385] ins:inc r13
 [tid:1554385] reg:r13
 [tid:1554385] Exe fft_float
 [tid:1554385] INSTSELECTOR: instruction to be included cmp rsi, r13
 [tid:1554385] ins:cmp rsi, r13
 [tid:1554385] reg:rflags
 [tid:1554385] Exe fft_float
 [tid:1554385] Exe fft_float
 [tid:1554385] Exe fft_float
 [tid:1554385] INSTSELECTOR: instruction to be included mov edi, r13d
 [tid:1554385] ins:mov edi, r13d
 [tid:1554385] reg:edi
 [tid:1554385] Exe fft_float
 [tid:1554385] INSTSELECTOR: instruction to be included mov esi, r15d
 [tid:1554385] ins:mov esi, r15d
 [tid:1554385] reg:esi
 [tid:1554385] Exe fft_float
 [tid:1554385] Exe fft_float
 [tid:1554385] INSTSELECTOR: instruction to be included cmp ebp, 0x1
 [tid:1554385] ins:cmp ebp, 0x1
 [tid:1554385] reg:rflags
 [tid:1554385] Exe fft_float
 [tid:1554385] Exe fft_float
 [tid:1554385] INSTSELECTOR: instruction to be included cmp dword ptr [rsp+0x4], 0x0
 [tid:1554385] ins:cmp dword ptr [rsp+0x4], 0x0
 [tid:1554385] reg:rflags
 [tid:1554385] Exe fft_float
 [tid:1554385] Exe fft_float
 [tid:1554385] Exe fft_float
 [tid:1554385] INSTSELECTOR: instruction to be included xor ecx, ecx
 [tid:1554385] ins:xor ecx, ecx
 [tid:1554385] reg:ecx
 [tid:1554385] Exe fft_float
 [tid:1554385] INSTSELECTOR: instruction to be included movzx eax, byte ptr [rsp+0x20]
 [tid:1554385] ins:movzx eax, byte ptr [rsp+0x20]
 [tid:1554385] reg:eax
 [tid:1554385] Exe fft_float
 [tid:1554385] INSTSELECTOR: instruction to be included mov cl, al
 [tid:1554385] ins:mov cl, al
 [tid:1554385] reg:cl
 [tid:1554385] Exe fft_float
 [tid:1554385] INSTSELECTOR: instruction to be included lea rax, ptr [rip+0x50e]
 [tid:1554385] ins:lea rax, ptr [rip+0x50e]
 [tid:1554385] reg:rax
 [tid:1554385] Exe fft_float
 [tid:1554385] INSTSELECTOR: instruction to be included movsd xmm0, qword ptr [rax+rcx*8]
 [tid:1554385] ins:movsd xmm0, qword ptr [rax+rcx*8]
 [tid:1554385] reg:xmm0
 [tid:1554385] Exe fft_float
 [tid:1554385] Exe fft_float
 [tid:1554385] INSTSELECTOR: instruction to be included mov r12d, 0x1
 [tid:1554385] ins:mov r12d, 0x1
 [tid:1554385] reg:r12d
 [tid:1554385] Exe fft_float
 [tid:1554385] INSTSELECTOR: instruction to be included mov eax, 0x2
 [tid:1554385] ins:mov eax, 0x2
 [tid:1554385] reg:eax
 [tid:1554385] Exe fft_float
 [tid:1554385] INSTSELECTOR: instruction to be included mov r13d, dword ptr [rsp+0x4]
 [tid:1554385] ins:mov r13d, dword ptr [rsp+0x4]
 [tid:1554385] reg:r13d
 [tid:1554385] Exe fft_float
 [tid:1554385] Exe fft_float
 [tid:1554385] INSTSELECTOR: instruction to be included mov r15d, eax
 [tid:1554385] ins:mov r15d, eax
 [tid:1554385] reg:r15d
 [tid:1554385] Exe fft_float
 [tid:1554385] INSTSELECTOR: instruction to be included mov eax, eax
 [tid:1554385] ins:mov eax, eax
 [tid:1554385] reg:eax
 [tid:1554385] Exe fft_float
 [tid:1554385] INSTSELECTOR: instruction to be included xorps xmm0, xmm0
 [tid:1554385] ins:xorps xmm0, xmm0
 [tid:1554385] reg:xmm0
 [tid:1554385] Exe fft_float
 [tid:1554385] INSTSELECTOR: instruction to be included cvtsi2sd xmm0, rax
 [tid:1554385] ins:cvtsi2sd xmm0, rax
 [tid:1554385] reg:xmm0
 [tid:1554385] Exe fft_float
 [tid:1554385] INSTSELECTOR: instruction to be included movsd xmm1, qword ptr [rsp+0x38]
 [tid:1554385] ins:movsd xmm1, qword ptr [rsp+0x38]
 [tid:1554385] reg:xmm1
 [tid:1554385] Exe fft_float
 [tid:1554385] INSTSELECTOR: instruction to be included divsd xmm1, xmm0
 [tid:1554385] ins:divsd xmm1, xmm0
 [tid:1554385] reg:xmm1
 [tid:1554385] Exe fft_float
 [tid:1554385] Exe fft_float
 [tid:1554385] INSTSELECTOR: instruction to be included movapd xmm0, xmm1
 [tid:1554385] ins:movapd xmm0, xmm1
 [tid:1554385] reg:xmm0
 [tid:1554385] Exe fft_float
 [tid:1554385] INSTSELECTOR: instruction to be included mulsd xmm0, qword ptr [rip+0x4c8]
 [tid:1554385] ins:mulsd xmm0, qword ptr [rip+0x4c8]
 [tid:1554385] reg:xmm0
 [tid:1554385] Exe fft_float
 [tid:1554385] Exe fft_float
 [tid:1554385] Exe fft_float
 [tid:1554385] Exe fft_float
 [tid:1554385] INSTSELECTOR: instruction to be included movaps xmm0, xmmword ptr [rsp+0x10]
 [tid:1554385] ins:movaps xmm0, xmmword ptr [rsp+0x10]
 [tid:1554385] reg:xmm0
 [tid:1554385] Exe fft_float
 [tid:1554385] INSTSELECTOR: instruction to be included xorps xmm0, xmmword ptr [rip+0x43b]
 [tid:1554385] ins:xorps xmm0, xmmword ptr [rip+0x43b]
 [tid:1554385] reg:xmm0
 [tid:1554385] Exe fft_float
 [tid:1554385] Exe fft_float
 [tid:1554385] Exe fft_float
 [tid:1554385] Exe fft_float
 [tid:1554385] INSTSELECTOR: instruction to be included movaps xmm0, xmmword ptr [rsp+0x20]
 [tid:1554385] ins:movaps xmm0, xmmword ptr [rsp+0x20]
 [tid:1554385] reg:xmm0
 [tid:1554385] Exe fft_float
 [tid:1554385] Exe fft_float
 [tid:1554385] Exe fft_float
 [tid:1554385] INSTSELECTOR: instruction to be included movapd xmm0, xmmword ptr [rsp+0x10]
 [tid:1554385] ins:movapd xmm0, xmmword ptr [rsp+0x10]
 [tid:1554385] reg:xmm0
 [tid:1554385] Exe fft_float
 [tid:1554385] Exe fft_float
 [tid:1554385] INSTSELECTOR: instruction to be included test r12d, r12d
 [tid:1554385] ins:test r12d, r12d
 [tid:1554385] reg:rflags
 [tid:1554385] Exe fft_float
 [tid:1554385] Exe fft_float
 [tid:1554385] INSTSELECTOR: instruction to be included movapd xmm1, xmm0
 [tid:1554385] ins:movapd xmm1, xmm0
 [tid:1554385] reg:xmm1
 [tid:1554385] Exe fft_float
 [tid:1554385] INSTSELECTOR: instruction to be included addsd xmm1, xmm0
 [tid:1554385] ins:addsd xmm1, xmm0
 [tid:1554385] reg:xmm1
 [tid:1554385] Exe fft_float
 [tid:1554385] INSTSELECTOR: instruction to be included movapd xmm9, xmmword ptr [rsp+0x40]
 [tid:1554385] ins:movapd xmm9, xmmword ptr [rsp+0x40]
 [tid:1554385] reg:xmm9
 [tid:1554385] Exe fft_float
 [tid:1554385] INSTSELECTOR: instruction to be included unpcklpd xmm9, xmm0
 [tid:1554385] ins:unpcklpd xmm9, xmm0
 [tid:1554385] reg:xmm9
 [tid:1554385] Exe fft_float
 [tid:1554385] INSTSELECTOR: instruction to be included movapd xmm8, xmmword ptr [rsp+0x50]
 [tid:1554385] ins:movapd xmm8, xmmword ptr [rsp+0x50]
 [tid:1554385] reg:xmm8
 [tid:1554385] Exe fft_float
 [tid:1554385] INSTSELECTOR: instruction to be included unpcklpd xmm8, xmmword ptr [rsp+0x20]
 [tid:1554385] ins:unpcklpd xmm8, xmmword ptr [rsp+0x20]
 [tid:1554385] reg:xmm8
 [tid:1554385] Exe fft_float
 [tid:1554385] INSTSELECTOR: instruction to be included unpcklpd xmm1, xmm1
 [tid:1554385] ins:unpcklpd xmm1, xmm1
 [tid:1554385] reg:xmm1
 [tid:1554385] Exe fft_float
 [tid:1554385] INSTSELECTOR: instruction to be included xor eax, eax
 [tid:1554385] ins:xor eax, eax
 [tid:1554385] reg:eax
 [tid:1554385] Exe fft_float
 [tid:1554385] Exe fft_float
 [tid:1554385] INSTSELECTOR: instruction to be included mov ecx, r12d
 [tid:1554385] ins:mov ecx, r12d
 [tid:1554385] reg:ecx
 [tid:1554385] Exe fft_float
 [tid:1554385] INSTSELECTOR: instruction to be included mov edx, eax
 [tid:1554385] ins:mov edx, eax
 [tid:1554385] reg:edx
 [tid:1554385] Exe fft_float
 [tid:1554385] INSTSELECTOR: instruction to be included movapd xmm0, xmm9
 [tid:1554385] ins:movapd xmm0, xmm9
 [tid:1554385] reg:xmm0
 [tid:1554385] Exe fft_float
 [tid:1554385] INSTSELECTOR: instruction to be included movapd xmm3, xmm8
 [tid:1554385] ins:movapd xmm3, xmm8
 [tid:1554385] reg:xmm3
 [tid:1554385] Exe fft_float
 [tid:1554385] Exe fft_float
 [tid:1554385] INSTSELECTOR: instruction to be included movapd xmm2, xmm0
 [tid:1554385] ins:movapd xmm2, xmm0
 [tid:1554385] reg:xmm2
 [tid:1554385] Exe fft_float
 [tid:1554385] INSTSELECTOR: instruction to be included movapd xmm0, xmm1
 [tid:1554385] ins:movapd xmm0, xmm1
 [tid:1554385] reg:xmm0
 [tid:1554385] Exe fft_float
 [tid:1554385] INSTSELECTOR: instruction to be included mulpd xmm0, xmm2
 [tid:1554385] ins:mulpd xmm0, xmm2
 [tid:1554385] reg:xmm0
 [tid:1554385] Exe fft_float
 [tid:1554385] INSTSELECTOR: instruction to be included lea esi, ptr [r12+rdx*1]
 [tid:1554385] ins:lea esi, ptr [r12+rdx*1]
 [tid:1554385] reg:esi
 [tid:1554385] Exe fft_float
 [tid:1554385] INSTSELECTOR: instruction to be included movss xmm4, dword ptr [r14+rsi*4]
 [tid:1554385] ins:movss xmm4, dword ptr [r14+rsi*4]
 [tid:1554385] reg:xmm4
 [tid:1554385] Exe fft_float
 [tid:1554385] INSTSELECTOR: instruction to be included cvtss2sd xmm4, xmm4
 [tid:1554385] ins:cvtss2sd xmm4, xmm4
 [tid:1554385] reg:xmm4
 [tid:1554385] Exe fft_float
 [tid:1554385] INSTSELECTOR: instruction to be included subpd xmm0, xmm3
 [tid:1554385] ins:subpd xmm0, xmm3
 [tid:1554385] reg:xmm0
 [tid:1554385] Exe fft_float
 [tid:1554385] INSTSELECTOR: instruction to be included movss xmm3, dword ptr [rbx+rsi*4]
 [tid:1554385] ins:movss xmm3, dword ptr [rbx+rsi*4]
 [tid:1554385] reg:xmm3
 [tid:1554385] Exe fft_float
 [tid:1554385] INSTSELECTOR: instruction to be included xorps xmm5, xmm5
 [tid:1554385] ins:xorps xmm5, xmm5
 [tid:1554385] reg:xmm5
 [tid:1554385] Exe fft_float
 [tid:1554385] INSTSELECTOR: instruction to be included cvtss2sd xmm5, xmm3
 [tid:1554385] ins:cvtss2sd xmm5, xmm3
 [tid:1554385] reg:xmm5
 [tid:1554385] Exe fft_float
 [tid:1554385] INSTSELECTOR: instruction to be included movapd xmm6, xmm0
 [tid:1554385] ins:movapd xmm6, xmm0
 [tid:1554385] reg:xmm6
 [tid:1554385] Exe fft_float
 [tid:1554385] INSTSELECTOR: instruction to be included movapd xmm3, xmm0
 [tid:1554385] ins:movapd xmm3, xmm0
 [tid:1554385] reg:xmm3
 [tid:1554385] Exe fft_float
 [tid:1554385] INSTSELECTOR: instruction to be included unpckhpd xmm3, xmm0
 [tid:1554385] ins:unpckhpd xmm3, xmm0
 [tid:1554385] reg:xmm3
 [tid:1554385] Exe fft_float
 [tid:1554385] INSTSELECTOR: instruction to be included mulsd xmm6, xmm5
 [tid:1554385] ins:mulsd xmm6, xmm5
 [tid:1554385] reg:xmm6
 [tid:1554385] Exe fft_float
 [tid:1554385] INSTSELECTOR: instruction to be included movapd xmm7, xmm3
 [tid:1554385] ins:movapd xmm7, xmm3
 [tid:1554385] reg:xmm7
 [tid:1554385] Exe fft_float
 [tid:1554385] INSTSELECTOR: instruction to be included mulsd xmm7, xmm4
 [tid:1554385] ins:mulsd xmm7, xmm4
 [tid:1554385] reg:xmm7
 [tid:1554385] Exe fft_float
 [tid:1554385] INSTSELECTOR: instruction to be included mov edi, edx
 [tid:1554385] ins:mov edi, edx
 [tid:1554385] reg:edi
 [tid:1554385] Exe fft_float
 [tid:1554385] INSTSELECTOR: instruction to be included subsd xmm7, xmm6
 [tid:1554385] ins:subsd xmm7, xmm6
 [tid:1554385] reg:xmm7
 [tid:1554385] Exe fft_float
 [tid:1554385] INSTSELECTOR: instruction to be included movss xmm6, dword ptr [r14+rdi*4]
 [tid:1554385] ins:movss xmm6, dword ptr [r14+rdi*4]
 [tid:1554385] reg:xmm6
 [tid:1554385] Exe fft_float
 [tid:1554385] INSTSELECTOR: instruction to be included cvtss2sd xmm6, xmm6
 [tid:1554385] ins:cvtss2sd xmm6, xmm6
 [tid:1554385] reg:xmm6
 [tid:1554385] Exe fft_float
 [tid:1554385] INSTSELECTOR: instruction to be included mulsd xmm3, xmm5
 [tid:1554385] ins:mulsd xmm3, xmm5
 [tid:1554385] reg:xmm3
 [tid:1554385] Exe fft_float
 [tid:1554385] INSTSELECTOR: instruction to be included subsd xmm6, xmm7
 [tid:1554385] ins:subsd xmm6, xmm7
 [tid:1554385] reg:xmm6
 [tid:1554385] Exe fft_float
 [tid:1554385] INSTSELECTOR: instruction to be included xorps xmm5, xmm5
 [tid:1554385] ins:xorps xmm5, xmm5
 [tid:1554385] reg:xmm5
 [tid:1554385] Exe fft_float
 [tid:1554385] INSTSELECTOR: instruction to be included cvtsd2ss xmm5, xmm6
 [tid:1554385] ins:cvtsd2ss xmm5, xmm6
 [tid:1554385] reg:xmm5
 [tid:1554385] Exe fft_float
 [tid:1554385] INSTSELECTOR: instruction to be included mulsd xmm4, xmm0
 [tid:1554385] ins:mulsd xmm4, xmm0
 [tid:1554385] reg:xmm4
 [tid:1554385] Exe fft_float
 [tid:1554385] Exe fft_float
 [tid:1554385] INSTSELECTOR: instruction to be included movss xmm5, dword ptr [rbx+rdi*4]
 [tid:1554385] ins:movss xmm5, dword ptr [rbx+rdi*4]
 [tid:1554385] reg:xmm5
 [tid:1554385] Exe fft_float
 [tid:1554385] INSTSELECTOR: instruction to be included cvtss2sd xmm5, xmm5
 [tid:1554385] ins:cvtss2sd xmm5, xmm5
 [tid:1554385] reg:xmm5
 [tid:1554385] Exe fft_float
 [tid:1554385] INSTSELECTOR: instruction to be included addsd xmm3, xmm4
 [tid:1554385] ins:addsd xmm3, xmm4
 [tid:1554385] reg:xmm3
 [tid:1554385] Exe fft_float
 [tid:1554385] INSTSELECTOR: instruction to be included subsd xmm5, xmm3
 [tid:1554385] ins:subsd xmm5, xmm3
 [tid:1554385] reg:xmm5
 [tid:1554385] Exe fft_float
 [tid:1554385] INSTSELECTOR: instruction to be included xorps xmm4, xmm4
 [tid:1554385] ins:xorps xmm4, xmm4
 [tid:1554385] reg:xmm4
 [tid:1554385] Exe fft_float
 [tid:1554385] INSTSELECTOR: instruction to be included cvtsd2ss xmm4, xmm5
 [tid:1554385] ins:cvtsd2ss xmm4, xmm5
 [tid:1554385] reg:xmm4
 [tid:1554385] Exe fft_float
 [tid:1554385] Exe fft_float
 [tid:1554385] INSTSELECTOR: instruction to be included movss xmm4, dword ptr [r14+rdi*4]
 [tid:1554385] ins:movss xmm4, dword ptr [r14+rdi*4]
 [tid:1554385] reg:xmm4
 [tid:1554385] Exe fft_float
 [tid:1554385] INSTSELECTOR: instruction to be included cvtss2sd xmm4, xmm4
 [tid:1554385] ins:cvtss2sd xmm4, xmm4
 [tid:1554385] reg:xmm4
 [tid:1554385] Exe fft_float
 [tid:1554385] INSTSELECTOR: instruction to be included addsd xmm4, xmm7
 [tid:1554385] ins:addsd xmm4, xmm7
 [tid:1554385] reg:xmm4
 [tid:1554385] Exe fft_float
 [tid:1554385] INSTSELECTOR: instruction to be included cvtsd2ss xmm4, xmm4
 [tid:1554385] ins:cvtsd2ss xmm4, xmm4
 [tid:1554385] reg:xmm4
 [tid:1554385] Exe fft_float
 [tid:1554385] Exe fft_float
 [tid:1554385] INSTSELECTOR: instruction to be included movss xmm4, dword ptr [rbx+rdi*4]
 [tid:1554385] ins:movss xmm4, dword ptr [rbx+rdi*4]
 [tid:1554385] reg:xmm4
 [tid:1554385] Exe fft_float
 [tid:1554385] INSTSELECTOR: instruction to be included cvtss2sd xmm4, xmm4
 [tid:1554385] ins:cvtss2sd xmm4, xmm4
 [tid:1554385] reg:xmm4
 [tid:1554385] Exe fft_float
 [tid:1554385] INSTSELECTOR: instruction to be included addsd xmm4, xmm3
 [tid:1554385] ins:addsd xmm4, xmm3
 [tid:1554385] reg:xmm4
 [tid:1554385] Exe fft_float
 [tid:1554385] INSTSELECTOR: instruction to be included xorps xmm3, xmm3
 [tid:1554385] ins:xorps xmm3, xmm3
 [tid:1554385] reg:xmm3
 [tid:1554385] Exe fft_float
 [tid:1554385] INSTSELECTOR: instruction to be included cvtsd2ss xmm3, xmm4
 [tid:1554385] ins:cvtsd2ss xmm3, xmm4
 [tid:1554385] reg:xmm3
 [tid:1554385] Exe fft_float
 [tid:1554385] Exe fft_float
 [tid:1554385] INSTSELECTOR: instruction to be included inc edx
 [tid:1554385] ins:inc edx
 [tid:1554385] reg:edx
 [tid:1554385] Exe fft_float
 [tid:1554385] INSTSELECTOR: instruction to be included movapd xmm3, xmm2
 [tid:1554385] ins:movapd xmm3, xmm2
 [tid:1554385] reg:xmm3
 [tid:1554385] Exe fft_float
 [tid:1554385] INSTSELECTOR: instruction to be included dec ecx
 [tid:1554385] ins:dec ecx
 [tid:1554385] reg:ecx
 [tid:1554385] Exe fft_float
 [tid:1554385] Exe fft_float
 [tid:1554385] INSTSELECTOR: instruction to be included add eax, r15d
 [tid:1554385] ins:add eax, r15d
 [tid:1554385] reg:eax
 [tid:1554385] Exe fft_float
 [tid:1554385] INSTSELECTOR: instruction to be included cmp eax, ebp
 [tid:1554385] ins:cmp eax, ebp
 [tid:1554385] reg:rflags
 [tid:1554385] Exe fft_float
 [tid:1554385] Exe fft_float
 [tid:1554385] INSTSELECTOR: instruction to be included mov ecx, r12d
 [tid:1554385] ins:mov ecx, r12d
 [tid:1554385] reg:ecx
 [tid:1554385] Exe fft_float
 [tid:1554385] INSTSELECTOR: instruction to be included mov edx, eax
 [tid:1554385] ins:mov edx, eax
 [tid:1554385] reg:edx
 [tid:1554385] Exe fft_float
 [tid:1554385] INSTSELECTOR: instruction to be included movapd xmm0, xmm9
 [tid:1554385] ins:movapd xmm0, xmm9
 [tid:1554385] reg:xmm0
 [tid:1554385] Exe fft_float
 [tid:1554385] INSTSELECTOR: instruction to be included movapd xmm3, xmm8
 [tid:1554385] ins:movapd xmm3, xmm8
 [tid:1554385] reg:xmm3
 [tid:1554385] Exe fft_float
 [tid:1554385] Exe fft_float
 [tid:1554385] INSTSELECTOR: instruction to be included movapd xmm2, xmm0
 [tid:1554385] ins:movapd xmm2, xmm0
 [tid:1554385] reg:xmm2
 [tid:1554385] Exe fft_float
 [tid:1554385] INSTSELECTOR: instruction to be included movapd xmm0, xmm1
 [tid:1554385] ins:movapd xmm0, xmm1
 [tid:1554385] reg:xmm0
 [tid:1554385] Exe fft_float
 [tid:1554385] INSTSELECTOR: instruction to be included mulpd xmm0, xmm2
 [tid:1554385] ins:mulpd xmm0, xmm2
 [tid:1554385] reg:xmm0
 [tid:1554385] Exe fft_float
 [tid:1554385] INSTSELECTOR: instruction to be included lea esi, ptr [r12+rdx*1]
 [tid:1554385] ins:lea esi, ptr [r12+rdx*1]
 [tid:1554385] reg:esi
 [tid:1554385] Exe fft_float
 [tid:1554385] INSTSELECTOR: instruction to be included movss xmm4, dword ptr [r14+rsi*4]
 [tid:1554385] ins:movss xmm4, dword ptr [r14+rsi*4]
 [tid:1554385] reg:xmm4
 [tid:1554385] Exe fft_float
 [tid:1554385] INSTSELECTOR: instruction to be included cvtss2sd xmm4, xmm4
 [tid:1554385] ins:cvtss2sd xmm4, xmm4
 [tid:1554385] reg:xmm4
 [tid:1554385] Exe fft_float
 [tid:1554385] INSTSELECTOR: instruction to be included subpd xmm0, xmm3
 [tid:1554385] ins:subpd xmm0, xmm3
 [tid:1554385] reg:xmm0
 [tid:1554385] Exe fft_float
 [tid:1554385] INSTSELECTOR: instruction to be included movss xmm3, dword ptr [rbx+rsi*4]
 [tid:1554385] ins:movss xmm3, dword ptr [rbx+rsi*4]
 [tid:1554385] reg:xmm3
 [tid:1554385] Exe fft_float
 [tid:1554385] INSTSELECTOR: instruction to be included xorps xmm5, xmm5
 [tid:1554385] ins:xorps xmm5, xmm5
 [tid:1554385] reg:xmm5
 [tid:1554385] Exe fft_float
 [tid:1554385] INSTSELECTOR: instruction to be included cvtss2sd xmm5, xmm3
 [tid:1554385] ins:cvtss2sd xmm5, xmm3
 [tid:1554385] reg:xmm5
 [tid:1554385] Exe fft_float
 [tid:1554385] INSTSELECTOR: instruction to be included movapd xmm6, xmm0
 [tid:1554385] ins:movapd xmm6, xmm0
 [tid:1554385] reg:xmm6
 [tid:1554385] Exe fft_float
 [tid:1554385] INSTSELECTOR: instruction to be included movapd xmm3, xmm0
 [tid:1554385] ins:movapd xmm3, xmm0
 [tid:1554385] reg:xmm3
 [tid:1554385] Exe fft_float
 [tid:1554385] INSTSELECTOR: instruction to be included unpckhpd xmm3, xmm0
 [tid:1554385] ins:unpckhpd xmm3, xmm0
 [tid:1554385] reg:xmm3
 [tid:1554385] Exe fft_float
 [tid:1554385] INSTSELECTOR: instruction to be included mulsd xmm6, xmm5
 [tid:1554385] ins:mulsd xmm6, xmm5
 [tid:1554385] reg:xmm6
 [tid:1554385] Exe fft_float
 [tid:1554385] INSTSELECTOR: instruction to be included movapd xmm7, xmm3
 [tid:1554385] ins:movapd xmm7, xmm3
 [tid:1554385] reg:xmm7
 [tid:1554385] Exe fft_float
 [tid:1554385] INSTSELECTOR: instruction to be included mulsd xmm7, xmm4
 [tid:1554385] ins:mulsd xmm7, xmm4
 [tid:1554385] reg:xmm7
 [tid:1554385] Exe fft_float
 [tid:1554385] INSTSELECTOR: instruction to be included mov edi, edx
 [tid:1554385] ins:mov edi, edx
 [tid:1554385] reg:edi
 [tid:1554385] Exe fft_float
 [tid:1554385] INSTSELECTOR: instruction to be included subsd xmm7, xmm6
 [tid:1554385] ins:subsd xmm7, xmm6
 [tid:1554385] reg:xmm7
 [tid:1554385] Exe fft_float
 [tid:1554385] INSTSELECTOR: instruction to be included movss xmm6, dword ptr [r14+rdi*4]
 [tid:1554385] ins:movss xmm6, dword ptr [r14+rdi*4]
 [tid:1554385] reg:xmm6
 [tid:1554385] Exe fft_float
 [tid:1554385] INSTSELECTOR: instruction to be included cvtss2sd xmm6, xmm6
 [tid:1554385] ins:cvtss2sd xmm6, xmm6
 [tid:1554385] reg:xmm6
 [tid:1554385] Exe fft_float
 [tid:1554385] INSTSELECTOR: instruction to be included mulsd xmm3, xmm5
 [tid:1554385] ins:mulsd xmm3, xmm5
 [tid:1554385] reg:xmm3
 [tid:1554385] Exe fft_float
 [tid:1554385] INSTSELECTOR: instruction to be included subsd xmm6, xmm7
 [tid:1554385] ins:subsd xmm6, xmm7
 [tid:1554385] reg:xmm6
 [tid:1554385] Exe fft_float
 [tid:1554385] INSTSELECTOR: instruction to be included xorps xmm5, xmm5
 [tid:1554385] ins:xorps xmm5, xmm5
 [tid:1554385] reg:xmm5
 [tid:1554385] Exe fft_float
 [tid:1554385] INSTSELECTOR: instruction to be included cvtsd2ss xmm5, xmm6
 [tid:1554385] ins:cvtsd2ss xmm5, xmm6
 [tid:1554385] reg:xmm5
 [tid:1554385] Exe fft_float
 [tid:1554385] INSTSELECTOR: instruction to be included mulsd xmm4, xmm0
 [tid:1554385] ins:mulsd xmm4, xmm0
 [tid:1554385] reg:xmm4
 [tid:1554385] Exe fft_float
 [tid:1554385] Exe fft_float
 [tid:1554385] INSTSELECTOR: instruction to be included movss xmm5, dword ptr [rbx+rdi*4]
 [tid:1554385] ins:movss xmm5, dword ptr [rbx+rdi*4]
 [tid:1554385] reg:xmm5
 [tid:1554385] Exe fft_float
 [tid:1554385] INSTSELECTOR: instruction to be included cvtss2sd xmm5, xmm5
 [tid:1554385] ins:cvtss2sd xmm5, xmm5
 [tid:1554385] reg:xmm5
 [tid:1554385] Exe fft_float
 [tid:1554385] INSTSELECTOR: instruction to be included addsd xmm3, xmm4
 [tid:1554385] ins:addsd xmm3, xmm4
 [tid:1554385] reg:xmm3
 [tid:1554385] Exe fft_float
 [tid:1554385] INSTSELECTOR: instruction to be included subsd xmm5, xmm3
 [tid:1554385] ins:subsd xmm5, xmm3
 [tid:1554385] reg:xmm5
 [tid:1554385] Exe fft_float
 [tid:1554385] INSTSELECTOR: instruction to be included xorps xmm4, xmm4
 [tid:1554385] ins:xorps xmm4, xmm4
 [tid:1554385] reg:xmm4
 [tid:1554385] Exe fft_float
 [tid:1554385] INSTSELECTOR: instruction to be included cvtsd2ss xmm4, xmm5
 [tid:1554385] ins:cvtsd2ss xmm4, xmm5
 [tid:1554385] reg:xmm4
 [tid:1554385] Exe fft_float
 [tid:1554385] Exe fft_float
 [tid:1554385] INSTSELECTOR: instruction to be included movss xmm4, dword ptr [r14+rdi*4]
 [tid:1554385] ins:movss xmm4, dword ptr [r14+rdi*4]
 [tid:1554385] reg:xmm4
 [tid:1554385] Exe fft_float
 [tid:1554385] INSTSELECTOR: instruction to be included cvtss2sd xmm4, xmm4
 [tid:1554385] ins:cvtss2sd xmm4, xmm4
 [tid:1554385] reg:xmm4
 [tid:1554385] Exe fft_float
 [tid:1554385] INSTSELECTOR: instruction to be included addsd xmm4, xmm7
 [tid:1554385] ins:addsd xmm4, xmm7
 [tid:1554385] reg:xmm4
 [tid:1554385] Exe fft_float
 [tid:1554385] INSTSELECTOR: instruction to be included cvtsd2ss xmm4, xmm4
 [tid:1554385] ins:cvtsd2ss xmm4, xmm4
 [tid:1554385] reg:xmm4
 [tid:1554385] Exe fft_float
 [tid:1554385] Exe fft_float
 [tid:1554385] INSTSELECTOR: instruction to be included movss xmm4, dword ptr [rbx+rdi*4]
 [tid:1554385] ins:movss xmm4, dword ptr [rbx+rdi*4]
 [tid:1554385] reg:xmm4
 [tid:1554385] Exe fft_float
 [tid:1554385] INSTSELECTOR: instruction to be included cvtss2sd xmm4, xmm4
 [tid:1554385] ins:cvtss2sd xmm4, xmm4
 [tid:1554385] reg:xmm4
 [tid:1554385] Exe fft_float
 [tid:1554385] INSTSELECTOR: instruction to be included addsd xmm4, xmm3
 [tid:1554385] ins:addsd xmm4, xmm3
 [tid:1554385] reg:xmm4
 [tid:1554385] Exe fft_float
 [tid:1554385] INSTSELECTOR: instruction to be included xorps xmm3, xmm3
 [tid:1554385] ins:xorps xmm3, xmm3
 [tid:1554385] reg:xmm3
 [tid:1554385] Exe fft_float
 [tid:1554385] INSTSELECTOR: instruction to be included cvtsd2ss xmm3, xmm4
 [tid:1554385] ins:cvtsd2ss xmm3, xmm4
 [tid:1554385] reg:xmm3
 [tid:1554385] Exe fft_float
 [tid:1554385] Exe fft_float
 [tid:1554385] INSTSELECTOR: instruction to be included inc edx
 [tid:1554385] ins:inc edx
 [tid:1554385] reg:edx
 [tid:1554385] Exe fft_float
 [tid:1554385] INSTSELECTOR: instruction to be included movapd xmm3, xmm2
 [tid:1554385] ins:movapd xmm3, xmm2
 [tid:1554385] reg:xmm3
 [tid:1554385] Exe fft_float
 [tid:1554385] INSTSELECTOR: instruction to be included dec ecx
 [tid:1554385] ins:dec ecx
 [tid:1554385] reg:ecx
 [tid:1554385] Exe fft_float
 [tid:1554385] Exe fft_float
 [tid:1554385] INSTSELECTOR: instruction to be included add eax, r15d
 [tid:1554385] ins:add eax, r15d
 [tid:1554385] reg:eax
 [tid:1554385] Exe fft_float
 [tid:1554385] INSTSELECTOR: instruction to be included cmp eax, ebp
 [tid:1554385] ins:cmp eax, ebp
 [tid:1554385] reg:rflags
 [tid:1554385] Exe fft_float
 [tid:1554385] Exe fft_float
 [tid:1554385] Exe fft_float
 [tid:1554385] INSTSELECTOR: instruction to be included lea eax, ptr [r15+r15*1]
 [tid:1554385] ins:lea eax, ptr [r15+r15*1]
 [tid:1554385] reg:eax
 [tid:1554385] Exe fft_float
 [tid:1554385] INSTSELECTOR: instruction to be included mov r12d, r15d
 [tid:1554385] ins:mov r12d, r15d
 [tid:1554385] reg:r12d
 [tid:1554385] Exe fft_float
 [tid:1554385] INSTSELECTOR: instruction to be included cmp eax, ebp
 [tid:1554385] ins:cmp eax, ebp
 [tid:1554385] reg:rflags
 [tid:1554385] Exe fft_float
 [tid:1554385] Exe fft_float
 [tid:1554385] INSTSELECTOR: instruction to be included mov r15d, eax
 [tid:1554385] ins:mov r15d, eax
 [tid:1554385] reg:r15d
 [tid:1554385] Exe fft_float
 [tid:1554385] INSTSELECTOR: instruction to be included mov eax, eax
 [tid:1554385] ins:mov eax, eax
 [tid:1554385] reg:eax
 [tid:1554385] Exe fft_float
 [tid:1554385] INSTSELECTOR: instruction to be included xorps xmm0, xmm0
 [tid:1554385] ins:xorps xmm0, xmm0
 [tid:1554385] reg:xmm0
 [tid:1554385] Exe fft_float
 [tid:1554385] INSTSELECTOR: instruction to be included cvtsi2sd xmm0, rax
 [tid:1554385] ins:cvtsi2sd xmm0, rax
 [tid:1554385] reg:xmm0
 [tid:1554385] Exe fft_float
 [tid:1554385] INSTSELECTOR: instruction to be included movsd xmm1, qword ptr [rsp+0x38]
 [tid:1554385] ins:movsd xmm1, qword ptr [rsp+0x38]
 [tid:1554385] reg:xmm1
 [tid:1554385] Exe fft_float
 [tid:1554385] INSTSELECTOR: instruction to be included divsd xmm1, xmm0
 [tid:1554385] ins:divsd xmm1, xmm0
 [tid:1554385] reg:xmm1
 [tid:1554385] Exe fft_float
 [tid:1554385] Exe fft_float
 [tid:1554385] INSTSELECTOR: instruction to be included movapd xmm0, xmm1
 [tid:1554385] ins:movapd xmm0, xmm1
 [tid:1554385] reg:xmm0
 [tid:1554385] Exe fft_float
 [tid:1554385] INSTSELECTOR: instruction to be included mulsd xmm0, qword ptr [rip+0x4c8]
 [tid:1554385] ins:mulsd xmm0, qword ptr [rip+0x4c8]
 [tid:1554385] reg:xmm0
 [tid:1554385] Exe fft_float
 [tid:1554385] Exe fft_float
 [tid:1554385] Exe fft_float
 [tid:1554385] INSTSELECTOR: instruction to be included movapd xmm2, xmm0
 [tid:1554385] ins:movapd xmm2, xmm0
 [tid:1554385] reg:xmm2
 [tid:1554385] Exe fft_float
 [tid:1554385] INSTSELECTOR: instruction to be included movapd xmm0, xmm1
 [tid:1554385] ins:movapd xmm0, xmm1
 [tid:1554385] reg:xmm0
 [tid:1554385] Exe fft_float
 [tid:1554385] INSTSELECTOR: instruction to be included mulpd xmm0, xmm2
 [tid:1554385] ins:mulpd xmm0, xmm2
 [tid:1554385] reg:xmm0
 [tid:1554385] Exe fft_float
 [tid:1554385] INSTSELECTOR: instruction to be included lea esi, ptr [r12+rdx*1]
 [tid:1554385] ins:lea esi, ptr [r12+rdx*1]
 [tid:1554385] reg:esi
 [tid:1554385] Exe fft_float
 [tid:1554385] INSTSELECTOR: instruction to be included movss xmm4, dword ptr [r14+rsi*4]
 [tid:1554385] ins:movss xmm4, dword ptr [r14+rsi*4]
 [tid:1554385] reg:xmm4
 [tid:1554385] Exe fft_float
 [tid:1554385] INSTSELECTOR: instruction to be included cvtss2sd xmm4, xmm4
 [tid:1554385] ins:cvtss2sd xmm4, xmm4
 [tid:1554385] reg:xmm4
 [tid:1554385] Exe fft_float
 [tid:1554385] INSTSELECTOR: instruction to be included subpd xmm0, xmm3
 [tid:1554385] ins:subpd xmm0, xmm3
 [tid:1554385] reg:xmm0
 [tid:1554385] Exe fft_float
 [tid:1554385] INSTSELECTOR: instruction to be included movss xmm3, dword ptr [rbx+rsi*4]
 [tid:1554385] ins:movss xmm3, dword ptr [rbx+rsi*4]
 [tid:1554385] reg:xmm3
 [tid:1554385] Exe fft_float
 [tid:1554385] INSTSELECTOR: instruction to be included xorps xmm5, xmm5
 [tid:1554385] ins:xorps xmm5, xmm5
 [tid:1554385] reg:xmm5
 [tid:1554385] Exe fft_float
 [tid:1554385] INSTSELECTOR: instruction to be included cvtss2sd xmm5, xmm3
 [tid:1554385] ins:cvtss2sd xmm5, xmm3
 [tid:1554385] reg:xmm5
 [tid:1554385] Exe fft_float
 [tid:1554385] INSTSELECTOR: instruction to be included movapd xmm6, xmm0
 [tid:1554385] ins:movapd xmm6, xmm0
 [tid:1554385] reg:xmm6
 [tid:1554385] Exe fft_float
 [tid:1554385] INSTSELECTOR: instruction to be included movapd xmm3, xmm0
 [tid:1554385] ins:movapd xmm3, xmm0
 [tid:1554385] reg:xmm3
 [tid:1554385] Exe fft_float
 [tid:1554385] INSTSELECTOR: instruction to be included unpckhpd xmm3, xmm0
 [tid:1554385] ins:unpckhpd xmm3, xmm0
 [tid:1554385] reg:xmm3
 [tid:1554385] Exe fft_float
 [tid:1554385] INSTSELECTOR: instruction to be included mulsd xmm6, xmm5
 [tid:1554385] ins:mulsd xmm6, xmm5
 [tid:1554385] reg:xmm6
 [tid:1554385] Exe fft_float
 [tid:1554385] INSTSELECTOR: instruction to be included movapd xmm7, xmm3
 [tid:1554385] ins:movapd xmm7, xmm3
 [tid:1554385] reg:xmm7
 [tid:1554385] Exe fft_float
 [tid:1554385] INSTSELECTOR: instruction to be included mulsd xmm7, xmm4
 [tid:1554385] ins:mulsd xmm7, xmm4
 [tid:1554385] reg:xmm7
 [tid:1554385] Exe fft_float
 [tid:1554385] INSTSELECTOR: instruction to be included mov edi, edx
 [tid:1554385] ins:mov edi, edx
 [tid:1554385] reg:edi
 [tid:1554385] Exe fft_float
 [tid:1554385] INSTSELECTOR: instruction to be included subsd xmm7, xmm6
 [tid:1554385] ins:subsd xmm7, xmm6
 [tid:1554385] reg:xmm7
 [tid:1554385] Exe fft_float
 [tid:1554385] INSTSELECTOR: instruction to be included movss xmm6, dword ptr [r14+rdi*4]
 [tid:1554385] ins:movss xmm6, dword ptr [r14+rdi*4]
 [tid:1554385] reg:xmm6
 [tid:1554385] Exe fft_float
 [tid:1554385] INSTSELECTOR: instruction to be included cvtss2sd xmm6, xmm6
 [tid:1554385] ins:cvtss2sd xmm6, xmm6
 [tid:1554385] reg:xmm6
 [tid:1554385] Exe fft_float
 [tid:1554385] INSTSELECTOR: instruction to be included mulsd xmm3, xmm5
 [tid:1554385] ins:mulsd xmm3, xmm5
 [tid:1554385] reg:xmm3
 [tid:1554385] Exe fft_float
 [tid:1554385] INSTSELECTOR: instruction to be included subsd xmm6, xmm7
 [tid:1554385] ins:subsd xmm6, xmm7
 [tid:1554385] reg:xmm6
 [tid:1554385] Exe fft_float
 [tid:1554385] INSTSELECTOR: instruction to be included xorps xmm5, xmm5
 [tid:1554385] ins:xorps xmm5, xmm5
 [tid:1554385] reg:xmm5
 [tid:1554385] Exe fft_float
 [tid:1554385] INSTSELECTOR: instruction to be included cvtsd2ss xmm5, xmm6
 [tid:1554385] ins:cvtsd2ss xmm5, xmm6
 [tid:1554385] reg:xmm5
 [tid:1554385] Exe fft_float
 [tid:1554385] INSTSELECTOR: instruction to be included mulsd xmm4, xmm0
 [tid:1554385] ins:mulsd xmm4, xmm0
 [tid:1554385] reg:xmm4
 [tid:1554385] Exe fft_float
 [tid:1554385] Exe fft_float
 [tid:1554385] INSTSELECTOR: instruction to be included movss xmm5, dword ptr [rbx+rdi*4]
 [tid:1554385] ins:movss xmm5, dword ptr [rbx+rdi*4]
 [tid:1554385] reg:xmm5
 [tid:1554385] Exe fft_float
 [tid:1554385] INSTSELECTOR: instruction to be included cvtss2sd xmm5, xmm5
 [tid:1554385] ins:cvtss2sd xmm5, xmm5
 [tid:1554385] reg:xmm5
 [tid:1554385] Exe fft_float
 [tid:1554385] INSTSELECTOR: instruction to be included addsd xmm3, xmm4
 [tid:1554385] ins:addsd xmm3, xmm4
 [tid:1554385] reg:xmm3
 [tid:1554385] Exe fft_float
 [tid:1554385] INSTSELECTOR: instruction to be included subsd xmm5, xmm3
 [tid:1554385] ins:subsd xmm5, xmm3
 [tid:1554385] reg:xmm5
 [tid:1554385] Exe fft_float
 [tid:1554385] INSTSELECTOR: instruction to be included xorps xmm4, xmm4
 [tid:1554385] ins:xorps xmm4, xmm4
 [tid:1554385] reg:xmm4
 [tid:1554385] Exe fft_float
 [tid:1554385] INSTSELECTOR: instruction to be included cvtsd2ss xmm4, xmm5
 [tid:1554385] ins:cvtsd2ss xmm4, xmm5
 [tid:1554385] reg:xmm4
 [tid:1554385] Exe fft_float
 [tid:1554385] Exe fft_float
 [tid:1554385] INSTSELECTOR: instruction to be included movss xmm4, dword ptr [r14+rdi*4]
 [tid:1554385] ins:movss xmm4, dword ptr [r14+rdi*4]
 [tid:1554385] reg:xmm4
 [tid:1554385] Exe fft_float
 [tid:1554385] INSTSELECTOR: instruction to be included cvtss2sd xmm4, xmm4
 [tid:1554385] ins:cvtss2sd xmm4, xmm4
 [tid:1554385] reg:xmm4
 [tid:1554385] Exe fft_float
 [tid:1554385] INSTSELECTOR: instruction to be included addsd xmm4, xmm7
 [tid:1554385] ins:addsd xmm4, xmm7
 [tid:1554385] reg:xmm4
 [tid:1554385] Exe fft_float
 [tid:1554385] INSTSELECTOR: instruction to be included cvtsd2ss xmm4, xmm4
 [tid:1554385] ins:cvtsd2ss xmm4, xmm4
 [tid:1554385] reg:xmm4
 [tid:1554385] Exe fft_float
 [tid:1554385] Exe fft_float
 [tid:1554385] INSTSELECTOR: instruction to be included movss xmm4, dword ptr [rbx+rdi*4]
 [tid:1554385] ins:movss xmm4, dword ptr [rbx+rdi*4]
 [tid:1554385] reg:xmm4
 [tid:1554385] Exe fft_float
 [tid:1554385] INSTSELECTOR: instruction to be included cvtss2sd xmm4, xmm4
 [tid:1554385] ins:cvtss2sd xmm4, xmm4
 [tid:1554385] reg:xmm4
 [tid:1554385] Exe fft_float
 [tid:1554385] INSTSELECTOR: instruction to be included addsd xmm4, xmm3
 [tid:1554385] ins:addsd xmm4, xmm3
 [tid:1554385] reg:xmm4
 [tid:1554385] Exe fft_float
 [tid:1554385] INSTSELECTOR: instruction to be included xorps xmm3, xmm3
 [tid:1554385] ins:xorps xmm3, xmm3
 [tid:1554385] reg:xmm3
 [tid:1554385] Exe fft_float
 [tid:1554385] INSTSELECTOR: instruction to be included cvtsd2ss xmm3, xmm4
 [tid:1554385] ins:cvtsd2ss xmm3, xmm4
 [tid:1554385] reg:xmm3
 [tid:1554385] Exe fft_float
 [tid:1554385] Exe fft_float
 [tid:1554385] INSTSELECTOR: instruction to be included inc edx
 [tid:1554385] ins:inc edx
 [tid:1554385] reg:edx
 [tid:1554385] Exe fft_float
 [tid:1554385] INSTSELECTOR: instruction to be included movapd xmm3, xmm2
 [tid:1554385] ins:movapd xmm3, xmm2
 [tid:1554385] reg:xmm3
 [tid:1554385] Exe fft_float
 [tid:1554385] INSTSELECTOR: instruction to be included dec ecx
 [tid:1554385] ins:dec ecx
 [tid:1554385] reg:ecx
 [tid:1554385] Exe fft_float
 [tid:1554385] Exe fft_float
 [tid:1554385] INSTSELECTOR: instruction to be included add eax, r15d
 [tid:1554385] ins:add eax, r15d
 [tid:1554385] reg:eax
 [tid:1554385] Exe fft_float
 [tid:1554385] INSTSELECTOR: instruction to be included cmp eax, ebp
 [tid:1554385] ins:cmp eax, ebp
 [tid:1554385] reg:rflags
 [tid:1554385] Exe fft_float
 [tid:1554385] Exe fft_float
 [tid:1554385] Exe fft_float
 [tid:1554385] INSTSELECTOR: instruction to be included test r12d, r12d
 [tid:1554385] ins:test r12d, r12d
 [tid:1554385] reg:rflags
 [tid:1554385] Exe fft_float
 [tid:1554385] Exe fft_float
 [tid:1554385] INSTSELECTOR: instruction to be included movapd xmm1, xmm0
 [tid:1554385] ins:movapd xmm1, xmm0
 [tid:1554385] reg:xmm1
 [tid:1554385] Exe fft_float
 [tid:1554385] INSTSELECTOR: instruction to be included addsd xmm1, xmm0
 [tid:1554385] ins:addsd xmm1, xmm0
 [tid:1554385] reg:xmm1
 [tid:1554385] Exe fft_float
 [tid:1554385] INSTSELECTOR: instruction to be included movapd xmm9, xmmword ptr [rsp+0x40]
 [tid:1554385] ins:movapd xmm9, xmmword ptr [rsp+0x40]
 [tid:1554385] reg:xmm9
 [tid:1554385] Exe fft_float
 [tid:1554385] INSTSELECTOR: instruction to be included unpcklpd xmm9, xmm0
 [tid:1554385] ins:unpcklpd xmm9, xmm0
 [tid:1554385] reg:xmm9
 [tid:1554385] Exe fft_float
 [tid:1554385] INSTSELECTOR: instruction to be included movapd xmm8, xmmword ptr [rsp+0x50]
 [tid:1554385] ins:movapd xmm8, xmmword ptr [rsp+0x50]
 [tid:1554385] reg:xmm8
 [tid:1554385] Exe fft_float
 [tid:1554385] INSTSELECTOR: instruction to be included unpcklpd xmm8, xmmword ptr [rsp+0x20]
 [tid:1554385] ins:unpcklpd xmm8, xmmword ptr [rsp+0x20]
 [tid:1554385] reg:xmm8
 [tid:1554385] Exe fft_float
 [tid:1554385] INSTSELECTOR: instruction to be included unpcklpd xmm1, xmm1
 [tid:1554385] ins:unpcklpd xmm1, xmm1
 [tid:1554385] reg:xmm1
 [tid:1554385] Exe fft_float
 [tid:1554385] INSTSELECTOR: instruction to be included xor eax, eax
 [tid:1554385] ins:xor eax, eax
 [tid:1554385] reg:eax
 [tid:1554385] Exe fft_float
 [tid:1554385] Exe fft_float
 [tid:1554385] INSTSELECTOR: instruction to be included mov ecx, r12d
 [tid:1554385] ins:mov ecx, r12d
 [tid:1554385] reg:ecx
 [tid:1554385] Exe fft_float
 [tid:1554385] INSTSELECTOR: instruction to be included mov edx, eax
 [tid:1554385] ins:mov edx, eax
 [tid:1554385] reg:edx
 [tid:1554385] Exe fft_float
 [tid:1554385] INSTSELECTOR: instruction to be included movapd xmm0, xmm9
 [tid:1554385] ins:movapd xmm0, xmm9
 [tid:1554385] reg:xmm0
 [tid:1554385] Exe fft_float
 [tid:1554385] INSTSELECTOR: instruction to be included movapd xmm3, xmm8
 [tid:1554385] ins:movapd xmm3, xmm8
 [tid:1554385] reg:xmm3
 [tid:1554385] Exe fft_float
 [tid:1554385] Exe fft_float
 [tid:1554385] INSTSELECTOR: instruction to be included movapd xmm2, xmm0
 [tid:1554385] ins:movapd xmm2, xmm0
 [tid:1554385] reg:xmm2
 [tid:1554385] Exe fft_float
 [tid:1554385] INSTSELECTOR: instruction to be included movapd xmm0, xmm1
 [tid:1554385] ins:movapd xmm0, xmm1
 [tid:1554385] reg:xmm0
 [tid:1554385] Exe fft_float
 [tid:1554385] INSTSELECTOR: instruction to be included mulpd xmm0, xmm2
 [tid:1554385] ins:mulpd xmm0, xmm2
 [tid:1554385] reg:xmm0
 [tid:1554385] Exe fft_float
 [tid:1554385] INSTSELECTOR: instruction to be included lea esi, ptr [r12+rdx*1]
 [tid:1554385] ins:lea esi, ptr [r12+rdx*1]
 [tid:1554385] reg:esi
 [tid:1554385] Exe fft_float
 [tid:1554385] INSTSELECTOR: instruction to be included movss xmm4, dword ptr [r14+rsi*4]
 [tid:1554385] ins:movss xmm4, dword ptr [r14+rsi*4]
 [tid:1554385] reg:xmm4
 [tid:1554385] Exe fft_float
 [tid:1554385] INSTSELECTOR: instruction to be included cvtss2sd xmm4, xmm4
 [tid:1554385] ins:cvtss2sd xmm4, xmm4
 [tid:1554385] reg:xmm4
 [tid:1554385] Exe fft_float
 [tid:1554385] INSTSELECTOR: instruction to be included subpd xmm0, xmm3
 [tid:1554385] ins:subpd xmm0, xmm3
 [tid:1554385] reg:xmm0
 [tid:1554385] Exe fft_float
 [tid:1554385] INSTSELECTOR: instruction to be included movss xmm3, dword ptr [rbx+rsi*4]
 [tid:1554385] ins:movss xmm3, dword ptr [rbx+rsi*4]
 [tid:1554385] reg:xmm3
 [tid:1554385] Exe fft_float
 [tid:1554385] INSTSELECTOR: instruction to be included xorps xmm5, xmm5
 [tid:1554385] ins:xorps xmm5, xmm5
 [tid:1554385] reg:xmm5
 [tid:1554385] Exe fft_float
 [tid:1554385] INSTSELECTOR: instruction to be included cvtss2sd xmm5, xmm3
 [tid:1554385] ins:cvtss2sd xmm5, xmm3
 [tid:1554385] reg:xmm5
 [tid:1554385] Exe fft_float
 [tid:1554385] INSTSELECTOR: instruction to be included movapd xmm6, xmm0
 [tid:1554385] ins:movapd xmm6, xmm0
 [tid:1554385] reg:xmm6
 [tid:1554385] Exe fft_float
 [tid:1554385] INSTSELECTOR: instruction to be included movapd xmm3, xmm0
 [tid:1554385] ins:movapd xmm3, xmm0
 [tid:1554385] reg:xmm3
 [tid:1554385] Exe fft_float
 [tid:1554385] INSTSELECTOR: instruction to be included unpckhpd xmm3, xmm0
 [tid:1554385] ins:unpckhpd xmm3, xmm0
 [tid:1554385] reg:xmm3
 [tid:1554385] Exe fft_float
 [tid:1554385] INSTSELECTOR: instruction to be included mulsd xmm6, xmm5
 [tid:1554385] ins:mulsd xmm6, xmm5
 [tid:1554385] reg:xmm6
 [tid:1554385] Exe fft_float
 [tid:1554385] INSTSELECTOR: instruction to be included movapd xmm7, xmm3
 [tid:1554385] ins:movapd xmm7, xmm3
 [tid:1554385] reg:xmm7
 [tid:1554385] Exe fft_float
 [tid:1554385] INSTSELECTOR: instruction to be included mulsd xmm7, xmm4
 [tid:1554385] ins:mulsd xmm7, xmm4
 [tid:1554385] reg:xmm7
 [tid:1554385] Exe fft_float
 [tid:1554385] INSTSELECTOR: instruction to be included mov edi, edx
 [tid:1554385] ins:mov edi, edx
 [tid:1554385] reg:edi
 [tid:1554385] Exe fft_float
 [tid:1554385] INSTSELECTOR: instruction to be included subsd xmm7, xmm6
 [tid:1554385] ins:subsd xmm7, xmm6
 [tid:1554385] reg:xmm7
 [tid:1554385] Exe fft_float
 [tid:1554385] INSTSELECTOR: instruction to be included movss xmm6, dword ptr [r14+rdi*4]
 [tid:1554385] ins:movss xmm6, dword ptr [r14+rdi*4]
 [tid:1554385] reg:xmm6
 [tid:1554385] Exe fft_float
 [tid:1554385] INSTSELECTOR: instruction to be included cvtss2sd xmm6, xmm6
 [tid:1554385] ins:cvtss2sd xmm6, xmm6
 [tid:1554385] reg:xmm6
 [tid:1554385] Exe fft_float
 [tid:1554385] INSTSELECTOR: instruction to be included mulsd xmm3, xmm5
 [tid:1554385] ins:mulsd xmm3, xmm5
 [tid:1554385] reg:xmm3
 [tid:1554385] Exe fft_float
 [tid:1554385] INSTSELECTOR: instruction to be included subsd xmm6, xmm7
 [tid:1554385] ins:subsd xmm6, xmm7
 [tid:1554385] reg:xmm6
 [tid:1554385] Exe fft_float
 [tid:1554385] INSTSELECTOR: instruction to be included xorps xmm5, xmm5
 [tid:1554385] ins:xorps xmm5, xmm5
 [tid:1554385] reg:xmm5
 [tid:1554385] Exe fft_float
 [tid:1554385] INSTSELECTOR: instruction to be included cvtsd2ss xmm5, xmm6
 [tid:1554385] ins:cvtsd2ss xmm5, xmm6
 [tid:1554385] reg:xmm5
 [tid:1554385] Exe fft_float
 [tid:1554385] INSTSELECTOR: instruction to be included mulsd xmm4, xmm0
 [tid:1554385] ins:mulsd xmm4, xmm0
 [tid:1554385] reg:xmm4
 [tid:1554385] Exe fft_float
 [tid:1554385] Exe fft_float
 [tid:1554385] INSTSELECTOR: instruction to be included movss xmm5, dword ptr [rbx+rdi*4]
 [tid:1554385] ins:movss xmm5, dword ptr [rbx+rdi*4]
 [tid:1554385] reg:xmm5
 [tid:1554385] Exe fft_float
 [tid:1554385] INSTSELECTOR: instruction to be included cvtss2sd xmm5, xmm5
 [tid:1554385] ins:cvtss2sd xmm5, xmm5
 [tid:1554385] reg:xmm5
 [tid:1554385] Exe fft_float
 [tid:1554385] INSTSELECTOR: instruction to be included addsd xmm3, xmm4
 [tid:1554385] ins:addsd xmm3, xmm4
 [tid:1554385] reg:xmm3
 [tid:1554385] Exe fft_float
 [tid:1554385] INSTSELECTOR: instruction to be included subsd xmm5, xmm3
 [tid:1554385] ins:subsd xmm5, xmm3
 [tid:1554385] reg:xmm5
 [tid:1554385] Exe fft_float
 [tid:1554385] INSTSELECTOR: instruction to be included xorps xmm4, xmm4
 [tid:1554385] ins:xorps xmm4, xmm4
 [tid:1554385] reg:xmm4
 [tid:1554385] Exe fft_float
 [tid:1554385] INSTSELECTOR: instruction to be included cvtsd2ss xmm4, xmm5
 [tid:1554385] ins:cvtsd2ss xmm4, xmm5
 [tid:1554385] reg:xmm4
 [tid:1554385] Exe fft_float
 [tid:1554385] Exe fft_float
 [tid:1554385] INSTSELECTOR: instruction to be included movss xmm4, dword ptr [r14+rdi*4]
 [tid:1554385] ins:movss xmm4, dword ptr [r14+rdi*4]
 [tid:1554385] reg:xmm4
 [tid:1554385] Exe fft_float
 [tid:1554385] INSTSELECTOR: instruction to be included cvtss2sd xmm4, xmm4
 [tid:1554385] ins:cvtss2sd xmm4, xmm4
 [tid:1554385] reg:xmm4
 [tid:1554385] Exe fft_float
 [tid:1554385] INSTSELECTOR: instruction to be included addsd xmm4, xmm7
 [tid:1554385] ins:addsd xmm4, xmm7
 [tid:1554385] reg:xmm4
 [tid:1554385] Exe fft_float
 [tid:1554385] INSTSELECTOR: instruction to be included cvtsd2ss xmm4, xmm4
 [tid:1554385] ins:cvtsd2ss xmm4, xmm4
 [tid:1554385] reg:xmm4
 [tid:1554385] Exe fft_float
 [tid:1554385] Exe fft_float
 [tid:1554385] INSTSELECTOR: instruction to be included movss xmm4, dword ptr [rbx+rdi*4]
 [tid:1554385] ins:movss xmm4, dword ptr [rbx+rdi*4]
 [tid:1554385] reg:xmm4
 [tid:1554385] Exe fft_float
 [tid:1554385] INSTSELECTOR: instruction to be included cvtss2sd xmm4, xmm4
 [tid:1554385] ins:cvtss2sd xmm4, xmm4
 [tid:1554385] reg:xmm4
 [tid:1554385] Exe fft_float
 [tid:1554385] INSTSELECTOR: instruction to be included addsd xmm4, xmm3
 [tid:1554385] ins:addsd xmm4, xmm3
 [tid:1554385] reg:xmm4
 [tid:1554385] Exe fft_float
 [tid:1554385] INSTSELECTOR: instruction to be included xorps xmm3, xmm3
 [tid:1554385] ins:xorps xmm3, xmm3
 [tid:1554385] reg:xmm3
 [tid:1554385] Exe fft_float
 [tid:1554385] INSTSELECTOR: instruction to be included cvtsd2ss xmm3, xmm4
 [tid:1554385] ins:cvtsd2ss xmm3, xmm4
 [tid:1554385] reg:xmm3
 [tid:1554385] Exe fft_float
 [tid:1554385] Exe fft_float
 [tid:1554385] INSTSELECTOR: instruction to be included inc edx
 [tid:1554385] ins:inc edx
 [tid:1554385] reg:edx
 [tid:1554385] Exe fft_float
 [tid:1554385] INSTSELECTOR: instruction to be included movapd xmm3, xmm2
 [tid:1554385] ins:movapd xmm3, xmm2
 [tid:1554385] reg:xmm3
 [tid:1554385] Exe fft_float
 [tid:1554385] INSTSELECTOR: instruction to be included dec ecx
 [tid:1554385] ins:dec ecx
 [tid:1554385] reg:ecx
 [tid:1554385] Exe fft_float
 [tid:1554385] Exe fft_float
 [tid:1554385] INSTSELECTOR: instruction to be included add eax, r15d
 [tid:1554385] ins:add eax, r15d
 [tid:1554385] reg:eax
 [tid:1554385] Exe fft_float
 [tid:1554385] INSTSELECTOR: instruction to be included cmp eax, ebp
 [tid:1554385] ins:cmp eax, ebp
 [tid:1554385] reg:rflags
 [tid:1554385] Exe fft_float
 [tid:1554385] Exe fft_float
 [tid:1554385] INSTSELECTOR: instruction to be included test r13d, r13d
 [tid:1554385] ins:test r13d, r13d
 [tid:1554385] reg:rflags
 [tid:1554385] NORMAL FLAG REG: inst test r13d, r13d
 [tid:1554385] Exe fft_float
 [tid:1554385] INSTSELECTOR: instruction to be included mov rsi, qword ptr [rsp+0x8]
 [tid:1554385] ins:mov rsi, qword ptr [rsp+0x8]
 [tid:1554385] reg:rsi
 [tid:1554385] Exe fft_float
 [tid:1554385] Exe fft_float
 [tid:1554385] INSTSELECTOR: instruction to be included xorps xmm0, xmm0
 [tid:1554385] ins:xorps xmm0, xmm0
 [tid:1554385] reg:xmm0
 [tid:1554385] Exe fft_float
 [tid:1554385] INSTSELECTOR: instruction to be included cvtsi2sd xmm0, rsi
 [tid:1554385] ins:cvtsi2sd xmm0, rsi
 [tid:1554385] reg:xmm0
 [tid:1554385] Exe fft_float
 [tid:1554385] INSTSELECTOR: instruction to be included cmp ebp, 0x4
 [tid:1554385] ins:cmp ebp, 0x4
 [tid:1554385] reg:rflags
 [tid:1554385] Exe fft_float
 [tid:1554385] Exe fft_float
 [tid:1554385] INSTSELECTOR: instruction to be included lea rax, ptr [r14+rsi*4]
 [tid:1554385] ins:lea rax, ptr [r14+rsi*4]
 [tid:1554385] reg:rax
 [tid:1554385] Exe fft_float
 [tid:1554385] INSTSELECTOR: instruction to be included lea rcx, ptr [rbx+rsi*4]
 [tid:1554385] ins:lea rcx, ptr [rbx+rsi*4]
 [tid:1554385] reg:rcx
 [tid:1554385] Exe fft_float
 [tid:1554385] INSTSELECTOR: instruction to be included cmp r14, rcx
 [tid:1554385] ins:cmp r14, rcx
 [tid:1554385] reg:rflags
 [tid:1554385] NORMAL FLAG REG: inst cmp r14, rcx
 [tid:1554385] Exe fft_float
 [tid:1554385] INSTSELECTOR: instruction to be included setb cl
 [tid:1554385] ins:setb cl
 [tid:1554385] reg:cl
 [tid:1554385] Exe fft_float
 [tid:1554385] INSTSELECTOR: instruction to be included cmp rbx, rax
 [tid:1554385] ins:cmp rbx, rax
 [tid:1554385] reg:rflags
 [tid:1554385] NORMAL FLAG REG: inst cmp rbx, rax
 [tid:1554385] Exe fft_float
 [tid:1554385] INSTSELECTOR: instruction to be included setb al
 [tid:1554385] ins:setb al
 [tid:1554385] reg:al
 [tid:1554385] Exe fft_float
 [tid:1554385] INSTSELECTOR: instruction to be included test cl, al
 [tid:1554385] ins:test cl, al
 [tid:1554385] reg:rflags
 [tid:1554385] Exe fft_float
 [tid:1554385] Exe fft_float
 [tid:1554385] INSTSELECTOR: instruction to be included add rsp, 0x68
 [tid:1554385] ins:add rsp, 0x68
 [tid:1554385] reg:rsp
 [tid:1554385] Exe fft_float
 [tid:1554385] INSTSELECTOR: instruction to be included pop rbx
 [tid:1554385] ins:pop rbx
 [tid:1554385] reg:rbx
 [tid:1554385] Exe fft_float
 [tid:1554385] INSTSELECTOR: instruction to be included pop r12
 [tid:1554385] ins:pop r12
 [tid:1554385] reg:rsp
 [tid:1554385] Exe fft_float
 [tid:1554385] INSTSELECTOR: instruction to be included pop r13
 [tid:1554385] ins:pop r13
 [tid:1554385] reg:r13
 [tid:1554385] Exe fft_float
 [tid:1554385] INSTSELECTOR: instruction to be included pop r14
 [tid:1554385] ins:pop r14
 [tid:1554385] reg:rsp
 [tid:1554385] Exe fft_float
 [tid:1554385] INSTSELECTOR: instruction to be included pop r15
 [tid:1554385] ins:pop r15
 [tid:1554385] reg:rsp
 [tid:1554385] Exe fft_float
 [tid:1554385] INSTSELECTOR: instruction to be included pop rbp
 [tid:1554385] ins:pop rbp
 [tid:1554385] reg:rsp
 [tid:1554385] Exe fft_float
 [tid:1554385] Exe main
 [tid:1554385] INSTSELECTOR: instruction to be included lea rdi, ptr [rip+0x774]
 [tid:1554385] ins:lea rdi, ptr [rip+0x774]
 [tid:1554385] reg:rdi
 [tid:1554385] Exe main
 [tid:1554385] Exe main
 [tid:1554385] INSTSELECTOR: instruction to be included lea r13, ptr [rip+0x763]
 [tid:1554385] ins:lea r13, ptr [rip+0x763]
 [tid:1554385] reg:r13
 [tid:1554385] Exe main
 [tid:1554385] Exe main
 [tid:1554385] INSTSELECTOR: instruction to be included movss xmm0, dword ptr [r15+rbp*4]
 [tid:1554385] ins:movss xmm0, dword ptr [r15+rbp*4]
 [tid:1554385] reg:xmm0
 [tid:1554385] Exe main
 [tid:1554385] INSTSELECTOR: instruction to be included cvtss2sd xmm0, xmm0
 [tid:1554385] ins:cvtss2sd xmm0, xmm0
 [tid:1554385] reg:xmm0
 [tid:1554385] Exe main
 [tid:1554385] INSTSELECTOR: instruction to be included mov rdi, r13
 [tid:1554385] ins:mov rdi, r13
 [tid:1554385] reg:rdi
 [tid:1554385] Exe main
 [tid:1554385] INSTSELECTOR: instruction to be included mov al, 0x1
 [tid:1554385] ins:mov al, 0x1
 [tid:1554385] reg:al
 [tid:1554385] Exe main
 [tid:1554385] Exe main
 [tid:1554385] INSTSELECTOR: instruction to be included inc rbp
 [tid:1554385] ins:inc rbp
 [tid:1554385] reg:rbp
 [tid:1554385] Exe main
 [tid:1554385] INSTSELECTOR: instruction to be included cmp rbp, 0x1000
 [tid:1554385] ins:cmp rbp, 0x1000
 [tid:1554385] reg:rflags
 [tid:1554385] Exe main
 [tid:1554385] Exe main
 [tid:1554385] INSTSELECTOR: instruction to be included mov edi, 0xa
 [tid:1554385] ins:mov edi, 0xa
 [tid:1554385] reg:edi
 [tid:1554385] Exe main
 [tid:1554385] Exe main
 [tid:1554385] INSTSELECTOR: instruction to be included movss xmm0, dword ptr [r15+rbp*4]
 [tid:1554385] ins:movss xmm0, dword ptr [r15+rbp*4]
 [tid:1554385] reg:xmm0
 [tid:1554385] Exe main
 [tid:1554385] INSTSELECTOR: instruction to be included cvtss2sd xmm0, xmm0
 [tid:1554385] ins:cvtss2sd xmm0, xmm0
 [tid:1554385] reg:xmm0
 [tid:1554385] Exe main
 [tid:1554385] INSTSELECTOR: instruction to be included mov rdi, r13
 [tid:1554385] ins:mov rdi, r13
 [tid:1554385] reg:rdi
 [tid:1554385] Exe main
 [tid:1554385] INSTSELECTOR: instruction to be included mov al, 0x1
 [tid:1554385] ins:mov al, 0x1
 [tid:1554385] reg:al
 [tid:1554385] Exe main
 [tid:1554385] Exe main
 [tid:1554385] INSTSELECTOR: instruction to be included lea rdi, ptr [rip+0x731]
 [tid:1554385] ins:lea rdi, ptr [rip+0x731]
 [tid:1554385] reg:rdi
 [tid:1554385] Exe main
 [tid:1554385] Exe main
 [tid:1554385] INSTSELECTOR: instruction to be included xor ebp, ebp
 [tid:1554385] ins:xor ebp, ebp
 [tid:1554385] reg:ebp
 [tid:1554385] Exe main
 [tid:1554385] INSTSELECTOR: instruction to be included lea r13, ptr [rip+0x715]
 [tid:1554385] ins:lea r13, ptr [rip+0x715]
 [tid:1554385] reg:r13
 [tid:1554385] Exe main
 [tid:1554385] Exe main
 [tid:1554385] INSTSELECTOR: instruction to be included movss xmm0, dword ptr [r12+rbp*4]
 [tid:1554385] ins:movss xmm0, dword ptr [r12+rbp*4]
 [tid:1554385] reg:xmm0
 [tid:1554385] Exe main
 [tid:1554385] INSTSELECTOR: instruction to be included cvtss2sd xmm0, xmm0
 [tid:1554385] ins:cvtss2sd xmm0, xmm0
 [tid:1554385] reg:xmm0
 [tid:1554385] Exe main
 [tid:1554385] INSTSELECTOR: instruction to be included mov rdi, r13
 [tid:1554385] ins:mov rdi, r13
 [tid:1554385] reg:rdi
 [tid:1554385] Exe main
 [tid:1554385] INSTSELECTOR: instruction to be included mov al, 0x1
 [tid:1554385] ins:mov al, 0x1
 [tid:1554385] reg:al
 [tid:1554385] Exe main
 [tid:1554385] Exe main
 [tid:1554385] INSTSELECTOR: instruction to be included inc rbp
 [tid:1554385] ins:inc rbp
 [tid:1554385] reg:rbp
 [tid:1554385] Exe main
 [tid:1554385] INSTSELECTOR: instruction to be included cmp rbp, 0x1000
 [tid:1554385] ins:cmp rbp, 0x1000
 [tid:1554385] reg:rflags
 [tid:1554385] Exe main
 [tid:1554385] Exe main
 [tid:1554385] INSTSELECTOR: instruction to be included mov edi, 0xa
 [tid:1554385] ins:mov edi, 0xa
 [tid:1554385] reg:edi
 [tid:1554385] Exe main
 [tid:1554385] Exe main
 [tid:1554385] INSTSELECTOR: instruction to be included movss xmm0, dword ptr [r12+rbp*4]
 [tid:1554385] ins:movss xmm0, dword ptr [r12+rbp*4]
 [tid:1554385] reg:xmm0
 [tid:1554385] Exe main
 [tid:1554385] INSTSELECTOR: instruction to be included cvtss2sd xmm0, xmm0
 [tid:1554385] ins:cvtss2sd xmm0, xmm0
 [tid:1554385] reg:xmm0
 [tid:1554385] Exe main
 [tid:1554385] INSTSELECTOR: instruction to be included mov rdi, r13
 [tid:1554385] ins:mov rdi, r13
 [tid:1554385] reg:rdi
 [tid:1554385] Exe main
 [tid:1554385] INSTSELECTOR: instruction to be included mov al, 0x1
 [tid:1554385] ins:mov al, 0x1
 [tid:1554385] reg:al
 [tid:1554385] Exe main
 [tid:1554385] Exe main
 [tid:1554385] INSTSELECTOR: instruction to be included mov rdi, rbx
 [tid:1554385] ins:mov rdi, rbx
 [tid:1554385] reg:rdi
 [tid:1554385] Exe main
 [tid:1554385] Exe main
 [tid:1554385] INSTSELECTOR: instruction to be included mov rdi, r14
 [tid:1554385] ins:mov rdi, r14
 [tid:1554385] reg:rdi
 [tid:1554385] Exe main
 [tid:1554385] Exe main
 [tid:1554385] INSTSELECTOR: instruction to be included mov rdi, r15
 [tid:1554385] ins:mov rdi, r15
 [tid:1554385] reg:rdi
 [tid:1554385] Exe main
 [tid:1554385] Exe main
 [tid:1554385] INSTSELECTOR: instruction to be included mov rdi, r12
 [tid:1554385] ins:mov rdi, r12
 [tid:1554385] reg:rdi
 [tid:1554385] Exe main
 [tid:1554385] Exe main
 [tid:1554385] INSTSELECTOR: instruction to be included xor edi, edi
 [tid:1554385] ins:xor edi, edi
 [tid:1554385] reg:edi
 [tid:1554385] Exe main
 [tid:1554385] Exe deregister_tm_clones
 [tid:1554385] INSTSELECTOR: instruction to be included lea rdi, ptr [rip+0x2017e9]
 [tid:1554385] ins:lea rdi, ptr [rip+0x2017e9]
 [tid:1554385] reg:rdi
 [tid:1554385] Exe deregister_tm_clones
 [tid:1554385] INSTSELECTOR: instruction to be included lea rax, ptr [rip+0x2017e2]
 [tid:1554385] ins:lea rax, ptr [rip+0x2017e2]
 [tid:1554385] reg:rax
 [tid:1554385] Exe deregister_tm_clones
 [tid:1554385] INSTSELECTOR: instruction to be included cmp rax, rdi
 [tid:1554385] ins:cmp rax, rdi
 [tid:1554385] reg:rflags
 [tid:1554385] Exe deregister_tm_clones
 [tid:1554385] Exe deregister_tm_clones
 [tid:1554385] INSTSELECTOR: instruction to be included mov rax, qword ptr [rip+0x201726]
 [tid:1554385] ins:mov rax, qword ptr [rip+0x201726]
 [tid:1554385] reg:rax
 [tid:1554385] Exe deregister_tm_clones
 [tid:1554385] INSTSELECTOR: instruction to be included test rax, rax
 [tid:1554385] ins:test rax, rax
 [tid:1554385] reg:rflags
 [tid:1554385] Exe deregister_tm_clones
 [tid:1554385] Exe deregister_tm_clones
 [tid:1554385] Exe deregister_tm_clones
