Classification log started at 2026-05-15 15:07:31.935828

[2026-05-15 15:07:31] Scanning output root: /projects/lyang28/rmengle/program_outputs/paired/qsort_small_outputs
[2026-05-15 15:07:31] Discovered folder: leader-cse/exec_qsort_small_early-cse (1005 files)
[2026-05-15 15:07:32] Discovered folder: leader-cse/exec_qsort_small_early-cse_early-cse (1005 files)
[2026-05-15 15:07:32] Discovered folder: leader-cse/exec_qsort_small_early-cse_gvn (1005 files)
[2026-05-15 15:07:32] Discovered folder: leader-cse/exec_qsort_small_early-cse_inline (1005 files)
[2026-05-15 15:07:32] Discovered folder: leader-cse/exec_qsort_small_early-cse_instcombine (1005 files)
[2026-05-15 15:07:32] Discovered folder: leader-cse/exec_qsort_small_early-cse_ipsccp (1005 files)
[2026-05-15 15:07:32] Discovered folder: leader-cse/exec_qsort_small_early-cse_licm (1005 files)
[2026-05-15 15:07:32] Discovered folder: leader-cse/exec_qsort_small_early-cse_loop-reduce (1004 files)
[2026-05-15 15:07:32] Discovered folder: leader-cse/exec_qsort_small_early-cse_loop-unroll (1005 files)
[2026-05-15 15:07:32] Discovered folder: leader-cse/exec_qsort_small_early-cse_sccp (1004 files)
[2026-05-15 15:07:32] Discovered folder: leader-cse/exec_qsort_small_early-cse_simple-loop-unswitch (1005 files)
[2026-05-15 15:07:32] Discovered folder: leader-gvn/exec_qsort_small_gvn (1005 files)
[2026-05-15 15:07:32] Discovered folder: leader-gvn/exec_qsort_small_gvn_early-cse (1005 files)
[2026-05-15 15:07:32] Discovered folder: leader-gvn/exec_qsort_small_gvn_gvn (1004 files)
[2026-05-15 15:07:32] Discovered folder: leader-gvn/exec_qsort_small_gvn_inline (1005 files)
[2026-05-15 15:07:32] Discovered folder: leader-gvn/exec_qsort_small_gvn_instcombine (1005 files)
[2026-05-15 15:07:32] Discovered folder: leader-gvn/exec_qsort_small_gvn_ipsccp (1005 files)
[2026-05-15 15:07:32] Discovered folder: leader-gvn/exec_qsort_small_gvn_licm (1005 files)
[2026-05-15 15:07:32] Discovered folder: leader-gvn/exec_qsort_small_gvn_loop-reduce (1005 files)
[2026-05-15 15:07:32] Discovered folder: leader-gvn/exec_qsort_small_gvn_loop-unroll (1005 files)
[2026-05-15 15:07:32] Discovered folder: leader-gvn/exec_qsort_small_gvn_sccp (1005 files)
[2026-05-15 15:07:32] Discovered folder: leader-gvn/exec_qsort_small_gvn_simple-loop-unswitch (1005 files)
[2026-05-15 15:07:32] Discovered folder: leader-inline/exec_qsort_small_inline (1005 files)
[2026-05-15 15:07:32] Discovered folder: leader-inline/exec_qsort_small_inline_early-cse (1005 files)
[2026-05-15 15:07:32] Discovered folder: leader-inline/exec_qsort_small_inline_gvn (1005 files)
[2026-05-15 15:07:32] Discovered folder: leader-inline/exec_qsort_small_inline_inline (1005 files)
[2026-05-15 15:07:32] Discovered folder: leader-inline/exec_qsort_small_inline_instcombine (1005 files)
[2026-05-15 15:07:32] Discovered folder: leader-inline/exec_qsort_small_inline_ipsccp (1004 files)
[2026-05-15 15:07:32] Discovered folder: leader-inline/exec_qsort_small_inline_licm (1005 files)
[2026-05-15 15:07:33] Discovered folder: leader-inline/exec_qsort_small_inline_loop-reduce (1005 files)
[2026-05-15 15:07:33] Discovered folder: leader-inline/exec_qsort_small_inline_loop-unroll (1005 files)
[2026-05-15 15:07:33] Discovered folder: leader-inline/exec_qsort_small_inline_sccp (1004 files)
[2026-05-15 15:07:33] Discovered folder: leader-inline/exec_qsort_small_inline_simple-loop-unswitch (1005 files)
[2026-05-15 15:07:33] Discovered folder: leader-instcombine/exec_qsort_small_instcombine (1005 files)
[2026-05-15 15:07:33] Discovered folder: leader-instcombine/exec_qsort_small_instcombine_early-cse (1005 files)
[2026-05-15 15:07:33] Discovered folder: leader-instcombine/exec_qsort_small_instcombine_gvn (1005 files)
[2026-05-15 15:07:33] Discovered folder: leader-instcombine/exec_qsort_small_instcombine_inline (1005 files)
[2026-05-15 15:07:33] Discovered folder: leader-instcombine/exec_qsort_small_instcombine_instcombine (1005 files)
[2026-05-15 15:07:33] Discovered folder: leader-instcombine/exec_qsort_small_instcombine_ipsccp (1005 files)
[2026-05-15 15:07:33] Discovered folder: leader-instcombine/exec_qsort_small_instcombine_licm (1005 files)
[2026-05-15 15:07:33] Discovered folder: leader-instcombine/exec_qsort_small_instcombine_loop-reduce (1005 files)
[2026-05-15 15:07:33] Discovered folder: leader-instcombine/exec_qsort_small_instcombine_loop-unroll (1005 files)
[2026-05-15 15:07:33] Discovered folder: leader-instcombine/exec_qsort_small_instcombine_sccp (1005 files)
[2026-05-15 15:07:33] Discovered folder: leader-instcombine/exec_qsort_small_instcombine_simple-loop-unswitch (1005 files)
[2026-05-15 15:07:33] Discovered folder: leader-ipsccp/exec_qsort_small_ipsccp (1005 files)
[2026-05-15 15:07:33] Discovered folder: leader-ipsccp/exec_qsort_small_ipsccp_early-cse (1005 files)
[2026-05-15 15:07:33] Discovered folder: leader-ipsccp/exec_qsort_small_ipsccp_gvn (1005 files)
[2026-05-15 15:07:33] Discovered folder: leader-ipsccp/exec_qsort_small_ipsccp_inline (1005 files)
[2026-05-15 15:07:33] Discovered folder: leader-ipsccp/exec_qsort_small_ipsccp_instcombine (1005 files)
[2026-05-15 15:07:33] Discovered folder: leader-ipsccp/exec_qsort_small_ipsccp_ipsccp (1005 files)
[2026-05-15 15:07:33] Discovered folder: leader-ipsccp/exec_qsort_small_ipsccp_licm (1005 files)
[2026-05-15 15:07:33] Discovered folder: leader-ipsccp/exec_qsort_small_ipsccp_loop-reduce (1004 files)
[2026-05-15 15:07:33] Discovered folder: leader-ipsccp/exec_qsort_small_ipsccp_loop-unroll (1005 files)
[2026-05-15 15:07:33] Discovered folder: leader-ipsccp/exec_qsort_small_ipsccp_sccp (1005 files)
[2026-05-15 15:07:33] Discovered folder: leader-ipsccp/exec_qsort_small_ipsccp_simple-loop-unswitch (1005 files)
[2026-05-15 15:07:33] Discovered folder: leader-licm/exec_qsort_small_licm (1005 files)
[2026-05-15 15:07:33] Discovered folder: leader-licm/exec_qsort_small_licm_early-cse (1004 files)
[2026-05-15 15:07:33] Discovered folder: leader-licm/exec_qsort_small_licm_gvn (1005 files)
[2026-05-15 15:07:33] Discovered folder: leader-licm/exec_qsort_small_licm_inline (1005 files)
[2026-05-15 15:07:33] Discovered folder: leader-licm/exec_qsort_small_licm_instcombine (1005 files)
[2026-05-15 15:07:34] Discovered folder: leader-licm/exec_qsort_small_licm_ipsccp (1005 files)
[2026-05-15 15:07:34] Discovered folder: leader-licm/exec_qsort_small_licm_licm (1005 files)
[2026-05-15 15:07:34] Discovered folder: leader-licm/exec_qsort_small_licm_loop-reduce (1005 files)
[2026-05-15 15:07:34] Discovered folder: leader-licm/exec_qsort_small_licm_loop-unroll (1005 files)
[2026-05-15 15:07:34] Discovered folder: leader-licm/exec_qsort_small_licm_sccp (1005 files)
[2026-05-15 15:07:34] Discovered folder: leader-licm/exec_qsort_small_licm_simple-loop-unswitch (1005 files)
[2026-05-15 15:07:34] Discovered folder: leader-loop-reduce/exec_qsort_small_loop-reduce (1005 files)
[2026-05-15 15:07:34] Discovered folder: leader-loop-reduce/exec_qsort_small_loop-reduce_early-cse (1005 files)
[2026-05-15 15:07:34] Discovered folder: leader-loop-reduce/exec_qsort_small_loop-reduce_gvn (1005 files)
[2026-05-15 15:07:34] Discovered folder: leader-loop-reduce/exec_qsort_small_loop-reduce_inline (1005 files)
[2026-05-15 15:07:34] Discovered folder: leader-loop-reduce/exec_qsort_small_loop-reduce_instcombine (1005 files)
[2026-05-15 15:07:34] Discovered folder: leader-loop-reduce/exec_qsort_small_loop-reduce_ipsccp (1005 files)
[2026-05-15 15:07:34] Discovered folder: leader-loop-reduce/exec_qsort_small_loop-reduce_licm (1005 files)
[2026-05-15 15:07:34] Discovered folder: leader-loop-reduce/exec_qsort_small_loop-reduce_loop-reduce (1005 files)
[2026-05-15 15:07:34] Discovered folder: leader-loop-reduce/exec_qsort_small_loop-reduce_loop-unroll (1005 files)
[2026-05-15 15:07:34] Discovered folder: leader-loop-reduce/exec_qsort_small_loop-reduce_sccp (1005 files)
[2026-05-15 15:07:34] Discovered folder: leader-loop-reduce/exec_qsort_small_loop-reduce_simple-loop-unswitch (1005 files)
[2026-05-15 15:07:34] Discovered folder: leader-loop-unroll/exec_qsort_small_loop-unroll (1005 files)
[2026-05-15 15:07:34] Discovered folder: leader-loop-unroll/exec_qsort_small_loop-unroll_early-cse (1005 files)
[2026-05-15 15:07:34] Discovered folder: leader-loop-unroll/exec_qsort_small_loop-unroll_gvn (1005 files)
[2026-05-15 15:07:34] Discovered folder: leader-loop-unroll/exec_qsort_small_loop-unroll_inline (1004 files)
[2026-05-15 15:07:34] Discovered folder: leader-loop-unroll/exec_qsort_small_loop-unroll_instcombine (1005 files)
[2026-05-15 15:07:34] Discovered folder: leader-loop-unroll/exec_qsort_small_loop-unroll_ipsccp (1005 files)
[2026-05-15 15:07:34] Discovered folder: leader-loop-unroll/exec_qsort_small_loop-unroll_licm (1005 files)
[2026-05-15 15:07:34] Discovered folder: leader-loop-unroll/exec_qsort_small_loop-unroll_loop-reduce (1005 files)
[2026-05-15 15:07:34] Discovered folder: leader-loop-unroll/exec_qsort_small_loop-unroll_loop-unroll (1005 files)
[2026-05-15 15:07:34] Discovered folder: leader-loop-unroll/exec_qsort_small_loop-unroll_sccp (1005 files)
[2026-05-15 15:07:34] Discovered folder: leader-loop-unroll/exec_qsort_small_loop-unroll_simple-loop-unswitch (1005 files)
[2026-05-15 15:07:34] Discovered folder: leader-sccp/exec_qsort_small_sccp (1005 files)
[2026-05-15 15:07:34] Discovered folder: leader-sccp/exec_qsort_small_sccp_early-cse (1005 files)
[2026-05-15 15:07:35] Discovered folder: leader-sccp/exec_qsort_small_sccp_gvn (1005 files)
[2026-05-15 15:07:35] Discovered folder: leader-sccp/exec_qsort_small_sccp_inline (1005 files)
[2026-05-15 15:07:35] Discovered folder: leader-sccp/exec_qsort_small_sccp_instcombine (1005 files)
[2026-05-15 15:07:35] Discovered folder: leader-sccp/exec_qsort_small_sccp_ipsccp (1005 files)
[2026-05-15 15:07:35] Discovered folder: leader-sccp/exec_qsort_small_sccp_licm (1005 files)
[2026-05-15 15:07:35] Discovered folder: leader-sccp/exec_qsort_small_sccp_loop-reduce (1004 files)
[2026-05-15 15:07:35] Discovered folder: leader-sccp/exec_qsort_small_sccp_loop-unroll (1005 files)
[2026-05-15 15:07:35] Discovered folder: leader-sccp/exec_qsort_small_sccp_sccp (1004 files)
[2026-05-15 15:07:35] Discovered folder: leader-sccp/exec_qsort_small_sccp_simple-loop-unswitch (1005 files)
[2026-05-15 15:07:35] Discovered folder: leader-unswitch/exec_qsort_small_simple-loop-unswitch (1005 files)
[2026-05-15 15:07:35] Discovered folder: leader-unswitch/exec_qsort_small_simple-loop-unswitch_early-cse (1005 files)
[2026-05-15 15:07:35] Discovered folder: leader-unswitch/exec_qsort_small_simple-loop-unswitch_gvn (1005 files)
[2026-05-15 15:07:35] Discovered folder: leader-unswitch/exec_qsort_small_simple-loop-unswitch_inline (1005 files)
[2026-05-15 15:07:35] Discovered folder: leader-unswitch/exec_qsort_small_simple-loop-unswitch_instcombine (1005 files)
[2026-05-15 15:07:35] Discovered folder: leader-unswitch/exec_qsort_small_simple-loop-unswitch_ipsccp (1005 files)
[2026-05-15 15:07:35] Discovered folder: leader-unswitch/exec_qsort_small_simple-loop-unswitch_licm (1005 files)
[2026-05-15 15:07:35] Discovered folder: leader-unswitch/exec_qsort_small_simple-loop-unswitch_loop-reduce (1004 files)
[2026-05-15 15:07:35] Discovered folder: leader-unswitch/exec_qsort_small_simple-loop-unswitch_loop-unroll (1004 files)
[2026-05-15 15:07:35] Discovered folder: leader-unswitch/exec_qsort_small_simple-loop-unswitch_sccp (1005 files)
[2026-05-15 15:07:35] Discovered folder: leader-unswitch/exec_qsort_small_simple-loop-unswitch_simple-loop-unswitch (1005 files)
[2026-05-15 15:07:35] 
[2026-05-15 15:07:35] Discovered executable output folders:
[2026-05-15 15:07:35]    1. leader-cse/exec_qsort_small_early-cse
[2026-05-15 15:07:35]    2. leader-cse/exec_qsort_small_early-cse_early-cse
[2026-05-15 15:07:35]    3. leader-cse/exec_qsort_small_early-cse_gvn
[2026-05-15 15:07:35]    4. leader-cse/exec_qsort_small_early-cse_inline
[2026-05-15 15:07:35]    5. leader-cse/exec_qsort_small_early-cse_instcombine
[2026-05-15 15:07:35]    6. leader-cse/exec_qsort_small_early-cse_ipsccp
[2026-05-15 15:07:35]    7. leader-cse/exec_qsort_small_early-cse_licm
[2026-05-15 15:07:35]    8. leader-cse/exec_qsort_small_early-cse_loop-reduce
[2026-05-15 15:07:35]    9. leader-cse/exec_qsort_small_early-cse_loop-unroll
[2026-05-15 15:07:35]   10. leader-cse/exec_qsort_small_early-cse_sccp
[2026-05-15 15:07:35]   11. leader-cse/exec_qsort_small_early-cse_simple-loop-unswitch
[2026-05-15 15:07:35]   12. leader-gvn/exec_qsort_small_gvn
[2026-05-15 15:07:35]   13. leader-gvn/exec_qsort_small_gvn_early-cse
[2026-05-15 15:07:35]   14. leader-gvn/exec_qsort_small_gvn_gvn
[2026-05-15 15:07:35]   15. leader-gvn/exec_qsort_small_gvn_inline
[2026-05-15 15:07:35]   16. leader-gvn/exec_qsort_small_gvn_instcombine
[2026-05-15 15:07:35]   17. leader-gvn/exec_qsort_small_gvn_ipsccp
[2026-05-15 15:07:35]   18. leader-gvn/exec_qsort_small_gvn_licm
[2026-05-15 15:07:35]   19. leader-gvn/exec_qsort_small_gvn_loop-reduce
[2026-05-15 15:07:35]   20. leader-gvn/exec_qsort_small_gvn_loop-unroll
[2026-05-15 15:07:35]   21. leader-gvn/exec_qsort_small_gvn_sccp
[2026-05-15 15:07:35]   22. leader-gvn/exec_qsort_small_gvn_simple-loop-unswitch
[2026-05-15 15:07:35]   23. leader-inline/exec_qsort_small_inline
[2026-05-15 15:07:35]   24. leader-inline/exec_qsort_small_inline_early-cse
[2026-05-15 15:07:35]   25. leader-inline/exec_qsort_small_inline_gvn
[2026-05-15 15:07:35]   26. leader-inline/exec_qsort_small_inline_inline
[2026-05-15 15:07:35]   27. leader-inline/exec_qsort_small_inline_instcombine
[2026-05-15 15:07:35]   28. leader-inline/exec_qsort_small_inline_ipsccp
[2026-05-15 15:07:35]   29. leader-inline/exec_qsort_small_inline_licm
[2026-05-15 15:07:35]   30. leader-inline/exec_qsort_small_inline_loop-reduce
[2026-05-15 15:07:35]   31. leader-inline/exec_qsort_small_inline_loop-unroll
[2026-05-15 15:07:35]   32. leader-inline/exec_qsort_small_inline_sccp
[2026-05-15 15:07:35]   33. leader-inline/exec_qsort_small_inline_simple-loop-unswitch
[2026-05-15 15:07:35]   34. leader-instcombine/exec_qsort_small_instcombine
[2026-05-15 15:07:35]   35. leader-instcombine/exec_qsort_small_instcombine_early-cse
[2026-05-15 15:07:35]   36. leader-instcombine/exec_qsort_small_instcombine_gvn
[2026-05-15 15:07:35]   37. leader-instcombine/exec_qsort_small_instcombine_inline
[2026-05-15 15:07:35]   38. leader-instcombine/exec_qsort_small_instcombine_instcombine
[2026-05-15 15:07:35]   39. leader-instcombine/exec_qsort_small_instcombine_ipsccp
[2026-05-15 15:07:35]   40. leader-instcombine/exec_qsort_small_instcombine_licm
[2026-05-15 15:07:35]   41. leader-instcombine/exec_qsort_small_instcombine_loop-reduce
[2026-05-15 15:07:35]   42. leader-instcombine/exec_qsort_small_instcombine_loop-unroll
[2026-05-15 15:07:35]   43. leader-instcombine/exec_qsort_small_instcombine_sccp
[2026-05-15 15:07:35]   44. leader-instcombine/exec_qsort_small_instcombine_simple-loop-unswitch
[2026-05-15 15:07:35]   45. leader-ipsccp/exec_qsort_small_ipsccp
[2026-05-15 15:07:35]   46. leader-ipsccp/exec_qsort_small_ipsccp_early-cse
[2026-05-15 15:07:35]   47. leader-ipsccp/exec_qsort_small_ipsccp_gvn
[2026-05-15 15:07:35]   48. leader-ipsccp/exec_qsort_small_ipsccp_inline
[2026-05-15 15:07:35]   49. leader-ipsccp/exec_qsort_small_ipsccp_instcombine
[2026-05-15 15:07:35]   50. leader-ipsccp/exec_qsort_small_ipsccp_ipsccp
[2026-05-15 15:07:35]   51. leader-ipsccp/exec_qsort_small_ipsccp_licm
[2026-05-15 15:07:35]   52. leader-ipsccp/exec_qsort_small_ipsccp_loop-reduce
[2026-05-15 15:07:35]   53. leader-ipsccp/exec_qsort_small_ipsccp_loop-unroll
[2026-05-15 15:07:35]   54. leader-ipsccp/exec_qsort_small_ipsccp_sccp
[2026-05-15 15:07:35]   55. leader-ipsccp/exec_qsort_small_ipsccp_simple-loop-unswitch
[2026-05-15 15:07:35]   56. leader-licm/exec_qsort_small_licm
[2026-05-15 15:07:35]   57. leader-licm/exec_qsort_small_licm_early-cse
[2026-05-15 15:07:35]   58. leader-licm/exec_qsort_small_licm_gvn
[2026-05-15 15:07:35]   59. leader-licm/exec_qsort_small_licm_inline
[2026-05-15 15:07:35]   60. leader-licm/exec_qsort_small_licm_instcombine
[2026-05-15 15:07:35]   61. leader-licm/exec_qsort_small_licm_ipsccp
[2026-05-15 15:07:35]   62. leader-licm/exec_qsort_small_licm_licm
[2026-05-15 15:07:35]   63. leader-licm/exec_qsort_small_licm_loop-reduce
[2026-05-15 15:07:35]   64. leader-licm/exec_qsort_small_licm_loop-unroll
[2026-05-15 15:07:35]   65. leader-licm/exec_qsort_small_licm_sccp
[2026-05-15 15:07:35]   66. leader-licm/exec_qsort_small_licm_simple-loop-unswitch
[2026-05-15 15:07:35]   67. leader-loop-reduce/exec_qsort_small_loop-reduce
[2026-05-15 15:07:35]   68. leader-loop-reduce/exec_qsort_small_loop-reduce_early-cse
[2026-05-15 15:07:35]   69. leader-loop-reduce/exec_qsort_small_loop-reduce_gvn
[2026-05-15 15:07:35]   70. leader-loop-reduce/exec_qsort_small_loop-reduce_inline
[2026-05-15 15:07:35]   71. leader-loop-reduce/exec_qsort_small_loop-reduce_instcombine
[2026-05-15 15:07:35]   72. leader-loop-reduce/exec_qsort_small_loop-reduce_ipsccp
[2026-05-15 15:07:35]   73. leader-loop-reduce/exec_qsort_small_loop-reduce_licm
[2026-05-15 15:07:35]   74. leader-loop-reduce/exec_qsort_small_loop-reduce_loop-reduce
[2026-05-15 15:07:35]   75. leader-loop-reduce/exec_qsort_small_loop-reduce_loop-unroll
[2026-05-15 15:07:35]   76. leader-loop-reduce/exec_qsort_small_loop-reduce_sccp
[2026-05-15 15:07:35]   77. leader-loop-reduce/exec_qsort_small_loop-reduce_simple-loop-unswitch
[2026-05-15 15:07:35]   78. leader-loop-unroll/exec_qsort_small_loop-unroll
[2026-05-15 15:07:35]   79. leader-loop-unroll/exec_qsort_small_loop-unroll_early-cse
[2026-05-15 15:07:35]   80. leader-loop-unroll/exec_qsort_small_loop-unroll_gvn
[2026-05-15 15:07:35]   81. leader-loop-unroll/exec_qsort_small_loop-unroll_inline
[2026-05-15 15:07:35]   82. leader-loop-unroll/exec_qsort_small_loop-unroll_instcombine
[2026-05-15 15:07:35]   83. leader-loop-unroll/exec_qsort_small_loop-unroll_ipsccp
[2026-05-15 15:07:35]   84. leader-loop-unroll/exec_qsort_small_loop-unroll_licm
[2026-05-15 15:07:35]   85. leader-loop-unroll/exec_qsort_small_loop-unroll_loop-reduce
[2026-05-15 15:07:35]   86. leader-loop-unroll/exec_qsort_small_loop-unroll_loop-unroll
[2026-05-15 15:07:35]   87. leader-loop-unroll/exec_qsort_small_loop-unroll_sccp
[2026-05-15 15:07:35]   88. leader-loop-unroll/exec_qsort_small_loop-unroll_simple-loop-unswitch
[2026-05-15 15:07:35]   89. leader-sccp/exec_qsort_small_sccp
[2026-05-15 15:07:35]   90. leader-sccp/exec_qsort_small_sccp_early-cse
[2026-05-15 15:07:35]   91. leader-sccp/exec_qsort_small_sccp_gvn
[2026-05-15 15:07:35]   92. leader-sccp/exec_qsort_small_sccp_inline
[2026-05-15 15:07:35]   93. leader-sccp/exec_qsort_small_sccp_instcombine
[2026-05-15 15:07:35]   94. leader-sccp/exec_qsort_small_sccp_ipsccp
[2026-05-15 15:07:35]   95. leader-sccp/exec_qsort_small_sccp_licm
[2026-05-15 15:07:35]   96. leader-sccp/exec_qsort_small_sccp_loop-reduce
[2026-05-15 15:07:35]   97. leader-sccp/exec_qsort_small_sccp_loop-unroll
[2026-05-15 15:07:35]   98. leader-sccp/exec_qsort_small_sccp_sccp
[2026-05-15 15:07:35]   99. leader-sccp/exec_qsort_small_sccp_simple-loop-unswitch
[2026-05-15 15:07:35]  100. leader-unswitch/exec_qsort_small_simple-loop-unswitch
[2026-05-15 15:07:35]  101. leader-unswitch/exec_qsort_small_simple-loop-unswitch_early-cse
[2026-05-15 15:07:35]  102. leader-unswitch/exec_qsort_small_simple-loop-unswitch_gvn
[2026-05-15 15:07:35]  103. leader-unswitch/exec_qsort_small_simple-loop-unswitch_inline
[2026-05-15 15:07:35]  104. leader-unswitch/exec_qsort_small_simple-loop-unswitch_instcombine
[2026-05-15 15:07:35]  105. leader-unswitch/exec_qsort_small_simple-loop-unswitch_ipsccp
[2026-05-15 15:07:35]  106. leader-unswitch/exec_qsort_small_simple-loop-unswitch_licm
[2026-05-15 15:07:35]  107. leader-unswitch/exec_qsort_small_simple-loop-unswitch_loop-reduce
[2026-05-15 15:07:35]  108. leader-unswitch/exec_qsort_small_simple-loop-unswitch_loop-unroll
[2026-05-15 15:07:35]  109. leader-unswitch/exec_qsort_small_simple-loop-unswitch_sccp
[2026-05-15 15:07:35]  110. leader-unswitch/exec_qsort_small_simple-loop-unswitch_simple-loop-unswitch
[2026-05-15 15:07:35] 
[2026-05-15 15:07:35] Starting classification
[2026-05-15 15:07:35] CSV output file: qsort_small_paired_reliability_data.csv
[2026-05-15 15:07:35] Log file: qsort_small_paired_classification.log
[2026-05-15 15:07:35] 
[2026-05-15 15:07:35] ================================================================================
[2026-05-15 15:07:35] [   1/110 |   0.9%] Processing leader-cse/exec_qsort_small_early-cse
[2026-05-15 15:07:35]     FI folder : /projects/lyang28/rmengle/program_outputs/paired/qsort_small_outputs/leader-cse/exec_qsort_small_early-cse
[2026-05-15 15:07:35]     Timing    : /projects/lyang28/rmengle/execution_times/paired/qsort_small_outputs/leader-cse/exec_qsort_small_early-cse.txt FOUND
[2026-05-15 15:07:36]     Found 1000 run files
[2026-05-15 15:07:36]     Progress 100/1000 files ( 10.0%) | masked=40, sdc=16, crash/hang=44 | 157.18 files/sec
[2026-05-15 15:07:37]     Progress 200/1000 files ( 20.0%) | masked=89, sdc=32, crash/hang=79 | 150.81 files/sec
[2026-05-15 15:07:38]     Progress 300/1000 files ( 30.0%) | masked=123, sdc=47, crash/hang=130 | 159.57 files/sec
[2026-05-15 15:07:38]     Progress 400/1000 files ( 40.0%) | masked=161, sdc=63, crash/hang=176 | 161.17 files/sec
[2026-05-15 15:07:39]     Progress 500/1000 files ( 50.0%) | masked=202, sdc=87, crash/hang=211 | 157.31 files/sec
[2026-05-15 15:07:39]     Progress 600/1000 files ( 60.0%) | masked=231, sdc=105, crash/hang=264 | 163.25 files/sec
[2026-05-15 15:07:40]     Progress 700/1000 files ( 70.0%) | masked=272, sdc=118, crash/hang=310 | 162.71 files/sec
[2026-05-15 15:07:41]     Progress 800/1000 files ( 80.0%) | masked=307, sdc=135, crash/hang=358 | 163.57 files/sec
[2026-05-15 15:07:41]     Progress 900/1000 files ( 90.0%) | masked=337, sdc=153, crash/hang=410 | 165.32 files/sec
[2026-05-15 15:07:42]     Progress 1000/1000 files (100.0%) | masked=370, sdc=175, crash/hang=455 | 164.56 files/sec
[2026-05-15 15:07:42]     Done folder: total=1000, masked=370, sdc=175, crash/hang=455
[2026-05-15 15:07:42]     CSV row written for leader-cse/exec_qsort_small_early-cse | masked_rate=0.370000, sdc_rate=0.175000, crash_rate=0.455000
[2026-05-15 15:07:42] ================================================================================
[2026-05-15 15:07:42] [   2/110 |   1.8%] Processing leader-cse/exec_qsort_small_early-cse_early-cse
[2026-05-15 15:07:42]     FI folder : /projects/lyang28/rmengle/program_outputs/paired/qsort_small_outputs/leader-cse/exec_qsort_small_early-cse_early-cse
[2026-05-15 15:07:42]     Timing    : /projects/lyang28/rmengle/execution_times/paired/qsort_small_outputs/leader-cse/exec_qsort_small_early-cse_early-cse.txt FOUND
[2026-05-15 15:07:42]     Found 1000 run files
[2026-05-15 15:07:43]     Progress 100/1000 files ( 10.0%) | masked=43, sdc=11, crash/hang=46 | 160.21 files/sec
[2026-05-15 15:07:43]     Progress 200/1000 files ( 20.0%) | masked=76, sdc=30, crash/hang=94 | 176.52 files/sec
[2026-05-15 15:07:44]     Progress 300/1000 files ( 30.0%) | masked=117, sdc=45, crash/hang=138 | 168.61 files/sec
[2026-05-15 15:07:45]     Progress 400/1000 files ( 40.0%) | masked=155, sdc=64, crash/hang=181 | 165.55 files/sec
[2026-05-15 15:07:45]     Progress 500/1000 files ( 50.0%) | masked=206, sdc=74, crash/hang=220 | 162.19 files/sec
[2026-05-15 15:07:46]     Progress 600/1000 files ( 60.0%) | masked=244, sdc=93, crash/hang=263 | 162.48 files/sec
[2026-05-15 15:07:47]     Progress 700/1000 files ( 70.0%) | masked=284, sdc=110, crash/hang=306 | 162.82 files/sec
[2026-05-15 15:07:47]     Progress 800/1000 files ( 80.0%) | masked=327, sdc=125, crash/hang=348 | 162.28 files/sec
[2026-05-15 15:07:48]     Progress 900/1000 files ( 90.0%) | masked=364, sdc=146, crash/hang=390 | 161.59 files/sec
[2026-05-15 15:07:48]     Progress 1000/1000 files (100.0%) | masked=409, sdc=162, crash/hang=429 | 160.56 files/sec
[2026-05-15 15:07:48]     Done folder: total=1000, masked=409, sdc=162, crash/hang=429
[2026-05-15 15:07:48]     CSV row written for leader-cse/exec_qsort_small_early-cse_early-cse | masked_rate=0.409000, sdc_rate=0.162000, crash_rate=0.429000
[2026-05-15 15:07:48] ================================================================================
[2026-05-15 15:07:48] [   3/110 |   2.7%] Processing leader-cse/exec_qsort_small_early-cse_gvn
[2026-05-15 15:07:48]     FI folder : /projects/lyang28/rmengle/program_outputs/paired/qsort_small_outputs/leader-cse/exec_qsort_small_early-cse_gvn
[2026-05-15 15:07:48]     Timing    : /projects/lyang28/rmengle/execution_times/paired/qsort_small_outputs/leader-cse/exec_qsort_small_early-cse_gvn.txt FOUND
[2026-05-15 15:07:49]     Found 1000 run files
[2026-05-15 15:07:49]     Progress 100/1000 files ( 10.0%) | masked=37, sdc=25, crash/hang=38 | 144.67 files/sec
[2026-05-15 15:07:50]     Progress 200/1000 files ( 20.0%) | masked=76, sdc=43, crash/hang=81 | 149.67 files/sec
[2026-05-15 15:07:51]     Progress 300/1000 files ( 30.0%) | masked=115, sdc=61, crash/hang=124 | 153.65 files/sec
[2026-05-15 15:07:51]     Progress 400/1000 files ( 40.0%) | masked=153, sdc=75, crash/hang=172 | 158.12 files/sec
[2026-05-15 15:07:52]     Progress 500/1000 files ( 50.0%) | masked=188, sdc=93, crash/hang=219 | 161.42 files/sec
[2026-05-15 15:07:52]     Progress 600/1000 files ( 60.0%) | masked=224, sdc=107, crash/hang=269 | 165.13 files/sec
[2026-05-15 15:07:53]     Progress 700/1000 files ( 70.0%) | masked=263, sdc=118, crash/hang=319 | 166.62 files/sec
[2026-05-15 15:07:54]     Progress 800/1000 files ( 80.0%) | masked=307, sdc=134, crash/hang=359 | 164.42 files/sec
[2026-05-15 15:07:54]     Progress 900/1000 files ( 90.0%) | masked=353, sdc=150, crash/hang=397 | 163.07 files/sec
[2026-05-15 15:07:55]     Progress 1000/1000 files (100.0%) | masked=402, sdc=163, crash/hang=435 | 161.72 files/sec
[2026-05-15 15:07:55]     Done folder: total=1000, masked=402, sdc=163, crash/hang=435
[2026-05-15 15:07:55]     CSV row written for leader-cse/exec_qsort_small_early-cse_gvn | masked_rate=0.402000, sdc_rate=0.163000, crash_rate=0.435000
[2026-05-15 15:07:55] ================================================================================
[2026-05-15 15:07:55] [   4/110 |   3.6%] Processing leader-cse/exec_qsort_small_early-cse_inline
[2026-05-15 15:07:55]     FI folder : /projects/lyang28/rmengle/program_outputs/paired/qsort_small_outputs/leader-cse/exec_qsort_small_early-cse_inline
[2026-05-15 15:07:55]     Timing    : /projects/lyang28/rmengle/execution_times/paired/qsort_small_outputs/leader-cse/exec_qsort_small_early-cse_inline.txt FOUND
[2026-05-15 15:07:55]     Found 1000 run files
[2026-05-15 15:07:56]     Progress 100/1000 files ( 10.0%) | masked=42, sdc=21, crash/hang=37 | 148.07 files/sec
[2026-05-15 15:07:57]     Progress 200/1000 files ( 20.0%) | masked=77, sdc=44, crash/hang=79 | 152.76 files/sec
[2026-05-15 15:07:57]     Progress 300/1000 files ( 30.0%) | masked=117, sdc=63, crash/hang=120 | 154.63 files/sec
[2026-05-15 15:07:58]     Progress 400/1000 files ( 40.0%) | masked=160, sdc=80, crash/hang=160 | 155.07 files/sec
[2026-05-15 15:07:59]     Progress 500/1000 files ( 50.0%) | masked=210, sdc=92, crash/hang=198 | 153.79 files/sec
[2026-05-15 15:07:59]     Progress 600/1000 files ( 60.0%) | masked=244, sdc=109, crash/hang=247 | 157.40 files/sec
[2026-05-15 15:08:00]     Progress 700/1000 files ( 70.0%) | masked=282, sdc=127, crash/hang=291 | 157.86 files/sec
[2026-05-15 15:08:00]     Progress 800/1000 files ( 80.0%) | masked=312, sdc=150, crash/hang=338 | 159.84 files/sec
[2026-05-15 15:08:01]     Progress 900/1000 files ( 90.0%) | masked=346, sdc=164, crash/hang=390 | 162.14 files/sec
[2026-05-15 15:08:02]     Progress 1000/1000 files (100.0%) | masked=391, sdc=180, crash/hang=429 | 161.24 files/sec
[2026-05-15 15:08:02]     Done folder: total=1000, masked=391, sdc=180, crash/hang=429
[2026-05-15 15:08:02]     CSV row written for leader-cse/exec_qsort_small_early-cse_inline | masked_rate=0.391000, sdc_rate=0.180000, crash_rate=0.429000
[2026-05-15 15:08:02] ================================================================================
[2026-05-15 15:08:02] [   5/110 |   4.5%] Processing leader-cse/exec_qsort_small_early-cse_instcombine
[2026-05-15 15:08:02]     FI folder : /projects/lyang28/rmengle/program_outputs/paired/qsort_small_outputs/leader-cse/exec_qsort_small_early-cse_instcombine
[2026-05-15 15:08:02]     Timing    : /projects/lyang28/rmengle/execution_times/paired/qsort_small_outputs/leader-cse/exec_qsort_small_early-cse_instcombine.txt FOUND
[2026-05-15 15:08:02]     Found 1000 run files
[2026-05-15 15:08:02]     Progress 100/1000 files ( 10.0%) | masked=40, sdc=17, crash/hang=43 | 167.40 files/sec
[2026-05-15 15:08:03]     Progress 200/1000 files ( 20.0%) | masked=84, sdc=31, crash/hang=85 | 163.49 files/sec
[2026-05-15 15:08:04]     Progress 300/1000 files ( 30.0%) | masked=136, sdc=42, crash/hang=122 | 158.59 files/sec
[2026-05-15 15:08:04]     Progress 400/1000 files ( 40.0%) | masked=185, sdc=51, crash/hang=164 | 157.23 files/sec
[2026-05-15 15:08:05]     Progress 500/1000 files ( 50.0%) | masked=225, sdc=66, crash/hang=209 | 159.74 files/sec
[2026-05-15 15:08:06]     Progress 600/1000 files ( 60.0%) | masked=269, sdc=78, crash/hang=253 | 160.34 files/sec
[2026-05-15 15:08:06]     Progress 700/1000 files ( 70.0%) | masked=316, sdc=94, crash/hang=290 | 157.50 files/sec
[2026-05-15 15:08:07]     Progress 800/1000 files ( 80.0%) | masked=361, sdc=115, crash/hang=324 | 156.28 files/sec
[2026-05-15 15:08:08]     Progress 900/1000 files ( 90.0%) | masked=401, sdc=130, crash/hang=369 | 157.25 files/sec
[2026-05-15 15:08:08]     Progress 1000/1000 files (100.0%) | masked=446, sdc=143, crash/hang=411 | 157.59 files/sec
[2026-05-15 15:08:08]     Done folder: total=1000, masked=446, sdc=143, crash/hang=411
[2026-05-15 15:08:08]     CSV row written for leader-cse/exec_qsort_small_early-cse_instcombine | masked_rate=0.446000, sdc_rate=0.143000, crash_rate=0.411000
[2026-05-15 15:08:08] ================================================================================
[2026-05-15 15:08:08] [   6/110 |   5.5%] Processing leader-cse/exec_qsort_small_early-cse_ipsccp
[2026-05-15 15:08:08]     FI folder : /projects/lyang28/rmengle/program_outputs/paired/qsort_small_outputs/leader-cse/exec_qsort_small_early-cse_ipsccp
[2026-05-15 15:08:08]     Timing    : /projects/lyang28/rmengle/execution_times/paired/qsort_small_outputs/leader-cse/exec_qsort_small_early-cse_ipsccp.txt FOUND
[2026-05-15 15:08:09]     Found 1000 run files
[2026-05-15 15:08:09]     Progress 100/1000 files ( 10.0%) | masked=32, sdc=21, crash/hang=47 | 163.67 files/sec
[2026-05-15 15:08:10]     Progress 200/1000 files ( 20.0%) | masked=64, sdc=37, crash/hang=99 | 174.90 files/sec
[2026-05-15 15:08:10]     Progress 300/1000 files ( 30.0%) | masked=101, sdc=59, crash/hang=140 | 168.03 files/sec
[2026-05-15 15:08:11]     Progress 400/1000 files ( 40.0%) | masked=145, sdc=82, crash/hang=173 | 161.75 files/sec
[2026-05-15 15:08:12]     Progress 500/1000 files ( 50.0%) | masked=190, sdc=94, crash/hang=216 | 156.32 files/sec
[2026-05-15 15:08:12]     Progress 600/1000 files ( 60.0%) | masked=230, sdc=111, crash/hang=259 | 156.53 files/sec
[2026-05-15 15:08:13]     Progress 700/1000 files ( 70.0%) | masked=271, sdc=122, crash/hang=307 | 158.30 files/sec
[2026-05-15 15:08:14]     Progress 800/1000 files ( 80.0%) | masked=311, sdc=135, crash/hang=354 | 160.00 files/sec
[2026-05-15 15:08:14]     Progress 900/1000 files ( 90.0%) | masked=346, sdc=156, crash/hang=398 | 160.14 files/sec
[2026-05-15 15:08:15]     Progress 1000/1000 files (100.0%) | masked=392, sdc=170, crash/hang=438 | 159.20 files/sec
[2026-05-15 15:08:15]     Done folder: total=1000, masked=392, sdc=170, crash/hang=438
[2026-05-15 15:08:15]     CSV row written for leader-cse/exec_qsort_small_early-cse_ipsccp | masked_rate=0.392000, sdc_rate=0.170000, crash_rate=0.438000
[2026-05-15 15:08:15] ================================================================================
[2026-05-15 15:08:15] [   7/110 |   6.4%] Processing leader-cse/exec_qsort_small_early-cse_licm
[2026-05-15 15:08:15]     FI folder : /projects/lyang28/rmengle/program_outputs/paired/qsort_small_outputs/leader-cse/exec_qsort_small_early-cse_licm
[2026-05-15 15:08:15]     Timing    : /projects/lyang28/rmengle/execution_times/paired/qsort_small_outputs/leader-cse/exec_qsort_small_early-cse_licm.txt FOUND
[2026-05-15 15:08:15]     Found 1000 run files
[2026-05-15 15:08:16]     Progress 100/1000 files ( 10.0%) | masked=50, sdc=13, crash/hang=37 | 145.06 files/sec
[2026-05-15 15:08:16]     Progress 200/1000 files ( 20.0%) | masked=91, sdc=25, crash/hang=84 | 156.11 files/sec
[2026-05-15 15:08:17]     Progress 300/1000 files ( 30.0%) | masked=134, sdc=39, crash/hang=127 | 158.15 files/sec
[2026-05-15 15:08:18]     Progress 400/1000 files ( 40.0%) | masked=177, sdc=53, crash/hang=170 | 159.15 files/sec
[2026-05-15 15:08:18]     Progress 500/1000 files ( 50.0%) | masked=208, sdc=77, crash/hang=215 | 160.71 files/sec
[2026-05-15 15:08:19]     Progress 600/1000 files ( 60.0%) | masked=246, sdc=93, crash/hang=261 | 160.49 files/sec
[2026-05-15 15:08:20]     Progress 700/1000 files ( 70.0%) | masked=287, sdc=105, crash/hang=308 | 161.48 files/sec
[2026-05-15 15:08:20]     Progress 800/1000 files ( 80.0%) | masked=331, sdc=117, crash/hang=352 | 161.48 files/sec
[2026-05-15 15:08:21]     Progress 900/1000 files ( 90.0%) | masked=377, sdc=134, crash/hang=389 | 160.13 files/sec
[2026-05-15 15:08:21]     Progress 1000/1000 files (100.0%) | masked=416, sdc=146, crash/hang=438 | 160.14 files/sec
[2026-05-15 15:08:21]     Done folder: total=1000, masked=416, sdc=146, crash/hang=438
[2026-05-15 15:08:21]     CSV row written for leader-cse/exec_qsort_small_early-cse_licm | masked_rate=0.416000, sdc_rate=0.146000, crash_rate=0.438000
[2026-05-15 15:08:21] ================================================================================
[2026-05-15 15:08:21] [   8/110 |   7.3%] Processing leader-cse/exec_qsort_small_early-cse_loop-reduce
[2026-05-15 15:08:21]     FI folder : /projects/lyang28/rmengle/program_outputs/paired/qsort_small_outputs/leader-cse/exec_qsort_small_early-cse_loop-reduce
[2026-05-15 15:08:21]     Timing    : /projects/lyang28/rmengle/execution_times/paired/qsort_small_outputs/leader-cse/exec_qsort_small_early-cse_loop-reduce.txt FOUND
[2026-05-15 15:08:22]     Found 1000 run files
[2026-05-15 15:08:23]     Progress 100/1000 files ( 10.0%) | masked=37, sdc=16, crash/hang=47 | 161.93 files/sec
[2026-05-15 15:08:23]     Progress 200/1000 files ( 20.0%) | masked=71, sdc=33, crash/hang=96 | 171.59 files/sec
[2026-05-15 15:08:24]     Progress 300/1000 files ( 30.0%) | masked=109, sdc=46, crash/hang=145 | 173.85 files/sec
[2026-05-15 15:08:24]     Progress 400/1000 files ( 40.0%) | masked=145, sdc=66, crash/hang=189 | 173.21 files/sec
[2026-05-15 15:08:25]     Progress 500/1000 files ( 50.0%) | masked=195, sdc=82, crash/hang=223 | 166.14 files/sec
[2026-05-15 15:08:26]     Progress 600/1000 files ( 60.0%) | masked=229, sdc=101, crash/hang=270 | 165.39 files/sec
[2026-05-15 15:08:26]     Progress 700/1000 files ( 70.0%) | masked=273, sdc=113, crash/hang=314 | 164.99 files/sec
[2026-05-15 15:08:27]     Progress 800/1000 files ( 80.0%) | masked=309, sdc=135, crash/hang=356 | 163.28 files/sec
[2026-05-15 15:08:27]     Progress 900/1000 files ( 90.0%) | masked=347, sdc=152, crash/hang=401 | 162.81 files/sec
[2026-05-15 15:08:28]     Progress 1000/1000 files (100.0%) | masked=392, sdc=168, crash/hang=440 | 161.07 files/sec
[2026-05-15 15:08:28]     Done folder: total=1000, masked=392, sdc=168, crash/hang=440
[2026-05-15 15:08:28]     CSV row written for leader-cse/exec_qsort_small_early-cse_loop-reduce | masked_rate=0.392000, sdc_rate=0.168000, crash_rate=0.440000
[2026-05-15 15:08:28] ================================================================================
[2026-05-15 15:08:28] [   9/110 |   8.2%] Processing leader-cse/exec_qsort_small_early-cse_loop-unroll
[2026-05-15 15:08:28]     FI folder : /projects/lyang28/rmengle/program_outputs/paired/qsort_small_outputs/leader-cse/exec_qsort_small_early-cse_loop-unroll
[2026-05-15 15:08:28]     Timing    : /projects/lyang28/rmengle/execution_times/paired/qsort_small_outputs/leader-cse/exec_qsort_small_early-cse_loop-unroll.txt FOUND
[2026-05-15 15:08:29]     Found 1000 run files
[2026-05-15 15:08:29]     Progress 100/1000 files ( 10.0%) | masked=36, sdc=13, crash/hang=51 | 179.74 files/sec
[2026-05-15 15:08:30]     Progress 200/1000 files ( 20.0%) | masked=71, sdc=29, crash/hang=100 | 176.14 files/sec
[2026-05-15 15:08:30]     Progress 300/1000 files ( 30.0%) | masked=112, sdc=46, crash/hang=142 | 172.43 files/sec
[2026-05-15 15:08:31]     Progress 400/1000 files ( 40.0%) | masked=149, sdc=63, crash/hang=188 | 171.59 files/sec
[2026-05-15 15:08:31]     Progress 500/1000 files ( 50.0%) | masked=188, sdc=83, crash/hang=229 | 168.82 files/sec
[2026-05-15 15:08:32]     Progress 600/1000 files ( 60.0%) | masked=228, sdc=102, crash/hang=270 | 167.07 files/sec
[2026-05-15 15:08:33]     Progress 700/1000 files ( 70.0%) | masked=262, sdc=118, crash/hang=320 | 167.66 files/sec
[2026-05-15 15:08:33]     Progress 800/1000 files ( 80.0%) | masked=300, sdc=134, crash/hang=366 | 167.00 files/sec
[2026-05-15 15:08:34]     Progress 900/1000 files ( 90.0%) | masked=344, sdc=149, crash/hang=407 | 164.68 files/sec
[2026-05-15 15:08:35]     Progress 1000/1000 files (100.0%) | masked=394, sdc=162, crash/hang=444 | 161.47 files/sec
[2026-05-15 15:08:35]     Done folder: total=1000, masked=394, sdc=162, crash/hang=444
[2026-05-15 15:08:35]     CSV row written for leader-cse/exec_qsort_small_early-cse_loop-unroll | masked_rate=0.394000, sdc_rate=0.162000, crash_rate=0.444000
[2026-05-15 15:08:35] ================================================================================
[2026-05-15 15:08:35] [  10/110 |   9.1%] Processing leader-cse/exec_qsort_small_early-cse_sccp
[2026-05-15 15:08:35]     FI folder : /projects/lyang28/rmengle/program_outputs/paired/qsort_small_outputs/leader-cse/exec_qsort_small_early-cse_sccp
[2026-05-15 15:08:35]     Timing    : /projects/lyang28/rmengle/execution_times/paired/qsort_small_outputs/leader-cse/exec_qsort_small_early-cse_sccp.txt FOUND
[2026-05-15 15:08:35]     Found 1000 run files
[2026-05-15 15:08:36]     Progress 100/1000 files ( 10.0%) | masked=46, sdc=19, crash/hang=35 | 144.37 files/sec
[2026-05-15 15:08:36]     Progress 200/1000 files ( 20.0%) | masked=81, sdc=37, crash/hang=82 | 154.70 files/sec
[2026-05-15 15:08:37]     Progress 300/1000 files ( 30.0%) | masked=112, sdc=48, crash/hang=140 | 166.94 files/sec
[2026-05-15 15:08:37]     Progress 400/1000 files ( 40.0%) | masked=155, sdc=60, crash/hang=185 | 165.28 files/sec
[2026-05-15 15:08:38]     Progress 500/1000 files ( 50.0%) | masked=191, sdc=82, crash/hang=227 | 162.87 files/sec
[2026-05-15 15:08:39]     Progress 600/1000 files ( 60.0%) | masked=235, sdc=97, crash/hang=268 | 161.23 files/sec
[2026-05-15 15:08:39]     Progress 700/1000 files ( 70.0%) | masked=276, sdc=116, crash/hang=308 | 159.67 files/sec
[2026-05-15 15:08:40]     Progress 800/1000 files ( 80.0%) | masked=314, sdc=130, crash/hang=356 | 160.71 files/sec
[2026-05-15 15:08:41]     Progress 900/1000 files ( 90.0%) | masked=350, sdc=151, crash/hang=399 | 160.57 files/sec
[2026-05-15 15:08:41]     Progress 1000/1000 files (100.0%) | masked=385, sdc=168, crash/hang=447 | 161.49 files/sec
[2026-05-15 15:08:41]     Done folder: total=1000, masked=385, sdc=168, crash/hang=447
[2026-05-15 15:08:41]     CSV row written for leader-cse/exec_qsort_small_early-cse_sccp | masked_rate=0.385000, sdc_rate=0.168000, crash_rate=0.447000
[2026-05-15 15:08:41] ================================================================================
[2026-05-15 15:08:41] [  11/110 |  10.0%] Processing leader-cse/exec_qsort_small_early-cse_simple-loop-unswitch
[2026-05-15 15:08:41]     FI folder : /projects/lyang28/rmengle/program_outputs/paired/qsort_small_outputs/leader-cse/exec_qsort_small_early-cse_simple-loop-unswitch
[2026-05-15 15:08:41]     Timing    : /projects/lyang28/rmengle/execution_times/paired/qsort_small_outputs/leader-cse/exec_qsort_small_early-cse_simple-loop-unswitch.txt FOUND
[2026-05-15 15:08:42]     Found 1000 run files
[2026-05-15 15:08:42]     Progress 100/1000 files ( 10.0%) | masked=34, sdc=27, crash/hang=39 | 151.70 files/sec
[2026-05-15 15:08:43]     Progress 200/1000 files ( 20.0%) | masked=61, sdc=52, crash/hang=87 | 168.01 files/sec
[2026-05-15 15:08:43]     Progress 300/1000 files ( 30.0%) | masked=100, sdc=65, crash/hang=135 | 167.31 files/sec
[2026-05-15 15:08:44]     Progress 400/1000 files ( 40.0%) | masked=128, sdc=82, crash/hang=190 | 172.46 files/sec
[2026-05-15 15:08:45]     Progress 500/1000 files ( 50.0%) | masked=162, sdc=100, crash/hang=238 | 170.01 files/sec
[2026-05-15 15:08:45]     Progress 600/1000 files ( 60.0%) | masked=195, sdc=118, crash/hang=287 | 171.09 files/sec
[2026-05-15 15:08:46]     Progress 700/1000 files ( 70.0%) | masked=239, sdc=128, crash/hang=333 | 170.80 files/sec
[2026-05-15 15:08:46]     Progress 800/1000 files ( 80.0%) | masked=275, sdc=143, crash/hang=382 | 170.55 files/sec
[2026-05-15 15:08:47]     Progress 900/1000 files ( 90.0%) | masked=316, sdc=157, crash/hang=427 | 170.32 files/sec
[2026-05-15 15:08:47]     Progress 1000/1000 files (100.0%) | masked=348, sdc=179, crash/hang=473 | 171.28 files/sec
[2026-05-15 15:08:47]     Done folder: total=1000, masked=348, sdc=179, crash/hang=473
[2026-05-15 15:08:48]     CSV row written for leader-cse/exec_qsort_small_early-cse_simple-loop-unswitch | masked_rate=0.348000, sdc_rate=0.179000, crash_rate=0.473000
[2026-05-15 15:08:48] ================================================================================
[2026-05-15 15:08:48] [  12/110 |  10.9%] Processing leader-gvn/exec_qsort_small_gvn
[2026-05-15 15:08:48]     FI folder : /projects/lyang28/rmengle/program_outputs/paired/qsort_small_outputs/leader-gvn/exec_qsort_small_gvn
[2026-05-15 15:08:48]     Timing    : /projects/lyang28/rmengle/execution_times/paired/qsort_small_outputs/leader-gvn/exec_qsort_small_gvn.txt FOUND
[2026-05-15 15:08:48]     Found 1000 run files
[2026-05-15 15:08:49]     Progress 100/1000 files ( 10.0%) | masked=52, sdc=18, crash/hang=30 | 136.30 files/sec
[2026-05-15 15:08:49]     Progress 200/1000 files ( 20.0%) | masked=85, sdc=37, crash/hang=78 | 152.95 files/sec
[2026-05-15 15:08:50]     Progress 300/1000 files ( 30.0%) | masked=131, sdc=49, crash/hang=120 | 155.37 files/sec
[2026-05-15 15:08:50]     Progress 400/1000 files ( 40.0%) | masked=176, sdc=66, crash/hang=158 | 153.92 files/sec
[2026-05-15 15:08:51]     Progress 500/1000 files ( 50.0%) | masked=214, sdc=89, crash/hang=197 | 152.43 files/sec
[2026-05-15 15:08:52]     Progress 600/1000 files ( 60.0%) | masked=250, sdc=108, crash/hang=242 | 154.63 files/sec
[2026-05-15 15:08:52]     Progress 700/1000 files ( 70.0%) | masked=284, sdc=130, crash/hang=286 | 156.28 files/sec
[2026-05-15 15:08:53]     Progress 800/1000 files ( 80.0%) | masked=317, sdc=147, crash/hang=336 | 158.45 files/sec
[2026-05-15 15:08:54]     Progress 900/1000 files ( 90.0%) | masked=357, sdc=161, crash/hang=382 | 159.14 files/sec
[2026-05-15 15:08:54]     Progress 1000/1000 files (100.0%) | masked=401, sdc=183, crash/hang=416 | 157.13 files/sec
[2026-05-15 15:08:54]     Done folder: total=1000, masked=401, sdc=183, crash/hang=416
[2026-05-15 15:08:54]     CSV row written for leader-gvn/exec_qsort_small_gvn | masked_rate=0.401000, sdc_rate=0.183000, crash_rate=0.416000
[2026-05-15 15:08:54] ================================================================================
[2026-05-15 15:08:54] [  13/110 |  11.8%] Processing leader-gvn/exec_qsort_small_gvn_early-cse
[2026-05-15 15:08:54]     FI folder : /projects/lyang28/rmengle/program_outputs/paired/qsort_small_outputs/leader-gvn/exec_qsort_small_gvn_early-cse
[2026-05-15 15:08:54]     Timing    : /projects/lyang28/rmengle/execution_times/paired/qsort_small_outputs/leader-gvn/exec_qsort_small_gvn_early-cse.txt FOUND
[2026-05-15 15:08:55]     Found 1000 run files
[2026-05-15 15:08:55]     Progress 100/1000 files ( 10.0%) | masked=41, sdc=15, crash/hang=44 | 159.85 files/sec
[2026-05-15 15:08:56]     Progress 200/1000 files ( 20.0%) | masked=74, sdc=35, crash/hang=91 | 170.71 files/sec
[2026-05-15 15:08:56]     Progress 300/1000 files ( 30.0%) | masked=116, sdc=52, crash/hang=132 | 167.97 files/sec
[2026-05-15 15:08:57]     Progress 400/1000 files ( 40.0%) | masked=150, sdc=73, crash/hang=177 | 169.65 files/sec
[2026-05-15 15:08:58]     Progress 500/1000 files ( 50.0%) | masked=188, sdc=93, crash/hang=219 | 168.06 files/sec
[2026-05-15 15:08:58]     Progress 600/1000 files ( 60.0%) | masked=227, sdc=111, crash/hang=262 | 166.51 files/sec
[2026-05-15 15:08:59]     Progress 700/1000 files ( 70.0%) | masked=267, sdc=126, crash/hang=307 | 166.35 files/sec
[2026-05-15 15:08:59]     Progress 800/1000 files ( 80.0%) | masked=299, sdc=151, crash/hang=350 | 166.14 files/sec
[2026-05-15 15:09:00]     Progress 900/1000 files ( 90.0%) | masked=339, sdc=168, crash/hang=393 | 166.06 files/sec
[2026-05-15 15:09:01]     Progress 1000/1000 files (100.0%) | masked=386, sdc=179, crash/hang=435 | 164.98 files/sec
[2026-05-15 15:09:01]     Done folder: total=1000, masked=386, sdc=179, crash/hang=435
[2026-05-15 15:09:01]     CSV row written for leader-gvn/exec_qsort_small_gvn_early-cse | masked_rate=0.386000, sdc_rate=0.179000, crash_rate=0.435000
[2026-05-15 15:09:01] ================================================================================
[2026-05-15 15:09:01] [  14/110 |  12.7%] Processing leader-gvn/exec_qsort_small_gvn_gvn
[2026-05-15 15:09:01]     FI folder : /projects/lyang28/rmengle/program_outputs/paired/qsort_small_outputs/leader-gvn/exec_qsort_small_gvn_gvn
[2026-05-15 15:09:01]     Timing    : /projects/lyang28/rmengle/execution_times/paired/qsort_small_outputs/leader-gvn/exec_qsort_small_gvn_gvn.txt FOUND
[2026-05-15 15:09:01]     Found 1000 run files
[2026-05-15 15:09:02]     Progress 100/1000 files ( 10.0%) | masked=37, sdc=9, crash/hang=54 | 200.21 files/sec
[2026-05-15 15:09:02]     Progress 200/1000 files ( 20.0%) | masked=75, sdc=24, crash/hang=101 | 184.81 files/sec
[2026-05-15 15:09:03]     Progress 300/1000 files ( 30.0%) | masked=101, sdc=44, crash/hang=155 | 189.73 files/sec
[2026-05-15 15:09:03]     Progress 400/1000 files ( 40.0%) | masked=142, sdc=62, crash/hang=196 | 180.37 files/sec
[2026-05-15 15:09:04]     Progress 500/1000 files ( 50.0%) | masked=189, sdc=77, crash/hang=234 | 173.36 files/sec
[2026-05-15 15:09:04]     Progress 600/1000 files ( 60.0%) | masked=223, sdc=97, crash/hang=280 | 173.74 files/sec
[2026-05-15 15:09:05]     Progress 700/1000 files ( 70.0%) | masked=267, sdc=110, crash/hang=323 | 171.91 files/sec
[2026-05-15 15:09:06]     Progress 800/1000 files ( 80.0%) | masked=307, sdc=131, crash/hang=362 | 168.85 files/sec
[2026-05-15 15:09:06]     Progress 900/1000 files ( 90.0%) | masked=347, sdc=145, crash/hang=408 | 168.43 files/sec
[2026-05-15 15:09:07]     Progress 1000/1000 files (100.0%) | masked=389, sdc=167, crash/hang=444 | 166.44 files/sec
[2026-05-15 15:09:07]     Done folder: total=1000, masked=389, sdc=167, crash/hang=444
[2026-05-15 15:09:07]     CSV row written for leader-gvn/exec_qsort_small_gvn_gvn | masked_rate=0.389000, sdc_rate=0.167000, crash_rate=0.444000
[2026-05-15 15:09:07] ================================================================================
[2026-05-15 15:09:07] [  15/110 |  13.6%] Processing leader-gvn/exec_qsort_small_gvn_inline
[2026-05-15 15:09:07]     FI folder : /projects/lyang28/rmengle/program_outputs/paired/qsort_small_outputs/leader-gvn/exec_qsort_small_gvn_inline
[2026-05-15 15:09:07]     Timing    : /projects/lyang28/rmengle/execution_times/paired/qsort_small_outputs/leader-gvn/exec_qsort_small_gvn_inline.txt FOUND
[2026-05-15 15:09:07]     Found 1000 run files
[2026-05-15 15:09:08]     Progress 100/1000 files ( 10.0%) | masked=38, sdc=12, crash/hang=50 | 175.27 files/sec
[2026-05-15 15:09:09]     Progress 200/1000 files ( 20.0%) | masked=69, sdc=36, crash/hang=95 | 174.21 files/sec
[2026-05-15 15:09:09]     Progress 300/1000 files ( 30.0%) | masked=108, sdc=53, crash/hang=139 | 173.07 files/sec
[2026-05-15 15:09:10]     Progress 400/1000 files ( 40.0%) | masked=152, sdc=65, crash/hang=183 | 171.16 files/sec
[2026-05-15 15:09:10]     Progress 500/1000 files ( 50.0%) | masked=191, sdc=86, crash/hang=223 | 168.05 files/sec
[2026-05-15 15:09:11]     Progress 600/1000 files ( 60.0%) | masked=237, sdc=96, crash/hang=267 | 167.00 files/sec
[2026-05-15 15:09:12]     Progress 700/1000 files ( 70.0%) | masked=281, sdc=113, crash/hang=306 | 164.59 files/sec
[2026-05-15 15:09:12]     Progress 800/1000 files ( 80.0%) | masked=326, sdc=132, crash/hang=342 | 162.04 files/sec
[2026-05-15 15:09:13]     Progress 900/1000 files ( 90.0%) | masked=368, sdc=151, crash/hang=381 | 160.73 files/sec
[2026-05-15 15:09:14]     Progress 1000/1000 files (100.0%) | masked=402, sdc=166, crash/hang=432 | 162.54 files/sec
[2026-05-15 15:09:14]     Done folder: total=1000, masked=402, sdc=166, crash/hang=432
[2026-05-15 15:09:14]     CSV row written for leader-gvn/exec_qsort_small_gvn_inline | masked_rate=0.402000, sdc_rate=0.166000, crash_rate=0.432000
[2026-05-15 15:09:14] ================================================================================
[2026-05-15 15:09:14] [  16/110 |  14.5%] Processing leader-gvn/exec_qsort_small_gvn_instcombine
[2026-05-15 15:09:14]     FI folder : /projects/lyang28/rmengle/program_outputs/paired/qsort_small_outputs/leader-gvn/exec_qsort_small_gvn_instcombine
[2026-05-15 15:09:14]     Timing    : /projects/lyang28/rmengle/execution_times/paired/qsort_small_outputs/leader-gvn/exec_qsort_small_gvn_instcombine.txt FOUND
[2026-05-15 15:09:14]     Found 1000 run files
[2026-05-15 15:09:15]     Progress 100/1000 files ( 10.0%) | masked=42, sdc=20, crash/hang=38 | 150.29 files/sec
[2026-05-15 15:09:15]     Progress 200/1000 files ( 20.0%) | masked=91, sdc=37, crash/hang=72 | 146.15 files/sec
[2026-05-15 15:09:16]     Progress 300/1000 files ( 30.0%) | masked=142, sdc=55, crash/hang=103 | 144.72 files/sec
[2026-05-15 15:09:17]     Progress 400/1000 files ( 40.0%) | masked=186, sdc=77, crash/hang=137 | 144.94 files/sec
[2026-05-15 15:09:17]     Progress 500/1000 files ( 50.0%) | masked=234, sdc=89, crash/hang=177 | 146.83 files/sec
[2026-05-15 15:09:18]     Progress 600/1000 files ( 60.0%) | masked=276, sdc=101, crash/hang=223 | 150.13 files/sec
[2026-05-15 15:09:19]     Progress 700/1000 files ( 70.0%) | masked=316, sdc=120, crash/hang=264 | 150.72 files/sec
[2026-05-15 15:09:19]     Progress 800/1000 files ( 80.0%) | masked=358, sdc=134, crash/hang=308 | 151.29 files/sec
[2026-05-15 15:09:20]     Progress 900/1000 files ( 90.0%) | masked=397, sdc=152, crash/hang=351 | 152.54 files/sec
[2026-05-15 15:09:20]     Progress 1000/1000 files (100.0%) | masked=445, sdc=169, crash/hang=386 | 151.72 files/sec
[2026-05-15 15:09:20]     Done folder: total=1000, masked=445, sdc=169, crash/hang=386
[2026-05-15 15:09:20]     CSV row written for leader-gvn/exec_qsort_small_gvn_instcombine | masked_rate=0.445000, sdc_rate=0.169000, crash_rate=0.386000
[2026-05-15 15:09:20] ================================================================================
[2026-05-15 15:09:20] [  17/110 |  15.5%] Processing leader-gvn/exec_qsort_small_gvn_ipsccp
[2026-05-15 15:09:21]     FI folder : /projects/lyang28/rmengle/program_outputs/paired/qsort_small_outputs/leader-gvn/exec_qsort_small_gvn_ipsccp
[2026-05-15 15:09:21]     Timing    : /projects/lyang28/rmengle/execution_times/paired/qsort_small_outputs/leader-gvn/exec_qsort_small_gvn_ipsccp.txt FOUND
[2026-05-15 15:09:21]     Found 1000 run files
[2026-05-15 15:09:21]     Progress 100/1000 files ( 10.0%) | masked=38, sdc=22, crash/hang=40 | 153.44 files/sec
[2026-05-15 15:09:22]     Progress 200/1000 files ( 20.0%) | masked=84, sdc=41, crash/hang=75 | 150.08 files/sec
[2026-05-15 15:09:23]     Progress 300/1000 files ( 30.0%) | masked=122, sdc=52, crash/hang=126 | 161.91 files/sec
[2026-05-15 15:09:23]     Progress 400/1000 files ( 40.0%) | masked=162, sdc=68, crash/hang=170 | 162.58 files/sec
[2026-05-15 15:09:24]     Progress 500/1000 files ( 50.0%) | masked=196, sdc=94, crash/hang=210 | 162.41 files/sec
[2026-05-15 15:09:24]     Progress 600/1000 files ( 60.0%) | masked=233, sdc=111, crash/hang=256 | 164.73 files/sec
[2026-05-15 15:09:25]     Progress 700/1000 files ( 70.0%) | masked=273, sdc=122, crash/hang=305 | 166.41 files/sec
[2026-05-15 15:09:26]     Progress 800/1000 files ( 80.0%) | masked=311, sdc=142, crash/hang=347 | 166.15 files/sec
[2026-05-15 15:09:26]     Progress 900/1000 files ( 90.0%) | masked=349, sdc=158, crash/hang=393 | 167.12 files/sec
[2026-05-15 15:09:27]     Progress 1000/1000 files (100.0%) | masked=382, sdc=176, crash/hang=442 | 168.39 files/sec
[2026-05-15 15:09:27]     Done folder: total=1000, masked=382, sdc=176, crash/hang=442
[2026-05-15 15:09:27]     CSV row written for leader-gvn/exec_qsort_small_gvn_ipsccp | masked_rate=0.382000, sdc_rate=0.176000, crash_rate=0.442000
[2026-05-15 15:09:27] ================================================================================
[2026-05-15 15:09:27] [  18/110 |  16.4%] Processing leader-gvn/exec_qsort_small_gvn_licm
[2026-05-15 15:09:27]     FI folder : /projects/lyang28/rmengle/program_outputs/paired/qsort_small_outputs/leader-gvn/exec_qsort_small_gvn_licm
[2026-05-15 15:09:27]     Timing    : /projects/lyang28/rmengle/execution_times/paired/qsort_small_outputs/leader-gvn/exec_qsort_small_gvn_licm.txt FOUND
[2026-05-15 15:09:27]     Found 1000 run files
[2026-05-15 15:09:28]     Progress 100/1000 files ( 10.0%) | masked=45, sdc=14, crash/hang=41 | 164.08 files/sec
[2026-05-15 15:09:28]     Progress 200/1000 files ( 20.0%) | masked=84, sdc=34, crash/hang=82 | 161.16 files/sec
[2026-05-15 15:09:29]     Progress 300/1000 files ( 30.0%) | masked=125, sdc=47, crash/hang=128 | 164.26 files/sec
[2026-05-15 15:09:30]     Progress 400/1000 files ( 40.0%) | masked=178, sdc=62, crash/hang=160 | 158.37 files/sec
[2026-05-15 15:09:30]     Progress 500/1000 files ( 50.0%) | masked=223, sdc=78, crash/hang=199 | 156.82 files/sec
[2026-05-15 15:09:31]     Progress 600/1000 files ( 60.0%) | masked=269, sdc=89, crash/hang=242 | 157.24 files/sec
[2026-05-15 15:09:32]     Progress 700/1000 files ( 70.0%) | masked=309, sdc=103, crash/hang=288 | 158.50 files/sec
[2026-05-15 15:09:32]     Progress 800/1000 files ( 80.0%) | masked=349, sdc=122, crash/hang=329 | 158.70 files/sec
[2026-05-15 15:09:33]     Progress 900/1000 files ( 90.0%) | masked=381, sdc=141, crash/hang=378 | 160.96 files/sec
[2026-05-15 15:09:33]     Progress 1000/1000 files (100.0%) | masked=434, sdc=158, crash/hang=408 | 158.15 files/sec
[2026-05-15 15:09:33]     Done folder: total=1000, masked=434, sdc=158, crash/hang=408
[2026-05-15 15:09:33]     CSV row written for leader-gvn/exec_qsort_small_gvn_licm | masked_rate=0.434000, sdc_rate=0.158000, crash_rate=0.408000
[2026-05-15 15:09:33] ================================================================================
[2026-05-15 15:09:33] [  19/110 |  17.3%] Processing leader-gvn/exec_qsort_small_gvn_loop-reduce
[2026-05-15 15:09:33]     FI folder : /projects/lyang28/rmengle/program_outputs/paired/qsort_small_outputs/leader-gvn/exec_qsort_small_gvn_loop-reduce
[2026-05-15 15:09:33]     Timing    : /projects/lyang28/rmengle/execution_times/paired/qsort_small_outputs/leader-gvn/exec_qsort_small_gvn_loop-reduce.txt FOUND
[2026-05-15 15:09:34]     Found 1000 run files
[2026-05-15 15:09:34]     Progress 100/1000 files ( 10.0%) | masked=38, sdc=18, crash/hang=44 | 159.62 files/sec
[2026-05-15 15:09:35]     Progress 200/1000 files ( 20.0%) | masked=78, sdc=34, crash/hang=88 | 163.51 files/sec
[2026-05-15 15:09:36]     Progress 300/1000 files ( 30.0%) | masked=124, sdc=48, crash/hang=128 | 160.07 files/sec
[2026-05-15 15:09:36]     Progress 400/1000 files ( 40.0%) | masked=155, sdc=62, crash/hang=183 | 168.01 files/sec
[2026-05-15 15:09:37]     Progress 500/1000 files ( 50.0%) | masked=198, sdc=76, crash/hang=226 | 168.04 files/sec
[2026-05-15 15:09:37]     Progress 600/1000 files ( 60.0%) | masked=240, sdc=85, crash/hang=275 | 169.52 files/sec
[2026-05-15 15:09:38]     Progress 700/1000 files ( 70.0%) | masked=278, sdc=100, crash/hang=322 | 170.43 files/sec
[2026-05-15 15:09:38]     Progress 800/1000 files ( 80.0%) | masked=315, sdc=120, crash/hang=365 | 169.04 files/sec
[2026-05-15 15:09:39]     Progress 900/1000 files ( 90.0%) | masked=358, sdc=134, crash/hang=408 | 167.79 files/sec
[2026-05-15 15:09:40]     Progress 1000/1000 files (100.0%) | masked=398, sdc=151, crash/hang=451 | 167.52 files/sec
[2026-05-15 15:09:40]     Done folder: total=1000, masked=398, sdc=151, crash/hang=451
[2026-05-15 15:09:40]     CSV row written for leader-gvn/exec_qsort_small_gvn_loop-reduce | masked_rate=0.398000, sdc_rate=0.151000, crash_rate=0.451000
[2026-05-15 15:09:40] ================================================================================
[2026-05-15 15:09:40] [  20/110 |  18.2%] Processing leader-gvn/exec_qsort_small_gvn_loop-unroll
[2026-05-15 15:09:40]     FI folder : /projects/lyang28/rmengle/program_outputs/paired/qsort_small_outputs/leader-gvn/exec_qsort_small_gvn_loop-unroll
[2026-05-15 15:09:40]     Timing    : /projects/lyang28/rmengle/execution_times/paired/qsort_small_outputs/leader-gvn/exec_qsort_small_gvn_loop-unroll.txt FOUND
[2026-05-15 15:09:40]     Found 1000 run files
[2026-05-15 15:09:41]     Progress 100/1000 files ( 10.0%) | masked=39, sdc=18, crash/hang=43 | 160.78 files/sec
[2026-05-15 15:09:41]     Progress 200/1000 files ( 20.0%) | masked=86, sdc=31, crash/hang=83 | 158.63 files/sec
[2026-05-15 15:09:42]     Progress 300/1000 files ( 30.0%) | masked=132, sdc=51, crash/hang=117 | 153.34 files/sec
[2026-05-15 15:09:43]     Progress 400/1000 files ( 40.0%) | masked=170, sdc=69, crash/hang=161 | 155.53 files/sec
[2026-05-15 15:09:43]     Progress 500/1000 files ( 50.0%) | masked=205, sdc=95, crash/hang=200 | 155.54 files/sec
[2026-05-15 15:09:44]     Progress 600/1000 files ( 60.0%) | masked=247, sdc=112, crash/hang=241 | 156.05 files/sec
[2026-05-15 15:09:45]     Progress 700/1000 files ( 70.0%) | masked=287, sdc=128, crash/hang=285 | 157.48 files/sec
[2026-05-15 15:09:45]     Progress 800/1000 files ( 80.0%) | masked=334, sdc=139, crash/hang=327 | 157.87 files/sec
[2026-05-15 15:09:46]     Progress 900/1000 files ( 90.0%) | masked=377, sdc=153, crash/hang=370 | 158.15 files/sec
[2026-05-15 15:09:46]     Progress 1000/1000 files (100.0%) | masked=420, sdc=170, crash/hang=410 | 157.58 files/sec
[2026-05-15 15:09:46]     Done folder: total=1000, masked=420, sdc=170, crash/hang=410
[2026-05-15 15:09:46]     CSV row written for leader-gvn/exec_qsort_small_gvn_loop-unroll | masked_rate=0.420000, sdc_rate=0.170000, crash_rate=0.410000
[2026-05-15 15:09:46] ================================================================================
[2026-05-15 15:09:46] [  21/110 |  19.1%] Processing leader-gvn/exec_qsort_small_gvn_sccp
[2026-05-15 15:09:46]     FI folder : /projects/lyang28/rmengle/program_outputs/paired/qsort_small_outputs/leader-gvn/exec_qsort_small_gvn_sccp
[2026-05-15 15:09:46]     Timing    : /projects/lyang28/rmengle/execution_times/paired/qsort_small_outputs/leader-gvn/exec_qsort_small_gvn_sccp.txt FOUND
[2026-05-15 15:09:47]     Found 1000 run files
[2026-05-15 15:09:47]     Progress 100/1000 files ( 10.0%) | masked=40, sdc=14, crash/hang=46 | 164.78 files/sec
[2026-05-15 15:09:48]     Progress 200/1000 files ( 20.0%) | masked=83, sdc=32, crash/hang=85 | 163.86 files/sec
[2026-05-15 15:09:49]     Progress 300/1000 files ( 30.0%) | masked=123, sdc=56, crash/hang=121 | 161.32 files/sec
[2026-05-15 15:09:49]     Progress 400/1000 files ( 40.0%) | masked=157, sdc=75, crash/hang=168 | 164.10 files/sec
[2026-05-15 15:09:50]     Progress 500/1000 files ( 50.0%) | masked=196, sdc=90, crash/hang=214 | 164.72 files/sec
[2026-05-15 15:09:50]     Progress 600/1000 files ( 60.0%) | masked=239, sdc=117, crash/hang=244 | 160.06 files/sec
[2026-05-15 15:09:51]     Progress 700/1000 files ( 70.0%) | masked=279, sdc=139, crash/hang=282 | 158.94 files/sec
[2026-05-15 15:09:52]     Progress 800/1000 files ( 80.0%) | masked=318, sdc=151, crash/hang=331 | 161.22 files/sec
[2026-05-15 15:09:52]     Progress 900/1000 files ( 90.0%) | masked=359, sdc=170, crash/hang=371 | 161.02 files/sec
[2026-05-15 15:09:53]     Progress 1000/1000 files (100.0%) | masked=393, sdc=196, crash/hang=411 | 160.42 files/sec
[2026-05-15 15:09:53]     Done folder: total=1000, masked=393, sdc=196, crash/hang=411
[2026-05-15 15:09:53]     CSV row written for leader-gvn/exec_qsort_small_gvn_sccp | masked_rate=0.393000, sdc_rate=0.196000, crash_rate=0.411000
[2026-05-15 15:09:53] ================================================================================
[2026-05-15 15:09:53] [  22/110 |  20.0%] Processing leader-gvn/exec_qsort_small_gvn_simple-loop-unswitch
[2026-05-15 15:09:53]     FI folder : /projects/lyang28/rmengle/program_outputs/paired/qsort_small_outputs/leader-gvn/exec_qsort_small_gvn_simple-loop-unswitch
[2026-05-15 15:09:53]     Timing    : /projects/lyang28/rmengle/execution_times/paired/qsort_small_outputs/leader-gvn/exec_qsort_small_gvn_simple-loop-unswitch.txt FOUND
[2026-05-15 15:09:53]     Found 1000 run files
[2026-05-15 15:09:54]     Progress 100/1000 files ( 10.0%) | masked=45, sdc=14, crash/hang=41 | 160.70 files/sec
[2026-05-15 15:09:55]     Progress 200/1000 files ( 20.0%) | masked=82, sdc=35, crash/hang=83 | 163.42 files/sec
[2026-05-15 15:09:55]     Progress 300/1000 files ( 30.0%) | masked=124, sdc=51, crash/hang=125 | 163.57 files/sec
[2026-05-15 15:09:56]     Progress 400/1000 files ( 40.0%) | masked=163, sdc=65, crash/hang=172 | 165.64 files/sec
[2026-05-15 15:09:56]     Progress 500/1000 files ( 50.0%) | masked=200, sdc=85, crash/hang=215 | 164.44 files/sec
[2026-05-15 15:09:57]     Progress 600/1000 files ( 60.0%) | masked=237, sdc=107, crash/hang=256 | 162.35 files/sec
[2026-05-15 15:09:58]     Progress 700/1000 files ( 70.0%) | masked=274, sdc=126, crash/hang=300 | 163.61 files/sec
[2026-05-15 15:09:58]     Progress 800/1000 files ( 80.0%) | masked=316, sdc=143, crash/hang=341 | 164.13 files/sec
[2026-05-15 15:09:59]     Progress 900/1000 files ( 90.0%) | masked=360, sdc=155, crash/hang=385 | 164.54 files/sec
[2026-05-15 15:09:59]     Progress 1000/1000 files (100.0%) | masked=396, sdc=174, crash/hang=430 | 164.17 files/sec
[2026-05-15 15:09:59]     Done folder: total=1000, masked=396, sdc=174, crash/hang=430
[2026-05-15 15:09:59]     CSV row written for leader-gvn/exec_qsort_small_gvn_simple-loop-unswitch | masked_rate=0.396000, sdc_rate=0.174000, crash_rate=0.430000
[2026-05-15 15:09:59] ================================================================================
[2026-05-15 15:09:59] [  23/110 |  20.9%] Processing leader-inline/exec_qsort_small_inline
[2026-05-15 15:09:59]     FI folder : /projects/lyang28/rmengle/program_outputs/paired/qsort_small_outputs/leader-inline/exec_qsort_small_inline
[2026-05-15 15:09:59]     Timing    : /projects/lyang28/rmengle/execution_times/paired/qsort_small_outputs/leader-inline/exec_qsort_small_inline.txt FOUND
[2026-05-15 15:10:00]     Found 1000 run files
[2026-05-15 15:10:00]     Progress 100/1000 files ( 10.0%) | masked=33, sdc=15, crash/hang=52 | 184.62 files/sec
[2026-05-15 15:10:01]     Progress 200/1000 files ( 20.0%) | masked=74, sdc=28, crash/hang=98 | 176.36 files/sec
[2026-05-15 15:10:01]     Progress 300/1000 files ( 30.0%) | masked=113, sdc=41, crash/hang=146 | 177.90 files/sec
[2026-05-15 15:10:02]     Progress 400/1000 files ( 40.0%) | masked=150, sdc=53, crash/hang=197 | 178.77 files/sec
[2026-05-15 15:10:03]     Progress 500/1000 files ( 50.0%) | masked=187, sdc=73, crash/hang=240 | 176.46 files/sec
[2026-05-15 15:10:03]     Progress 600/1000 files ( 60.0%) | masked=224, sdc=84, crash/hang=292 | 178.65 files/sec
[2026-05-15 15:10:04]     Progress 700/1000 files ( 70.0%) | masked=263, sdc=97, crash/hang=340 | 178.02 files/sec
[2026-05-15 15:10:04]     Progress 800/1000 files ( 80.0%) | masked=297, sdc=119, crash/hang=384 | 177.30 files/sec
[2026-05-15 15:10:05]     Progress 900/1000 files ( 90.0%) | masked=343, sdc=135, crash/hang=422 | 174.69 files/sec
[2026-05-15 15:10:06]     Progress 1000/1000 files (100.0%) | masked=391, sdc=142, crash/hang=467 | 172.55 files/sec
[2026-05-15 15:10:06]     Done folder: total=1000, masked=391, sdc=142, crash/hang=467
[2026-05-15 15:10:06]     CSV row written for leader-inline/exec_qsort_small_inline | masked_rate=0.391000, sdc_rate=0.142000, crash_rate=0.467000
[2026-05-15 15:10:06] ================================================================================
[2026-05-15 15:10:06] [  24/110 |  21.8%] Processing leader-inline/exec_qsort_small_inline_early-cse
[2026-05-15 15:10:06]     FI folder : /projects/lyang28/rmengle/program_outputs/paired/qsort_small_outputs/leader-inline/exec_qsort_small_inline_early-cse
[2026-05-15 15:10:06]     Timing    : /projects/lyang28/rmengle/execution_times/paired/qsort_small_outputs/leader-inline/exec_qsort_small_inline_early-cse.txt FOUND
[2026-05-15 15:10:06]     Found 1000 run files
[2026-05-15 15:10:07]     Progress 100/1000 files ( 10.0%) | masked=44, sdc=15, crash/hang=41 | 146.94 files/sec
[2026-05-15 15:10:07]     Progress 200/1000 files ( 20.0%) | masked=79, sdc=35, crash/hang=86 | 153.30 files/sec
[2026-05-15 15:10:08]     Progress 300/1000 files ( 30.0%) | masked=119, sdc=51, crash/hang=130 | 157.76 files/sec
[2026-05-15 15:10:09]     Progress 400/1000 files ( 40.0%) | masked=167, sdc=64, crash/hang=169 | 155.47 files/sec
[2026-05-15 15:10:09]     Progress 500/1000 files ( 50.0%) | masked=210, sdc=81, crash/hang=209 | 156.51 files/sec
[2026-05-15 15:10:10]     Progress 600/1000 files ( 60.0%) | masked=247, sdc=96, crash/hang=257 | 159.69 files/sec
[2026-05-15 15:10:10]     Progress 700/1000 files ( 70.0%) | masked=275, sdc=126, crash/hang=299 | 159.78 files/sec
[2026-05-15 15:10:11]     Progress 800/1000 files ( 80.0%) | masked=310, sdc=151, crash/hang=339 | 159.52 files/sec
[2026-05-15 15:10:12]     Progress 900/1000 files ( 90.0%) | masked=346, sdc=168, crash/hang=386 | 161.02 files/sec
[2026-05-15 15:10:12]     Progress 1000/1000 files (100.0%) | masked=389, sdc=185, crash/hang=426 | 160.18 files/sec
[2026-05-15 15:10:12]     Done folder: total=1000, masked=389, sdc=185, crash/hang=426
[2026-05-15 15:10:12]     CSV row written for leader-inline/exec_qsort_small_inline_early-cse | masked_rate=0.389000, sdc_rate=0.185000, crash_rate=0.426000
[2026-05-15 15:10:12] ================================================================================
[2026-05-15 15:10:12] [  25/110 |  22.7%] Processing leader-inline/exec_qsort_small_inline_gvn
[2026-05-15 15:10:12]     FI folder : /projects/lyang28/rmengle/program_outputs/paired/qsort_small_outputs/leader-inline/exec_qsort_small_inline_gvn
[2026-05-15 15:10:12]     Timing    : /projects/lyang28/rmengle/execution_times/paired/qsort_small_outputs/leader-inline/exec_qsort_small_inline_gvn.txt FOUND
[2026-05-15 15:10:13]     Found 1000 run files
[2026-05-15 15:10:13]     Progress 100/1000 files ( 10.0%) | masked=37, sdc=19, crash/hang=44 | 164.80 files/sec
[2026-05-15 15:10:14]     Progress 200/1000 files ( 20.0%) | masked=82, sdc=32, crash/hang=86 | 162.87 files/sec
[2026-05-15 15:10:14]     Progress 300/1000 files ( 30.0%) | masked=121, sdc=50, crash/hang=129 | 165.26 files/sec
[2026-05-15 15:10:15]     Progress 400/1000 files ( 40.0%) | masked=167, sdc=71, crash/hang=162 | 159.37 files/sec
[2026-05-15 15:10:16]     Progress 500/1000 files ( 50.0%) | masked=205, sdc=86, crash/hang=209 | 162.41 files/sec
[2026-05-15 15:10:16]     Progress 600/1000 files ( 60.0%) | masked=248, sdc=105, crash/hang=247 | 159.91 files/sec
[2026-05-15 15:10:17]     Progress 700/1000 files ( 70.0%) | masked=293, sdc=117, crash/hang=290 | 160.02 files/sec
[2026-05-15 15:10:18]     Progress 800/1000 files ( 80.0%) | masked=328, sdc=132, crash/hang=340 | 162.73 files/sec
[2026-05-15 15:10:18]     Progress 900/1000 files ( 90.0%) | masked=379, sdc=157, crash/hang=364 | 157.70 files/sec
[2026-05-15 15:10:19]     Progress 1000/1000 files (100.0%) | masked=424, sdc=174, crash/hang=402 | 157.05 files/sec
[2026-05-15 15:10:19]     Done folder: total=1000, masked=424, sdc=174, crash/hang=402
[2026-05-15 15:10:19]     CSV row written for leader-inline/exec_qsort_small_inline_gvn | masked_rate=0.424000, sdc_rate=0.174000, crash_rate=0.402000
[2026-05-15 15:10:19] ================================================================================
[2026-05-15 15:10:19] [  26/110 |  23.6%] Processing leader-inline/exec_qsort_small_inline_inline
[2026-05-15 15:10:19]     FI folder : /projects/lyang28/rmengle/program_outputs/paired/qsort_small_outputs/leader-inline/exec_qsort_small_inline_inline
[2026-05-15 15:10:19]     Timing    : /projects/lyang28/rmengle/execution_times/paired/qsort_small_outputs/leader-inline/exec_qsort_small_inline_inline.txt FOUND
[2026-05-15 15:10:19]     Found 1000 run files
[2026-05-15 15:10:20]     Progress 100/1000 files ( 10.0%) | masked=41, sdc=14, crash/hang=45 | 166.35 files/sec
[2026-05-15 15:10:21]     Progress 200/1000 files ( 20.0%) | masked=80, sdc=26, crash/hang=94 | 171.07 files/sec
[2026-05-15 15:10:21]     Progress 300/1000 files ( 30.0%) | masked=118, sdc=41, crash/hang=141 | 171.45 files/sec
[2026-05-15 15:10:22]     Progress 400/1000 files ( 40.0%) | masked=150, sdc=58, crash/hang=192 | 174.65 files/sec
[2026-05-15 15:10:22]     Progress 500/1000 files ( 50.0%) | masked=185, sdc=79, crash/hang=236 | 171.29 files/sec
[2026-05-15 15:10:23]     Progress 600/1000 files ( 60.0%) | masked=230, sdc=95, crash/hang=275 | 168.45 files/sec
[2026-05-15 15:10:23]     Progress 700/1000 files ( 70.0%) | masked=264, sdc=115, crash/hang=321 | 169.31 files/sec
[2026-05-15 15:10:24]     Progress 800/1000 files ( 80.0%) | masked=298, sdc=136, crash/hang=366 | 168.79 files/sec
[2026-05-15 15:10:25]     Progress 900/1000 files ( 90.0%) | masked=326, sdc=156, crash/hang=418 | 171.12 files/sec
[2026-05-15 15:10:25]     Progress 1000/1000 files (100.0%) | masked=356, sdc=172, crash/hang=472 | 173.17 files/sec
[2026-05-15 15:10:25]     Done folder: total=1000, masked=356, sdc=172, crash/hang=472
[2026-05-15 15:10:25]     CSV row written for leader-inline/exec_qsort_small_inline_inline | masked_rate=0.356000, sdc_rate=0.172000, crash_rate=0.472000
[2026-05-15 15:10:25] ================================================================================
[2026-05-15 15:10:25] [  27/110 |  24.5%] Processing leader-inline/exec_qsort_small_inline_instcombine
[2026-05-15 15:10:25]     FI folder : /projects/lyang28/rmengle/program_outputs/paired/qsort_small_outputs/leader-inline/exec_qsort_small_inline_instcombine
[2026-05-15 15:10:25]     Timing    : /projects/lyang28/rmengle/execution_times/paired/qsort_small_outputs/leader-inline/exec_qsort_small_inline_instcombine.txt FOUND
[2026-05-15 15:10:25]     Found 1000 run files
[2026-05-15 15:10:26]     Progress 100/1000 files ( 10.0%) | masked=43, sdc=23, crash/hang=34 | 148.46 files/sec
[2026-05-15 15:10:27]     Progress 200/1000 files ( 20.0%) | masked=75, sdc=44, crash/hang=81 | 162.71 files/sec
[2026-05-15 15:10:27]     Progress 300/1000 files ( 30.0%) | masked=108, sdc=63, crash/hang=129 | 170.42 files/sec
[2026-05-15 15:10:28]     Progress 400/1000 files ( 40.0%) | masked=148, sdc=79, crash/hang=173 | 168.79 files/sec
[2026-05-15 15:10:28]     Progress 500/1000 files ( 50.0%) | masked=191, sdc=93, crash/hang=216 | 168.86 files/sec
[2026-05-15 15:10:29]     Progress 600/1000 files ( 60.0%) | masked=230, sdc=113, crash/hang=257 | 167.49 files/sec
[2026-05-15 15:10:30]     Progress 700/1000 files ( 70.0%) | masked=264, sdc=134, crash/hang=302 | 167.59 files/sec
[2026-05-15 15:10:30]     Progress 800/1000 files ( 80.0%) | masked=300, sdc=147, crash/hang=353 | 169.67 files/sec
[2026-05-15 15:10:31]     Progress 900/1000 files ( 90.0%) | masked=333, sdc=164, crash/hang=403 | 171.40 files/sec
[2026-05-15 15:10:31]     Progress 1000/1000 files (100.0%) | masked=372, sdc=182, crash/hang=446 | 170.77 files/sec
[2026-05-15 15:10:31]     Done folder: total=1000, masked=372, sdc=182, crash/hang=446
[2026-05-15 15:10:31]     CSV row written for leader-inline/exec_qsort_small_inline_instcombine | masked_rate=0.372000, sdc_rate=0.182000, crash_rate=0.446000
[2026-05-15 15:10:31] ================================================================================
[2026-05-15 15:10:31] [  28/110 |  25.5%] Processing leader-inline/exec_qsort_small_inline_ipsccp
[2026-05-15 15:10:31]     FI folder : /projects/lyang28/rmengle/program_outputs/paired/qsort_small_outputs/leader-inline/exec_qsort_small_inline_ipsccp
[2026-05-15 15:10:31]     Timing    : /projects/lyang28/rmengle/execution_times/paired/qsort_small_outputs/leader-inline/exec_qsort_small_inline_ipsccp.txt FOUND
[2026-05-15 15:10:32]     Found 1000 run files
[2026-05-15 15:10:32]     Progress 100/1000 files ( 10.0%) | masked=35, sdc=13, crash/hang=52 | 183.49 files/sec
[2026-05-15 15:10:33]     Progress 200/1000 files ( 20.0%) | masked=76, sdc=34, crash/hang=90 | 166.03 files/sec
[2026-05-15 15:10:33]     Progress 300/1000 files ( 30.0%) | masked=115, sdc=42, crash/hang=143 | 172.70 files/sec
[2026-05-15 15:10:34]     Progress 400/1000 files ( 40.0%) | masked=150, sdc=59, crash/hang=191 | 173.31 files/sec
[2026-05-15 15:10:35]     Progress 500/1000 files ( 50.0%) | masked=181, sdc=78, crash/hang=241 | 174.83 files/sec
[2026-05-15 15:10:35]     Progress 600/1000 files ( 60.0%) | masked=220, sdc=97, crash/hang=283 | 173.73 files/sec
[2026-05-15 15:10:36]     Progress 700/1000 files ( 70.0%) | masked=265, sdc=105, crash/hang=330 | 173.59 files/sec
[2026-05-15 15:10:36]     Progress 800/1000 files ( 80.0%) | masked=308, sdc=118, crash/hang=374 | 172.14 files/sec
[2026-05-15 15:10:37]     Progress 900/1000 files ( 90.0%) | masked=344, sdc=128, crash/hang=428 | 173.90 files/sec
[2026-05-15 15:10:37]     Progress 1000/1000 files (100.0%) | masked=389, sdc=144, crash/hang=467 | 171.84 files/sec
[2026-05-15 15:10:37]     Done folder: total=1000, masked=389, sdc=144, crash/hang=467
[2026-05-15 15:10:37]     CSV row written for leader-inline/exec_qsort_small_inline_ipsccp | masked_rate=0.389000, sdc_rate=0.144000, crash_rate=0.467000
[2026-05-15 15:10:38] ================================================================================
[2026-05-15 15:10:38] [  29/110 |  26.4%] Processing leader-inline/exec_qsort_small_inline_licm
[2026-05-15 15:10:38]     FI folder : /projects/lyang28/rmengle/program_outputs/paired/qsort_small_outputs/leader-inline/exec_qsort_small_inline_licm
[2026-05-15 15:10:38]     Timing    : /projects/lyang28/rmengle/execution_times/paired/qsort_small_outputs/leader-inline/exec_qsort_small_inline_licm.txt FOUND
[2026-05-15 15:10:38]     Found 1000 run files
[2026-05-15 15:10:38]     Progress 100/1000 files ( 10.0%) | masked=37, sdc=13, crash/hang=50 | 176.49 files/sec
[2026-05-15 15:10:39]     Progress 200/1000 files ( 20.0%) | masked=81, sdc=31, crash/hang=88 | 163.69 files/sec
[2026-05-15 15:10:40]     Progress 300/1000 files ( 30.0%) | masked=118, sdc=45, crash/hang=137 | 169.00 files/sec
[2026-05-15 15:10:40]     Progress 400/1000 files ( 40.0%) | masked=160, sdc=61, crash/hang=179 | 165.51 files/sec
[2026-05-15 15:10:41]     Progress 500/1000 files ( 50.0%) | masked=200, sdc=70, crash/hang=230 | 169.89 files/sec
[2026-05-15 15:10:41]     Progress 600/1000 files ( 60.0%) | masked=232, sdc=85, crash/hang=283 | 173.06 files/sec
[2026-05-15 15:10:42]     Progress 700/1000 files ( 70.0%) | masked=264, sdc=103, crash/hang=333 | 175.52 files/sec
[2026-05-15 15:10:42]     Progress 800/1000 files ( 80.0%) | masked=303, sdc=122, crash/hang=375 | 173.12 files/sec
[2026-05-15 15:10:43]     Progress 900/1000 files ( 90.0%) | masked=346, sdc=141, crash/hang=413 | 169.23 files/sec
[2026-05-15 15:10:44]     Progress 1000/1000 files (100.0%) | masked=378, sdc=164, crash/hang=458 | 167.78 files/sec
[2026-05-15 15:10:44]     Done folder: total=1000, masked=378, sdc=164, crash/hang=458
[2026-05-15 15:10:44]     CSV row written for leader-inline/exec_qsort_small_inline_licm | masked_rate=0.378000, sdc_rate=0.164000, crash_rate=0.458000
[2026-05-15 15:10:44] ================================================================================
[2026-05-15 15:10:44] [  30/110 |  27.3%] Processing leader-inline/exec_qsort_small_inline_loop-reduce
[2026-05-15 15:10:44]     FI folder : /projects/lyang28/rmengle/program_outputs/paired/qsort_small_outputs/leader-inline/exec_qsort_small_inline_loop-reduce
[2026-05-15 15:10:44]     Timing    : /projects/lyang28/rmengle/execution_times/paired/qsort_small_outputs/leader-inline/exec_qsort_small_inline_loop-reduce.txt FOUND
[2026-05-15 15:10:44]     Found 1000 run files
[2026-05-15 15:10:45]     Progress 100/1000 files ( 10.0%) | masked=33, sdc=23, crash/hang=44 | 152.55 files/sec
[2026-05-15 15:10:45]     Progress 200/1000 files ( 20.0%) | masked=67, sdc=38, crash/hang=95 | 166.35 files/sec
[2026-05-15 15:10:46]     Progress 300/1000 files ( 30.0%) | masked=107, sdc=56, crash/hang=137 | 166.19 files/sec
[2026-05-15 15:10:47]     Progress 400/1000 files ( 40.0%) | masked=143, sdc=68, crash/hang=189 | 171.58 files/sec
[2026-05-15 15:10:47]     Progress 500/1000 files ( 50.0%) | masked=188, sdc=85, crash/hang=227 | 169.22 files/sec
[2026-05-15 15:10:48]     Progress 600/1000 files ( 60.0%) | masked=233, sdc=102, crash/hang=265 | 165.73 files/sec
[2026-05-15 15:10:48]     Progress 700/1000 files ( 70.0%) | masked=260, sdc=123, crash/hang=317 | 169.55 files/sec
[2026-05-15 15:10:49]     Progress 800/1000 files ( 80.0%) | masked=304, sdc=135, crash/hang=361 | 168.72 files/sec
[2026-05-15 15:10:49]     Progress 900/1000 files ( 90.0%) | masked=334, sdc=149, crash/hang=417 | 171.45 files/sec
[2026-05-15 15:10:50]     Progress 1000/1000 files (100.0%) | masked=366, sdc=162, crash/hang=472 | 173.68 files/sec
[2026-05-15 15:10:50]     Done folder: total=1000, masked=366, sdc=162, crash/hang=472
[2026-05-15 15:10:50]     CSV row written for leader-inline/exec_qsort_small_inline_loop-reduce | masked_rate=0.366000, sdc_rate=0.162000, crash_rate=0.472000
[2026-05-15 15:10:50] ================================================================================
[2026-05-15 15:10:50] [  31/110 |  28.2%] Processing leader-inline/exec_qsort_small_inline_loop-unroll
[2026-05-15 15:10:50]     FI folder : /projects/lyang28/rmengle/program_outputs/paired/qsort_small_outputs/leader-inline/exec_qsort_small_inline_loop-unroll
[2026-05-15 15:10:50]     Timing    : /projects/lyang28/rmengle/execution_times/paired/qsort_small_outputs/leader-inline/exec_qsort_small_inline_loop-unroll.txt FOUND
[2026-05-15 15:10:50]     Found 1000 run files
[2026-05-15 15:10:51]     Progress 100/1000 files ( 10.0%) | masked=40, sdc=9, crash/hang=51 | 178.96 files/sec
[2026-05-15 15:10:51]     Progress 200/1000 files ( 20.0%) | masked=71, sdc=27, crash/hang=102 | 177.81 files/sec
[2026-05-15 15:10:52]     Progress 300/1000 files ( 30.0%) | masked=105, sdc=38, crash/hang=157 | 185.55 files/sec
[2026-05-15 15:10:52]     Progress 400/1000 files ( 40.0%) | masked=146, sdc=47, crash/hang=207 | 184.76 files/sec
[2026-05-15 15:10:53]     Progress 500/1000 files ( 50.0%) | masked=184, sdc=64, crash/hang=252 | 181.42 files/sec
[2026-05-15 15:10:54]     Progress 600/1000 files ( 60.0%) | masked=209, sdc=80, crash/hang=311 | 186.18 files/sec
[2026-05-15 15:10:54]     Progress 700/1000 files ( 70.0%) | masked=245, sdc=90, crash/hang=365 | 187.22 files/sec
[2026-05-15 15:10:55]     Progress 800/1000 files ( 80.0%) | masked=283, sdc=110, crash/hang=407 | 184.91 files/sec
[2026-05-15 15:10:55]     Progress 900/1000 files ( 90.0%) | masked=323, sdc=130, crash/hang=447 | 182.40 files/sec
[2026-05-15 15:10:56]     Progress 1000/1000 files (100.0%) | masked=364, sdc=147, crash/hang=489 | 179.39 files/sec
[2026-05-15 15:10:56]     Done folder: total=1000, masked=364, sdc=147, crash/hang=489
[2026-05-15 15:10:56]     CSV row written for leader-inline/exec_qsort_small_inline_loop-unroll | masked_rate=0.364000, sdc_rate=0.147000, crash_rate=0.489000
[2026-05-15 15:10:56] ================================================================================
[2026-05-15 15:10:56] [  32/110 |  29.1%] Processing leader-inline/exec_qsort_small_inline_sccp
[2026-05-15 15:10:56]     FI folder : /projects/lyang28/rmengle/program_outputs/paired/qsort_small_outputs/leader-inline/exec_qsort_small_inline_sccp
[2026-05-15 15:10:56]     Timing    : /projects/lyang28/rmengle/execution_times/paired/qsort_small_outputs/leader-inline/exec_qsort_small_inline_sccp.txt FOUND
[2026-05-15 15:10:56]     Found 1000 run files
[2026-05-15 15:10:57]     Progress 100/1000 files ( 10.0%) | masked=34, sdc=20, crash/hang=46 | 162.91 files/sec
[2026-05-15 15:10:57]     Progress 200/1000 files ( 20.0%) | masked=73, sdc=36, crash/hang=91 | 164.86 files/sec
[2026-05-15 15:10:58]     Progress 300/1000 files ( 30.0%) | masked=117, sdc=52, crash/hang=131 | 162.04 files/sec
[2026-05-15 15:10:59]     Progress 400/1000 files ( 40.0%) | masked=148, sdc=74, crash/hang=178 | 164.21 files/sec
[2026-05-15 15:10:59]     Progress 500/1000 files ( 50.0%) | masked=183, sdc=91, crash/hang=226 | 166.54 files/sec
[2026-05-15 15:11:00]     Progress 600/1000 files ( 60.0%) | masked=217, sdc=107, crash/hang=276 | 167.53 files/sec
[2026-05-15 15:11:00]     Progress 700/1000 files ( 70.0%) | masked=256, sdc=123, crash/hang=321 | 167.80 files/sec
[2026-05-15 15:11:01]     Progress 800/1000 files ( 80.0%) | masked=287, sdc=140, crash/hang=373 | 170.05 files/sec
[2026-05-15 15:11:02]     Progress 900/1000 files ( 90.0%) | masked=322, sdc=157, crash/hang=421 | 168.96 files/sec
[2026-05-15 15:11:02]     Progress 1000/1000 files (100.0%) | masked=358, sdc=176, crash/hang=466 | 168.25 files/sec
[2026-05-15 15:11:02]     Done folder: total=1000, masked=358, sdc=176, crash/hang=466
[2026-05-15 15:11:02]     CSV row written for leader-inline/exec_qsort_small_inline_sccp | masked_rate=0.358000, sdc_rate=0.176000, crash_rate=0.466000
[2026-05-15 15:11:02] ================================================================================
[2026-05-15 15:11:02] [  33/110 |  30.0%] Processing leader-inline/exec_qsort_small_inline_simple-loop-unswitch
[2026-05-15 15:11:02]     FI folder : /projects/lyang28/rmengle/program_outputs/paired/qsort_small_outputs/leader-inline/exec_qsort_small_inline_simple-loop-unswitch
[2026-05-15 15:11:02]     Timing    : /projects/lyang28/rmengle/execution_times/paired/qsort_small_outputs/leader-inline/exec_qsort_small_inline_simple-loop-unswitch.txt FOUND
[2026-05-15 15:11:03]     Found 1000 run files
[2026-05-15 15:11:03]     Progress 100/1000 files ( 10.0%) | masked=42, sdc=15, crash/hang=43 | 160.60 files/sec
[2026-05-15 15:11:04]     Progress 200/1000 files ( 20.0%) | masked=76, sdc=33, crash/hang=91 | 168.60 files/sec
[2026-05-15 15:11:04]     Progress 300/1000 files ( 30.0%) | masked=120, sdc=47, crash/hang=133 | 166.99 files/sec
[2026-05-15 15:11:05]     Progress 400/1000 files ( 40.0%) | masked=157, sdc=58, crash/hang=185 | 171.37 files/sec
[2026-05-15 15:11:06]     Progress 500/1000 files ( 50.0%) | masked=194, sdc=71, crash/hang=235 | 171.63 files/sec
[2026-05-15 15:11:06]     Progress 600/1000 files ( 60.0%) | masked=226, sdc=93, crash/hang=281 | 170.85 files/sec
[2026-05-15 15:11:07]     Progress 700/1000 files ( 70.0%) | masked=258, sdc=105, crash/hang=337 | 174.85 files/sec
[2026-05-15 15:11:07]     Progress 800/1000 files ( 80.0%) | masked=297, sdc=121, crash/hang=382 | 173.67 files/sec
[2026-05-15 15:11:08]     Progress 900/1000 files ( 90.0%) | masked=336, sdc=142, crash/hang=422 | 171.49 files/sec
[2026-05-15 15:11:08]     Progress 1000/1000 files (100.0%) | masked=376, sdc=160, crash/hang=464 | 170.26 files/sec
[2026-05-15 15:11:08]     Done folder: total=1000, masked=376, sdc=160, crash/hang=464
[2026-05-15 15:11:08]     CSV row written for leader-inline/exec_qsort_small_inline_simple-loop-unswitch | masked_rate=0.376000, sdc_rate=0.160000, crash_rate=0.464000
[2026-05-15 15:11:09] ================================================================================
[2026-05-15 15:11:09] [  34/110 |  30.9%] Processing leader-instcombine/exec_qsort_small_instcombine
[2026-05-15 15:11:09]     FI folder : /projects/lyang28/rmengle/program_outputs/paired/qsort_small_outputs/leader-instcombine/exec_qsort_small_instcombine
[2026-05-15 15:11:09]     Timing    : /projects/lyang28/rmengle/execution_times/paired/qsort_small_outputs/leader-instcombine/exec_qsort_small_instcombine.txt FOUND
[2026-05-15 15:11:09]     Found 1000 run files
[2026-05-15 15:11:10]     Progress 100/1000 files ( 10.0%) | masked=46, sdc=15, crash/hang=39 | 150.47 files/sec
[2026-05-15 15:11:10]     Progress 200/1000 files ( 20.0%) | masked=78, sdc=38, crash/hang=84 | 157.37 files/sec
[2026-05-15 15:11:11]     Progress 300/1000 files ( 30.0%) | masked=114, sdc=53, crash/hang=133 | 164.15 files/sec
[2026-05-15 15:11:11]     Progress 400/1000 files ( 40.0%) | masked=151, sdc=70, crash/hang=179 | 163.57 files/sec
[2026-05-15 15:11:12]     Progress 500/1000 files ( 50.0%) | masked=190, sdc=82, crash/hang=228 | 164.17 files/sec
[2026-05-15 15:11:12]     Progress 600/1000 files ( 60.0%) | masked=228, sdc=96, crash/hang=276 | 165.47 files/sec
[2026-05-15 15:11:13]     Progress 700/1000 files ( 70.0%) | masked=261, sdc=117, crash/hang=322 | 165.49 files/sec
[2026-05-15 15:11:14]     Progress 800/1000 files ( 80.0%) | masked=307, sdc=131, crash/hang=362 | 163.96 files/sec
[2026-05-15 15:11:14]     Progress 900/1000 files ( 90.0%) | masked=344, sdc=146, crash/hang=410 | 164.90 files/sec
[2026-05-15 15:11:15]     Progress 1000/1000 files (100.0%) | masked=389, sdc=164, crash/hang=447 | 162.11 files/sec
[2026-05-15 15:11:15]     Done folder: total=1000, masked=389, sdc=164, crash/hang=447
[2026-05-15 15:11:15]     CSV row written for leader-instcombine/exec_qsort_small_instcombine | masked_rate=0.389000, sdc_rate=0.164000, crash_rate=0.447000
[2026-05-15 15:11:15] ================================================================================
[2026-05-15 15:11:15] [  35/110 |  31.8%] Processing leader-instcombine/exec_qsort_small_instcombine_early-cse
[2026-05-15 15:11:15]     FI folder : /projects/lyang28/rmengle/program_outputs/paired/qsort_small_outputs/leader-instcombine/exec_qsort_small_instcombine_early-cse
[2026-05-15 15:11:15]     Timing    : /projects/lyang28/rmengle/execution_times/paired/qsort_small_outputs/leader-instcombine/exec_qsort_small_instcombine_early-cse.txt FOUND
[2026-05-15 15:11:15]     Found 1000 run files
[2026-05-15 15:11:16]     Progress 100/1000 files ( 10.0%) | masked=47, sdc=18, crash/hang=35 | 138.53 files/sec
[2026-05-15 15:11:17]     Progress 200/1000 files ( 20.0%) | masked=103, sdc=32, crash/hang=65 | 134.96 files/sec
[2026-05-15 15:11:18]     Progress 300/1000 files ( 30.0%) | masked=147, sdc=46, crash/hang=107 | 141.74 files/sec
[2026-05-15 15:11:18]     Progress 400/1000 files ( 40.0%) | masked=191, sdc=60, crash/hang=149 | 147.71 files/sec
[2026-05-15 15:11:19]     Progress 500/1000 files ( 50.0%) | masked=234, sdc=79, crash/hang=187 | 147.69 files/sec
[2026-05-15 15:11:19]     Progress 600/1000 files ( 60.0%) | masked=270, sdc=99, crash/hang=231 | 150.34 files/sec
[2026-05-15 15:11:20]     Progress 700/1000 files ( 70.0%) | masked=305, sdc=120, crash/hang=275 | 152.25 files/sec
[2026-05-15 15:11:21]     Progress 800/1000 files ( 80.0%) | masked=342, sdc=138, crash/hang=320 | 153.97 files/sec
[2026-05-15 15:11:21]     Progress 900/1000 files ( 90.0%) | masked=385, sdc=151, crash/hang=364 | 154.43 files/sec
[2026-05-15 15:11:22]     Progress 1000/1000 files (100.0%) | masked=425, sdc=171, crash/hang=404 | 153.88 files/sec
[2026-05-15 15:11:22]     Done folder: total=1000, masked=425, sdc=171, crash/hang=404
[2026-05-15 15:11:22]     CSV row written for leader-instcombine/exec_qsort_small_instcombine_early-cse | masked_rate=0.425000, sdc_rate=0.171000, crash_rate=0.404000
[2026-05-15 15:11:22] ================================================================================
[2026-05-15 15:11:22] [  36/110 |  32.7%] Processing leader-instcombine/exec_qsort_small_instcombine_gvn
[2026-05-15 15:11:22]     FI folder : /projects/lyang28/rmengle/program_outputs/paired/qsort_small_outputs/leader-instcombine/exec_qsort_small_instcombine_gvn
[2026-05-15 15:11:22]     Timing    : /projects/lyang28/rmengle/execution_times/paired/qsort_small_outputs/leader-instcombine/exec_qsort_small_instcombine_gvn.txt FOUND
[2026-05-15 15:11:22]     Found 1000 run files
[2026-05-15 15:11:23]     Progress 100/1000 files ( 10.0%) | masked=45, sdc=20, crash/hang=35 | 146.23 files/sec
[2026-05-15 15:11:24]     Progress 200/1000 files ( 20.0%) | masked=87, sdc=42, crash/hang=71 | 146.93 files/sec
[2026-05-15 15:11:24]     Progress 300/1000 files ( 30.0%) | masked=136, sdc=59, crash/hang=105 | 145.51 files/sec
[2026-05-15 15:11:25]     Progress 400/1000 files ( 40.0%) | masked=178, sdc=76, crash/hang=146 | 148.41 files/sec
[2026-05-15 15:11:26]     Progress 500/1000 files ( 50.0%) | masked=225, sdc=91, crash/hang=184 | 148.96 files/sec
[2026-05-15 15:11:26]     Progress 600/1000 files ( 60.0%) | masked=272, sdc=108, crash/hang=220 | 149.02 files/sec
[2026-05-15 15:11:27]     Progress 700/1000 files ( 70.0%) | masked=307, sdc=126, crash/hang=267 | 152.12 files/sec
[2026-05-15 15:11:28]     Progress 800/1000 files ( 80.0%) | masked=354, sdc=141, crash/hang=305 | 152.05 files/sec
[2026-05-15 15:11:28]     Progress 900/1000 files ( 90.0%) | masked=402, sdc=156, crash/hang=342 | 151.85 files/sec
[2026-05-15 15:11:29]     Progress 1000/1000 files (100.0%) | masked=451, sdc=174, crash/hang=375 | 150.61 files/sec
[2026-05-15 15:11:29]     Done folder: total=1000, masked=451, sdc=174, crash/hang=375
[2026-05-15 15:11:29]     CSV row written for leader-instcombine/exec_qsort_small_instcombine_gvn | masked_rate=0.451000, sdc_rate=0.174000, crash_rate=0.375000
[2026-05-15 15:11:29] ================================================================================
[2026-05-15 15:11:29] [  37/110 |  33.6%] Processing leader-instcombine/exec_qsort_small_instcombine_inline
[2026-05-15 15:11:29]     FI folder : /projects/lyang28/rmengle/program_outputs/paired/qsort_small_outputs/leader-instcombine/exec_qsort_small_instcombine_inline
[2026-05-15 15:11:29]     Timing    : /projects/lyang28/rmengle/execution_times/paired/qsort_small_outputs/leader-instcombine/exec_qsort_small_instcombine_inline.txt FOUND
[2026-05-15 15:11:29]     Found 1000 run files
[2026-05-15 15:11:30]     Progress 100/1000 files ( 10.0%) | masked=35, sdc=13, crash/hang=52 | 180.96 files/sec
[2026-05-15 15:11:31]     Progress 200/1000 files ( 20.0%) | masked=76, sdc=29, crash/hang=95 | 171.65 files/sec
[2026-05-15 15:11:31]     Progress 300/1000 files ( 30.0%) | masked=119, sdc=46, crash/hang=135 | 161.30 files/sec
[2026-05-15 15:11:32]     Progress 400/1000 files ( 40.0%) | masked=163, sdc=63, crash/hang=174 | 159.54 files/sec
[2026-05-15 15:11:33]     Progress 500/1000 files ( 50.0%) | masked=198, sdc=83, crash/hang=219 | 159.62 files/sec
[2026-05-15 15:11:33]     Progress 600/1000 files ( 60.0%) | masked=239, sdc=99, crash/hang=262 | 160.80 files/sec
[2026-05-15 15:11:34]     Progress 700/1000 files ( 70.0%) | masked=279, sdc=116, crash/hang=305 | 161.49 files/sec
[2026-05-15 15:11:34]     Progress 800/1000 files ( 80.0%) | masked=321, sdc=135, crash/hang=344 | 159.78 files/sec
[2026-05-15 15:11:35]     Progress 900/1000 files ( 90.0%) | masked=356, sdc=152, crash/hang=392 | 161.42 files/sec
[2026-05-15 15:11:36]     Progress 1000/1000 files (100.0%) | masked=394, sdc=169, crash/hang=437 | 162.83 files/sec
[2026-05-15 15:11:36]     Done folder: total=1000, masked=394, sdc=169, crash/hang=437
[2026-05-15 15:11:36]     CSV row written for leader-instcombine/exec_qsort_small_instcombine_inline | masked_rate=0.394000, sdc_rate=0.169000, crash_rate=0.437000
[2026-05-15 15:11:36] ================================================================================
[2026-05-15 15:11:36] [  38/110 |  34.5%] Processing leader-instcombine/exec_qsort_small_instcombine_instcombine
[2026-05-15 15:11:36]     FI folder : /projects/lyang28/rmengle/program_outputs/paired/qsort_small_outputs/leader-instcombine/exec_qsort_small_instcombine_instcombine
[2026-05-15 15:11:36]     Timing    : /projects/lyang28/rmengle/execution_times/paired/qsort_small_outputs/leader-instcombine/exec_qsort_small_instcombine_instcombine.txt FOUND
[2026-05-15 15:11:36]     Found 1000 run files
[2026-05-15 15:11:37]     Progress 100/1000 files ( 10.0%) | masked=43, sdc=14, crash/hang=43 | 158.39 files/sec
[2026-05-15 15:11:37]     Progress 200/1000 files ( 20.0%) | masked=81, sdc=34, crash/hang=85 | 163.46 files/sec
[2026-05-15 15:11:38]     Progress 300/1000 files ( 30.0%) | masked=113, sdc=52, crash/hang=135 | 167.81 files/sec
[2026-05-15 15:11:38]     Progress 400/1000 files ( 40.0%) | masked=153, sdc=66, crash/hang=181 | 169.11 files/sec
[2026-05-15 15:11:39]     Progress 500/1000 files ( 50.0%) | masked=198, sdc=80, crash/hang=222 | 165.53 files/sec
[2026-05-15 15:11:40]     Progress 600/1000 files ( 60.0%) | masked=238, sdc=95, crash/hang=267 | 165.28 files/sec
[2026-05-15 15:11:40]     Progress 700/1000 files ( 70.0%) | masked=277, sdc=110, crash/hang=313 | 165.37 files/sec
[2026-05-15 15:11:41]     Progress 800/1000 files ( 80.0%) | masked=314, sdc=128, crash/hang=358 | 165.81 files/sec
[2026-05-15 15:11:41]     Progress 900/1000 files ( 90.0%) | masked=351, sdc=146, crash/hang=403 | 165.97 files/sec
[2026-05-15 15:11:42]     Progress 1000/1000 files (100.0%) | masked=399, sdc=167, crash/hang=434 | 162.86 files/sec
[2026-05-15 15:11:42]     Done folder: total=1000, masked=399, sdc=167, crash/hang=434
[2026-05-15 15:11:42]     CSV row written for leader-instcombine/exec_qsort_small_instcombine_instcombine | masked_rate=0.399000, sdc_rate=0.167000, crash_rate=0.434000
[2026-05-15 15:11:42] ================================================================================
[2026-05-15 15:11:42] [  39/110 |  35.5%] Processing leader-instcombine/exec_qsort_small_instcombine_ipsccp
[2026-05-15 15:11:42]     FI folder : /projects/lyang28/rmengle/program_outputs/paired/qsort_small_outputs/leader-instcombine/exec_qsort_small_instcombine_ipsccp
[2026-05-15 15:11:42]     Timing    : /projects/lyang28/rmengle/execution_times/paired/qsort_small_outputs/leader-instcombine/exec_qsort_small_instcombine_ipsccp.txt FOUND
[2026-05-15 15:11:42]     Found 1000 run files
[2026-05-15 15:11:43]     Progress 100/1000 files ( 10.0%) | masked=46, sdc=14, crash/hang=40 | 149.36 files/sec
[2026-05-15 15:11:44]     Progress 200/1000 files ( 20.0%) | masked=82, sdc=33, crash/hang=85 | 157.64 files/sec
[2026-05-15 15:11:44]     Progress 300/1000 files ( 30.0%) | masked=119, sdc=45, crash/hang=136 | 161.76 files/sec
[2026-05-15 15:11:45]     Progress 400/1000 files ( 40.0%) | masked=161, sdc=61, crash/hang=178 | 157.40 files/sec
[2026-05-15 15:11:46]     Progress 500/1000 files ( 50.0%) | masked=200, sdc=78, crash/hang=222 | 157.61 files/sec
[2026-05-15 15:11:46]     Progress 600/1000 files ( 60.0%) | masked=246, sdc=96, crash/hang=258 | 154.91 files/sec
[2026-05-15 15:11:47]     Progress 700/1000 files ( 70.0%) | masked=283, sdc=110, crash/hang=307 | 157.52 files/sec
[2026-05-15 15:11:48]     Progress 800/1000 files ( 80.0%) | masked=323, sdc=124, crash/hang=353 | 159.50 files/sec
[2026-05-15 15:11:48]     Progress 900/1000 files ( 90.0%) | masked=368, sdc=137, crash/hang=395 | 158.66 files/sec
[2026-05-15 15:11:49]     Progress 1000/1000 files (100.0%) | masked=404, sdc=155, crash/hang=441 | 158.81 files/sec
[2026-05-15 15:11:49]     Done folder: total=1000, masked=404, sdc=155, crash/hang=441
[2026-05-15 15:11:49]     CSV row written for leader-instcombine/exec_qsort_small_instcombine_ipsccp | masked_rate=0.404000, sdc_rate=0.155000, crash_rate=0.441000
[2026-05-15 15:11:49] ================================================================================
[2026-05-15 15:11:49] [  40/110 |  36.4%] Processing leader-instcombine/exec_qsort_small_instcombine_licm
[2026-05-15 15:11:49]     FI folder : /projects/lyang28/rmengle/program_outputs/paired/qsort_small_outputs/leader-instcombine/exec_qsort_small_instcombine_licm
[2026-05-15 15:11:49]     Timing    : /projects/lyang28/rmengle/execution_times/paired/qsort_small_outputs/leader-instcombine/exec_qsort_small_instcombine_licm.txt FOUND
[2026-05-15 15:11:49]     Found 1000 run files
[2026-05-15 15:11:50]     Progress 100/1000 files ( 10.0%) | masked=42, sdc=15, crash/hang=43 | 156.83 files/sec
[2026-05-15 15:11:51]     Progress 200/1000 files ( 20.0%) | masked=91, sdc=26, crash/hang=83 | 153.37 files/sec
[2026-05-15 15:11:51]     Progress 300/1000 files ( 30.0%) | masked=133, sdc=36, crash/hang=131 | 159.94 files/sec
[2026-05-15 15:11:52]     Progress 400/1000 files ( 40.0%) | masked=172, sdc=55, crash/hang=173 | 160.13 files/sec
[2026-05-15 15:11:52]     Progress 500/1000 files ( 50.0%) | masked=213, sdc=68, crash/hang=219 | 162.32 files/sec
[2026-05-15 15:11:53]     Progress 600/1000 files ( 60.0%) | masked=247, sdc=84, crash/hang=269 | 165.50 files/sec
[2026-05-15 15:11:53]     Progress 700/1000 files ( 70.0%) | masked=289, sdc=100, crash/hang=311 | 165.44 files/sec
[2026-05-15 15:11:54]     Progress 800/1000 files ( 80.0%) | masked=332, sdc=119, crash/hang=349 | 163.62 files/sec
[2026-05-15 15:11:55]     Progress 900/1000 files ( 90.0%) | masked=375, sdc=131, crash/hang=394 | 164.25 files/sec
[2026-05-15 15:11:55]     Progress 1000/1000 files (100.0%) | masked=421, sdc=150, crash/hang=429 | 162.14 files/sec
[2026-05-15 15:11:55]     Done folder: total=1000, masked=421, sdc=150, crash/hang=429
[2026-05-15 15:11:55]     CSV row written for leader-instcombine/exec_qsort_small_instcombine_licm | masked_rate=0.421000, sdc_rate=0.150000, crash_rate=0.429000
[2026-05-15 15:11:55] ================================================================================
[2026-05-15 15:11:55] [  41/110 |  37.3%] Processing leader-instcombine/exec_qsort_small_instcombine_loop-reduce
[2026-05-15 15:11:55]     FI folder : /projects/lyang28/rmengle/program_outputs/paired/qsort_small_outputs/leader-instcombine/exec_qsort_small_instcombine_loop-reduce
[2026-05-15 15:11:55]     Timing    : /projects/lyang28/rmengle/execution_times/paired/qsort_small_outputs/leader-instcombine/exec_qsort_small_instcombine_loop-reduce.txt FOUND
[2026-05-15 15:11:56]     Found 1000 run files
[2026-05-15 15:11:56]     Progress 100/1000 files ( 10.0%) | masked=41, sdc=18, crash/hang=41 | 155.21 files/sec
[2026-05-15 15:11:57]     Progress 200/1000 files ( 20.0%) | masked=91, sdc=33, crash/hang=76 | 149.38 files/sec
[2026-05-15 15:11:58]     Progress 300/1000 files ( 30.0%) | masked=129, sdc=54, crash/hang=117 | 152.96 files/sec
[2026-05-15 15:11:58]     Progress 400/1000 files ( 40.0%) | masked=172, sdc=73, crash/hang=155 | 152.34 files/sec
[2026-05-15 15:11:59]     Progress 500/1000 files ( 50.0%) | masked=212, sdc=89, crash/hang=199 | 154.87 files/sec
[2026-05-15 15:12:00]     Progress 600/1000 files ( 60.0%) | masked=253, sdc=109, crash/hang=238 | 154.33 files/sec
[2026-05-15 15:12:00]     Progress 700/1000 files ( 70.0%) | masked=292, sdc=123, crash/hang=285 | 156.78 files/sec
[2026-05-15 15:12:01]     Progress 800/1000 files ( 80.0%) | masked=334, sdc=141, crash/hang=325 | 157.36 files/sec
[2026-05-15 15:12:01]     Progress 900/1000 files ( 90.0%) | masked=374, sdc=160, crash/hang=366 | 158.26 files/sec
[2026-05-15 15:12:02]     Progress 1000/1000 files (100.0%) | masked=408, sdc=178, crash/hang=414 | 160.20 files/sec
[2026-05-15 15:12:02]     Done folder: total=1000, masked=408, sdc=178, crash/hang=414
[2026-05-15 15:12:02]     CSV row written for leader-instcombine/exec_qsort_small_instcombine_loop-reduce | masked_rate=0.408000, sdc_rate=0.178000, crash_rate=0.414000
[2026-05-15 15:12:02] ================================================================================
[2026-05-15 15:12:02] [  42/110 |  38.2%] Processing leader-instcombine/exec_qsort_small_instcombine_loop-unroll
[2026-05-15 15:12:02]     FI folder : /projects/lyang28/rmengle/program_outputs/paired/qsort_small_outputs/leader-instcombine/exec_qsort_small_instcombine_loop-unroll
[2026-05-15 15:12:02]     Timing    : /projects/lyang28/rmengle/execution_times/paired/qsort_small_outputs/leader-instcombine/exec_qsort_small_instcombine_loop-unroll.txt FOUND
[2026-05-15 15:12:02]     Found 1000 run files
[2026-05-15 15:12:03]     Progress 100/1000 files ( 10.0%) | masked=33, sdc=18, crash/hang=49 | 169.49 files/sec
[2026-05-15 15:12:03]     Progress 200/1000 files ( 20.0%) | masked=71, sdc=30, crash/hang=99 | 171.50 files/sec
[2026-05-15 15:12:04]     Progress 300/1000 files ( 30.0%) | masked=105, sdc=46, crash/hang=149 | 174.20 files/sec
[2026-05-15 15:12:05]     Progress 400/1000 files ( 40.0%) | masked=141, sdc=61, crash/hang=198 | 176.88 files/sec
[2026-05-15 15:12:05]     Progress 500/1000 files ( 50.0%) | masked=190, sdc=72, crash/hang=238 | 172.14 files/sec
[2026-05-15 15:12:06]     Progress 600/1000 files ( 60.0%) | masked=226, sdc=87, crash/hang=287 | 174.03 files/sec
[2026-05-15 15:12:06]     Progress 700/1000 files ( 70.0%) | masked=266, sdc=107, crash/hang=327 | 170.63 files/sec
[2026-05-15 15:12:07]     Progress 800/1000 files ( 80.0%) | masked=308, sdc=122, crash/hang=370 | 170.55 files/sec
[2026-05-15 15:12:08]     Progress 900/1000 files ( 90.0%) | masked=349, sdc=135, crash/hang=416 | 170.50 files/sec
[2026-05-15 15:12:08]     Progress 1000/1000 files (100.0%) | masked=389, sdc=148, crash/hang=463 | 170.29 files/sec
[2026-05-15 15:12:08]     Done folder: total=1000, masked=389, sdc=148, crash/hang=463
[2026-05-15 15:12:08]     CSV row written for leader-instcombine/exec_qsort_small_instcombine_loop-unroll | masked_rate=0.389000, sdc_rate=0.148000, crash_rate=0.463000
[2026-05-15 15:12:08] ================================================================================
[2026-05-15 15:12:08] [  43/110 |  39.1%] Processing leader-instcombine/exec_qsort_small_instcombine_sccp
[2026-05-15 15:12:08]     FI folder : /projects/lyang28/rmengle/program_outputs/paired/qsort_small_outputs/leader-instcombine/exec_qsort_small_instcombine_sccp
[2026-05-15 15:12:08]     Timing    : /projects/lyang28/rmengle/execution_times/paired/qsort_small_outputs/leader-instcombine/exec_qsort_small_instcombine_sccp.txt FOUND
[2026-05-15 15:12:09]     Found 1000 run files
[2026-05-15 15:12:09]     Progress 100/1000 files ( 10.0%) | masked=42, sdc=15, crash/hang=43 | 154.52 files/sec
[2026-05-15 15:12:10]     Progress 200/1000 files ( 20.0%) | masked=78, sdc=32, crash/hang=90 | 156.93 files/sec
[2026-05-15 15:12:11]     Progress 300/1000 files ( 30.0%) | masked=117, sdc=57, crash/hang=126 | 151.75 files/sec
[2026-05-15 15:12:11]     Progress 400/1000 files ( 40.0%) | masked=156, sdc=68, crash/hang=176 | 156.40 files/sec
[2026-05-15 15:12:12]     Progress 500/1000 files ( 50.0%) | masked=199, sdc=78, crash/hang=223 | 158.89 files/sec
[2026-05-15 15:12:12]     Progress 600/1000 files ( 60.0%) | masked=240, sdc=96, crash/hang=264 | 158.90 files/sec
[2026-05-15 15:12:13]     Progress 700/1000 files ( 70.0%) | masked=271, sdc=115, crash/hang=314 | 161.98 files/sec
[2026-05-15 15:12:14]     Progress 800/1000 files ( 80.0%) | masked=312, sdc=131, crash/hang=357 | 162.30 files/sec
[2026-05-15 15:12:14]     Progress 900/1000 files ( 90.0%) | masked=357, sdc=143, crash/hang=400 | 162.00 files/sec
[2026-05-15 15:12:15]     Progress 1000/1000 files (100.0%) | masked=395, sdc=155, crash/hang=450 | 164.13 files/sec
[2026-05-15 15:12:15]     Done folder: total=1000, masked=395, sdc=155, crash/hang=450
[2026-05-15 15:12:15]     CSV row written for leader-instcombine/exec_qsort_small_instcombine_sccp | masked_rate=0.395000, sdc_rate=0.155000, crash_rate=0.450000
[2026-05-15 15:12:15] ================================================================================
[2026-05-15 15:12:15] [  44/110 |  40.0%] Processing leader-instcombine/exec_qsort_small_instcombine_simple-loop-unswitch
[2026-05-15 15:12:15]     FI folder : /projects/lyang28/rmengle/program_outputs/paired/qsort_small_outputs/leader-instcombine/exec_qsort_small_instcombine_simple-loop-unswitch
[2026-05-15 15:12:15]     Timing    : /projects/lyang28/rmengle/execution_times/paired/qsort_small_outputs/leader-instcombine/exec_qsort_small_instcombine_simple-loop-unswitch.txt FOUND
[2026-05-15 15:12:15]     Found 1000 run files
[2026-05-15 15:12:16]     Progress 100/1000 files ( 10.0%) | masked=38, sdc=16, crash/hang=46 | 170.65 files/sec
[2026-05-15 15:12:16]     Progress 200/1000 files ( 20.0%) | masked=73, sdc=31, crash/hang=96 | 176.18 files/sec
[2026-05-15 15:12:17]     Progress 300/1000 files ( 30.0%) | masked=120, sdc=49, crash/hang=131 | 164.51 files/sec
[2026-05-15 15:12:18]     Progress 400/1000 files ( 40.0%) | masked=164, sdc=68, crash/hang=168 | 160.05 files/sec
[2026-05-15 15:12:18]     Progress 500/1000 files ( 50.0%) | masked=203, sdc=82, crash/hang=215 | 162.29 files/sec
[2026-05-15 15:12:19]     Progress 600/1000 files ( 60.0%) | masked=237, sdc=99, crash/hang=264 | 164.41 files/sec
[2026-05-15 15:12:19]     Progress 700/1000 files ( 70.0%) | masked=274, sdc=111, crash/hang=315 | 167.11 files/sec
[2026-05-15 15:12:20]     Progress 800/1000 files ( 80.0%) | masked=315, sdc=127, crash/hang=358 | 164.30 files/sec
[2026-05-15 15:12:21]     Progress 900/1000 files ( 90.0%) | masked=346, sdc=150, crash/hang=404 | 164.68 files/sec
[2026-05-15 15:12:21]     Progress 1000/1000 files (100.0%) | masked=383, sdc=175, crash/hang=442 | 162.53 files/sec
[2026-05-15 15:12:21]     Done folder: total=1000, masked=383, sdc=175, crash/hang=442
[2026-05-15 15:12:21]     CSV row written for leader-instcombine/exec_qsort_small_instcombine_simple-loop-unswitch | masked_rate=0.383000, sdc_rate=0.175000, crash_rate=0.442000
[2026-05-15 15:12:21] ================================================================================
[2026-05-15 15:12:21] [  45/110 |  40.9%] Processing leader-ipsccp/exec_qsort_small_ipsccp
[2026-05-15 15:12:21]     FI folder : /projects/lyang28/rmengle/program_outputs/paired/qsort_small_outputs/leader-ipsccp/exec_qsort_small_ipsccp
[2026-05-15 15:12:21]     Timing    : /projects/lyang28/rmengle/execution_times/paired/qsort_small_outputs/leader-ipsccp/exec_qsort_small_ipsccp.txt FOUND
[2026-05-15 15:12:22]     Found 1000 run files
[2026-05-15 15:12:22]     Progress 100/1000 files ( 10.0%) | masked=35, sdc=12, crash/hang=53 | 177.36 files/sec
[2026-05-15 15:12:23]     Progress 200/1000 files ( 20.0%) | masked=74, sdc=33, crash/hang=93 | 162.20 files/sec
[2026-05-15 15:12:24]     Progress 300/1000 files ( 30.0%) | masked=116, sdc=49, crash/hang=135 | 160.87 files/sec
[2026-05-15 15:12:24]     Progress 400/1000 files ( 40.0%) | masked=152, sdc=60, crash/hang=188 | 166.66 files/sec
[2026-05-15 15:12:25]     Progress 500/1000 files ( 50.0%) | masked=184, sdc=74, crash/hang=242 | 172.72 files/sec
[2026-05-15 15:12:25]     Progress 600/1000 files ( 60.0%) | masked=217, sdc=97, crash/hang=286 | 171.66 files/sec
[2026-05-15 15:12:26]     Progress 700/1000 files ( 70.0%) | masked=251, sdc=112, crash/hang=337 | 172.48 files/sec
[2026-05-15 15:12:26]     Progress 800/1000 files ( 80.0%) | masked=290, sdc=123, crash/hang=387 | 172.50 files/sec
[2026-05-15 15:12:27]     Progress 900/1000 files ( 90.0%) | masked=326, sdc=132, crash/hang=442 | 175.07 files/sec
[2026-05-15 15:12:27]     Progress 1000/1000 files (100.0%) | masked=351, sdc=158, crash/hang=491 | 175.53 files/sec
[2026-05-15 15:12:27]     Done folder: total=1000, masked=351, sdc=158, crash/hang=491
[2026-05-15 15:12:27]     CSV row written for leader-ipsccp/exec_qsort_small_ipsccp | masked_rate=0.351000, sdc_rate=0.158000, crash_rate=0.491000
[2026-05-15 15:12:27] ================================================================================
[2026-05-15 15:12:27] [  46/110 |  41.8%] Processing leader-ipsccp/exec_qsort_small_ipsccp_early-cse
[2026-05-15 15:12:27]     FI folder : /projects/lyang28/rmengle/program_outputs/paired/qsort_small_outputs/leader-ipsccp/exec_qsort_small_ipsccp_early-cse
[2026-05-15 15:12:27]     Timing    : /projects/lyang28/rmengle/execution_times/paired/qsort_small_outputs/leader-ipsccp/exec_qsort_small_ipsccp_early-cse.txt FOUND
[2026-05-15 15:12:28]     Found 1000 run files
[2026-05-15 15:12:28]     Progress 100/1000 files ( 10.0%) | masked=31, sdc=24, crash/hang=45 | 172.24 files/sec
[2026-05-15 15:12:29]     Progress 200/1000 files ( 20.0%) | masked=77, sdc=36, crash/hang=87 | 167.30 files/sec
[2026-05-15 15:12:30]     Progress 300/1000 files ( 30.0%) | masked=118, sdc=54, crash/hang=128 | 164.26 files/sec
[2026-05-15 15:12:30]     Progress 400/1000 files ( 40.0%) | masked=157, sdc=70, crash/hang=173 | 165.79 files/sec
[2026-05-15 15:12:31]     Progress 500/1000 files ( 50.0%) | masked=192, sdc=88, crash/hang=220 | 167.64 files/sec
[2026-05-15 15:12:31]     Progress 600/1000 files ( 60.0%) | masked=225, sdc=104, crash/hang=271 | 171.15 files/sec
[2026-05-15 15:12:32]     Progress 700/1000 files ( 70.0%) | masked=267, sdc=117, crash/hang=316 | 170.56 files/sec
[2026-05-15 15:12:33]     Progress 800/1000 files ( 80.0%) | masked=309, sdc=135, crash/hang=356 | 168.61 files/sec
[2026-05-15 15:12:33]     Progress 900/1000 files ( 90.0%) | masked=346, sdc=153, crash/hang=401 | 168.32 files/sec
[2026-05-15 15:12:34]     Progress 1000/1000 files (100.0%) | masked=395, sdc=164, crash/hang=441 | 166.42 files/sec
[2026-05-15 15:12:34]     Done folder: total=1000, masked=395, sdc=164, crash/hang=441
[2026-05-15 15:12:34]     CSV row written for leader-ipsccp/exec_qsort_small_ipsccp_early-cse | masked_rate=0.395000, sdc_rate=0.164000, crash_rate=0.441000
[2026-05-15 15:12:34] ================================================================================
[2026-05-15 15:12:34] [  47/110 |  42.7%] Processing leader-ipsccp/exec_qsort_small_ipsccp_gvn
[2026-05-15 15:12:34]     FI folder : /projects/lyang28/rmengle/program_outputs/paired/qsort_small_outputs/leader-ipsccp/exec_qsort_small_ipsccp_gvn
[2026-05-15 15:12:34]     Timing    : /projects/lyang28/rmengle/execution_times/paired/qsort_small_outputs/leader-ipsccp/exec_qsort_small_ipsccp_gvn.txt FOUND
[2026-05-15 15:12:34]     Found 1000 run files
[2026-05-15 15:12:35]     Progress 100/1000 files ( 10.0%) | masked=43, sdc=18, crash/hang=39 | 155.01 files/sec
[2026-05-15 15:12:35]     Progress 200/1000 files ( 20.0%) | masked=95, sdc=29, crash/hang=76 | 153.10 files/sec
[2026-05-15 15:12:36]     Progress 300/1000 files ( 30.0%) | masked=130, sdc=47, crash/hang=123 | 160.81 files/sec
[2026-05-15 15:12:37]     Progress 400/1000 files ( 40.0%) | masked=168, sdc=72, crash/hang=160 | 158.44 files/sec
[2026-05-15 15:12:37]     Progress 500/1000 files ( 50.0%) | masked=214, sdc=85, crash/hang=201 | 157.68 files/sec
[2026-05-15 15:12:38]     Progress 600/1000 files ( 60.0%) | masked=257, sdc=103, crash/hang=240 | 157.89 files/sec
[2026-05-15 15:12:39]     Progress 700/1000 files ( 70.0%) | masked=294, sdc=128, crash/hang=278 | 157.02 files/sec
[2026-05-15 15:12:39]     Progress 800/1000 files ( 80.0%) | masked=327, sdc=145, crash/hang=328 | 159.41 files/sec
[2026-05-15 15:12:40]     Progress 900/1000 files ( 90.0%) | masked=369, sdc=168, crash/hang=363 | 156.91 files/sec
[2026-05-15 15:12:41]     Progress 1000/1000 files (100.0%) | masked=408, sdc=184, crash/hang=408 | 156.97 files/sec
[2026-05-15 15:12:41]     Done folder: total=1000, masked=408, sdc=184, crash/hang=408
[2026-05-15 15:12:41]     CSV row written for leader-ipsccp/exec_qsort_small_ipsccp_gvn | masked_rate=0.408000, sdc_rate=0.184000, crash_rate=0.408000
[2026-05-15 15:12:41] ================================================================================
[2026-05-15 15:12:41] [  48/110 |  43.6%] Processing leader-ipsccp/exec_qsort_small_ipsccp_inline
[2026-05-15 15:12:41]     FI folder : /projects/lyang28/rmengle/program_outputs/paired/qsort_small_outputs/leader-ipsccp/exec_qsort_small_ipsccp_inline
[2026-05-15 15:12:41]     Timing    : /projects/lyang28/rmengle/execution_times/paired/qsort_small_outputs/leader-ipsccp/exec_qsort_small_ipsccp_inline.txt FOUND
[2026-05-15 15:12:41]     Found 1000 run files
[2026-05-15 15:12:42]     Progress 100/1000 files ( 10.0%) | masked=38, sdc=18, crash/hang=44 | 162.49 files/sec
[2026-05-15 15:12:42]     Progress 200/1000 files ( 20.0%) | masked=68, sdc=37, crash/hang=95 | 174.49 files/sec
[2026-05-15 15:12:43]     Progress 300/1000 files ( 30.0%) | masked=105, sdc=54, crash/hang=141 | 172.45 files/sec
[2026-05-15 15:12:43]     Progress 400/1000 files ( 40.0%) | masked=146, sdc=70, crash/hang=184 | 169.14 files/sec
[2026-05-15 15:12:44]     Progress 500/1000 files ( 50.0%) | masked=185, sdc=87, crash/hang=228 | 167.61 files/sec
[2026-05-15 15:12:45]     Progress 600/1000 files ( 60.0%) | masked=221, sdc=105, crash/hang=274 | 166.69 files/sec
[2026-05-15 15:12:45]     Progress 700/1000 files ( 70.0%) | masked=256, sdc=124, crash/hang=320 | 167.03 files/sec
[2026-05-15 15:12:46]     Progress 800/1000 files ( 80.0%) | masked=290, sdc=144, crash/hang=366 | 167.28 files/sec
[2026-05-15 15:12:46]     Progress 900/1000 files ( 90.0%) | masked=331, sdc=166, crash/hang=403 | 164.97 files/sec
[2026-05-15 15:12:47]     Progress 1000/1000 files (100.0%) | masked=363, sdc=182, crash/hang=455 | 166.39 files/sec
[2026-05-15 15:12:47]     Done folder: total=1000, masked=363, sdc=182, crash/hang=455
[2026-05-15 15:12:47]     CSV row written for leader-ipsccp/exec_qsort_small_ipsccp_inline | masked_rate=0.363000, sdc_rate=0.182000, crash_rate=0.455000
[2026-05-15 15:12:47] ================================================================================
[2026-05-15 15:12:47] [  49/110 |  44.5%] Processing leader-ipsccp/exec_qsort_small_ipsccp_instcombine
[2026-05-15 15:12:47]     FI folder : /projects/lyang28/rmengle/program_outputs/paired/qsort_small_outputs/leader-ipsccp/exec_qsort_small_ipsccp_instcombine
[2026-05-15 15:12:47]     Timing    : /projects/lyang28/rmengle/execution_times/paired/qsort_small_outputs/leader-ipsccp/exec_qsort_small_ipsccp_instcombine.txt FOUND
[2026-05-15 15:12:47]     Found 1000 run files
[2026-05-15 15:12:48]     Progress 100/1000 files ( 10.0%) | masked=33, sdc=12, crash/hang=55 | 185.41 files/sec
[2026-05-15 15:12:48]     Progress 200/1000 files ( 20.0%) | masked=68, sdc=24, crash/hang=108 | 185.26 files/sec
[2026-05-15 15:12:49]     Progress 300/1000 files ( 30.0%) | masked=110, sdc=44, crash/hang=146 | 173.01 files/sec
[2026-05-15 15:12:50]     Progress 400/1000 files ( 40.0%) | masked=149, sdc=56, crash/hang=195 | 174.31 files/sec
[2026-05-15 15:12:50]     Progress 500/1000 files ( 50.0%) | masked=194, sdc=74, crash/hang=232 | 169.06 files/sec
[2026-05-15 15:12:51]     Progress 600/1000 files ( 60.0%) | masked=236, sdc=96, crash/hang=268 | 166.05 files/sec
[2026-05-15 15:12:52]     Progress 700/1000 files ( 70.0%) | masked=278, sdc=116, crash/hang=306 | 164.67 files/sec
[2026-05-15 15:12:52]     Progress 800/1000 files ( 80.0%) | masked=313, sdc=136, crash/hang=351 | 165.38 files/sec
[2026-05-15 15:12:53]     Progress 900/1000 files ( 90.0%) | masked=355, sdc=154, crash/hang=391 | 163.73 files/sec
[2026-05-15 15:12:53]     Progress 1000/1000 files (100.0%) | masked=394, sdc=169, crash/hang=437 | 165.24 files/sec
[2026-05-15 15:12:53]     Done folder: total=1000, masked=394, sdc=169, crash/hang=437
[2026-05-15 15:12:53]     CSV row written for leader-ipsccp/exec_qsort_small_ipsccp_instcombine | masked_rate=0.394000, sdc_rate=0.169000, crash_rate=0.437000
[2026-05-15 15:12:53] ================================================================================
[2026-05-15 15:12:53] [  50/110 |  45.5%] Processing leader-ipsccp/exec_qsort_small_ipsccp_ipsccp
[2026-05-15 15:12:53]     FI folder : /projects/lyang28/rmengle/program_outputs/paired/qsort_small_outputs/leader-ipsccp/exec_qsort_small_ipsccp_ipsccp
[2026-05-15 15:12:53]     Timing    : /projects/lyang28/rmengle/execution_times/paired/qsort_small_outputs/leader-ipsccp/exec_qsort_small_ipsccp_ipsccp.txt FOUND
[2026-05-15 15:12:54]     Found 1000 run files
[2026-05-15 15:12:54]     Progress 100/1000 files ( 10.0%) | masked=39, sdc=9, crash/hang=52 | 174.20 files/sec
[2026-05-15 15:12:55]     Progress 200/1000 files ( 20.0%) | masked=81, sdc=23, crash/hang=96 | 168.10 files/sec
[2026-05-15 15:12:55]     Progress 300/1000 files ( 30.0%) | masked=108, sdc=45, crash/hang=147 | 178.45 files/sec
[2026-05-15 15:12:56]     Progress 400/1000 files ( 40.0%) | masked=134, sdc=69, crash/hang=197 | 180.47 files/sec
[2026-05-15 15:12:57]     Progress 500/1000 files ( 50.0%) | masked=173, sdc=84, crash/hang=243 | 178.79 files/sec
[2026-05-15 15:12:57]     Progress 600/1000 files ( 60.0%) | masked=208, sdc=108, crash/hang=284 | 176.14 files/sec
[2026-05-15 15:12:58]     Progress 700/1000 files ( 70.0%) | masked=243, sdc=132, crash/hang=325 | 175.00 files/sec
[2026-05-15 15:12:58]     Progress 800/1000 files ( 80.0%) | masked=287, sdc=151, crash/hang=362 | 171.72 files/sec
[2026-05-15 15:12:59]     Progress 900/1000 files ( 90.0%) | masked=330, sdc=169, crash/hang=401 | 169.19 files/sec
[2026-05-15 15:13:00]     Progress 1000/1000 files (100.0%) | masked=364, sdc=185, crash/hang=451 | 170.01 files/sec
[2026-05-15 15:13:00]     Done folder: total=1000, masked=364, sdc=185, crash/hang=451
[2026-05-15 15:13:00]     CSV row written for leader-ipsccp/exec_qsort_small_ipsccp_ipsccp | masked_rate=0.364000, sdc_rate=0.185000, crash_rate=0.451000
[2026-05-15 15:13:00] ================================================================================
[2026-05-15 15:13:00] [  51/110 |  46.4%] Processing leader-ipsccp/exec_qsort_small_ipsccp_licm
[2026-05-15 15:13:00]     FI folder : /projects/lyang28/rmengle/program_outputs/paired/qsort_small_outputs/leader-ipsccp/exec_qsort_small_ipsccp_licm
[2026-05-15 15:13:00]     Timing    : /projects/lyang28/rmengle/execution_times/paired/qsort_small_outputs/leader-ipsccp/exec_qsort_small_ipsccp_licm.txt FOUND
[2026-05-15 15:13:00]     Found 1000 run files
[2026-05-15 15:13:01]     Progress 100/1000 files ( 10.0%) | masked=41, sdc=8, crash/hang=51 | 172.82 files/sec
[2026-05-15 15:13:01]     Progress 200/1000 files ( 20.0%) | masked=79, sdc=27, crash/hang=94 | 163.91 files/sec
[2026-05-15 15:13:02]     Progress 300/1000 files ( 30.0%) | masked=124, sdc=34, crash/hang=142 | 165.52 files/sec
[2026-05-15 15:13:02]     Progress 400/1000 files ( 40.0%) | masked=166, sdc=45, crash/hang=189 | 165.01 files/sec
[2026-05-15 15:13:03]     Progress 500/1000 files ( 50.0%) | masked=203, sdc=65, crash/hang=232 | 166.27 files/sec
[2026-05-15 15:13:04]     Progress 600/1000 files ( 60.0%) | masked=247, sdc=76, crash/hang=277 | 165.65 files/sec
[2026-05-15 15:13:04]     Progress 700/1000 files ( 70.0%) | masked=288, sdc=93, crash/hang=319 | 164.18 files/sec
[2026-05-15 15:13:05]     Progress 800/1000 files ( 80.0%) | masked=330, sdc=108, crash/hang=362 | 162.93 files/sec
[2026-05-15 15:13:05]     Progress 900/1000 files ( 90.0%) | masked=364, sdc=130, crash/hang=406 | 163.13 files/sec
[2026-05-15 15:13:06]     Progress 1000/1000 files (100.0%) | masked=405, sdc=144, crash/hang=451 | 162.69 files/sec
[2026-05-15 15:13:06]     Done folder: total=1000, masked=405, sdc=144, crash/hang=451
[2026-05-15 15:13:06]     CSV row written for leader-ipsccp/exec_qsort_small_ipsccp_licm | masked_rate=0.405000, sdc_rate=0.144000, crash_rate=0.451000
[2026-05-15 15:13:06] ================================================================================
[2026-05-15 15:13:06] [  52/110 |  47.3%] Processing leader-ipsccp/exec_qsort_small_ipsccp_loop-reduce
[2026-05-15 15:13:06]     FI folder : /projects/lyang28/rmengle/program_outputs/paired/qsort_small_outputs/leader-ipsccp/exec_qsort_small_ipsccp_loop-reduce
[2026-05-15 15:13:06]     Timing    : /projects/lyang28/rmengle/execution_times/paired/qsort_small_outputs/leader-ipsccp/exec_qsort_small_ipsccp_loop-reduce.txt FOUND
[2026-05-15 15:13:06]     Found 1000 run files
[2026-05-15 15:13:07]     Progress 100/1000 files ( 10.0%) | masked=39, sdc=10, crash/hang=51 | 181.90 files/sec
[2026-05-15 15:13:08]     Progress 200/1000 files ( 20.0%) | masked=79, sdc=24, crash/hang=97 | 175.09 files/sec
[2026-05-15 15:13:08]     Progress 300/1000 files ( 30.0%) | masked=119, sdc=40, crash/hang=141 | 171.77 files/sec
[2026-05-15 15:13:09]     Progress 400/1000 files ( 40.0%) | masked=155, sdc=50, crash/hang=195 | 177.58 files/sec
[2026-05-15 15:13:09]     Progress 500/1000 files ( 50.0%) | masked=194, sdc=67, crash/hang=239 | 175.51 files/sec
[2026-05-15 15:13:10]     Progress 600/1000 files ( 60.0%) | masked=234, sdc=87, crash/hang=279 | 172.77 files/sec
[2026-05-15 15:13:10]     Progress 700/1000 files ( 70.0%) | masked=269, sdc=101, crash/hang=330 | 175.09 files/sec
[2026-05-15 15:13:11]     Progress 800/1000 files ( 80.0%) | masked=308, sdc=123, crash/hang=369 | 171.98 files/sec
[2026-05-15 15:13:12]     Progress 900/1000 files ( 90.0%) | masked=345, sdc=144, crash/hang=411 | 171.20 files/sec
[2026-05-15 15:13:12]     Progress 1000/1000 files (100.0%) | masked=381, sdc=164, crash/hang=455 | 170.90 files/sec
[2026-05-15 15:13:12]     Done folder: total=1000, masked=381, sdc=164, crash/hang=455
[2026-05-15 15:13:12]     CSV row written for leader-ipsccp/exec_qsort_small_ipsccp_loop-reduce | masked_rate=0.381000, sdc_rate=0.164000, crash_rate=0.455000
[2026-05-15 15:13:12] ================================================================================
[2026-05-15 15:13:12] [  53/110 |  48.2%] Processing leader-ipsccp/exec_qsort_small_ipsccp_loop-unroll
[2026-05-15 15:13:12]     FI folder : /projects/lyang28/rmengle/program_outputs/paired/qsort_small_outputs/leader-ipsccp/exec_qsort_small_ipsccp_loop-unroll
[2026-05-15 15:13:12]     Timing    : /projects/lyang28/rmengle/execution_times/paired/qsort_small_outputs/leader-ipsccp/exec_qsort_small_ipsccp_loop-unroll.txt FOUND
[2026-05-15 15:13:13]     Found 1000 run files
[2026-05-15 15:13:13]     Progress 100/1000 files ( 10.0%) | masked=33, sdc=20, crash/hang=47 | 173.94 files/sec
[2026-05-15 15:13:14]     Progress 200/1000 files ( 20.0%) | masked=76, sdc=38, crash/hang=86 | 162.01 files/sec
[2026-05-15 15:13:15]     Progress 300/1000 files ( 30.0%) | masked=108, sdc=60, crash/hang=132 | 165.79 files/sec
[2026-05-15 15:13:15]     Progress 400/1000 files ( 40.0%) | masked=139, sdc=78, crash/hang=183 | 170.33 files/sec
[2026-05-15 15:13:16]     Progress 500/1000 files ( 50.0%) | masked=174, sdc=96, crash/hang=230 | 172.09 files/sec
[2026-05-15 15:13:16]     Progress 600/1000 files ( 60.0%) | masked=205, sdc=119, crash/hang=276 | 171.33 files/sec
[2026-05-15 15:13:17]     Progress 700/1000 files ( 70.0%) | masked=236, sdc=135, crash/hang=329 | 175.18 files/sec
[2026-05-15 15:13:17]     Progress 800/1000 files ( 80.0%) | masked=280, sdc=153, crash/hang=367 | 171.54 files/sec
[2026-05-15 15:13:18]     Progress 900/1000 files ( 90.0%) | masked=323, sdc=166, crash/hang=411 | 170.70 files/sec
[2026-05-15 15:13:19]     Progress 1000/1000 files (100.0%) | masked=358, sdc=190, crash/hang=452 | 170.17 files/sec
[2026-05-15 15:13:19]     Done folder: total=1000, masked=358, sdc=190, crash/hang=452
[2026-05-15 15:13:19]     CSV row written for leader-ipsccp/exec_qsort_small_ipsccp_loop-unroll | masked_rate=0.358000, sdc_rate=0.190000, crash_rate=0.452000
[2026-05-15 15:13:19] ================================================================================
[2026-05-15 15:13:19] [  54/110 |  49.1%] Processing leader-ipsccp/exec_qsort_small_ipsccp_sccp
[2026-05-15 15:13:19]     FI folder : /projects/lyang28/rmengle/program_outputs/paired/qsort_small_outputs/leader-ipsccp/exec_qsort_small_ipsccp_sccp
[2026-05-15 15:13:19]     Timing    : /projects/lyang28/rmengle/execution_times/paired/qsort_small_outputs/leader-ipsccp/exec_qsort_small_ipsccp_sccp.txt FOUND
[2026-05-15 15:13:19]     Found 1000 run files
[2026-05-15 15:13:20]     Progress 100/1000 files ( 10.0%) | masked=35, sdc=17, crash/hang=48 | 181.86 files/sec
[2026-05-15 15:13:20]     Progress 200/1000 files ( 20.0%) | masked=74, sdc=27, crash/hang=99 | 182.34 files/sec
[2026-05-15 15:13:21]     Progress 300/1000 files ( 30.0%) | masked=118, sdc=48, crash/hang=134 | 167.29 files/sec
[2026-05-15 15:13:21]     Progress 400/1000 files ( 40.0%) | masked=150, sdc=67, crash/hang=183 | 170.56 files/sec
[2026-05-15 15:13:22]     Progress 500/1000 files ( 50.0%) | masked=187, sdc=84, crash/hang=229 | 170.04 files/sec
[2026-05-15 15:13:23]     Progress 600/1000 files ( 60.0%) | masked=234, sdc=95, crash/hang=271 | 168.84 files/sec
[2026-05-15 15:13:23]     Progress 700/1000 files ( 70.0%) | masked=267, sdc=111, crash/hang=322 | 171.91 files/sec
[2026-05-15 15:13:24]     Progress 800/1000 files ( 80.0%) | masked=312, sdc=128, crash/hang=360 | 169.74 files/sec
[2026-05-15 15:13:24]     Progress 900/1000 files ( 90.0%) | masked=345, sdc=137, crash/hang=418 | 173.35 files/sec
[2026-05-15 15:13:25]     Progress 1000/1000 files (100.0%) | masked=388, sdc=151, crash/hang=461 | 172.16 files/sec
[2026-05-15 15:13:25]     Done folder: total=1000, masked=388, sdc=151, crash/hang=461
[2026-05-15 15:13:25]     CSV row written for leader-ipsccp/exec_qsort_small_ipsccp_sccp | masked_rate=0.388000, sdc_rate=0.151000, crash_rate=0.461000
[2026-05-15 15:13:25] ================================================================================
[2026-05-15 15:13:25] [  55/110 |  50.0%] Processing leader-ipsccp/exec_qsort_small_ipsccp_simple-loop-unswitch
[2026-05-15 15:13:25]     FI folder : /projects/lyang28/rmengle/program_outputs/paired/qsort_small_outputs/leader-ipsccp/exec_qsort_small_ipsccp_simple-loop-unswitch
[2026-05-15 15:13:25]     Timing    : /projects/lyang28/rmengle/execution_times/paired/qsort_small_outputs/leader-ipsccp/exec_qsort_small_ipsccp_simple-loop-unswitch.txt FOUND
[2026-05-15 15:13:25]     Found 1000 run files
[2026-05-15 15:13:26]     Progress 100/1000 files ( 10.0%) | masked=40, sdc=12, crash/hang=48 | 171.34 files/sec
[2026-05-15 15:13:26]     Progress 200/1000 files ( 20.0%) | masked=77, sdc=24, crash/hang=99 | 177.97 files/sec
[2026-05-15 15:13:27]     Progress 300/1000 files ( 30.0%) | masked=114, sdc=31, crash/hang=155 | 185.75 files/sec
[2026-05-15 15:13:27]     Progress 400/1000 files ( 40.0%) | masked=150, sdc=54, crash/hang=196 | 179.01 files/sec
[2026-05-15 15:13:28]     Progress 500/1000 files ( 50.0%) | masked=187, sdc=78, crash/hang=235 | 174.63 files/sec
[2026-05-15 15:13:29]     Progress 600/1000 files ( 60.0%) | masked=221, sdc=96, crash/hang=283 | 175.90 files/sec
[2026-05-15 15:13:29]     Progress 700/1000 files ( 70.0%) | masked=259, sdc=114, crash/hang=327 | 175.40 files/sec
[2026-05-15 15:13:30]     Progress 800/1000 files ( 80.0%) | masked=298, sdc=132, crash/hang=370 | 174.69 files/sec
[2026-05-15 15:13:30]     Progress 900/1000 files ( 90.0%) | masked=339, sdc=147, crash/hang=414 | 173.03 files/sec
[2026-05-15 15:13:31]     Progress 1000/1000 files (100.0%) | masked=369, sdc=167, crash/hang=464 | 173.06 files/sec
[2026-05-15 15:13:31]     Done folder: total=1000, masked=369, sdc=167, crash/hang=464
[2026-05-15 15:13:31]     CSV row written for leader-ipsccp/exec_qsort_small_ipsccp_simple-loop-unswitch | masked_rate=0.369000, sdc_rate=0.167000, crash_rate=0.464000
[2026-05-15 15:13:31] ================================================================================
[2026-05-15 15:13:31] [  56/110 |  50.9%] Processing leader-licm/exec_qsort_small_licm
[2026-05-15 15:13:31]     FI folder : /projects/lyang28/rmengle/program_outputs/paired/qsort_small_outputs/leader-licm/exec_qsort_small_licm
[2026-05-15 15:13:31]     Timing    : /projects/lyang28/rmengle/execution_times/paired/qsort_small_outputs/leader-licm/exec_qsort_small_licm.txt FOUND
[2026-05-15 15:13:31]     Found 1000 run files
[2026-05-15 15:13:32]     Progress 100/1000 files ( 10.0%) | masked=36, sdc=27, crash/hang=37 | 148.47 files/sec
[2026-05-15 15:13:33]     Progress 200/1000 files ( 20.0%) | masked=78, sdc=49, crash/hang=73 | 149.04 files/sec
[2026-05-15 15:13:33]     Progress 300/1000 files ( 30.0%) | masked=112, sdc=66, crash/hang=122 | 158.47 files/sec
[2026-05-15 15:13:34]     Progress 400/1000 files ( 40.0%) | masked=144, sdc=74, crash/hang=182 | 170.25 files/sec
[2026-05-15 15:13:34]     Progress 500/1000 files ( 50.0%) | masked=177, sdc=87, crash/hang=236 | 173.94 files/sec
[2026-05-15 15:13:35]     Progress 600/1000 files ( 60.0%) | masked=213, sdc=103, crash/hang=284 | 174.71 files/sec
[2026-05-15 15:13:35]     Progress 700/1000 files ( 70.0%) | masked=246, sdc=123, crash/hang=331 | 175.29 files/sec
[2026-05-15 15:13:36]     Progress 800/1000 files ( 80.0%) | masked=289, sdc=140, crash/hang=371 | 172.34 files/sec
[2026-05-15 15:13:37]     Progress 900/1000 files ( 90.0%) | masked=326, sdc=161, crash/hang=413 | 171.15 files/sec
[2026-05-15 15:13:37]     Progress 1000/1000 files (100.0%) | masked=371, sdc=171, crash/hang=458 | 170.85 files/sec
[2026-05-15 15:13:37]     Done folder: total=1000, masked=371, sdc=171, crash/hang=458
[2026-05-15 15:13:37]     CSV row written for leader-licm/exec_qsort_small_licm | masked_rate=0.371000, sdc_rate=0.171000, crash_rate=0.458000
[2026-05-15 15:13:37] ================================================================================
[2026-05-15 15:13:37] [  57/110 |  51.8%] Processing leader-licm/exec_qsort_small_licm_early-cse
[2026-05-15 15:13:37]     FI folder : /projects/lyang28/rmengle/program_outputs/paired/qsort_small_outputs/leader-licm/exec_qsort_small_licm_early-cse
[2026-05-15 15:13:37]     Timing    : /projects/lyang28/rmengle/execution_times/paired/qsort_small_outputs/leader-licm/exec_qsort_small_licm_early-cse.txt FOUND
[2026-05-15 15:13:38]     Found 1000 run files
[2026-05-15 15:13:38]     Progress 100/1000 files ( 10.0%) | masked=40, sdc=22, crash/hang=38 | 150.99 files/sec
[2026-05-15 15:13:39]     Progress 200/1000 files ( 20.0%) | masked=73, sdc=37, crash/hang=90 | 167.08 files/sec
[2026-05-15 15:13:39]     Progress 300/1000 files ( 30.0%) | masked=116, sdc=54, crash/hang=130 | 163.84 files/sec
[2026-05-15 15:13:40]     Progress 400/1000 files ( 40.0%) | masked=154, sdc=72, crash/hang=174 | 163.77 files/sec
[2026-05-15 15:13:41]     Progress 500/1000 files ( 50.0%) | masked=204, sdc=90, crash/hang=206 | 159.43 files/sec
[2026-05-15 15:13:41]     Progress 600/1000 files ( 60.0%) | masked=249, sdc=106, crash/hang=245 | 158.98 files/sec
[2026-05-15 15:13:42]     Progress 700/1000 files ( 70.0%) | masked=297, sdc=122, crash/hang=281 | 158.11 files/sec
[2026-05-15 15:13:43]     Progress 800/1000 files ( 80.0%) | masked=336, sdc=140, crash/hang=324 | 160.07 files/sec
[2026-05-15 15:13:43]     Progress 900/1000 files ( 90.0%) | masked=370, sdc=160, crash/hang=370 | 161.33 files/sec
[2026-05-15 15:13:44]     Progress 1000/1000 files (100.0%) | masked=398, sdc=187, crash/hang=415 | 163.58 files/sec
[2026-05-15 15:13:44]     Done folder: total=1000, masked=398, sdc=187, crash/hang=415
[2026-05-15 15:13:44]     CSV row written for leader-licm/exec_qsort_small_licm_early-cse | masked_rate=0.398000, sdc_rate=0.187000, crash_rate=0.415000
[2026-05-15 15:13:44] ================================================================================
[2026-05-15 15:13:44] [  58/110 |  52.7%] Processing leader-licm/exec_qsort_small_licm_gvn
[2026-05-15 15:13:44]     FI folder : /projects/lyang28/rmengle/program_outputs/paired/qsort_small_outputs/leader-licm/exec_qsort_small_licm_gvn
[2026-05-15 15:13:44]     Timing    : /projects/lyang28/rmengle/execution_times/paired/qsort_small_outputs/leader-licm/exec_qsort_small_licm_gvn.txt FOUND
[2026-05-15 15:13:44]     Found 1000 run files
[2026-05-15 15:13:45]     Progress 100/1000 files ( 10.0%) | masked=40, sdc=16, crash/hang=44 | 159.34 files/sec
[2026-05-15 15:13:45]     Progress 200/1000 files ( 20.0%) | masked=86, sdc=30, crash/hang=84 | 158.85 files/sec
[2026-05-15 15:13:46]     Progress 300/1000 files ( 30.0%) | masked=126, sdc=42, crash/hang=132 | 163.34 files/sec
[2026-05-15 15:13:46]     Progress 400/1000 files ( 40.0%) | masked=170, sdc=59, crash/hang=171 | 159.76 files/sec
[2026-05-15 15:13:47]     Progress 500/1000 files ( 50.0%) | masked=205, sdc=82, crash/hang=213 | 160.37 files/sec
[2026-05-15 15:13:48]     Progress 600/1000 files ( 60.0%) | masked=240, sdc=99, crash/hang=261 | 162.81 files/sec
[2026-05-15 15:13:48]     Progress 700/1000 files ( 70.0%) | masked=278, sdc=123, crash/hang=299 | 161.80 files/sec
[2026-05-15 15:13:49]     Progress 800/1000 files ( 80.0%) | masked=312, sdc=147, crash/hang=341 | 162.40 files/sec
[2026-05-15 15:13:49]     Progress 900/1000 files ( 90.0%) | masked=345, sdc=168, crash/hang=387 | 163.41 files/sec
[2026-05-15 15:13:50]     Progress 1000/1000 files (100.0%) | masked=386, sdc=186, crash/hang=428 | 163.14 files/sec
[2026-05-15 15:13:50]     Done folder: total=1000, masked=386, sdc=186, crash/hang=428
[2026-05-15 15:13:50]     CSV row written for leader-licm/exec_qsort_small_licm_gvn | masked_rate=0.386000, sdc_rate=0.186000, crash_rate=0.428000
[2026-05-15 15:13:50] ================================================================================
[2026-05-15 15:13:50] [  59/110 |  53.6%] Processing leader-licm/exec_qsort_small_licm_inline
[2026-05-15 15:13:50]     FI folder : /projects/lyang28/rmengle/program_outputs/paired/qsort_small_outputs/leader-licm/exec_qsort_small_licm_inline
[2026-05-15 15:13:50]     Timing    : /projects/lyang28/rmengle/execution_times/paired/qsort_small_outputs/leader-licm/exec_qsort_small_licm_inline.txt FOUND
[2026-05-15 15:13:50]     Found 1000 run files
[2026-05-15 15:13:51]     Progress 100/1000 files ( 10.0%) | masked=44, sdc=17, crash/hang=39 | 151.01 files/sec
[2026-05-15 15:13:52]     Progress 200/1000 files ( 20.0%) | masked=84, sdc=28, crash/hang=88 | 163.31 files/sec
[2026-05-15 15:13:52]     Progress 300/1000 files ( 30.0%) | masked=124, sdc=46, crash/hang=130 | 162.63 files/sec
[2026-05-15 15:13:53]     Progress 400/1000 files ( 40.0%) | masked=160, sdc=65, crash/hang=175 | 166.06 files/sec
[2026-05-15 15:13:53]     Progress 500/1000 files ( 50.0%) | masked=200, sdc=74, crash/hang=226 | 168.07 files/sec
[2026-05-15 15:13:54]     Progress 600/1000 files ( 60.0%) | masked=245, sdc=91, crash/hang=264 | 165.22 files/sec
[2026-05-15 15:13:55]     Progress 700/1000 files ( 70.0%) | masked=290, sdc=109, crash/hang=301 | 162.71 files/sec
[2026-05-15 15:13:55]     Progress 800/1000 files ( 80.0%) | masked=324, sdc=132, crash/hang=344 | 162.72 files/sec
[2026-05-15 15:13:56]     Progress 900/1000 files ( 90.0%) | masked=356, sdc=150, crash/hang=394 | 164.22 files/sec
[2026-05-15 15:13:56]     Progress 1000/1000 files (100.0%) | masked=388, sdc=168, crash/hang=444 | 166.37 files/sec
[2026-05-15 15:13:56]     Done folder: total=1000, masked=388, sdc=168, crash/hang=444
[2026-05-15 15:13:56]     CSV row written for leader-licm/exec_qsort_small_licm_inline | masked_rate=0.388000, sdc_rate=0.168000, crash_rate=0.444000
[2026-05-15 15:13:56] ================================================================================
[2026-05-15 15:13:56] [  60/110 |  54.5%] Processing leader-licm/exec_qsort_small_licm_instcombine
[2026-05-15 15:13:56]     FI folder : /projects/lyang28/rmengle/program_outputs/paired/qsort_small_outputs/leader-licm/exec_qsort_small_licm_instcombine
[2026-05-15 15:13:56]     Timing    : /projects/lyang28/rmengle/execution_times/paired/qsort_small_outputs/leader-licm/exec_qsort_small_licm_instcombine.txt FOUND
[2026-05-15 15:13:57]     Found 1000 run files
[2026-05-15 15:13:58]     Progress 100/1000 files ( 10.0%) | masked=45, sdc=23, crash/hang=32 | 140.79 files/sec
[2026-05-15 15:13:58]     Progress 200/1000 files ( 20.0%) | masked=84, sdc=44, crash/hang=72 | 149.64 files/sec
[2026-05-15 15:13:59]     Progress 300/1000 files ( 30.0%) | masked=126, sdc=65, crash/hang=109 | 151.66 files/sec
[2026-05-15 15:13:59]     Progress 400/1000 files ( 40.0%) | masked=156, sdc=89, crash/hang=155 | 156.08 files/sec
[2026-05-15 15:14:00]     Progress 500/1000 files ( 50.0%) | masked=192, sdc=109, crash/hang=199 | 159.69 files/sec
[2026-05-15 15:14:01]     Progress 600/1000 files ( 60.0%) | masked=229, sdc=122, crash/hang=249 | 162.62 files/sec
[2026-05-15 15:14:01]     Progress 700/1000 files ( 70.0%) | masked=267, sdc=149, crash/hang=284 | 159.92 files/sec
[2026-05-15 15:14:02]     Progress 800/1000 files ( 80.0%) | masked=309, sdc=166, crash/hang=325 | 160.32 files/sec
[2026-05-15 15:14:02]     Progress 900/1000 files ( 90.0%) | masked=355, sdc=185, crash/hang=360 | 158.93 files/sec
[2026-05-15 15:14:03]     Progress 1000/1000 files (100.0%) | masked=397, sdc=205, crash/hang=398 | 157.83 files/sec
[2026-05-15 15:14:03]     Done folder: total=1000, masked=397, sdc=205, crash/hang=398
[2026-05-15 15:14:03]     CSV row written for leader-licm/exec_qsort_small_licm_instcombine | masked_rate=0.397000, sdc_rate=0.205000, crash_rate=0.398000
[2026-05-15 15:14:03] ================================================================================
[2026-05-15 15:14:03] [  61/110 |  55.5%] Processing leader-licm/exec_qsort_small_licm_ipsccp
[2026-05-15 15:14:03]     FI folder : /projects/lyang28/rmengle/program_outputs/paired/qsort_small_outputs/leader-licm/exec_qsort_small_licm_ipsccp
[2026-05-15 15:14:03]     Timing    : /projects/lyang28/rmengle/execution_times/paired/qsort_small_outputs/leader-licm/exec_qsort_small_licm_ipsccp.txt FOUND
[2026-05-15 15:14:04]     Found 1000 run files
[2026-05-15 15:14:04]     Progress 100/1000 files ( 10.0%) | masked=44, sdc=15, crash/hang=41 | 143.29 files/sec
[2026-05-15 15:14:05]     Progress 200/1000 files ( 20.0%) | masked=89, sdc=33, crash/hang=78 | 143.91 files/sec
[2026-05-15 15:14:06]     Progress 300/1000 files ( 30.0%) | masked=131, sdc=53, crash/hang=116 | 147.73 files/sec
[2026-05-15 15:14:06]     Progress 400/1000 files ( 40.0%) | masked=173, sdc=74, crash/hang=153 | 147.56 files/sec
[2026-05-15 15:14:07]     Progress 500/1000 files ( 50.0%) | masked=209, sdc=92, crash/hang=199 | 150.40 files/sec
[2026-05-15 15:14:07]     Progress 600/1000 files ( 60.0%) | masked=243, sdc=109, crash/hang=248 | 154.33 files/sec
[2026-05-15 15:14:08]     Progress 700/1000 files ( 70.0%) | masked=284, sdc=124, crash/hang=292 | 155.66 files/sec
[2026-05-15 15:14:09]     Progress 800/1000 files ( 80.0%) | masked=319, sdc=144, crash/hang=337 | 156.96 files/sec
[2026-05-15 15:14:09]     Progress 900/1000 files ( 90.0%) | masked=358, sdc=162, crash/hang=380 | 157.51 files/sec
[2026-05-15 15:14:10]     Progress 1000/1000 files (100.0%) | masked=397, sdc=177, crash/hang=426 | 158.43 files/sec
[2026-05-15 15:14:10]     Done folder: total=1000, masked=397, sdc=177, crash/hang=426
[2026-05-15 15:14:10]     CSV row written for leader-licm/exec_qsort_small_licm_ipsccp | masked_rate=0.397000, sdc_rate=0.177000, crash_rate=0.426000
[2026-05-15 15:14:10] ================================================================================
[2026-05-15 15:14:10] [  62/110 |  56.4%] Processing leader-licm/exec_qsort_small_licm_licm
[2026-05-15 15:14:10]     FI folder : /projects/lyang28/rmengle/program_outputs/paired/qsort_small_outputs/leader-licm/exec_qsort_small_licm_licm
[2026-05-15 15:14:10]     Timing    : /projects/lyang28/rmengle/execution_times/paired/qsort_small_outputs/leader-licm/exec_qsort_small_licm_licm.txt FOUND
[2026-05-15 15:14:10]     Found 1000 run files
[2026-05-15 15:14:11]     Progress 100/1000 files ( 10.0%) | masked=37, sdc=18, crash/hang=45 | 163.76 files/sec
[2026-05-15 15:14:11]     Progress 200/1000 files ( 20.0%) | masked=78, sdc=30, crash/hang=92 | 163.34 files/sec
[2026-05-15 15:14:12]     Progress 300/1000 files ( 30.0%) | masked=122, sdc=48, crash/hang=130 | 158.81 files/sec
[2026-05-15 15:14:13]     Progress 400/1000 files ( 40.0%) | masked=166, sdc=62, crash/hang=172 | 158.89 files/sec
[2026-05-15 15:14:13]     Progress 500/1000 files ( 50.0%) | masked=211, sdc=72, crash/hang=217 | 160.24 files/sec
[2026-05-15 15:14:14]     Progress 600/1000 files ( 60.0%) | masked=245, sdc=89, crash/hang=266 | 163.05 files/sec
[2026-05-15 15:14:14]     Progress 700/1000 files ( 70.0%) | masked=281, sdc=100, crash/hang=319 | 167.19 files/sec
[2026-05-15 15:14:15]     Progress 800/1000 files ( 80.0%) | masked=317, sdc=115, crash/hang=368 | 169.36 files/sec
[2026-05-15 15:14:16]     Progress 900/1000 files ( 90.0%) | masked=356, sdc=133, crash/hang=411 | 168.28 files/sec
[2026-05-15 15:14:16]     Progress 1000/1000 files (100.0%) | masked=388, sdc=153, crash/hang=459 | 168.87 files/sec
[2026-05-15 15:14:16]     Done folder: total=1000, masked=388, sdc=153, crash/hang=459
[2026-05-15 15:14:16]     CSV row written for leader-licm/exec_qsort_small_licm_licm | masked_rate=0.388000, sdc_rate=0.153000, crash_rate=0.459000
[2026-05-15 15:14:16] ================================================================================
[2026-05-15 15:14:16] [  63/110 |  57.3%] Processing leader-licm/exec_qsort_small_licm_loop-reduce
[2026-05-15 15:14:16]     FI folder : /projects/lyang28/rmengle/program_outputs/paired/qsort_small_outputs/leader-licm/exec_qsort_small_licm_loop-reduce
[2026-05-15 15:14:16]     Timing    : /projects/lyang28/rmengle/execution_times/paired/qsort_small_outputs/leader-licm/exec_qsort_small_licm_loop-reduce.txt FOUND
[2026-05-15 15:14:17]     Found 1000 run files
[2026-05-15 15:14:17]     Progress 100/1000 files ( 10.0%) | masked=45, sdc=9, crash/hang=46 | 169.43 files/sec
[2026-05-15 15:14:18]     Progress 200/1000 files ( 20.0%) | masked=82, sdc=24, crash/hang=94 | 173.76 files/sec
[2026-05-15 15:14:18]     Progress 300/1000 files ( 30.0%) | masked=119, sdc=35, crash/hang=146 | 178.89 files/sec
[2026-05-15 15:14:19]     Progress 400/1000 files ( 40.0%) | masked=153, sdc=53, crash/hang=194 | 177.01 files/sec
[2026-05-15 15:14:19]     Progress 500/1000 files ( 50.0%) | masked=186, sdc=70, crash/hang=244 | 177.60 files/sec
[2026-05-15 15:14:20]     Progress 600/1000 files ( 60.0%) | masked=218, sdc=86, crash/hang=296 | 180.03 files/sec
[2026-05-15 15:14:21]     Progress 700/1000 files ( 70.0%) | masked=260, sdc=106, crash/hang=334 | 176.01 files/sec
[2026-05-15 15:14:21]     Progress 800/1000 files ( 80.0%) | masked=299, sdc=126, crash/hang=375 | 174.17 files/sec
[2026-05-15 15:14:22]     Progress 900/1000 files ( 90.0%) | masked=331, sdc=143, crash/hang=426 | 175.41 files/sec
[2026-05-15 15:14:22]     Progress 1000/1000 files (100.0%) | masked=371, sdc=156, crash/hang=473 | 175.08 files/sec
[2026-05-15 15:14:22]     Done folder: total=1000, masked=371, sdc=156, crash/hang=473
[2026-05-15 15:14:22]     CSV row written for leader-licm/exec_qsort_small_licm_loop-reduce | masked_rate=0.371000, sdc_rate=0.156000, crash_rate=0.473000
[2026-05-15 15:14:22] ================================================================================
[2026-05-15 15:14:22] [  64/110 |  58.2%] Processing leader-licm/exec_qsort_small_licm_loop-unroll
[2026-05-15 15:14:22]     FI folder : /projects/lyang28/rmengle/program_outputs/paired/qsort_small_outputs/leader-licm/exec_qsort_small_licm_loop-unroll
[2026-05-15 15:14:22]     Timing    : /projects/lyang28/rmengle/execution_times/paired/qsort_small_outputs/leader-licm/exec_qsort_small_licm_loop-unroll.txt FOUND
[2026-05-15 15:14:23]     Found 1000 run files
[2026-05-15 15:14:23]     Progress 100/1000 files ( 10.0%) | masked=36, sdc=20, crash/hang=44 | 166.05 files/sec
[2026-05-15 15:14:24]     Progress 200/1000 files ( 20.0%) | masked=79, sdc=30, crash/hang=91 | 167.66 files/sec
[2026-05-15 15:14:24]     Progress 300/1000 files ( 30.0%) | masked=107, sdc=51, crash/hang=142 | 174.11 files/sec
[2026-05-15 15:14:25]     Progress 400/1000 files ( 40.0%) | masked=145, sdc=59, crash/hang=196 | 177.73 files/sec
[2026-05-15 15:14:25]     Progress 500/1000 files ( 50.0%) | masked=179, sdc=76, crash/hang=245 | 177.70 files/sec
[2026-05-15 15:14:26]     Progress 600/1000 files ( 60.0%) | masked=223, sdc=94, crash/hang=283 | 171.02 files/sec
[2026-05-15 15:14:27]     Progress 700/1000 files ( 70.0%) | masked=264, sdc=112, crash/hang=324 | 169.29 files/sec
[2026-05-15 15:14:27]     Progress 800/1000 files ( 80.0%) | masked=311, sdc=126, crash/hang=363 | 167.54 files/sec
[2026-05-15 15:14:28]     Progress 900/1000 files ( 90.0%) | masked=353, sdc=135, crash/hang=412 | 167.73 files/sec
[2026-05-15 15:14:29]     Progress 1000/1000 files (100.0%) | masked=386, sdc=153, crash/hang=461 | 167.95 files/sec
[2026-05-15 15:14:29]     Done folder: total=1000, masked=386, sdc=153, crash/hang=461
[2026-05-15 15:14:29]     CSV row written for leader-licm/exec_qsort_small_licm_loop-unroll | masked_rate=0.386000, sdc_rate=0.153000, crash_rate=0.461000
[2026-05-15 15:14:29] ================================================================================
[2026-05-15 15:14:29] [  65/110 |  59.1%] Processing leader-licm/exec_qsort_small_licm_sccp
[2026-05-15 15:14:29]     FI folder : /projects/lyang28/rmengle/program_outputs/paired/qsort_small_outputs/leader-licm/exec_qsort_small_licm_sccp
[2026-05-15 15:14:29]     Timing    : /projects/lyang28/rmengle/execution_times/paired/qsort_small_outputs/leader-licm/exec_qsort_small_licm_sccp.txt FOUND
[2026-05-15 15:14:29]     Found 1000 run files
[2026-05-15 15:14:30]     Progress 100/1000 files ( 10.0%) | masked=45, sdc=9, crash/hang=46 | 165.43 files/sec
[2026-05-15 15:14:30]     Progress 200/1000 files ( 20.0%) | masked=84, sdc=24, crash/hang=92 | 164.39 files/sec
[2026-05-15 15:14:31]     Progress 300/1000 files ( 30.0%) | masked=116, sdc=44, crash/hang=140 | 170.48 files/sec
[2026-05-15 15:14:31]     Progress 400/1000 files ( 40.0%) | masked=158, sdc=62, crash/hang=180 | 166.54 files/sec
[2026-05-15 15:14:32]     Progress 500/1000 files ( 50.0%) | masked=204, sdc=77, crash/hang=219 | 164.37 files/sec
[2026-05-15 15:14:33]     Progress 600/1000 files ( 60.0%) | masked=239, sdc=96, crash/hang=265 | 164.82 files/sec
[2026-05-15 15:14:33]     Progress 700/1000 files ( 70.0%) | masked=280, sdc=115, crash/hang=305 | 163.19 files/sec
[2026-05-15 15:14:34]     Progress 800/1000 files ( 80.0%) | masked=325, sdc=130, crash/hang=345 | 161.54 files/sec
[2026-05-15 15:14:34]     Progress 900/1000 files ( 90.0%) | masked=360, sdc=150, crash/hang=390 | 162.36 files/sec
[2026-05-15 15:14:35]     Progress 1000/1000 files (100.0%) | masked=395, sdc=168, crash/hang=437 | 162.27 files/sec
[2026-05-15 15:14:35]     Done folder: total=1000, masked=395, sdc=168, crash/hang=437
[2026-05-15 15:14:35]     CSV row written for leader-licm/exec_qsort_small_licm_sccp | masked_rate=0.395000, sdc_rate=0.168000, crash_rate=0.437000
[2026-05-15 15:14:35] ================================================================================
[2026-05-15 15:14:35] [  66/110 |  60.0%] Processing leader-licm/exec_qsort_small_licm_simple-loop-unswitch
[2026-05-15 15:14:35]     FI folder : /projects/lyang28/rmengle/program_outputs/paired/qsort_small_outputs/leader-licm/exec_qsort_small_licm_simple-loop-unswitch
[2026-05-15 15:14:35]     Timing    : /projects/lyang28/rmengle/execution_times/paired/qsort_small_outputs/leader-licm/exec_qsort_small_licm_simple-loop-unswitch.txt FOUND
[2026-05-15 15:14:36]     Found 1000 run files
[2026-05-15 15:14:36]     Progress 100/1000 files ( 10.0%) | masked=40, sdc=16, crash/hang=44 | 155.72 files/sec
[2026-05-15 15:14:37]     Progress 200/1000 files ( 20.0%) | masked=73, sdc=34, crash/hang=93 | 167.39 files/sec
[2026-05-15 15:14:37]     Progress 300/1000 files ( 30.0%) | masked=109, sdc=49, crash/hang=142 | 168.49 files/sec
[2026-05-15 15:14:38]     Progress 400/1000 files ( 40.0%) | masked=142, sdc=70, crash/hang=188 | 169.79 files/sec
[2026-05-15 15:14:39]     Progress 500/1000 files ( 50.0%) | masked=181, sdc=87, crash/hang=232 | 168.63 files/sec
[2026-05-15 15:14:39]     Progress 600/1000 files ( 60.0%) | masked=228, sdc=107, crash/hang=265 | 163.99 files/sec
[2026-05-15 15:14:40]     Progress 700/1000 files ( 70.0%) | masked=266, sdc=132, crash/hang=302 | 162.02 files/sec
[2026-05-15 15:14:41]     Progress 800/1000 files ( 80.0%) | masked=303, sdc=155, crash/hang=342 | 160.26 files/sec
[2026-05-15 15:14:41]     Progress 900/1000 files ( 90.0%) | masked=340, sdc=177, crash/hang=383 | 159.95 files/sec
[2026-05-15 15:14:42]     Progress 1000/1000 files (100.0%) | masked=386, sdc=193, crash/hang=421 | 159.37 files/sec
[2026-05-15 15:14:42]     Done folder: total=1000, masked=386, sdc=193, crash/hang=421
[2026-05-15 15:14:42]     CSV row written for leader-licm/exec_qsort_small_licm_simple-loop-unswitch | masked_rate=0.386000, sdc_rate=0.193000, crash_rate=0.421000
[2026-05-15 15:14:42] ================================================================================
[2026-05-15 15:14:42] [  67/110 |  60.9%] Processing leader-loop-reduce/exec_qsort_small_loop-reduce
[2026-05-15 15:14:42]     FI folder : /projects/lyang28/rmengle/program_outputs/paired/qsort_small_outputs/leader-loop-reduce/exec_qsort_small_loop-reduce
[2026-05-15 15:14:42]     Timing    : /projects/lyang28/rmengle/execution_times/paired/qsort_small_outputs/leader-loop-reduce/exec_qsort_small_loop-reduce.txt FOUND
[2026-05-15 15:14:42]     Found 1000 run files
[2026-05-15 15:14:43]     Progress 100/1000 files ( 10.0%) | masked=39, sdc=17, crash/hang=44 | 160.70 files/sec
[2026-05-15 15:14:43]     Progress 200/1000 files ( 20.0%) | masked=77, sdc=40, crash/hang=83 | 154.90 files/sec
[2026-05-15 15:14:44]     Progress 300/1000 files ( 30.0%) | masked=121, sdc=55, crash/hang=124 | 154.62 files/sec
[2026-05-15 15:14:45]     Progress 400/1000 files ( 40.0%) | masked=160, sdc=73, crash/hang=167 | 157.50 files/sec
[2026-05-15 15:14:45]     Progress 500/1000 files ( 50.0%) | masked=199, sdc=81, crash/hang=220 | 162.42 files/sec
[2026-05-15 15:14:46]     Progress 600/1000 files ( 60.0%) | masked=234, sdc=96, crash/hang=270 | 165.75 files/sec
[2026-05-15 15:14:46]     Progress 700/1000 files ( 70.0%) | masked=273, sdc=112, crash/hang=315 | 166.37 files/sec
[2026-05-15 15:14:47]     Progress 800/1000 files ( 80.0%) | masked=313, sdc=126, crash/hang=361 | 166.82 files/sec
[2026-05-15 15:14:48]     Progress 900/1000 files ( 90.0%) | masked=353, sdc=139, crash/hang=408 | 167.60 files/sec
[2026-05-15 15:14:48]     Progress 1000/1000 files (100.0%) | masked=385, sdc=156, crash/hang=459 | 169.18 files/sec
[2026-05-15 15:14:48]     Done folder: total=1000, masked=385, sdc=156, crash/hang=459
[2026-05-15 15:14:48]     CSV row written for leader-loop-reduce/exec_qsort_small_loop-reduce | masked_rate=0.385000, sdc_rate=0.156000, crash_rate=0.459000
[2026-05-15 15:14:48] ================================================================================
[2026-05-15 15:14:48] [  68/110 |  61.8%] Processing leader-loop-reduce/exec_qsort_small_loop-reduce_early-cse
[2026-05-15 15:14:48]     FI folder : /projects/lyang28/rmengle/program_outputs/paired/qsort_small_outputs/leader-loop-reduce/exec_qsort_small_loop-reduce_early-cse
[2026-05-15 15:14:48]     Timing    : /projects/lyang28/rmengle/execution_times/paired/qsort_small_outputs/leader-loop-reduce/exec_qsort_small_loop-reduce_early-cse.txt FOUND
[2026-05-15 15:14:48]     Found 1000 run files
[2026-05-15 15:14:49]     Progress 100/1000 files ( 10.0%) | masked=30, sdc=21, crash/hang=49 | 177.14 files/sec
[2026-05-15 15:14:50]     Progress 200/1000 files ( 20.0%) | masked=67, sdc=41, crash/hang=92 | 170.51 files/sec
[2026-05-15 15:14:50]     Progress 300/1000 files ( 30.0%) | masked=102, sdc=59, crash/hang=139 | 172.62 files/sec
[2026-05-15 15:14:51]     Progress 400/1000 files ( 40.0%) | masked=145, sdc=77, crash/hang=178 | 168.32 files/sec
[2026-05-15 15:14:51]     Progress 500/1000 files ( 50.0%) | masked=186, sdc=92, crash/hang=222 | 168.55 files/sec
[2026-05-15 15:14:52]     Progress 600/1000 files ( 60.0%) | masked=223, sdc=110, crash/hang=267 | 168.22 files/sec
[2026-05-15 15:14:53]     Progress 700/1000 files ( 70.0%) | masked=259, sdc=129, crash/hang=312 | 168.52 files/sec
[2026-05-15 15:14:53]     Progress 800/1000 files ( 80.0%) | masked=294, sdc=147, crash/hang=359 | 168.99 files/sec
[2026-05-15 15:14:54]     Progress 900/1000 files ( 90.0%) | masked=323, sdc=164, crash/hang=413 | 171.99 files/sec
[2026-05-15 15:14:54]     Progress 1000/1000 files (100.0%) | masked=360, sdc=190, crash/hang=450 | 169.68 files/sec
[2026-05-15 15:14:54]     Done folder: total=1000, masked=360, sdc=190, crash/hang=450
[2026-05-15 15:14:54]     CSV row written for leader-loop-reduce/exec_qsort_small_loop-reduce_early-cse | masked_rate=0.360000, sdc_rate=0.190000, crash_rate=0.450000
[2026-05-15 15:14:54] ================================================================================
[2026-05-15 15:14:54] [  69/110 |  62.7%] Processing leader-loop-reduce/exec_qsort_small_loop-reduce_gvn
[2026-05-15 15:14:54]     FI folder : /projects/lyang28/rmengle/program_outputs/paired/qsort_small_outputs/leader-loop-reduce/exec_qsort_small_loop-reduce_gvn
[2026-05-15 15:14:54]     Timing    : /projects/lyang28/rmengle/execution_times/paired/qsort_small_outputs/leader-loop-reduce/exec_qsort_small_loop-reduce_gvn.txt FOUND
[2026-05-15 15:14:55]     Found 1000 run files
[2026-05-15 15:14:55]     Progress 100/1000 files ( 10.0%) | masked=33, sdc=17, crash/hang=50 | 184.11 files/sec
[2026-05-15 15:14:56]     Progress 200/1000 files ( 20.0%) | masked=77, sdc=31, crash/hang=92 | 171.42 files/sec
[2026-05-15 15:14:57]     Progress 300/1000 files ( 30.0%) | masked=118, sdc=51, crash/hang=131 | 164.76 files/sec
[2026-05-15 15:14:57]     Progress 400/1000 files ( 40.0%) | masked=156, sdc=72, crash/hang=172 | 164.27 files/sec
[2026-05-15 15:14:58]     Progress 500/1000 files ( 50.0%) | masked=190, sdc=87, crash/hang=223 | 167.40 files/sec
[2026-05-15 15:14:58]     Progress 600/1000 files ( 60.0%) | masked=231, sdc=103, crash/hang=266 | 167.34 files/sec
[2026-05-15 15:14:59]     Progress 700/1000 files ( 70.0%) | masked=270, sdc=118, crash/hang=312 | 167.66 files/sec
[2026-05-15 15:14:59]     Progress 800/1000 files ( 80.0%) | masked=306, sdc=140, crash/hang=354 | 167.07 files/sec
[2026-05-15 15:15:00]     Progress 900/1000 files ( 90.0%) | masked=341, sdc=156, crash/hang=403 | 169.71 files/sec
[2026-05-15 15:15:01]     Progress 1000/1000 files (100.0%) | masked=377, sdc=178, crash/hang=445 | 169.78 files/sec
[2026-05-15 15:15:01]     Done folder: total=1000, masked=377, sdc=178, crash/hang=445
[2026-05-15 15:15:01]     CSV row written for leader-loop-reduce/exec_qsort_small_loop-reduce_gvn | masked_rate=0.377000, sdc_rate=0.178000, crash_rate=0.445000
[2026-05-15 15:15:01] ================================================================================
[2026-05-15 15:15:01] [  70/110 |  63.6%] Processing leader-loop-reduce/exec_qsort_small_loop-reduce_inline
[2026-05-15 15:15:01]     FI folder : /projects/lyang28/rmengle/program_outputs/paired/qsort_small_outputs/leader-loop-reduce/exec_qsort_small_loop-reduce_inline
[2026-05-15 15:15:01]     Timing    : /projects/lyang28/rmengle/execution_times/paired/qsort_small_outputs/leader-loop-reduce/exec_qsort_small_loop-reduce_inline.txt FOUND
[2026-05-15 15:15:01]     Found 1000 run files
[2026-05-15 15:15:02]     Progress 100/1000 files ( 10.0%) | masked=32, sdc=21, crash/hang=47 | 172.38 files/sec
[2026-05-15 15:15:02]     Progress 200/1000 files ( 20.0%) | masked=72, sdc=35, crash/hang=93 | 173.48 files/sec
[2026-05-15 15:15:03]     Progress 300/1000 files ( 30.0%) | masked=103, sdc=48, crash/hang=149 | 181.37 files/sec
[2026-05-15 15:15:03]     Progress 400/1000 files ( 40.0%) | masked=134, sdc=65, crash/hang=201 | 182.64 files/sec
[2026-05-15 15:15:04]     Progress 500/1000 files ( 50.0%) | masked=176, sdc=88, crash/hang=236 | 174.63 files/sec
[2026-05-15 15:15:04]     Progress 600/1000 files ( 60.0%) | masked=213, sdc=103, crash/hang=284 | 173.33 files/sec
[2026-05-15 15:15:05]     Progress 700/1000 files ( 70.0%) | masked=249, sdc=120, crash/hang=331 | 172.94 files/sec
[2026-05-15 15:15:06]     Progress 800/1000 files ( 80.0%) | masked=282, sdc=137, crash/hang=381 | 173.33 files/sec
[2026-05-15 15:15:06]     Progress 900/1000 files ( 90.0%) | masked=316, sdc=153, crash/hang=431 | 173.69 files/sec
[2026-05-15 15:15:07]     Progress 1000/1000 files (100.0%) | masked=352, sdc=170, crash/hang=478 | 172.65 files/sec
[2026-05-15 15:15:07]     Done folder: total=1000, masked=352, sdc=170, crash/hang=478
[2026-05-15 15:15:07]     CSV row written for leader-loop-reduce/exec_qsort_small_loop-reduce_inline | masked_rate=0.352000, sdc_rate=0.170000, crash_rate=0.478000
[2026-05-15 15:15:07] ================================================================================
[2026-05-15 15:15:07] [  71/110 |  64.5%] Processing leader-loop-reduce/exec_qsort_small_loop-reduce_instcombine
[2026-05-15 15:15:07]     FI folder : /projects/lyang28/rmengle/program_outputs/paired/qsort_small_outputs/leader-loop-reduce/exec_qsort_small_loop-reduce_instcombine
[2026-05-15 15:15:07]     Timing    : /projects/lyang28/rmengle/execution_times/paired/qsort_small_outputs/leader-loop-reduce/exec_qsort_small_loop-reduce_instcombine.txt FOUND
[2026-05-15 15:15:07]     Found 1000 run files
[2026-05-15 15:15:08]     Progress 100/1000 files ( 10.0%) | masked=39, sdc=18, crash/hang=43 | 158.80 files/sec
[2026-05-15 15:15:08]     Progress 200/1000 files ( 20.0%) | masked=78, sdc=33, crash/hang=89 | 165.51 files/sec
[2026-05-15 15:15:09]     Progress 300/1000 files ( 30.0%) | masked=118, sdc=48, crash/hang=134 | 166.66 files/sec
[2026-05-15 15:15:10]     Progress 400/1000 files ( 40.0%) | masked=159, sdc=63, crash/hang=178 | 166.84 files/sec
[2026-05-15 15:15:10]     Progress 500/1000 files ( 50.0%) | masked=205, sdc=76, crash/hang=219 | 164.63 files/sec
[2026-05-15 15:15:11]     Progress 600/1000 files ( 60.0%) | masked=244, sdc=95, crash/hang=261 | 161.76 files/sec
[2026-05-15 15:15:12]     Progress 700/1000 files ( 70.0%) | masked=286, sdc=112, crash/hang=302 | 158.80 files/sec
[2026-05-15 15:15:12]     Progress 800/1000 files ( 80.0%) | masked=316, sdc=138, crash/hang=346 | 159.56 files/sec
[2026-05-15 15:15:13]     Progress 900/1000 files ( 90.0%) | masked=359, sdc=156, crash/hang=385 | 158.02 files/sec
[2026-05-15 15:15:13]     Progress 1000/1000 files (100.0%) | masked=408, sdc=168, crash/hang=424 | 156.82 files/sec
[2026-05-15 15:15:14]     Done folder: total=1000, masked=408, sdc=168, crash/hang=424
[2026-05-15 15:15:14]     CSV row written for leader-loop-reduce/exec_qsort_small_loop-reduce_instcombine | masked_rate=0.408000, sdc_rate=0.168000, crash_rate=0.424000
[2026-05-15 15:15:14] ================================================================================
[2026-05-15 15:15:14] [  72/110 |  65.5%] Processing leader-loop-reduce/exec_qsort_small_loop-reduce_ipsccp
[2026-05-15 15:15:14]     FI folder : /projects/lyang28/rmengle/program_outputs/paired/qsort_small_outputs/leader-loop-reduce/exec_qsort_small_loop-reduce_ipsccp
[2026-05-15 15:15:14]     Timing    : /projects/lyang28/rmengle/execution_times/paired/qsort_small_outputs/leader-loop-reduce/exec_qsort_small_loop-reduce_ipsccp.txt FOUND
[2026-05-15 15:15:14]     Found 1000 run files
[2026-05-15 15:15:14]     Progress 100/1000 files ( 10.0%) | masked=27, sdc=18, crash/hang=55 | 193.55 files/sec
[2026-05-15 15:15:15]     Progress 200/1000 files ( 20.0%) | masked=66, sdc=31, crash/hang=103 | 183.16 files/sec
[2026-05-15 15:15:16]     Progress 300/1000 files ( 30.0%) | masked=98, sdc=55, crash/hang=147 | 177.65 files/sec
[2026-05-15 15:15:16]     Progress 400/1000 files ( 40.0%) | masked=130, sdc=68, crash/hang=202 | 182.03 files/sec
[2026-05-15 15:15:17]     Progress 500/1000 files ( 50.0%) | masked=176, sdc=81, crash/hang=243 | 177.29 files/sec
[2026-05-15 15:15:17]     Progress 600/1000 files ( 60.0%) | masked=212, sdc=95, crash/hang=293 | 179.00 files/sec
[2026-05-15 15:15:18]     Progress 700/1000 files ( 70.0%) | masked=243, sdc=116, crash/hang=341 | 179.14 files/sec
[2026-05-15 15:15:18]     Progress 800/1000 files ( 80.0%) | masked=282, sdc=130, crash/hang=388 | 178.08 files/sec
[2026-05-15 15:15:19]     Progress 900/1000 files ( 90.0%) | masked=321, sdc=144, crash/hang=435 | 177.24 files/sec
[2026-05-15 15:15:20]     Progress 1000/1000 files (100.0%) | masked=354, sdc=166, crash/hang=480 | 175.25 files/sec
[2026-05-15 15:15:20]     Done folder: total=1000, masked=354, sdc=166, crash/hang=480
[2026-05-15 15:15:20]     CSV row written for leader-loop-reduce/exec_qsort_small_loop-reduce_ipsccp | masked_rate=0.354000, sdc_rate=0.166000, crash_rate=0.480000
[2026-05-15 15:15:20] ================================================================================
[2026-05-15 15:15:20] [  73/110 |  66.4%] Processing leader-loop-reduce/exec_qsort_small_loop-reduce_licm
[2026-05-15 15:15:20]     FI folder : /projects/lyang28/rmengle/program_outputs/paired/qsort_small_outputs/leader-loop-reduce/exec_qsort_small_loop-reduce_licm
[2026-05-15 15:15:20]     Timing    : /projects/lyang28/rmengle/execution_times/paired/qsort_small_outputs/leader-loop-reduce/exec_qsort_small_loop-reduce_licm.txt FOUND
[2026-05-15 15:15:20]     Found 1000 run files
[2026-05-15 15:15:21]     Progress 100/1000 files ( 10.0%) | masked=40, sdc=16, crash/hang=44 | 153.20 files/sec
[2026-05-15 15:15:21]     Progress 200/1000 files ( 20.0%) | masked=70, sdc=40, crash/hang=90 | 156.78 files/sec
[2026-05-15 15:15:22]     Progress 300/1000 files ( 30.0%) | masked=108, sdc=57, crash/hang=135 | 157.97 files/sec
[2026-05-15 15:15:23]     Progress 400/1000 files ( 40.0%) | masked=145, sdc=80, crash/hang=175 | 158.21 files/sec
[2026-05-15 15:15:23]     Progress 500/1000 files ( 50.0%) | masked=180, sdc=96, crash/hang=224 | 161.40 files/sec
[2026-05-15 15:15:24]     Progress 600/1000 files ( 60.0%) | masked=226, sdc=110, crash/hang=264 | 160.30 files/sec
[2026-05-15 15:15:24]     Progress 700/1000 files ( 70.0%) | masked=268, sdc=127, crash/hang=305 | 159.79 files/sec
[2026-05-15 15:15:25]     Progress 800/1000 files ( 80.0%) | masked=305, sdc=144, crash/hang=351 | 161.08 files/sec
[2026-05-15 15:15:26]     Progress 900/1000 files ( 90.0%) | masked=338, sdc=157, crash/hang=405 | 163.70 files/sec
[2026-05-15 15:15:26]     Progress 1000/1000 files (100.0%) | masked=376, sdc=177, crash/hang=447 | 163.85 files/sec
[2026-05-15 15:15:26]     Done folder: total=1000, masked=376, sdc=177, crash/hang=447
[2026-05-15 15:15:26]     CSV row written for leader-loop-reduce/exec_qsort_small_loop-reduce_licm | masked_rate=0.376000, sdc_rate=0.177000, crash_rate=0.447000
[2026-05-15 15:15:26] ================================================================================
[2026-05-15 15:15:26] [  74/110 |  67.3%] Processing leader-loop-reduce/exec_qsort_small_loop-reduce_loop-reduce
[2026-05-15 15:15:26]     FI folder : /projects/lyang28/rmengle/program_outputs/paired/qsort_small_outputs/leader-loop-reduce/exec_qsort_small_loop-reduce_loop-reduce
[2026-05-15 15:15:26]     Timing    : /projects/lyang28/rmengle/execution_times/paired/qsort_small_outputs/leader-loop-reduce/exec_qsort_small_loop-reduce_loop-reduce.txt FOUND
[2026-05-15 15:15:27]     Found 1000 run files
[2026-05-15 15:15:27]     Progress 100/1000 files ( 10.0%) | masked=35, sdc=19, crash/hang=46 | 170.54 files/sec
[2026-05-15 15:15:28]     Progress 200/1000 files ( 20.0%) | masked=77, sdc=33, crash/hang=90 | 166.57 files/sec
[2026-05-15 15:15:28]     Progress 300/1000 files ( 30.0%) | masked=122, sdc=47, crash/hang=131 | 165.13 files/sec
[2026-05-15 15:15:29]     Progress 400/1000 files ( 40.0%) | masked=154, sdc=65, crash/hang=181 | 168.68 files/sec
[2026-05-15 15:15:30]     Progress 500/1000 files ( 50.0%) | masked=196, sdc=83, crash/hang=221 | 167.28 files/sec
[2026-05-15 15:15:30]     Progress 600/1000 files ( 60.0%) | masked=227, sdc=96, crash/hang=277 | 171.79 files/sec
[2026-05-15 15:15:31]     Progress 700/1000 files ( 70.0%) | masked=266, sdc=111, crash/hang=323 | 170.39 files/sec
[2026-05-15 15:15:31]     Progress 800/1000 files ( 80.0%) | masked=305, sdc=123, crash/hang=372 | 169.73 files/sec
[2026-05-15 15:15:32]     Progress 900/1000 files ( 90.0%) | masked=350, sdc=142, crash/hang=408 | 166.58 files/sec
[2026-05-15 15:15:33]     Progress 1000/1000 files (100.0%) | masked=389, sdc=159, crash/hang=452 | 165.95 files/sec
[2026-05-15 15:15:33]     Done folder: total=1000, masked=389, sdc=159, crash/hang=452
[2026-05-15 15:15:33]     CSV row written for leader-loop-reduce/exec_qsort_small_loop-reduce_loop-reduce | masked_rate=0.389000, sdc_rate=0.159000, crash_rate=0.452000
[2026-05-15 15:15:33] ================================================================================
[2026-05-15 15:15:33] [  75/110 |  68.2%] Processing leader-loop-reduce/exec_qsort_small_loop-reduce_loop-unroll
[2026-05-15 15:15:33]     FI folder : /projects/lyang28/rmengle/program_outputs/paired/qsort_small_outputs/leader-loop-reduce/exec_qsort_small_loop-reduce_loop-unroll
[2026-05-15 15:15:33]     Timing    : /projects/lyang28/rmengle/execution_times/paired/qsort_small_outputs/leader-loop-reduce/exec_qsort_small_loop-reduce_loop-unroll.txt FOUND
[2026-05-15 15:15:33]     Found 1000 run files
[2026-05-15 15:15:34]     Progress 100/1000 files ( 10.0%) | masked=32, sdc=17, crash/hang=51 | 180.71 files/sec
[2026-05-15 15:15:34]     Progress 200/1000 files ( 20.0%) | masked=74, sdc=34, crash/hang=92 | 165.50 files/sec
[2026-05-15 15:15:35]     Progress 300/1000 files ( 30.0%) | masked=111, sdc=53, crash/hang=136 | 165.60 files/sec
[2026-05-15 15:15:35]     Progress 400/1000 files ( 40.0%) | masked=148, sdc=68, crash/hang=184 | 166.84 files/sec
[2026-05-15 15:15:36]     Progress 500/1000 files ( 50.0%) | masked=195, sdc=83, crash/hang=222 | 162.23 files/sec
[2026-05-15 15:15:37]     Progress 600/1000 files ( 60.0%) | masked=225, sdc=102, crash/hang=273 | 165.75 files/sec
[2026-05-15 15:15:37]     Progress 700/1000 files ( 70.0%) | masked=260, sdc=122, crash/hang=318 | 166.12 files/sec
[2026-05-15 15:15:38]     Progress 800/1000 files ( 80.0%) | masked=298, sdc=135, crash/hang=367 | 168.11 files/sec
[2026-05-15 15:15:38]     Progress 900/1000 files ( 90.0%) | masked=335, sdc=150, crash/hang=415 | 169.11 files/sec
[2026-05-15 15:15:39]     Progress 1000/1000 files (100.0%) | masked=370, sdc=166, crash/hang=464 | 170.05 files/sec
[2026-05-15 15:15:39]     Done folder: total=1000, masked=370, sdc=166, crash/hang=464
[2026-05-15 15:15:39]     CSV row written for leader-loop-reduce/exec_qsort_small_loop-reduce_loop-unroll | masked_rate=0.370000, sdc_rate=0.166000, crash_rate=0.464000
[2026-05-15 15:15:39] ================================================================================
[2026-05-15 15:15:39] [  76/110 |  69.1%] Processing leader-loop-reduce/exec_qsort_small_loop-reduce_sccp
[2026-05-15 15:15:39]     FI folder : /projects/lyang28/rmengle/program_outputs/paired/qsort_small_outputs/leader-loop-reduce/exec_qsort_small_loop-reduce_sccp
[2026-05-15 15:15:39]     Timing    : /projects/lyang28/rmengle/execution_times/paired/qsort_small_outputs/leader-loop-reduce/exec_qsort_small_loop-reduce_sccp.txt FOUND
[2026-05-15 15:15:39]     Found 1000 run files
[2026-05-15 15:15:40]     Progress 100/1000 files ( 10.0%) | masked=43, sdc=20, crash/hang=37 | 151.12 files/sec
[2026-05-15 15:15:40]     Progress 200/1000 files ( 20.0%) | masked=84, sdc=35, crash/hang=81 | 159.48 files/sec
[2026-05-15 15:15:41]     Progress 300/1000 files ( 30.0%) | masked=118, sdc=56, crash/hang=126 | 163.61 files/sec
[2026-05-15 15:15:42]     Progress 400/1000 files ( 40.0%) | masked=157, sdc=70, crash/hang=173 | 167.38 files/sec
[2026-05-15 15:15:42]     Progress 500/1000 files ( 50.0%) | masked=190, sdc=91, crash/hang=219 | 168.88 files/sec
[2026-05-15 15:15:43]     Progress 600/1000 files ( 60.0%) | masked=220, sdc=111, crash/hang=269 | 172.90 files/sec
[2026-05-15 15:15:43]     Progress 700/1000 files ( 70.0%) | masked=257, sdc=122, crash/hang=321 | 175.09 files/sec
[2026-05-15 15:15:44]     Progress 800/1000 files ( 80.0%) | masked=300, sdc=136, crash/hang=364 | 173.79 files/sec
[2026-05-15 15:15:44]     Progress 900/1000 files ( 90.0%) | masked=336, sdc=151, crash/hang=413 | 172.98 files/sec
[2026-05-15 15:15:45]     Progress 1000/1000 files (100.0%) | masked=372, sdc=171, crash/hang=457 | 172.46 files/sec
[2026-05-15 15:15:45]     Done folder: total=1000, masked=372, sdc=171, crash/hang=457
[2026-05-15 15:15:45]     CSV row written for leader-loop-reduce/exec_qsort_small_loop-reduce_sccp | masked_rate=0.372000, sdc_rate=0.171000, crash_rate=0.457000
[2026-05-15 15:15:45] ================================================================================
[2026-05-15 15:15:45] [  77/110 |  70.0%] Processing leader-loop-reduce/exec_qsort_small_loop-reduce_simple-loop-unswitch
[2026-05-15 15:15:45]     FI folder : /projects/lyang28/rmengle/program_outputs/paired/qsort_small_outputs/leader-loop-reduce/exec_qsort_small_loop-reduce_simple-loop-unswitch
[2026-05-15 15:15:45]     Timing    : /projects/lyang28/rmengle/execution_times/paired/qsort_small_outputs/leader-loop-reduce/exec_qsort_small_loop-reduce_simple-loop-unswitch.txt FOUND
[2026-05-15 15:15:45]     Found 1000 run files
[2026-05-15 15:15:46]     Progress 100/1000 files ( 10.0%) | masked=43, sdc=11, crash/hang=46 | 165.95 files/sec
[2026-05-15 15:15:47]     Progress 200/1000 files ( 20.0%) | masked=76, sdc=34, crash/hang=90 | 166.06 files/sec
[2026-05-15 15:15:47]     Progress 300/1000 files ( 30.0%) | masked=104, sdc=55, crash/hang=141 | 171.26 files/sec
[2026-05-15 15:15:48]     Progress 400/1000 files ( 40.0%) | masked=144, sdc=74, crash/hang=182 | 170.04 files/sec
[2026-05-15 15:15:48]     Progress 500/1000 files ( 50.0%) | masked=186, sdc=86, crash/hang=228 | 169.93 files/sec
[2026-05-15 15:15:49]     Progress 600/1000 files ( 60.0%) | masked=220, sdc=107, crash/hang=273 | 169.44 files/sec
[2026-05-15 15:15:50]     Progress 700/1000 files ( 70.0%) | masked=253, sdc=131, crash/hang=316 | 168.12 files/sec
[2026-05-15 15:15:50]     Progress 800/1000 files ( 80.0%) | masked=283, sdc=149, crash/hang=368 | 170.59 files/sec
[2026-05-15 15:15:51]     Progress 900/1000 files ( 90.0%) | masked=326, sdc=158, crash/hang=416 | 170.72 files/sec
[2026-05-15 15:15:51]     Progress 1000/1000 files (100.0%) | masked=356, sdc=177, crash/hang=467 | 171.93 files/sec
[2026-05-15 15:15:51]     Done folder: total=1000, masked=356, sdc=177, crash/hang=467
[2026-05-15 15:15:51]     CSV row written for leader-loop-reduce/exec_qsort_small_loop-reduce_simple-loop-unswitch | masked_rate=0.356000, sdc_rate=0.177000, crash_rate=0.467000
[2026-05-15 15:15:51] ================================================================================
[2026-05-15 15:15:51] [  78/110 |  70.9%] Processing leader-loop-unroll/exec_qsort_small_loop-unroll
[2026-05-15 15:15:51]     FI folder : /projects/lyang28/rmengle/program_outputs/paired/qsort_small_outputs/leader-loop-unroll/exec_qsort_small_loop-unroll
[2026-05-15 15:15:51]     Timing    : /projects/lyang28/rmengle/execution_times/paired/qsort_small_outputs/leader-loop-unroll/exec_qsort_small_loop-unroll.txt FOUND
[2026-05-15 15:15:52]     Found 1000 run files
[2026-05-15 15:15:52]     Progress 100/1000 files ( 10.0%) | masked=37, sdc=11, crash/hang=52 | 185.67 files/sec
[2026-05-15 15:15:53]     Progress 200/1000 files ( 20.0%) | masked=79, sdc=28, crash/hang=93 | 174.48 files/sec
[2026-05-15 15:15:53]     Progress 300/1000 files ( 30.0%) | masked=121, sdc=39, crash/hang=140 | 172.64 files/sec
[2026-05-15 15:15:54]     Progress 400/1000 files ( 40.0%) | masked=165, sdc=52, crash/hang=183 | 168.36 files/sec
[2026-05-15 15:15:55]     Progress 500/1000 files ( 50.0%) | masked=202, sdc=73, crash/hang=225 | 167.74 files/sec
[2026-05-15 15:15:55]     Progress 600/1000 files ( 60.0%) | masked=239, sdc=90, crash/hang=271 | 168.76 files/sec
[2026-05-15 15:15:56]     Progress 700/1000 files ( 70.0%) | masked=275, sdc=107, crash/hang=318 | 169.33 files/sec
[2026-05-15 15:15:56]     Progress 800/1000 files ( 80.0%) | masked=309, sdc=127, crash/hang=364 | 169.46 files/sec
[2026-05-15 15:15:57]     Progress 900/1000 files ( 90.0%) | masked=348, sdc=151, crash/hang=401 | 168.15 files/sec
[2026-05-15 15:15:58]     Progress 1000/1000 files (100.0%) | masked=386, sdc=166, crash/hang=448 | 167.81 files/sec
[2026-05-15 15:15:58]     Done folder: total=1000, masked=386, sdc=166, crash/hang=448
[2026-05-15 15:15:58]     CSV row written for leader-loop-unroll/exec_qsort_small_loop-unroll | masked_rate=0.386000, sdc_rate=0.166000, crash_rate=0.448000
[2026-05-15 15:15:58] ================================================================================
[2026-05-15 15:15:58] [  79/110 |  71.8%] Processing leader-loop-unroll/exec_qsort_small_loop-unroll_early-cse
[2026-05-15 15:15:58]     FI folder : /projects/lyang28/rmengle/program_outputs/paired/qsort_small_outputs/leader-loop-unroll/exec_qsort_small_loop-unroll_early-cse
[2026-05-15 15:15:58]     Timing    : /projects/lyang28/rmengle/execution_times/paired/qsort_small_outputs/leader-loop-unroll/exec_qsort_small_loop-unroll_early-cse.txt FOUND
[2026-05-15 15:15:58]     Found 1000 run files
[2026-05-15 15:15:58]     Progress 100/1000 files ( 10.0%) | masked=33, sdc=23, crash/hang=44 | 167.55 files/sec
[2026-05-15 15:15:59]     Progress 200/1000 files ( 20.0%) | masked=72, sdc=35, crash/hang=93 | 171.47 files/sec
[2026-05-15 15:16:00]     Progress 300/1000 files ( 30.0%) | masked=113, sdc=51, crash/hang=136 | 170.99 files/sec
[2026-05-15 15:16:00]     Progress 400/1000 files ( 40.0%) | masked=153, sdc=69, crash/hang=178 | 168.50 files/sec
[2026-05-15 15:16:01]     Progress 500/1000 files ( 50.0%) | masked=193, sdc=81, crash/hang=226 | 168.55 files/sec
[2026-05-15 15:16:01]     Progress 600/1000 files ( 60.0%) | masked=234, sdc=100, crash/hang=266 | 166.52 files/sec
[2026-05-15 15:16:02]     Progress 700/1000 files ( 70.0%) | masked=277, sdc=113, crash/hang=310 | 164.46 files/sec
[2026-05-15 15:16:03]     Progress 800/1000 files ( 80.0%) | masked=315, sdc=131, crash/hang=354 | 163.66 files/sec
[2026-05-15 15:16:03]     Progress 900/1000 files ( 90.0%) | masked=360, sdc=150, crash/hang=390 | 160.94 files/sec
[2026-05-15 15:16:04]     Progress 1000/1000 files (100.0%) | masked=390, sdc=164, crash/hang=446 | 163.49 files/sec
[2026-05-15 15:16:04]     Done folder: total=1000, masked=390, sdc=164, crash/hang=446
[2026-05-15 15:16:04]     CSV row written for leader-loop-unroll/exec_qsort_small_loop-unroll_early-cse | masked_rate=0.390000, sdc_rate=0.164000, crash_rate=0.446000
[2026-05-15 15:16:04] ================================================================================
[2026-05-15 15:16:04] [  80/110 |  72.7%] Processing leader-loop-unroll/exec_qsort_small_loop-unroll_gvn
[2026-05-15 15:16:04]     FI folder : /projects/lyang28/rmengle/program_outputs/paired/qsort_small_outputs/leader-loop-unroll/exec_qsort_small_loop-unroll_gvn
[2026-05-15 15:16:04]     Timing    : /projects/lyang28/rmengle/execution_times/paired/qsort_small_outputs/leader-loop-unroll/exec_qsort_small_loop-unroll_gvn.txt FOUND
[2026-05-15 15:16:04]     Found 1000 run files
[2026-05-15 15:16:05]     Progress 100/1000 files ( 10.0%) | masked=38, sdc=20, crash/hang=42 | 156.83 files/sec
[2026-05-15 15:16:06]     Progress 200/1000 files ( 20.0%) | masked=78, sdc=41, crash/hang=81 | 156.55 files/sec
[2026-05-15 15:16:06]     Progress 300/1000 files ( 30.0%) | masked=118, sdc=57, crash/hang=125 | 161.44 files/sec
[2026-05-15 15:16:07]     Progress 400/1000 files ( 40.0%) | masked=155, sdc=77, crash/hang=168 | 163.40 files/sec
[2026-05-15 15:16:08]     Progress 500/1000 files ( 50.0%) | masked=191, sdc=98, crash/hang=211 | 164.40 files/sec
[2026-05-15 15:16:08]     Progress 600/1000 files ( 60.0%) | masked=236, sdc=114, crash/hang=250 | 161.37 files/sec
[2026-05-15 15:16:09]     Progress 700/1000 files ( 70.0%) | masked=268, sdc=128, crash/hang=304 | 166.38 files/sec
[2026-05-15 15:16:09]     Progress 800/1000 files ( 80.0%) | masked=301, sdc=156, crash/hang=343 | 165.70 files/sec
[2026-05-15 15:16:10]     Progress 900/1000 files ( 90.0%) | masked=331, sdc=176, crash/hang=393 | 166.70 files/sec
[2026-05-15 15:16:10]     Progress 1000/1000 files (100.0%) | masked=368, sdc=193, crash/hang=439 | 166.80 files/sec
[2026-05-15 15:16:10]     Done folder: total=1000, masked=368, sdc=193, crash/hang=439
[2026-05-15 15:16:11]     CSV row written for leader-loop-unroll/exec_qsort_small_loop-unroll_gvn | masked_rate=0.368000, sdc_rate=0.193000, crash_rate=0.439000
[2026-05-15 15:16:11] ================================================================================
[2026-05-15 15:16:11] [  81/110 |  73.6%] Processing leader-loop-unroll/exec_qsort_small_loop-unroll_inline
[2026-05-15 15:16:11]     FI folder : /projects/lyang28/rmengle/program_outputs/paired/qsort_small_outputs/leader-loop-unroll/exec_qsort_small_loop-unroll_inline
[2026-05-15 15:16:11]     Timing    : /projects/lyang28/rmengle/execution_times/paired/qsort_small_outputs/leader-loop-unroll/exec_qsort_small_loop-unroll_inline.txt FOUND
[2026-05-15 15:16:11]     Found 1000 run files
[2026-05-15 15:16:11]     Progress 100/1000 files ( 10.0%) | masked=39, sdc=12, crash/hang=49 | 176.62 files/sec
[2026-05-15 15:16:12]     Progress 200/1000 files ( 20.0%) | masked=73, sdc=31, crash/hang=96 | 176.09 files/sec
[2026-05-15 15:16:13]     Progress 300/1000 files ( 30.0%) | masked=115, sdc=47, crash/hang=138 | 169.71 files/sec
[2026-05-15 15:16:13]     Progress 400/1000 files ( 40.0%) | masked=149, sdc=60, crash/hang=191 | 172.53 files/sec
[2026-05-15 15:16:14]     Progress 500/1000 files ( 50.0%) | masked=189, sdc=76, crash/hang=235 | 171.85 files/sec
[2026-05-15 15:16:14]     Progress 600/1000 files ( 60.0%) | masked=226, sdc=98, crash/hang=276 | 169.46 files/sec
[2026-05-15 15:16:15]     Progress 700/1000 files ( 70.0%) | masked=258, sdc=122, crash/hang=320 | 169.43 files/sec
[2026-05-15 15:16:16]     Progress 800/1000 files ( 80.0%) | masked=301, sdc=143, crash/hang=356 | 166.88 files/sec
[2026-05-15 15:16:16]     Progress 900/1000 files ( 90.0%) | masked=334, sdc=160, crash/hang=406 | 168.63 files/sec
[2026-05-15 15:16:17]     Progress 1000/1000 files (100.0%) | masked=372, sdc=174, crash/hang=454 | 169.43 files/sec
[2026-05-15 15:16:17]     Done folder: total=1000, masked=372, sdc=174, crash/hang=454
[2026-05-15 15:16:17]     CSV row written for leader-loop-unroll/exec_qsort_small_loop-unroll_inline | masked_rate=0.372000, sdc_rate=0.174000, crash_rate=0.454000
[2026-05-15 15:16:17] ================================================================================
[2026-05-15 15:16:17] [  82/110 |  74.5%] Processing leader-loop-unroll/exec_qsort_small_loop-unroll_instcombine
[2026-05-15 15:16:17]     FI folder : /projects/lyang28/rmengle/program_outputs/paired/qsort_small_outputs/leader-loop-unroll/exec_qsort_small_loop-unroll_instcombine
[2026-05-15 15:16:17]     Timing    : /projects/lyang28/rmengle/execution_times/paired/qsort_small_outputs/leader-loop-unroll/exec_qsort_small_loop-unroll_instcombine.txt FOUND
[2026-05-15 15:16:17]     Found 1000 run files
[2026-05-15 15:16:18]     Progress 100/1000 files ( 10.0%) | masked=40, sdc=19, crash/hang=41 | 158.70 files/sec
[2026-05-15 15:16:18]     Progress 200/1000 files ( 20.0%) | masked=81, sdc=34, crash/hang=85 | 161.35 files/sec
[2026-05-15 15:16:19]     Progress 300/1000 files ( 30.0%) | masked=124, sdc=55, crash/hang=121 | 154.94 files/sec
[2026-05-15 15:16:20]     Progress 400/1000 files ( 40.0%) | masked=165, sdc=76, crash/hang=159 | 156.21 files/sec
[2026-05-15 15:16:20]     Progress 500/1000 files ( 50.0%) | masked=206, sdc=92, crash/hang=202 | 158.02 files/sec
[2026-05-15 15:16:21]     Progress 600/1000 files ( 60.0%) | masked=251, sdc=108, crash/hang=241 | 157.06 files/sec
[2026-05-15 15:16:22]     Progress 700/1000 files ( 70.0%) | masked=298, sdc=121, crash/hang=281 | 156.82 files/sec
[2026-05-15 15:16:22]     Progress 800/1000 files ( 80.0%) | masked=341, sdc=133, crash/hang=326 | 156.95 files/sec
[2026-05-15 15:16:23]     Progress 900/1000 files ( 90.0%) | masked=370, sdc=151, crash/hang=379 | 159.84 files/sec
[2026-05-15 15:16:23]     Progress 1000/1000 files (100.0%) | masked=412, sdc=167, crash/hang=421 | 160.46 files/sec
[2026-05-15 15:16:23]     Done folder: total=1000, masked=412, sdc=167, crash/hang=421
[2026-05-15 15:16:23]     CSV row written for leader-loop-unroll/exec_qsort_small_loop-unroll_instcombine | masked_rate=0.412000, sdc_rate=0.167000, crash_rate=0.421000
[2026-05-15 15:16:23] ================================================================================
[2026-05-15 15:16:23] [  83/110 |  75.5%] Processing leader-loop-unroll/exec_qsort_small_loop-unroll_ipsccp
[2026-05-15 15:16:23]     FI folder : /projects/lyang28/rmengle/program_outputs/paired/qsort_small_outputs/leader-loop-unroll/exec_qsort_small_loop-unroll_ipsccp
[2026-05-15 15:16:23]     Timing    : /projects/lyang28/rmengle/execution_times/paired/qsort_small_outputs/leader-loop-unroll/exec_qsort_small_loop-unroll_ipsccp.txt FOUND
[2026-05-15 15:16:24]     Found 1000 run files
[2026-05-15 15:16:24]     Progress 100/1000 files ( 10.0%) | masked=37, sdc=17, crash/hang=46 | 169.55 files/sec
[2026-05-15 15:16:25]     Progress 200/1000 files ( 20.0%) | masked=77, sdc=32, crash/hang=91 | 169.01 files/sec
[2026-05-15 15:16:25]     Progress 300/1000 files ( 30.0%) | masked=121, sdc=45, crash/hang=134 | 168.21 files/sec
[2026-05-15 15:16:26]     Progress 400/1000 files ( 40.0%) | masked=163, sdc=62, crash/hang=175 | 166.65 files/sec
[2026-05-15 15:16:27]     Progress 500/1000 files ( 50.0%) | masked=199, sdc=82, crash/hang=219 | 166.36 files/sec
[2026-05-15 15:16:27]     Progress 600/1000 files ( 60.0%) | masked=235, sdc=99, crash/hang=266 | 166.89 files/sec
[2026-05-15 15:16:28]     Progress 700/1000 files ( 70.0%) | masked=269, sdc=117, crash/hang=314 | 168.79 files/sec
[2026-05-15 15:16:28]     Progress 800/1000 files ( 80.0%) | masked=309, sdc=134, crash/hang=357 | 168.78 files/sec
[2026-05-15 15:16:29]     Progress 900/1000 files ( 90.0%) | masked=345, sdc=154, crash/hang=401 | 168.25 files/sec
[2026-05-15 15:16:30]     Progress 1000/1000 files (100.0%) | masked=383, sdc=168, crash/hang=449 | 168.79 files/sec
[2026-05-15 15:16:30]     Done folder: total=1000, masked=383, sdc=168, crash/hang=449
[2026-05-15 15:16:30]     CSV row written for leader-loop-unroll/exec_qsort_small_loop-unroll_ipsccp | masked_rate=0.383000, sdc_rate=0.168000, crash_rate=0.449000
[2026-05-15 15:16:30] ================================================================================
[2026-05-15 15:16:30] [  84/110 |  76.4%] Processing leader-loop-unroll/exec_qsort_small_loop-unroll_licm
[2026-05-15 15:16:30]     FI folder : /projects/lyang28/rmengle/program_outputs/paired/qsort_small_outputs/leader-loop-unroll/exec_qsort_small_loop-unroll_licm
[2026-05-15 15:16:30]     Timing    : /projects/lyang28/rmengle/execution_times/paired/qsort_small_outputs/leader-loop-unroll/exec_qsort_small_loop-unroll_licm.txt FOUND
[2026-05-15 15:16:30]     Found 1000 run files
[2026-05-15 15:16:31]     Progress 100/1000 files ( 10.0%) | masked=31, sdc=24, crash/hang=45 | 170.21 files/sec
[2026-05-15 15:16:31]     Progress 200/1000 files ( 20.0%) | masked=71, sdc=42, crash/hang=87 | 167.38 files/sec
[2026-05-15 15:16:32]     Progress 300/1000 files ( 30.0%) | masked=103, sdc=58, crash/hang=139 | 174.55 files/sec
[2026-05-15 15:16:32]     Progress 400/1000 files ( 40.0%) | masked=143, sdc=72, crash/hang=185 | 173.97 files/sec
[2026-05-15 15:16:33]     Progress 500/1000 files ( 50.0%) | masked=177, sdc=82, crash/hang=241 | 178.66 files/sec
[2026-05-15 15:16:33]     Progress 600/1000 files ( 60.0%) | masked=207, sdc=103, crash/hang=290 | 180.08 files/sec
[2026-05-15 15:16:34]     Progress 700/1000 files ( 70.0%) | masked=245, sdc=118, crash/hang=337 | 178.30 files/sec
[2026-05-15 15:16:34]     Progress 800/1000 files ( 80.0%) | masked=288, sdc=127, crash/hang=385 | 178.05 files/sec
[2026-05-15 15:16:35]     Progress 900/1000 files ( 90.0%) | masked=325, sdc=149, crash/hang=426 | 176.52 files/sec
[2026-05-15 15:16:36]     Progress 1000/1000 files (100.0%) | masked=354, sdc=170, crash/hang=476 | 177.13 files/sec
[2026-05-15 15:16:36]     Done folder: total=1000, masked=354, sdc=170, crash/hang=476
[2026-05-15 15:16:36]     CSV row written for leader-loop-unroll/exec_qsort_small_loop-unroll_licm | masked_rate=0.354000, sdc_rate=0.170000, crash_rate=0.476000
[2026-05-15 15:16:36] ================================================================================
[2026-05-15 15:16:36] [  85/110 |  77.3%] Processing leader-loop-unroll/exec_qsort_small_loop-unroll_loop-reduce
[2026-05-15 15:16:36]     FI folder : /projects/lyang28/rmengle/program_outputs/paired/qsort_small_outputs/leader-loop-unroll/exec_qsort_small_loop-unroll_loop-reduce
[2026-05-15 15:16:36]     Timing    : /projects/lyang28/rmengle/execution_times/paired/qsort_small_outputs/leader-loop-unroll/exec_qsort_small_loop-unroll_loop-reduce.txt FOUND
[2026-05-15 15:16:36]     Found 1000 run files
[2026-05-15 15:16:37]     Progress 100/1000 files ( 10.0%) | masked=43, sdc=18, crash/hang=39 | 153.10 files/sec
[2026-05-15 15:16:37]     Progress 200/1000 files ( 20.0%) | masked=82, sdc=29, crash/hang=89 | 167.06 files/sec
[2026-05-15 15:16:38]     Progress 300/1000 files ( 30.0%) | masked=114, sdc=49, crash/hang=137 | 171.22 files/sec
[2026-05-15 15:16:38]     Progress 400/1000 files ( 40.0%) | masked=148, sdc=66, crash/hang=186 | 172.98 files/sec
[2026-05-15 15:16:39]     Progress 500/1000 files ( 50.0%) | masked=186, sdc=86, crash/hang=228 | 170.85 files/sec
[2026-05-15 15:16:39]     Progress 600/1000 files ( 60.0%) | masked=215, sdc=107, crash/hang=278 | 172.73 files/sec
[2026-05-15 15:16:40]     Progress 700/1000 files ( 70.0%) | masked=256, sdc=123, crash/hang=321 | 171.18 files/sec
[2026-05-15 15:16:41]     Progress 800/1000 files ( 80.0%) | masked=293, sdc=136, crash/hang=371 | 171.82 files/sec
[2026-05-15 15:16:41]     Progress 900/1000 files ( 90.0%) | masked=327, sdc=153, crash/hang=420 | 172.33 files/sec
[2026-05-15 15:16:42]     Progress 1000/1000 files (100.0%) | masked=369, sdc=163, crash/hang=468 | 172.56 files/sec
[2026-05-15 15:16:42]     Done folder: total=1000, masked=369, sdc=163, crash/hang=468
[2026-05-15 15:16:42]     CSV row written for leader-loop-unroll/exec_qsort_small_loop-unroll_loop-reduce | masked_rate=0.369000, sdc_rate=0.163000, crash_rate=0.468000
[2026-05-15 15:16:42] ================================================================================
[2026-05-15 15:16:42] [  86/110 |  78.2%] Processing leader-loop-unroll/exec_qsort_small_loop-unroll_loop-unroll
[2026-05-15 15:16:42]     FI folder : /projects/lyang28/rmengle/program_outputs/paired/qsort_small_outputs/leader-loop-unroll/exec_qsort_small_loop-unroll_loop-unroll
[2026-05-15 15:16:42]     Timing    : /projects/lyang28/rmengle/execution_times/paired/qsort_small_outputs/leader-loop-unroll/exec_qsort_small_loop-unroll_loop-unroll.txt FOUND
[2026-05-15 15:16:42]     Found 1000 run files
[2026-05-15 15:16:43]     Progress 100/1000 files ( 10.0%) | masked=36, sdc=18, crash/hang=46 | 177.43 files/sec
[2026-05-15 15:16:43]     Progress 200/1000 files ( 20.0%) | masked=73, sdc=36, crash/hang=91 | 176.97 files/sec
[2026-05-15 15:16:44]     Progress 300/1000 files ( 30.0%) | masked=116, sdc=47, crash/hang=137 | 177.07 files/sec
[2026-05-15 15:16:44]     Progress 400/1000 files ( 40.0%) | masked=159, sdc=61, crash/hang=180 | 172.71 files/sec
[2026-05-15 15:16:45]     Progress 500/1000 files ( 50.0%) | masked=200, sdc=81, crash/hang=219 | 168.20 files/sec
[2026-05-15 15:16:46]     Progress 600/1000 files ( 60.0%) | masked=240, sdc=101, crash/hang=259 | 165.73 files/sec
[2026-05-15 15:16:46]     Progress 700/1000 files ( 70.0%) | masked=269, sdc=127, crash/hang=304 | 166.08 files/sec
[2026-05-15 15:16:47]     Progress 800/1000 files ( 80.0%) | masked=303, sdc=145, crash/hang=352 | 167.73 files/sec
[2026-05-15 15:16:47]     Progress 900/1000 files ( 90.0%) | masked=343, sdc=157, crash/hang=400 | 168.21 files/sec
[2026-05-15 15:16:48]     Progress 1000/1000 files (100.0%) | masked=387, sdc=172, crash/hang=441 | 167.26 files/sec
[2026-05-15 15:16:48]     Done folder: total=1000, masked=387, sdc=172, crash/hang=441
[2026-05-15 15:16:48]     CSV row written for leader-loop-unroll/exec_qsort_small_loop-unroll_loop-unroll | masked_rate=0.387000, sdc_rate=0.172000, crash_rate=0.441000
[2026-05-15 15:16:48] ================================================================================
[2026-05-15 15:16:48] [  87/110 |  79.1%] Processing leader-loop-unroll/exec_qsort_small_loop-unroll_sccp
[2026-05-15 15:16:48]     FI folder : /projects/lyang28/rmengle/program_outputs/paired/qsort_small_outputs/leader-loop-unroll/exec_qsort_small_loop-unroll_sccp
[2026-05-15 15:16:48]     Timing    : /projects/lyang28/rmengle/execution_times/paired/qsort_small_outputs/leader-loop-unroll/exec_qsort_small_loop-unroll_sccp.txt FOUND
[2026-05-15 15:16:48]     Found 1000 run files
[2026-05-15 15:16:49]     Progress 100/1000 files ( 10.0%) | masked=38, sdc=16, crash/hang=46 | 169.23 files/sec
[2026-05-15 15:16:50]     Progress 200/1000 files ( 20.0%) | masked=78, sdc=29, crash/hang=93 | 171.15 files/sec
[2026-05-15 15:16:50]     Progress 300/1000 files ( 30.0%) | masked=121, sdc=52, crash/hang=127 | 164.45 files/sec
[2026-05-15 15:16:51]     Progress 400/1000 files ( 40.0%) | masked=152, sdc=68, crash/hang=180 | 171.26 files/sec
[2026-05-15 15:16:51]     Progress 500/1000 files ( 50.0%) | masked=190, sdc=83, crash/hang=227 | 172.07 files/sec
[2026-05-15 15:16:52]     Progress 600/1000 files ( 60.0%) | masked=225, sdc=100, crash/hang=275 | 172.57 files/sec
[2026-05-15 15:16:52]     Progress 700/1000 files ( 70.0%) | masked=260, sdc=113, crash/hang=327 | 173.87 files/sec
[2026-05-15 15:16:53]     Progress 800/1000 files ( 80.0%) | masked=289, sdc=133, crash/hang=378 | 174.97 files/sec
[2026-05-15 15:16:54]     Progress 900/1000 files ( 90.0%) | masked=328, sdc=149, crash/hang=423 | 173.47 files/sec
[2026-05-15 15:16:54]     Progress 1000/1000 files (100.0%) | masked=366, sdc=159, crash/hang=475 | 173.85 files/sec
[2026-05-15 15:16:54]     Done folder: total=1000, masked=366, sdc=159, crash/hang=475
[2026-05-15 15:16:54]     CSV row written for leader-loop-unroll/exec_qsort_small_loop-unroll_sccp | masked_rate=0.366000, sdc_rate=0.159000, crash_rate=0.475000
[2026-05-15 15:16:54] ================================================================================
[2026-05-15 15:16:54] [  88/110 |  80.0%] Processing leader-loop-unroll/exec_qsort_small_loop-unroll_simple-loop-unswitch
[2026-05-15 15:16:54]     FI folder : /projects/lyang28/rmengle/program_outputs/paired/qsort_small_outputs/leader-loop-unroll/exec_qsort_small_loop-unroll_simple-loop-unswitch
[2026-05-15 15:16:54]     Timing    : /projects/lyang28/rmengle/execution_times/paired/qsort_small_outputs/leader-loop-unroll/exec_qsort_small_loop-unroll_simple-loop-unswitch.txt FOUND
[2026-05-15 15:16:55]     Found 1000 run files
[2026-05-15 15:16:55]     Progress 100/1000 files ( 10.0%) | masked=37, sdc=20, crash/hang=43 | 164.66 files/sec
[2026-05-15 15:16:56]     Progress 200/1000 files ( 20.0%) | masked=76, sdc=41, crash/hang=83 | 164.26 files/sec
[2026-05-15 15:16:56]     Progress 300/1000 files ( 30.0%) | masked=109, sdc=58, crash/hang=133 | 168.99 files/sec
[2026-05-15 15:16:57]     Progress 400/1000 files ( 40.0%) | masked=152, sdc=76, crash/hang=172 | 165.14 files/sec
[2026-05-15 15:16:58]     Progress 500/1000 files ( 50.0%) | masked=187, sdc=92, crash/hang=221 | 167.91 files/sec
[2026-05-15 15:16:58]     Progress 600/1000 files ( 60.0%) | masked=229, sdc=99, crash/hang=272 | 168.93 files/sec
[2026-05-15 15:16:59]     Progress 700/1000 files ( 70.0%) | masked=266, sdc=121, crash/hang=313 | 166.33 files/sec
[2026-05-15 15:16:59]     Progress 800/1000 files ( 80.0%) | masked=308, sdc=138, crash/hang=354 | 164.09 files/sec
[2026-05-15 15:17:00]     Progress 900/1000 files ( 90.0%) | masked=344, sdc=155, crash/hang=401 | 164.72 files/sec
[2026-05-15 15:17:01]     Progress 1000/1000 files (100.0%) | masked=381, sdc=174, crash/hang=445 | 164.37 files/sec
[2026-05-15 15:17:01]     Done folder: total=1000, masked=381, sdc=174, crash/hang=445
[2026-05-15 15:17:01]     CSV row written for leader-loop-unroll/exec_qsort_small_loop-unroll_simple-loop-unswitch | masked_rate=0.381000, sdc_rate=0.174000, crash_rate=0.445000
[2026-05-15 15:17:01] ================================================================================
[2026-05-15 15:17:01] [  89/110 |  80.9%] Processing leader-sccp/exec_qsort_small_sccp
[2026-05-15 15:17:01]     FI folder : /projects/lyang28/rmengle/program_outputs/paired/qsort_small_outputs/leader-sccp/exec_qsort_small_sccp
[2026-05-15 15:17:01]     Timing    : /projects/lyang28/rmengle/execution_times/paired/qsort_small_outputs/leader-sccp/exec_qsort_small_sccp.txt FOUND
[2026-05-15 15:17:01]     Found 1000 run files
[2026-05-15 15:17:02]     Progress 100/1000 files ( 10.0%) | masked=35, sdc=19, crash/hang=46 | 170.92 files/sec
[2026-05-15 15:17:02]     Progress 200/1000 files ( 20.0%) | masked=78, sdc=31, crash/hang=91 | 169.05 files/sec
[2026-05-15 15:17:03]     Progress 300/1000 files ( 30.0%) | masked=116, sdc=53, crash/hang=131 | 167.32 files/sec
[2026-05-15 15:17:03]     Progress 400/1000 files ( 40.0%) | masked=145, sdc=70, crash/hang=185 | 175.28 files/sec
[2026-05-15 15:17:04]     Progress 500/1000 files ( 50.0%) | masked=193, sdc=82, crash/hang=225 | 170.69 files/sec
[2026-05-15 15:17:05]     Progress 600/1000 files ( 60.0%) | masked=228, sdc=108, crash/hang=264 | 168.06 files/sec
[2026-05-15 15:17:05]     Progress 700/1000 files ( 70.0%) | masked=268, sdc=127, crash/hang=305 | 166.37 files/sec
[2026-05-15 15:17:06]     Progress 800/1000 files ( 80.0%) | masked=304, sdc=142, crash/hang=354 | 167.68 files/sec
[2026-05-15 15:17:06]     Progress 900/1000 files ( 90.0%) | masked=344, sdc=160, crash/hang=396 | 166.46 files/sec
[2026-05-15 15:17:07]     Progress 1000/1000 files (100.0%) | masked=382, sdc=174, crash/hang=444 | 167.32 files/sec
[2026-05-15 15:17:07]     Done folder: total=1000, masked=382, sdc=174, crash/hang=444
[2026-05-15 15:17:07]     CSV row written for leader-sccp/exec_qsort_small_sccp | masked_rate=0.382000, sdc_rate=0.174000, crash_rate=0.444000
[2026-05-15 15:17:07] ================================================================================
[2026-05-15 15:17:07] [  90/110 |  81.8%] Processing leader-sccp/exec_qsort_small_sccp_early-cse
[2026-05-15 15:17:07]     FI folder : /projects/lyang28/rmengle/program_outputs/paired/qsort_small_outputs/leader-sccp/exec_qsort_small_sccp_early-cse
[2026-05-15 15:17:07]     Timing    : /projects/lyang28/rmengle/execution_times/paired/qsort_small_outputs/leader-sccp/exec_qsort_small_sccp_early-cse.txt FOUND
[2026-05-15 15:17:07]     Found 1000 run files
[2026-05-15 15:17:08]     Progress 100/1000 files ( 10.0%) | masked=40, sdc=11, crash/hang=49 | 177.89 files/sec
[2026-05-15 15:17:08]     Progress 200/1000 files ( 20.0%) | masked=79, sdc=28, crash/hang=93 | 172.51 files/sec
[2026-05-15 15:17:09]     Progress 300/1000 files ( 30.0%) | masked=120, sdc=41, crash/hang=139 | 170.95 files/sec
[2026-05-15 15:17:10]     Progress 400/1000 files ( 40.0%) | masked=153, sdc=52, crash/hang=195 | 178.58 files/sec
[2026-05-15 15:17:10]     Progress 500/1000 files ( 50.0%) | masked=185, sdc=66, crash/hang=249 | 180.12 files/sec
[2026-05-15 15:17:11]     Progress 600/1000 files ( 60.0%) | masked=224, sdc=80, crash/hang=296 | 179.24 files/sec
[2026-05-15 15:17:11]     Progress 700/1000 files ( 70.0%) | masked=265, sdc=94, crash/hang=341 | 177.44 files/sec
[2026-05-15 15:17:12]     Progress 800/1000 files ( 80.0%) | masked=300, sdc=107, crash/hang=393 | 178.93 files/sec
[2026-05-15 15:17:12]     Progress 900/1000 files ( 90.0%) | masked=339, sdc=125, crash/hang=436 | 176.59 files/sec
[2026-05-15 15:17:13]     Progress 1000/1000 files (100.0%) | masked=371, sdc=142, crash/hang=487 | 176.98 files/sec
[2026-05-15 15:17:13]     Done folder: total=1000, masked=371, sdc=142, crash/hang=487
[2026-05-15 15:17:13]     CSV row written for leader-sccp/exec_qsort_small_sccp_early-cse | masked_rate=0.371000, sdc_rate=0.142000, crash_rate=0.487000
[2026-05-15 15:17:13] ================================================================================
[2026-05-15 15:17:13] [  91/110 |  82.7%] Processing leader-sccp/exec_qsort_small_sccp_gvn
[2026-05-15 15:17:13]     FI folder : /projects/lyang28/rmengle/program_outputs/paired/qsort_small_outputs/leader-sccp/exec_qsort_small_sccp_gvn
[2026-05-15 15:17:13]     Timing    : /projects/lyang28/rmengle/execution_times/paired/qsort_small_outputs/leader-sccp/exec_qsort_small_sccp_gvn.txt FOUND
[2026-05-15 15:17:13]     Found 1000 run files
[2026-05-15 15:17:14]     Progress 100/1000 files ( 10.0%) | masked=40, sdc=18, crash/hang=42 | 154.37 files/sec
[2026-05-15 15:17:15]     Progress 200/1000 files ( 20.0%) | masked=89, sdc=36, crash/hang=75 | 145.99 files/sec
[2026-05-15 15:17:15]     Progress 300/1000 files ( 30.0%) | masked=134, sdc=49, crash/hang=117 | 151.97 files/sec
[2026-05-15 15:17:16]     Progress 400/1000 files ( 40.0%) | masked=172, sdc=70, crash/hang=158 | 156.45 files/sec
[2026-05-15 15:17:17]     Progress 500/1000 files ( 50.0%) | masked=217, sdc=79, crash/hang=204 | 159.78 files/sec
[2026-05-15 15:17:17]     Progress 600/1000 files ( 60.0%) | masked=255, sdc=99, crash/hang=246 | 160.41 files/sec
[2026-05-15 15:17:18]     Progress 700/1000 files ( 70.0%) | masked=285, sdc=118, crash/hang=297 | 163.27 files/sec
[2026-05-15 15:17:18]     Progress 800/1000 files ( 80.0%) | masked=321, sdc=136, crash/hang=343 | 164.48 files/sec
[2026-05-15 15:17:19]     Progress 900/1000 files ( 90.0%) | masked=352, sdc=153, crash/hang=395 | 166.64 files/sec
[2026-05-15 15:17:19]     Progress 1000/1000 files (100.0%) | masked=389, sdc=174, crash/hang=437 | 166.42 files/sec
[2026-05-15 15:17:19]     Done folder: total=1000, masked=389, sdc=174, crash/hang=437
[2026-05-15 15:17:19]     CSV row written for leader-sccp/exec_qsort_small_sccp_gvn | masked_rate=0.389000, sdc_rate=0.174000, crash_rate=0.437000
[2026-05-15 15:17:19] ================================================================================
[2026-05-15 15:17:19] [  92/110 |  83.6%] Processing leader-sccp/exec_qsort_small_sccp_inline
[2026-05-15 15:17:19]     FI folder : /projects/lyang28/rmengle/program_outputs/paired/qsort_small_outputs/leader-sccp/exec_qsort_small_sccp_inline
[2026-05-15 15:17:19]     Timing    : /projects/lyang28/rmengle/execution_times/paired/qsort_small_outputs/leader-sccp/exec_qsort_small_sccp_inline.txt FOUND
[2026-05-15 15:17:20]     Found 1000 run files
[2026-05-15 15:17:20]     Progress 100/1000 files ( 10.0%) | masked=44, sdc=17, crash/hang=39 | 150.56 files/sec
[2026-05-15 15:17:21]     Progress 200/1000 files ( 20.0%) | masked=86, sdc=31, crash/hang=83 | 156.48 files/sec
[2026-05-15 15:17:22]     Progress 300/1000 files ( 30.0%) | masked=128, sdc=49, crash/hang=123 | 155.30 files/sec
[2026-05-15 15:17:22]     Progress 400/1000 files ( 40.0%) | masked=176, sdc=61, crash/hang=163 | 155.71 files/sec
[2026-05-15 15:17:23]     Progress 500/1000 files ( 50.0%) | masked=214, sdc=77, crash/hang=209 | 159.66 files/sec
[2026-05-15 15:17:24]     Progress 600/1000 files ( 60.0%) | masked=257, sdc=91, crash/hang=252 | 160.08 files/sec
[2026-05-15 15:17:24]     Progress 700/1000 files ( 70.0%) | masked=293, sdc=113, crash/hang=294 | 160.47 files/sec
[2026-05-15 15:17:25]     Progress 800/1000 files ( 80.0%) | masked=334, sdc=136, crash/hang=330 | 159.60 files/sec
[2026-05-15 15:17:25]     Progress 900/1000 files ( 90.0%) | masked=375, sdc=149, crash/hang=376 | 161.10 files/sec
[2026-05-15 15:17:26]     Progress 1000/1000 files (100.0%) | masked=413, sdc=161, crash/hang=426 | 162.65 files/sec
[2026-05-15 15:17:26]     Done folder: total=1000, masked=413, sdc=161, crash/hang=426
[2026-05-15 15:17:26]     CSV row written for leader-sccp/exec_qsort_small_sccp_inline | masked_rate=0.413000, sdc_rate=0.161000, crash_rate=0.426000
[2026-05-15 15:17:26] ================================================================================
[2026-05-15 15:17:26] [  93/110 |  84.5%] Processing leader-sccp/exec_qsort_small_sccp_instcombine
[2026-05-15 15:17:26]     FI folder : /projects/lyang28/rmengle/program_outputs/paired/qsort_small_outputs/leader-sccp/exec_qsort_small_sccp_instcombine
[2026-05-15 15:17:26]     Timing    : /projects/lyang28/rmengle/execution_times/paired/qsort_small_outputs/leader-sccp/exec_qsort_small_sccp_instcombine.txt FOUND
[2026-05-15 15:17:26]     Found 1000 run files
[2026-05-15 15:17:27]     Progress 100/1000 files ( 10.0%) | masked=42, sdc=16, crash/hang=42 | 158.50 files/sec
[2026-05-15 15:17:28]     Progress 200/1000 files ( 20.0%) | masked=76, sdc=41, crash/hang=83 | 161.17 files/sec
[2026-05-15 15:17:28]     Progress 300/1000 files ( 30.0%) | masked=113, sdc=63, crash/hang=124 | 161.45 files/sec
[2026-05-15 15:17:29]     Progress 400/1000 files ( 40.0%) | masked=146, sdc=80, crash/hang=174 | 168.14 files/sec
[2026-05-15 15:17:29]     Progress 500/1000 files ( 50.0%) | masked=175, sdc=96, crash/hang=229 | 173.78 files/sec
[2026-05-15 15:17:30]     Progress 600/1000 files ( 60.0%) | masked=222, sdc=114, crash/hang=264 | 168.65 files/sec
[2026-05-15 15:17:30]     Progress 700/1000 files ( 70.0%) | masked=256, sdc=130, crash/hang=314 | 169.86 files/sec
[2026-05-15 15:17:31]     Progress 800/1000 files ( 80.0%) | masked=294, sdc=146, crash/hang=360 | 169.92 files/sec
[2026-05-15 15:17:32]     Progress 900/1000 files ( 90.0%) | masked=334, sdc=160, crash/hang=406 | 169.69 files/sec
[2026-05-15 15:17:32]     Progress 1000/1000 files (100.0%) | masked=372, sdc=184, crash/hang=444 | 167.68 files/sec
[2026-05-15 15:17:32]     Done folder: total=1000, masked=372, sdc=184, crash/hang=444
[2026-05-15 15:17:32]     CSV row written for leader-sccp/exec_qsort_small_sccp_instcombine | masked_rate=0.372000, sdc_rate=0.184000, crash_rate=0.444000
[2026-05-15 15:17:32] ================================================================================
[2026-05-15 15:17:32] [  94/110 |  85.5%] Processing leader-sccp/exec_qsort_small_sccp_ipsccp
[2026-05-15 15:17:32]     FI folder : /projects/lyang28/rmengle/program_outputs/paired/qsort_small_outputs/leader-sccp/exec_qsort_small_sccp_ipsccp
[2026-05-15 15:17:32]     Timing    : /projects/lyang28/rmengle/execution_times/paired/qsort_small_outputs/leader-sccp/exec_qsort_small_sccp_ipsccp.txt FOUND
[2026-05-15 15:17:33]     Found 1000 run files
[2026-05-15 15:17:33]     Progress 100/1000 files ( 10.0%) | masked=34, sdc=26, crash/hang=40 | 161.13 files/sec
[2026-05-15 15:17:34]     Progress 200/1000 files ( 20.0%) | masked=68, sdc=41, crash/hang=91 | 171.59 files/sec
[2026-05-15 15:17:34]     Progress 300/1000 files ( 30.0%) | masked=106, sdc=60, crash/hang=134 | 167.18 files/sec
[2026-05-15 15:17:35]     Progress 400/1000 files ( 40.0%) | masked=143, sdc=78, crash/hang=179 | 168.19 files/sec
[2026-05-15 15:17:36]     Progress 500/1000 files ( 50.0%) | masked=174, sdc=92, crash/hang=234 | 172.81 files/sec
[2026-05-15 15:17:36]     Progress 600/1000 files ( 60.0%) | masked=207, sdc=108, crash/hang=285 | 174.97 files/sec
[2026-05-15 15:17:37]     Progress 700/1000 files ( 70.0%) | masked=240, sdc=122, crash/hang=338 | 177.01 files/sec
[2026-05-15 15:17:37]     Progress 800/1000 files ( 80.0%) | masked=286, sdc=141, crash/hang=373 | 171.03 files/sec
[2026-05-15 15:17:38]     Progress 900/1000 files ( 90.0%) | masked=327, sdc=156, crash/hang=417 | 170.02 files/sec
[2026-05-15 15:17:39]     Progress 1000/1000 files (100.0%) | masked=365, sdc=170, crash/hang=465 | 170.06 files/sec
[2026-05-15 15:17:39]     Done folder: total=1000, masked=365, sdc=170, crash/hang=465
[2026-05-15 15:17:39]     CSV row written for leader-sccp/exec_qsort_small_sccp_ipsccp | masked_rate=0.365000, sdc_rate=0.170000, crash_rate=0.465000
[2026-05-15 15:17:39] ================================================================================
[2026-05-15 15:17:39] [  95/110 |  86.4%] Processing leader-sccp/exec_qsort_small_sccp_licm
[2026-05-15 15:17:39]     FI folder : /projects/lyang28/rmengle/program_outputs/paired/qsort_small_outputs/leader-sccp/exec_qsort_small_sccp_licm
[2026-05-15 15:17:39]     Timing    : /projects/lyang28/rmengle/execution_times/paired/qsort_small_outputs/leader-sccp/exec_qsort_small_sccp_licm.txt FOUND
[2026-05-15 15:17:39]     Found 1000 run files
[2026-05-15 15:17:40]     Progress 100/1000 files ( 10.0%) | masked=40, sdc=19, crash/hang=41 | 153.68 files/sec
[2026-05-15 15:17:40]     Progress 200/1000 files ( 20.0%) | masked=76, sdc=39, crash/hang=85 | 158.79 files/sec
[2026-05-15 15:17:41]     Progress 300/1000 files ( 30.0%) | masked=110, sdc=58, crash/hang=132 | 163.97 files/sec
[2026-05-15 15:17:41]     Progress 400/1000 files ( 40.0%) | masked=150, sdc=74, crash/hang=176 | 163.59 files/sec
[2026-05-15 15:17:42]     Progress 500/1000 files ( 50.0%) | masked=190, sdc=87, crash/hang=223 | 164.22 files/sec
[2026-05-15 15:17:43]     Progress 600/1000 files ( 60.0%) | masked=231, sdc=99, crash/hang=270 | 164.68 files/sec
[2026-05-15 15:17:43]     Progress 700/1000 files ( 70.0%) | masked=271, sdc=113, crash/hang=316 | 164.11 files/sec
[2026-05-15 15:17:44]     Progress 800/1000 files ( 80.0%) | masked=308, sdc=131, crash/hang=361 | 163.47 files/sec
[2026-05-15 15:17:44]     Progress 900/1000 files ( 90.0%) | masked=349, sdc=145, crash/hang=406 | 163.76 files/sec
[2026-05-15 15:17:45]     Progress 1000/1000 files (100.0%) | masked=387, sdc=160, crash/hang=453 | 163.93 files/sec
[2026-05-15 15:17:45]     Done folder: total=1000, masked=387, sdc=160, crash/hang=453
[2026-05-15 15:17:45]     CSV row written for leader-sccp/exec_qsort_small_sccp_licm | masked_rate=0.387000, sdc_rate=0.160000, crash_rate=0.453000
[2026-05-15 15:17:45] ================================================================================
[2026-05-15 15:17:45] [  96/110 |  87.3%] Processing leader-sccp/exec_qsort_small_sccp_loop-reduce
[2026-05-15 15:17:45]     FI folder : /projects/lyang28/rmengle/program_outputs/paired/qsort_small_outputs/leader-sccp/exec_qsort_small_sccp_loop-reduce
[2026-05-15 15:17:45]     Timing    : /projects/lyang28/rmengle/execution_times/paired/qsort_small_outputs/leader-sccp/exec_qsort_small_sccp_loop-reduce.txt FOUND
[2026-05-15 15:17:45]     Found 1000 run files
[2026-05-15 15:17:46]     Progress 100/1000 files ( 10.0%) | masked=37, sdc=19, crash/hang=44 | 170.12 files/sec
[2026-05-15 15:17:47]     Progress 200/1000 files ( 20.0%) | masked=73, sdc=29, crash/hang=98 | 179.39 files/sec
[2026-05-15 15:17:47]     Progress 300/1000 files ( 30.0%) | masked=106, sdc=54, crash/hang=140 | 175.48 files/sec
[2026-05-15 15:17:48]     Progress 400/1000 files ( 40.0%) | masked=146, sdc=70, crash/hang=184 | 173.00 files/sec
[2026-05-15 15:17:48]     Progress 500/1000 files ( 50.0%) | masked=179, sdc=90, crash/hang=231 | 174.73 files/sec
[2026-05-15 15:17:49]     Progress 600/1000 files ( 60.0%) | masked=215, sdc=112, crash/hang=273 | 173.03 files/sec
[2026-05-15 15:17:49]     Progress 700/1000 files ( 70.0%) | masked=248, sdc=131, crash/hang=321 | 174.12 files/sec
[2026-05-15 15:17:50]     Progress 800/1000 files ( 80.0%) | masked=288, sdc=150, crash/hang=362 | 171.71 files/sec
[2026-05-15 15:17:51]     Progress 900/1000 files ( 90.0%) | masked=318, sdc=177, crash/hang=405 | 170.82 files/sec
[2026-05-15 15:17:51]     Progress 1000/1000 files (100.0%) | masked=357, sdc=194, crash/hang=449 | 170.39 files/sec
[2026-05-15 15:17:51]     Done folder: total=1000, masked=357, sdc=194, crash/hang=449
[2026-05-15 15:17:51]     CSV row written for leader-sccp/exec_qsort_small_sccp_loop-reduce | masked_rate=0.357000, sdc_rate=0.194000, crash_rate=0.449000
[2026-05-15 15:17:51] ================================================================================
[2026-05-15 15:17:51] [  97/110 |  88.2%] Processing leader-sccp/exec_qsort_small_sccp_loop-unroll
[2026-05-15 15:17:51]     FI folder : /projects/lyang28/rmengle/program_outputs/paired/qsort_small_outputs/leader-sccp/exec_qsort_small_sccp_loop-unroll
[2026-05-15 15:17:51]     Timing    : /projects/lyang28/rmengle/execution_times/paired/qsort_small_outputs/leader-sccp/exec_qsort_small_sccp_loop-unroll.txt FOUND
[2026-05-15 15:17:52]     Found 1000 run files
[2026-05-15 15:17:52]     Progress 100/1000 files ( 10.0%) | masked=38, sdc=15, crash/hang=47 | 168.35 files/sec
[2026-05-15 15:17:53]     Progress 200/1000 files ( 20.0%) | masked=74, sdc=36, crash/hang=90 | 170.86 files/sec
[2026-05-15 15:17:53]     Progress 300/1000 files ( 30.0%) | masked=112, sdc=62, crash/hang=126 | 162.01 files/sec
[2026-05-15 15:17:54]     Progress 400/1000 files ( 40.0%) | masked=140, sdc=73, crash/hang=187 | 172.60 files/sec
[2026-05-15 15:17:55]     Progress 500/1000 files ( 50.0%) | masked=179, sdc=92, crash/hang=229 | 168.65 files/sec
[2026-05-15 15:17:55]     Progress 600/1000 files ( 60.0%) | masked=223, sdc=105, crash/hang=272 | 166.94 files/sec
[2026-05-15 15:17:56]     Progress 700/1000 files ( 70.0%) | masked=264, sdc=117, crash/hang=319 | 167.67 files/sec
[2026-05-15 15:17:56]     Progress 800/1000 files ( 80.0%) | masked=302, sdc=133, crash/hang=365 | 167.66 files/sec
[2026-05-15 15:17:57]     Progress 900/1000 files ( 90.0%) | masked=334, sdc=153, crash/hang=413 | 167.26 files/sec
[2026-05-15 15:17:58]     Progress 1000/1000 files (100.0%) | masked=375, sdc=172, crash/hang=453 | 165.38 files/sec
[2026-05-15 15:17:58]     Done folder: total=1000, masked=375, sdc=172, crash/hang=453
[2026-05-15 15:17:58]     CSV row written for leader-sccp/exec_qsort_small_sccp_loop-unroll | masked_rate=0.375000, sdc_rate=0.172000, crash_rate=0.453000
[2026-05-15 15:17:58] ================================================================================
[2026-05-15 15:17:58] [  98/110 |  89.1%] Processing leader-sccp/exec_qsort_small_sccp_sccp
[2026-05-15 15:17:58]     FI folder : /projects/lyang28/rmengle/program_outputs/paired/qsort_small_outputs/leader-sccp/exec_qsort_small_sccp_sccp
[2026-05-15 15:17:58]     Timing    : /projects/lyang28/rmengle/execution_times/paired/qsort_small_outputs/leader-sccp/exec_qsort_small_sccp_sccp.txt FOUND
[2026-05-15 15:17:58]     Found 1000 run files
[2026-05-15 15:17:59]     Progress 100/1000 files ( 10.0%) | masked=39, sdc=17, crash/hang=44 | 169.83 files/sec
[2026-05-15 15:17:59]     Progress 200/1000 files ( 20.0%) | masked=77, sdc=26, crash/hang=97 | 178.51 files/sec
[2026-05-15 15:18:00]     Progress 300/1000 files ( 30.0%) | masked=116, sdc=44, crash/hang=140 | 172.86 files/sec
[2026-05-15 15:18:00]     Progress 400/1000 files ( 40.0%) | masked=155, sdc=62, crash/hang=183 | 171.60 files/sec
[2026-05-15 15:18:01]     Progress 500/1000 files ( 50.0%) | masked=188, sdc=84, crash/hang=228 | 172.54 files/sec
[2026-05-15 15:18:01]     Progress 600/1000 files ( 60.0%) | masked=225, sdc=98, crash/hang=277 | 172.49 files/sec
[2026-05-15 15:18:02]     Progress 700/1000 files ( 70.0%) | masked=261, sdc=115, crash/hang=324 | 172.85 files/sec
[2026-05-15 15:18:03]     Progress 800/1000 files ( 80.0%) | masked=303, sdc=128, crash/hang=369 | 172.14 files/sec
[2026-05-15 15:18:03]     Progress 900/1000 files ( 90.0%) | masked=343, sdc=147, crash/hang=410 | 170.23 files/sec
[2026-05-15 15:18:04]     Progress 1000/1000 files (100.0%) | masked=382, sdc=162, crash/hang=456 | 169.53 files/sec
[2026-05-15 15:18:04]     Done folder: total=1000, masked=382, sdc=162, crash/hang=456
[2026-05-15 15:18:04]     CSV row written for leader-sccp/exec_qsort_small_sccp_sccp | masked_rate=0.382000, sdc_rate=0.162000, crash_rate=0.456000
[2026-05-15 15:18:04] ================================================================================
[2026-05-15 15:18:04] [  99/110 |  90.0%] Processing leader-sccp/exec_qsort_small_sccp_simple-loop-unswitch
[2026-05-15 15:18:04]     FI folder : /projects/lyang28/rmengle/program_outputs/paired/qsort_small_outputs/leader-sccp/exec_qsort_small_sccp_simple-loop-unswitch
[2026-05-15 15:18:04]     Timing    : /projects/lyang28/rmengle/execution_times/paired/qsort_small_outputs/leader-sccp/exec_qsort_small_sccp_simple-loop-unswitch.txt FOUND
[2026-05-15 15:18:04]     Found 1000 run files
[2026-05-15 15:18:05]     Progress 100/1000 files ( 10.0%) | masked=26, sdc=23, crash/hang=51 | 180.84 files/sec
[2026-05-15 15:18:05]     Progress 200/1000 files ( 20.0%) | masked=63, sdc=38, crash/hang=99 | 180.21 files/sec
[2026-05-15 15:18:06]     Progress 300/1000 files ( 30.0%) | masked=97, sdc=50, crash/hang=153 | 183.34 files/sec
[2026-05-15 15:18:07]     Progress 400/1000 files ( 40.0%) | masked=126, sdc=76, crash/hang=198 | 181.19 files/sec
[2026-05-15 15:18:07]     Progress 500/1000 files ( 50.0%) | masked=160, sdc=90, crash/hang=250 | 182.77 files/sec
[2026-05-15 15:18:08]     Progress 600/1000 files ( 60.0%) | masked=192, sdc=107, crash/hang=301 | 182.99 files/sec
[2026-05-15 15:18:08]     Progress 700/1000 files ( 70.0%) | masked=230, sdc=117, crash/hang=353 | 182.95 files/sec
[2026-05-15 15:18:09]     Progress 800/1000 files ( 80.0%) | masked=264, sdc=135, crash/hang=401 | 181.34 files/sec
[2026-05-15 15:18:09]     Progress 900/1000 files ( 90.0%) | masked=301, sdc=153, crash/hang=446 | 179.90 files/sec
[2026-05-15 15:18:10]     Progress 1000/1000 files (100.0%) | masked=346, sdc=171, crash/hang=483 | 176.38 files/sec
[2026-05-15 15:18:10]     Done folder: total=1000, masked=346, sdc=171, crash/hang=483
[2026-05-15 15:18:10]     CSV row written for leader-sccp/exec_qsort_small_sccp_simple-loop-unswitch | masked_rate=0.346000, sdc_rate=0.171000, crash_rate=0.483000
[2026-05-15 15:18:10] ================================================================================
[2026-05-15 15:18:10] [ 100/110 |  90.9%] Processing leader-unswitch/exec_qsort_small_simple-loop-unswitch
[2026-05-15 15:18:10]     FI folder : /projects/lyang28/rmengle/program_outputs/paired/qsort_small_outputs/leader-unswitch/exec_qsort_small_simple-loop-unswitch
[2026-05-15 15:18:10]     Timing    : /projects/lyang28/rmengle/execution_times/paired/qsort_small_outputs/leader-unswitch/exec_qsort_small_simple-loop-unswitch.txt FOUND
[2026-05-15 15:18:10]     Found 1000 run files
[2026-05-15 15:18:11]     Progress 100/1000 files ( 10.0%) | masked=41, sdc=17, crash/hang=42 | 160.06 files/sec
[2026-05-15 15:18:12]     Progress 200/1000 files ( 20.0%) | masked=82, sdc=37, crash/hang=81 | 159.84 files/sec
[2026-05-15 15:18:12]     Progress 300/1000 files ( 30.0%) | masked=117, sdc=49, crash/hang=134 | 166.36 files/sec
[2026-05-15 15:18:13]     Progress 400/1000 files ( 40.0%) | masked=156, sdc=67, crash/hang=177 | 166.46 files/sec
[2026-05-15 15:18:13]     Progress 500/1000 files ( 50.0%) | masked=198, sdc=86, crash/hang=216 | 163.71 files/sec
[2026-05-15 15:18:14]     Progress 600/1000 files ( 60.0%) | masked=232, sdc=107, crash/hang=261 | 166.07 files/sec
[2026-05-15 15:18:15]     Progress 700/1000 files ( 70.0%) | masked=269, sdc=127, crash/hang=304 | 166.05 files/sec
[2026-05-15 15:18:15]     Progress 800/1000 files ( 80.0%) | masked=305, sdc=147, crash/hang=348 | 166.49 files/sec
[2026-05-15 15:18:16]     Progress 900/1000 files ( 90.0%) | masked=333, sdc=166, crash/hang=401 | 169.45 files/sec
[2026-05-15 15:18:16]     Progress 1000/1000 files (100.0%) | masked=377, sdc=185, crash/hang=438 | 167.38 files/sec
[2026-05-15 15:18:16]     Done folder: total=1000, masked=377, sdc=185, crash/hang=438
[2026-05-15 15:18:16]     CSV row written for leader-unswitch/exec_qsort_small_simple-loop-unswitch | masked_rate=0.377000, sdc_rate=0.185000, crash_rate=0.438000
[2026-05-15 15:18:16] ================================================================================
[2026-05-15 15:18:16] [ 101/110 |  91.8%] Processing leader-unswitch/exec_qsort_small_simple-loop-unswitch_early-cse
[2026-05-15 15:18:16]     FI folder : /projects/lyang28/rmengle/program_outputs/paired/qsort_small_outputs/leader-unswitch/exec_qsort_small_simple-loop-unswitch_early-cse
[2026-05-15 15:18:16]     Timing    : /projects/lyang28/rmengle/execution_times/paired/qsort_small_outputs/leader-unswitch/exec_qsort_small_simple-loop-unswitch_early-cse.txt FOUND
[2026-05-15 15:18:17]     Found 1000 run files
[2026-05-15 15:18:17]     Progress 100/1000 files ( 10.0%) | masked=35, sdc=11, crash/hang=54 | 195.48 files/sec
[2026-05-15 15:18:18]     Progress 200/1000 files ( 20.0%) | masked=78, sdc=24, crash/hang=98 | 176.47 files/sec
[2026-05-15 15:18:18]     Progress 300/1000 files ( 30.0%) | masked=114, sdc=40, crash/hang=146 | 178.19 files/sec
[2026-05-15 15:18:19]     Progress 400/1000 files ( 40.0%) | masked=151, sdc=63, crash/hang=186 | 171.12 files/sec
[2026-05-15 15:18:20]     Progress 500/1000 files ( 50.0%) | masked=190, sdc=78, crash/hang=232 | 170.76 files/sec
[2026-05-15 15:18:20]     Progress 600/1000 files ( 60.0%) | masked=221, sdc=94, crash/hang=285 | 174.37 files/sec
[2026-05-15 15:18:21]     Progress 700/1000 files ( 70.0%) | masked=256, sdc=115, crash/hang=329 | 173.57 files/sec
[2026-05-15 15:18:21]     Progress 800/1000 files ( 80.0%) | masked=296, sdc=128, crash/hang=376 | 174.26 files/sec
[2026-05-15 15:18:22]     Progress 900/1000 files ( 90.0%) | masked=342, sdc=142, crash/hang=416 | 172.68 files/sec
[2026-05-15 15:18:22]     Progress 1000/1000 files (100.0%) | masked=377, sdc=166, crash/hang=457 | 171.16 files/sec
[2026-05-15 15:18:23]     Done folder: total=1000, masked=377, sdc=166, crash/hang=457
[2026-05-15 15:18:23]     CSV row written for leader-unswitch/exec_qsort_small_simple-loop-unswitch_early-cse | masked_rate=0.377000, sdc_rate=0.166000, crash_rate=0.457000
[2026-05-15 15:18:23] ================================================================================
[2026-05-15 15:18:23] [ 102/110 |  92.7%] Processing leader-unswitch/exec_qsort_small_simple-loop-unswitch_gvn
[2026-05-15 15:18:23]     FI folder : /projects/lyang28/rmengle/program_outputs/paired/qsort_small_outputs/leader-unswitch/exec_qsort_small_simple-loop-unswitch_gvn
[2026-05-15 15:18:23]     Timing    : /projects/lyang28/rmengle/execution_times/paired/qsort_small_outputs/leader-unswitch/exec_qsort_small_simple-loop-unswitch_gvn.txt FOUND
[2026-05-15 15:18:23]     Found 1000 run files
[2026-05-15 15:18:24]     Progress 100/1000 files ( 10.0%) | masked=39, sdc=17, crash/hang=44 | 153.82 files/sec
[2026-05-15 15:18:24]     Progress 200/1000 files ( 20.0%) | masked=78, sdc=32, crash/hang=90 | 159.73 files/sec
[2026-05-15 15:18:25]     Progress 300/1000 files ( 30.0%) | masked=114, sdc=52, crash/hang=134 | 162.22 files/sec
[2026-05-15 15:18:25]     Progress 400/1000 files ( 40.0%) | masked=154, sdc=77, crash/hang=169 | 160.56 files/sec
[2026-05-15 15:18:26]     Progress 500/1000 files ( 50.0%) | masked=198, sdc=95, crash/hang=207 | 160.33 files/sec
[2026-05-15 15:18:27]     Progress 600/1000 files ( 60.0%) | masked=227, sdc=113, crash/hang=260 | 164.20 files/sec
[2026-05-15 15:18:27]     Progress 700/1000 files ( 70.0%) | masked=268, sdc=128, crash/hang=304 | 164.12 files/sec
[2026-05-15 15:18:28]     Progress 800/1000 files ( 80.0%) | masked=306, sdc=149, crash/hang=345 | 163.76 files/sec
[2026-05-15 15:18:28]     Progress 900/1000 files ( 90.0%) | masked=344, sdc=169, crash/hang=387 | 164.14 files/sec
[2026-05-15 15:18:29]     Progress 1000/1000 files (100.0%) | masked=379, sdc=186, crash/hang=435 | 165.55 files/sec
[2026-05-15 15:18:29]     Done folder: total=1000, masked=379, sdc=186, crash/hang=435
[2026-05-15 15:18:29]     CSV row written for leader-unswitch/exec_qsort_small_simple-loop-unswitch_gvn | masked_rate=0.379000, sdc_rate=0.186000, crash_rate=0.435000
[2026-05-15 15:18:29] ================================================================================
[2026-05-15 15:18:29] [ 103/110 |  93.6%] Processing leader-unswitch/exec_qsort_small_simple-loop-unswitch_inline
[2026-05-15 15:18:29]     FI folder : /projects/lyang28/rmengle/program_outputs/paired/qsort_small_outputs/leader-unswitch/exec_qsort_small_simple-loop-unswitch_inline
[2026-05-15 15:18:29]     Timing    : /projects/lyang28/rmengle/execution_times/paired/qsort_small_outputs/leader-unswitch/exec_qsort_small_simple-loop-unswitch_inline.txt FOUND
[2026-05-15 15:18:29]     Found 1000 run files
[2026-05-15 15:18:30]     Progress 100/1000 files ( 10.0%) | masked=37, sdc=20, crash/hang=43 | 162.72 files/sec
[2026-05-15 15:18:31]     Progress 200/1000 files ( 20.0%) | masked=80, sdc=39, crash/hang=81 | 155.29 files/sec
[2026-05-15 15:18:31]     Progress 300/1000 files ( 30.0%) | masked=119, sdc=53, crash/hang=128 | 158.49 files/sec
[2026-05-15 15:18:32]     Progress 400/1000 files ( 40.0%) | masked=161, sdc=73, crash/hang=166 | 156.03 files/sec
[2026-05-15 15:18:32]     Progress 500/1000 files ( 50.0%) | masked=196, sdc=92, crash/hang=212 | 159.05 files/sec
[2026-05-15 15:18:33]     Progress 600/1000 files ( 60.0%) | masked=226, sdc=105, crash/hang=269 | 164.63 files/sec
[2026-05-15 15:18:34]     Progress 700/1000 files ( 70.0%) | masked=260, sdc=121, crash/hang=319 | 166.67 files/sec
[2026-05-15 15:18:34]     Progress 800/1000 files ( 80.0%) | masked=303, sdc=130, crash/hang=367 | 166.23 files/sec
[2026-05-15 15:18:35]     Progress 900/1000 files ( 90.0%) | masked=340, sdc=147, crash/hang=413 | 165.87 files/sec
[2026-05-15 15:18:35]     Progress 1000/1000 files (100.0%) | masked=381, sdc=160, crash/hang=459 | 165.15 files/sec
[2026-05-15 15:18:35]     Done folder: total=1000, masked=381, sdc=160, crash/hang=459
[2026-05-15 15:18:35]     CSV row written for leader-unswitch/exec_qsort_small_simple-loop-unswitch_inline | masked_rate=0.381000, sdc_rate=0.160000, crash_rate=0.459000
[2026-05-15 15:18:35] ================================================================================
[2026-05-15 15:18:35] [ 104/110 |  94.5%] Processing leader-unswitch/exec_qsort_small_simple-loop-unswitch_instcombine
[2026-05-15 15:18:35]     FI folder : /projects/lyang28/rmengle/program_outputs/paired/qsort_small_outputs/leader-unswitch/exec_qsort_small_simple-loop-unswitch_instcombine
[2026-05-15 15:18:35]     Timing    : /projects/lyang28/rmengle/execution_times/paired/qsort_small_outputs/leader-unswitch/exec_qsort_small_simple-loop-unswitch_instcombine.txt FOUND
[2026-05-15 15:18:36]     Found 1000 run files
[2026-05-15 15:18:36]     Progress 100/1000 files ( 10.0%) | masked=40, sdc=13, crash/hang=47 | 170.41 files/sec
[2026-05-15 15:18:37]     Progress 200/1000 files ( 20.0%) | masked=88, sdc=22, crash/hang=90 | 164.64 files/sec
[2026-05-15 15:18:38]     Progress 300/1000 files ( 30.0%) | masked=126, sdc=35, crash/hang=139 | 168.21 files/sec
[2026-05-15 15:18:38]     Progress 400/1000 files ( 40.0%) | masked=160, sdc=49, crash/hang=191 | 173.19 files/sec
[2026-05-15 15:18:39]     Progress 500/1000 files ( 50.0%) | masked=205, sdc=65, crash/hang=230 | 169.40 files/sec
[2026-05-15 15:18:39]     Progress 600/1000 files ( 60.0%) | masked=248, sdc=79, crash/hang=273 | 167.90 files/sec
[2026-05-15 15:18:40]     Progress 700/1000 files ( 70.0%) | masked=293, sdc=92, crash/hang=315 | 166.50 files/sec
[2026-05-15 15:18:41]     Progress 800/1000 files ( 80.0%) | masked=332, sdc=107, crash/hang=361 | 167.66 files/sec
[2026-05-15 15:18:41]     Progress 900/1000 files ( 90.0%) | masked=376, sdc=116, crash/hang=408 | 167.23 files/sec
[2026-05-15 15:18:42]     Progress 1000/1000 files (100.0%) | masked=427, sdc=130, crash/hang=443 | 164.73 files/sec
[2026-05-15 15:18:42]     Done folder: total=1000, masked=427, sdc=130, crash/hang=443
[2026-05-15 15:18:42]     CSV row written for leader-unswitch/exec_qsort_small_simple-loop-unswitch_instcombine | masked_rate=0.427000, sdc_rate=0.130000, crash_rate=0.443000
[2026-05-15 15:18:42] ================================================================================
[2026-05-15 15:18:42] [ 105/110 |  95.5%] Processing leader-unswitch/exec_qsort_small_simple-loop-unswitch_ipsccp
[2026-05-15 15:18:42]     FI folder : /projects/lyang28/rmengle/program_outputs/paired/qsort_small_outputs/leader-unswitch/exec_qsort_small_simple-loop-unswitch_ipsccp
[2026-05-15 15:18:42]     Timing    : /projects/lyang28/rmengle/execution_times/paired/qsort_small_outputs/leader-unswitch/exec_qsort_small_simple-loop-unswitch_ipsccp.txt FOUND
[2026-05-15 15:18:42]     Found 1000 run files
[2026-05-15 15:18:43]     Progress 100/1000 files ( 10.0%) | masked=37, sdc=14, crash/hang=49 | 176.85 files/sec
[2026-05-15 15:18:43]     Progress 200/1000 files ( 20.0%) | masked=75, sdc=28, crash/hang=97 | 174.71 files/sec
[2026-05-15 15:18:44]     Progress 300/1000 files ( 30.0%) | masked=106, sdc=48, crash/hang=146 | 177.64 files/sec
[2026-05-15 15:18:44]     Progress 400/1000 files ( 40.0%) | masked=132, sdc=66, crash/hang=202 | 181.13 files/sec
[2026-05-15 15:18:45]     Progress 500/1000 files ( 50.0%) | masked=171, sdc=79, crash/hang=250 | 178.89 files/sec
[2026-05-15 15:18:46]     Progress 600/1000 files ( 60.0%) | masked=204, sdc=96, crash/hang=300 | 180.23 files/sec
[2026-05-15 15:18:46]     Progress 700/1000 files ( 70.0%) | masked=238, sdc=106, crash/hang=356 | 182.16 files/sec
[2026-05-15 15:18:47]     Progress 800/1000 files ( 80.0%) | masked=278, sdc=118, crash/hang=404 | 180.58 files/sec
[2026-05-15 15:18:47]     Progress 900/1000 files ( 90.0%) | masked=320, sdc=135, crash/hang=445 | 177.44 files/sec
[2026-05-15 15:18:48]     Progress 1000/1000 files (100.0%) | masked=359, sdc=148, crash/hang=493 | 176.28 files/sec
[2026-05-15 15:18:48]     Done folder: total=1000, masked=359, sdc=148, crash/hang=493
[2026-05-15 15:18:48]     CSV row written for leader-unswitch/exec_qsort_small_simple-loop-unswitch_ipsccp | masked_rate=0.359000, sdc_rate=0.148000, crash_rate=0.493000
[2026-05-15 15:18:48] ================================================================================
[2026-05-15 15:18:48] [ 106/110 |  96.4%] Processing leader-unswitch/exec_qsort_small_simple-loop-unswitch_licm
[2026-05-15 15:18:48]     FI folder : /projects/lyang28/rmengle/program_outputs/paired/qsort_small_outputs/leader-unswitch/exec_qsort_small_simple-loop-unswitch_licm
[2026-05-15 15:18:48]     Timing    : /projects/lyang28/rmengle/execution_times/paired/qsort_small_outputs/leader-unswitch/exec_qsort_small_simple-loop-unswitch_licm.txt FOUND
[2026-05-15 15:18:48]     Found 1000 run files
[2026-05-15 15:18:49]     Progress 100/1000 files ( 10.0%) | masked=40, sdc=7, crash/hang=53 | 181.91 files/sec
[2026-05-15 15:18:49]     Progress 200/1000 files ( 20.0%) | masked=84, sdc=16, crash/hang=100 | 180.06 files/sec
[2026-05-15 15:18:50]     Progress 300/1000 files ( 30.0%) | masked=120, sdc=34, crash/hang=146 | 177.67 files/sec
[2026-05-15 15:18:50]     Progress 400/1000 files ( 40.0%) | masked=156, sdc=46, crash/hang=198 | 181.32 files/sec
[2026-05-15 15:18:51]     Progress 500/1000 files ( 50.0%) | masked=188, sdc=57, crash/hang=255 | 185.81 files/sec
[2026-05-15 15:18:52]     Progress 600/1000 files ( 60.0%) | masked=226, sdc=74, crash/hang=300 | 182.20 files/sec
[2026-05-15 15:18:52]     Progress 700/1000 files ( 70.0%) | masked=261, sdc=88, crash/hang=351 | 182.39 files/sec
[2026-05-15 15:18:53]     Progress 800/1000 files ( 80.0%) | masked=292, sdc=105, crash/hang=403 | 183.09 files/sec
[2026-05-15 15:18:53]     Progress 900/1000 files ( 90.0%) | masked=330, sdc=113, crash/hang=457 | 183.71 files/sec
[2026-05-15 15:18:54]     Progress 1000/1000 files (100.0%) | masked=359, sdc=132, crash/hang=509 | 184.20 files/sec
[2026-05-15 15:18:54]     Done folder: total=1000, masked=359, sdc=132, crash/hang=509
[2026-05-15 15:18:54]     CSV row written for leader-unswitch/exec_qsort_small_simple-loop-unswitch_licm | masked_rate=0.359000, sdc_rate=0.132000, crash_rate=0.509000
[2026-05-15 15:18:54] ================================================================================
[2026-05-15 15:18:54] [ 107/110 |  97.3%] Processing leader-unswitch/exec_qsort_small_simple-loop-unswitch_loop-reduce
[2026-05-15 15:18:54]     FI folder : /projects/lyang28/rmengle/program_outputs/paired/qsort_small_outputs/leader-unswitch/exec_qsort_small_simple-loop-unswitch_loop-reduce
[2026-05-15 15:18:54]     Timing    : /projects/lyang28/rmengle/execution_times/paired/qsort_small_outputs/leader-unswitch/exec_qsort_small_simple-loop-unswitch_loop-reduce.txt FOUND
[2026-05-15 15:18:54]     Found 1000 run files
[2026-05-15 15:18:55]     Progress 100/1000 files ( 10.0%) | masked=30, sdc=20, crash/hang=50 | 183.86 files/sec
[2026-05-15 15:18:55]     Progress 200/1000 files ( 20.0%) | masked=73, sdc=40, crash/hang=87 | 165.63 files/sec
[2026-05-15 15:18:56]     Progress 300/1000 files ( 30.0%) | masked=118, sdc=54, crash/hang=128 | 166.02 files/sec
[2026-05-15 15:18:56]     Progress 400/1000 files ( 40.0%) | masked=156, sdc=64, crash/hang=180 | 168.42 files/sec
[2026-05-15 15:18:57]     Progress 500/1000 files ( 50.0%) | masked=197, sdc=83, crash/hang=220 | 166.37 files/sec
[2026-05-15 15:18:58]     Progress 600/1000 files ( 60.0%) | masked=233, sdc=99, crash/hang=268 | 168.11 files/sec
[2026-05-15 15:18:58]     Progress 700/1000 files ( 70.0%) | masked=271, sdc=113, crash/hang=316 | 168.78 files/sec
[2026-05-15 15:18:59]     Progress 800/1000 files ( 80.0%) | masked=307, sdc=125, crash/hang=368 | 170.78 files/sec
[2026-05-15 15:18:59]     Progress 900/1000 files ( 90.0%) | masked=343, sdc=136, crash/hang=421 | 172.83 files/sec
[2026-05-15 15:19:00]     Progress 1000/1000 files (100.0%) | masked=384, sdc=152, crash/hang=464 | 172.03 files/sec
[2026-05-15 15:19:00]     Done folder: total=1000, masked=384, sdc=152, crash/hang=464
[2026-05-15 15:19:00]     CSV row written for leader-unswitch/exec_qsort_small_simple-loop-unswitch_loop-reduce | masked_rate=0.384000, sdc_rate=0.152000, crash_rate=0.464000
[2026-05-15 15:19:00] ================================================================================
[2026-05-15 15:19:00] [ 108/110 |  98.2%] Processing leader-unswitch/exec_qsort_small_simple-loop-unswitch_loop-unroll
[2026-05-15 15:19:00]     FI folder : /projects/lyang28/rmengle/program_outputs/paired/qsort_small_outputs/leader-unswitch/exec_qsort_small_simple-loop-unswitch_loop-unroll
[2026-05-15 15:19:00]     Timing    : /projects/lyang28/rmengle/execution_times/paired/qsort_small_outputs/leader-unswitch/exec_qsort_small_simple-loop-unswitch_loop-unroll.txt FOUND
[2026-05-15 15:19:00]     Found 1000 run files
[2026-05-15 15:19:01]     Progress 100/1000 files ( 10.0%) | masked=31, sdc=9, crash/hang=60 | 210.58 files/sec
[2026-05-15 15:19:01]     Progress 200/1000 files ( 20.0%) | masked=59, sdc=32, crash/hang=109 | 190.40 files/sec
[2026-05-15 15:19:02]     Progress 300/1000 files ( 30.0%) | masked=94, sdc=48, crash/hang=158 | 183.97 files/sec
[2026-05-15 15:19:02]     Progress 400/1000 files ( 40.0%) | masked=130, sdc=66, crash/hang=204 | 183.77 files/sec
[2026-05-15 15:19:03]     Progress 500/1000 files ( 50.0%) | masked=165, sdc=79, crash/hang=256 | 185.24 files/sec
[2026-05-15 15:19:03]     Progress 600/1000 files ( 60.0%) | masked=195, sdc=95, crash/hang=310 | 188.09 files/sec
[2026-05-15 15:19:04]     Progress 700/1000 files ( 70.0%) | masked=228, sdc=113, crash/hang=359 | 186.67 files/sec
[2026-05-15 15:19:05]     Progress 800/1000 files ( 80.0%) | masked=264, sdc=134, crash/hang=402 | 184.27 files/sec
[2026-05-15 15:19:05]     Progress 900/1000 files ( 90.0%) | masked=300, sdc=156, crash/hang=444 | 182.33 files/sec
[2026-05-15 15:19:06]     Progress 1000/1000 files (100.0%) | masked=342, sdc=168, crash/hang=490 | 181.52 files/sec
[2026-05-15 15:19:06]     Done folder: total=1000, masked=342, sdc=168, crash/hang=490
[2026-05-15 15:19:06]     CSV row written for leader-unswitch/exec_qsort_small_simple-loop-unswitch_loop-unroll | masked_rate=0.342000, sdc_rate=0.168000, crash_rate=0.490000
[2026-05-15 15:19:06] ================================================================================
[2026-05-15 15:19:06] [ 109/110 |  99.1%] Processing leader-unswitch/exec_qsort_small_simple-loop-unswitch_sccp
[2026-05-15 15:19:06]     FI folder : /projects/lyang28/rmengle/program_outputs/paired/qsort_small_outputs/leader-unswitch/exec_qsort_small_simple-loop-unswitch_sccp
[2026-05-15 15:19:06]     Timing    : /projects/lyang28/rmengle/execution_times/paired/qsort_small_outputs/leader-unswitch/exec_qsort_small_simple-loop-unswitch_sccp.txt FOUND
[2026-05-15 15:19:06]     Found 1000 run files
[2026-05-15 15:19:07]     Progress 100/1000 files ( 10.0%) | masked=38, sdc=10, crash/hang=52 | 179.78 files/sec
[2026-05-15 15:19:07]     Progress 200/1000 files ( 20.0%) | masked=72, sdc=28, crash/hang=100 | 173.26 files/sec
[2026-05-15 15:19:08]     Progress 300/1000 files ( 30.0%) | masked=107, sdc=41, crash/hang=152 | 175.71 files/sec
[2026-05-15 15:19:08]     Progress 400/1000 files ( 40.0%) | masked=144, sdc=60, crash/hang=196 | 173.70 files/sec
[2026-05-15 15:19:09]     Progress 500/1000 files ( 50.0%) | masked=186, sdc=74, crash/hang=240 | 173.63 files/sec
[2026-05-15 15:19:10]     Progress 600/1000 files ( 60.0%) | masked=220, sdc=92, crash/hang=288 | 176.11 files/sec
[2026-05-15 15:19:10]     Progress 700/1000 files ( 70.0%) | masked=255, sdc=112, crash/hang=333 | 175.45 files/sec
[2026-05-15 15:19:11]     Progress 800/1000 files ( 80.0%) | masked=288, sdc=133, crash/hang=379 | 174.31 files/sec
[2026-05-15 15:19:11]     Progress 900/1000 files ( 90.0%) | masked=322, sdc=153, crash/hang=425 | 173.66 files/sec
[2026-05-15 15:19:12]     Progress 1000/1000 files (100.0%) | masked=359, sdc=164, crash/hang=477 | 174.49 files/sec
[2026-05-15 15:19:12]     Done folder: total=1000, masked=359, sdc=164, crash/hang=477
[2026-05-15 15:19:12]     CSV row written for leader-unswitch/exec_qsort_small_simple-loop-unswitch_sccp | masked_rate=0.359000, sdc_rate=0.164000, crash_rate=0.477000
[2026-05-15 15:19:12] ================================================================================
[2026-05-15 15:19:12] [ 110/110 | 100.0%] Processing leader-unswitch/exec_qsort_small_simple-loop-unswitch_simple-loop-unswitch
[2026-05-15 15:19:12]     FI folder : /projects/lyang28/rmengle/program_outputs/paired/qsort_small_outputs/leader-unswitch/exec_qsort_small_simple-loop-unswitch_simple-loop-unswitch
[2026-05-15 15:19:12]     Timing    : /projects/lyang28/rmengle/execution_times/paired/qsort_small_outputs/leader-unswitch/exec_qsort_small_simple-loop-unswitch_simple-loop-unswitch.txt FOUND
[2026-05-15 15:19:12]     Found 1000 run files
[2026-05-15 15:19:13]     Progress 100/1000 files ( 10.0%) | masked=29, sdc=19, crash/hang=52 | 175.81 files/sec
[2026-05-15 15:19:13]     Progress 200/1000 files ( 20.0%) | masked=57, sdc=39, crash/hang=104 | 179.83 files/sec
[2026-05-15 15:19:14]     Progress 300/1000 files ( 30.0%) | masked=94, sdc=59, crash/hang=147 | 176.08 files/sec
[2026-05-15 15:19:15]     Progress 400/1000 files ( 40.0%) | masked=133, sdc=76, crash/hang=191 | 174.79 files/sec
[2026-05-15 15:19:15]     Progress 500/1000 files ( 50.0%) | masked=173, sdc=87, crash/hang=240 | 174.88 files/sec
[2026-05-15 15:19:16]     Progress 600/1000 files ( 60.0%) | masked=209, sdc=105, crash/hang=286 | 175.69 files/sec
[2026-05-15 15:19:16]     Progress 700/1000 files ( 70.0%) | masked=248, sdc=119, crash/hang=333 | 175.54 files/sec
[2026-05-15 15:19:17]     Progress 800/1000 files ( 80.0%) | masked=283, sdc=132, crash/hang=385 | 177.21 files/sec
[2026-05-15 15:19:17]     Progress 900/1000 files ( 90.0%) | masked=319, sdc=146, crash/hang=435 | 177.48 files/sec
[2026-05-15 15:19:18]     Progress 1000/1000 files (100.0%) | masked=353, sdc=168, crash/hang=479 | 175.45 files/sec
[2026-05-15 15:19:18]     Done folder: total=1000, masked=353, sdc=168, crash/hang=479
[2026-05-15 15:19:18]     CSV row written for leader-unswitch/exec_qsort_small_simple-loop-unswitch_simple-loop-unswitch | masked_rate=0.353000, sdc_rate=0.168000, crash_rate=0.479000
[2026-05-15 15:19:18] 
[2026-05-15 15:19:18] CSV written to: qsort_small_paired_reliability_data.csv
[2026-05-15 15:19:18] Log written to: qsort_small_paired_classification.log
[2026-05-15 15:19:18] Total elapsed time: 702.78 seconds
[2026-05-15 15:19:18] Verification logs written to:
  verification_logs/masked
  verification_logs/sdc
  verification_logs/crash
