Pin: pin-3.31-98869-fa6f126a8
Copyright 2002-2024 Intel Corporation.
 [tid:1870450] Invalid RTN nop edx, edi
 [tid:1870450] Invalid RTN push r14
 [tid:1870450] Invalid RTN mov rax, 0xffffffffffffffff
 [tid:1870450] Invalid RTN push r13
 [tid:1870450] Invalid RTN push r12
 [tid:1870450] Invalid RTN push rbp
 [tid:1870450] Invalid RTN push rbx
 [tid:1870450] Invalid RTN sub rsp, 0x20
 [tid:1870450] Invalid RTN mov rbx, qword ptr [rip+0x2ea3ea]
 [tid:1870450] Invalid RTN mov qword ptr [rsp+0x10], rax
 [tid:1870450] Invalid RTN mov qword ptr [rsp+0x18], rax
 [tid:1870450] Invalid RTN mov eax, dword ptr [rbx+0x68]
 [tid:1870450] Invalid RTN mov dword ptr [rsp+0xc], 0x0
 [tid:1870450] Invalid RTN test eax, eax
 [tid:1870450] Invalid RTN jz 0x7f5367bf6d32
 [tid:1870450] Invalid RTN mov r13, qword ptr [rbx+0x190]
 [tid:1870450] Invalid RTN mov rbp, qword ptr [rbx+0x198]
 [tid:1870450] Invalid RTN cmp eax, 0x1
 [tid:1870450] Invalid RTN jz 0x7f5367bf6c60
 [tid:1870450] Invalid RTN cmp eax, 0x3
 [tid:1870450] Invalid RTN jz 0x7f5367bf6cb8
 [tid:1870450] Invalid RTN cmp eax, 0x2
 [tid:1870450] Invalid RTN jz 0x7f5367bf6ce0
 [tid:1870450] Invalid RTN test r13, r13
 [tid:1870450] Invalid RTN jz 0x7f5367bf6be0
 [tid:1870450] Invalid RTN mov r12, r13
 [tid:1870450] Invalid RTN test r12, r12
 [tid:1870450] Invalid RTN jle 0x7f5367bf6af0
 [tid:1870450] Invalid RTN mov edi, 0xbc
 [tid:1870450] Invalid RTN call 0x7f5367bf6330
 [tid:1870450] Invalid RTN xor r8d, r8d
 [tid:1870450] Invalid RTN cmp edi, 0xc4
 [tid:1870450] Invalid RTN jnle 0x7f5367bf6400
 [tid:1870450] Invalid RTN mov esi, 0x80000000
 [tid:1870450] Invalid RTN push rbx
 [tid:1870450] Invalid RTN mov eax, esi
 [tid:1870450] Invalid RTN cpuid 
 [tid:1870450] Invalid RTN mov esi, eax
 [tid:1870450] Invalid RTN cmp eax, 0x8000001c
 [tid:1870450] Invalid RTN jbe 0x7f5367bf63c0
 [tid:1870450] Invalid RTN mov r8d, 0x3
 [tid:1870450] Invalid RTN cmp edi, 0xc1
 [tid:1870450] Invalid RTN jnle 0x7f5367bf637b
 [tid:1870450] Invalid RTN mov r8d, 0x2
 [tid:1870450] Invalid RTN cmp edi, 0xbe
 [tid:1870450] Invalid RTN jnle 0x7f5367bf637b
 [tid:1870450] Invalid RTN xor r8d, r8d
 [tid:1870450] Invalid RTN cmp edi, 0xbb
 [tid:1870450] Invalid RTN setle r8b
 [tid:1870450] Invalid RTN mov eax, 0x8000001d
 [tid:1870450] Invalid RTN mov ecx, r8d
 [tid:1870450] Invalid RTN cpuid 
 [tid:1870450] Invalid RTN mov r8d, ecx
 [tid:1870450] Invalid RTN test ecx, ecx
 [tid:1870450] Invalid RTN jz 0x7f5367bf6408
 [tid:1870450] Invalid RTN lea ecx, ptr [rdi-0xb9]
 [tid:1870450] Invalid RTN mov eax, 0x1
 [tid:1870450] Invalid RTN shl rax, cl
 [tid:1870450] Invalid RTN test eax, 0x249
 [tid:1870450] Invalid RTN jnz 0x7f5367bf6420
 [tid:1870450] Invalid RTN test eax, 0x924
 [tid:1870450] Invalid RTN jnz 0x7f5367bf6620
 [tid:1870450] Invalid RTN mov eax, ebx
 [tid:1870450] Invalid RTN and ebx, 0xfff
 [tid:1870450] Invalid RTN shr eax, 0x16
 [tid:1870450] Invalid RTN add ebx, 0x1
 [tid:1870450] Invalid RTN add eax, 0x1
 [tid:1870450] Invalid RTN imul ebx, eax
 [tid:1870450] Invalid RTN lea eax, ptr [r8+0x1]
 [tid:1870450] Invalid RTN mov r8d, ebx
 [tid:1870450] Invalid RTN imul r8d, eax
 [tid:1870450] Invalid RTN jmp 0x7f5367bf63b3
 [tid:1870450] Invalid RTN mov rax, r8
 [tid:1870450] Invalid RTN pop rbx
 [tid:1870450] Invalid RTN ret 
 [tid:1870450] Invalid RTN mov edi, 0xbf
 [tid:1870450] Invalid RTN mov r12, rax
 [tid:1870450] Invalid RTN call 0x7f5367bf6330
 [tid:1870450] Invalid RTN mov eax, 0x8000001d
 [tid:1870450] Invalid RTN mov ecx, r8d
 [tid:1870450] Invalid RTN cpuid 
 [tid:1870450] Invalid RTN mov edi, 0xc2
 [tid:1870450] Invalid RTN mov r10, rax
 [tid:1870450] Invalid RTN call 0x7f5367bf6330
 [tid:1870450] Invalid RTN mov qword ptr [rsp+0x10], rax
 [tid:1870450] Invalid RTN test rax, rax
 [tid:1870450] Invalid RTN jle 0x7f5367bf6d28
 [tid:1870450] Invalid RTN cmp dword ptr [rbx+0x70], 0x16
 [tid:1870450] Invalid RTN jnbe 0x7f5367bf6d1c
 [tid:1870450] Invalid RTN add rax, r10
 [tid:1870450] Invalid RTN mov qword ptr [rsp+0x10], rax
 [tid:1870450] Invalid RTN mov qword ptr [rsp+0x18], rax
 [tid:1870450] Invalid RTN jmp 0x7f5367bf6ca5
 [tid:1870450] Invalid RTN mov qword ptr [rsp+0x18], rax
 [tid:1870450] Invalid RTN jmp 0x7f5367bf6ca5
 [tid:1870450] Invalid RTN test r13, r13
 [tid:1870450] Invalid RTN jnz 0x7f5367bf6abd
 [tid:1870450] Invalid RTN jmp 0x7f5367bf6ac0
 [tid:1870450] Invalid RTN test r12, r12
 [tid:1870450] Invalid RTN jle 0x7f5367bf6af0
 [tid:1870450] Invalid RTN mov rax, r12
 [tid:1870450] Invalid RTN mov qword ptr [rip+0x2ea879], r12
 [tid:1870450] Invalid RTN xor r12b, r12b
 [tid:1870450] Invalid RTN sar rax, 0x1
 [tid:1870450] Invalid RTN mov qword ptr [rip+0x2ea87c], r12
 [tid:1870450] Invalid RTN mov qword ptr [rip+0x2ea86d], rax
 [tid:1870450] Invalid RTN mov rax, r12
 [tid:1870450] Invalid RTN sar rax, 0x1
 [tid:1870450] Invalid RTN mov qword ptr [rip+0x2ea870], rax
 [tid:1870450] Invalid RTN test rbp, rbp
 [tid:1870450] Invalid RTN jnz 0x7f5367bf6beb
 [tid:1870450] Invalid RTN mov rax, qword ptr [rsp+0x10]
 [tid:1870450] Invalid RTN test rax, rax
 [tid:1870450] Invalid RTN jle 0x7f5367bf6bf7
 [tid:1870450] Invalid RTN mov rdx, rax
 [tid:1870450] Invalid RTN mov qword ptr [rip+0x2ea817], rax
 [tid:1870450] Invalid RTN xor al, al
 [tid:1870450] Invalid RTN sar rdx, 0x1
 [tid:1870450] Invalid RTN mov qword ptr [rip+0x2ea81b], rax
 [tid:1870450] Invalid RTN mov qword ptr [rip+0x2ea80c], rdx
 [tid:1870450] Invalid RTN mov rdx, rax
 [tid:1870450] Invalid RTN sar rdx, 0x1
 [tid:1870450] Invalid RTN mov qword ptr [rip+0x2ea80f], rdx
 [tid:1870450] Invalid RTN mov rdx, qword ptr [rsp+0x18]
 [tid:1870450] Invalid RTN lea rdx, ptr [rdx+rdx*2]
 [tid:1870450] Invalid RTN test rdx, rdx
 [tid:1870450] Invalid RTN lea rbp, ptr [rdx+0x3]
 [tid:1870450] Invalid RTN cmovns rbp, rdx
 [tid:1870450] Invalid RTN sar rax, 0x2
 [tid:1870450] Invalid RTN sar rbp, 0x2
 [tid:1870450] Invalid RTN cmp rax, rbp
 [tid:1870450] Invalid RTN cmovb rax, rbp
 [tid:1870450] Invalid RTN mov ecx, dword ptr [rbx+0xb0]
 [tid:1870450] Invalid RTN mov rdx, qword ptr [rbx+0x1a0]
 [tid:1870450] Invalid RTN test ch, 0x2
 [tid:1870450] Invalid RTN cmovz rax, rbp
 [tid:1870450] Invalid RTN test rdx, rdx
 [tid:1870450] Invalid RTN cmovnz rax, rdx
 [tid:1870450] Invalid RTN and ecx, 0x10000
 [tid:1870450] Invalid RTN mov edx, dword ptr [rbx+0x17c]
 [tid:1870450] Invalid RTN mov qword ptr [rip+0x2ed6b6], rax
 [tid:1870450] Invalid RTN jz 0x7f5367bf6c30
 [tid:1870450] Invalid RTN test dh, 0x40
 [tid:1870450] Invalid RTN jnz 0x7f5367bf6c30
 [tid:1870450] Invalid RTN mov eax, 0x4000
 [tid:1870450] Invalid RTN mov edx, 0x200
 [tid:1870450] Invalid RTN test byte ptr [rbx+0xb8], 0x10
 [tid:1870450] Invalid RTN mov ecx, 0x840
 [tid:1870450] Invalid RTN cmovnz rax, rcx
 [tid:1870450] Invalid RTN mov rcx, qword ptr [rbx+0x1a8]
 [tid:1870450] Invalid RTN cmp rcx, rdx
 [tid:1870450] Invalid RTN cmovnbe rax, rcx
 [tid:1870450] Invalid RTN mov qword ptr [rip+0x2ea760], rax
 [tid:1870450] Invalid RTN mov rax, qword ptr [rbx+0x1b0]
 [tid:1870450] Invalid RTN mov qword ptr [rip+0x2ea74a], rax
 [tid:1870450] Invalid RTN add rsp, 0x20
 [tid:1870450] Invalid RTN xor eax, eax
 [tid:1870450] Invalid RTN pop rbx
 [tid:1870450] Invalid RTN pop rbp
 [tid:1870450] Invalid RTN pop r12
 [tid:1870450] Invalid RTN pop r13
 [tid:1870450] Invalid RTN pop r14
 [tid:1870450] Invalid RTN ret 
 [tid:1870450] Invalid RTN and edx, 0x100
 [tid:1870450] Invalid RTN cmp edx, 0x1
 [tid:1870450] Invalid RTN sbb rax, rax
 [tid:1870450] Invalid RTN and rax, 0xffffffffffffe800
 [tid:1870450] Invalid RTN add rax, 0x2000
 [tid:1870450] Invalid RTN cmp edx, 0x1
 [tid:1870450] Invalid RTN sbb rdx, rdx
 [tid:1870450] Invalid RTN and rdx, 0xffffffffffffff80
 [tid:1870450] Invalid RTN add rdx, 0x100
 [tid:1870450] Invalid RTN jmp 0x7f5367bf6b9b
 [tid:1870450] Invalid RTN test byte ptr [rbx+0xb8], 0x10
 [tid:1870450] Invalid RTN mov ecx, 0x840
 [tid:1870450] Invalid RTN cmovnz rax, rcx
 [tid:1870450] Invalid RTN mov rcx, qword ptr [rbx+0x1a8]
 [tid:1870450] Invalid RTN cmp rcx, rdx
 [tid:1870450] Invalid RTN cmovnbe rax, rcx
 [tid:1870450] Invalid RTN mov qword ptr [rip+0x2ea760], rax
 [tid:1870450] Invalid RTN mov rax, qword ptr [rbx+0x1b0]
 [tid:1870450] Invalid RTN mov qword ptr [rip+0x2ea74a], rax
 [tid:1870450] Invalid RTN add rsp, 0x20
 [tid:1870450] Invalid RTN xor eax, eax
 [tid:1870450] Invalid RTN pop rbx
 [tid:1870450] Invalid RTN pop rbp
 [tid:1870450] Invalid RTN pop r12
 [tid:1870450] Invalid RTN pop r13
 [tid:1870450] Invalid RTN pop r14
 [tid:1870450] Invalid RTN ret 
 [tid:1870450] Invalid RTN nop edx, edi
 [tid:1870450] Invalid RTN mov rcx, qword ptr [rip+0x32f8fd]
 [tid:1870450] Invalid RTN lea rax, ptr [rip-0x7bac2]
 [tid:1870450] Invalid RTN mov edx, dword ptr [rcx+0x17c]
 [tid:1870450] Invalid RTN test dh, 0x30
 [tid:1870450] Invalid RTN jnz 0x7f5367bb15e3
 [tid:1870450] Invalid RTN mov esi, dword ptr [rcx+0xb0]
 [tid:1870450] Invalid RTN test esi, 0x10000
 [tid:1870450] Invalid RTN jnz 0x7f5367bb15e8
 [tid:1870450] Invalid RTN test dh, 0x1
 [tid:1870450] Invalid RTN jz 0x7f5367bb15c0
 [tid:1870450] Invalid RTN test esi, esi
 [tid:1870450] Invalid RTN js 0x7f5367bb1638
 [tid:1870450] Invalid RTN test esi, 0x800
 [tid:1870450] Invalid RTN jz 0x7f5367bb15b0
 [tid:1870450] Invalid RTN and esi, 0x200
 [tid:1870450] Invalid RTN lea rdx, ptr [rip+0xfbd3]
 [tid:1870450] Invalid RTN lea rax, ptr [rip+0xfc3c]
 [tid:1870450] Invalid RTN cmovz rax, rdx
 [tid:1870450] Invalid RTN ret 
 [tid:1870450] Invalid RTN test dh, 0x8
 [tid:1870450] Invalid RTN jz 0x7f5367bb1658
 [tid:1870450] Invalid RTN nop dword ptr [rax]
 [tid:1870450] Invalid RTN test byte ptr [rcx+0x95], 0x2
 [tid:1870450] Invalid RTN jz 0x7f5367bb1618
 [tid:1870450] Invalid RTN test dl, 0x20
 [tid:1870450] Invalid RTN jnz 0x7f5367bb1618
 [tid:1870450] Invalid RTN and esi, 0x200
 [tid:1870450] Invalid RTN lea rdx, ptr [rip+0x722b]
 [tid:1870450] Invalid RTN lea rax, ptr [rip+0x7294]
 [tid:1870450] Invalid RTN cmovz rax, rdx
 [tid:1870450] Invalid RTN ret 
 [tid:1870450] Invalid RTN nop edx, edi
 [tid:1870450] Invalid RTN mov rdx, qword ptr [rip+0x3306dd]
 [tid:1870450] Invalid RTN mov ecx, dword ptr [rdx+0xb0]
 [tid:1870450] Invalid RTN mov esi, dword ptr [rdx+0x17c]
 [tid:1870450] Invalid RTN test cl, 0x20
 [tid:1870450] Invalid RTN jz 0x7f5367bb0794
 [tid:1870450] Invalid RTN test esi, 0x100
 [tid:1870450] Invalid RTN jnz 0x7f5367bb07c0
 [tid:1870450] Invalid RTN and esi, 0x10
 [tid:1870450] Invalid RTN lea rax, ptr [rip-0x6a40e]
 [tid:1870450] Invalid RTN jnz 0x7f5367bb07b9
 [tid:1870450] Invalid RTN test ecx, ecx
 [tid:1870450] Invalid RTN js 0x7f5367bb07e0
 [tid:1870450] Invalid RTN lea rax, ptr [rip+0x16115]
 [tid:1870450] Invalid RTN and ch, 0x8
 [tid:1870450] Invalid RTN jnz 0x7f5367bb07b9
 [tid:1870450] Invalid RTN lea rax, ptr [rip+0xd729]
 [tid:1870450] Invalid RTN test esi, 0x800
 [tid:1870450] Invalid RTN jnz 0x7f5367bb0794
 [tid:1870450] Invalid RTN ret 
 [tid:1870450] Invalid RTN nop edx, edi
 [tid:1870450] Invalid RTN mov rdx, qword ptr [rip+0x32f31d]
 [tid:1870450] Invalid RTN mov ecx, dword ptr [rdx+0xb0]
 [tid:1870450] Invalid RTN test cl, 0x20
 [tid:1870450] Invalid RTN jz 0x7f5367bb1b78
 [tid:1870450] Invalid RTN mov esi, dword ptr [rdx+0x17c]
 [tid:1870450] Invalid RTN test esi, 0x100
 [tid:1870450] Invalid RTN jz 0x7f5367bb1b78
 [tid:1870450] Invalid RTN test ecx, ecx
 [tid:1870450] Invalid RTN js 0x7f5367bb1bb0
 [tid:1870450] Invalid RTN lea rax, ptr [rip+0x11201]
 [tid:1870450] Invalid RTN and ch, 0x8
 [tid:1870450] Invalid RTN jnz 0x7f5367bb1bab
 [tid:1870450] Invalid RTN and esi, 0x800
 [tid:1870450] Invalid RTN lea rax, ptr [rip+0x88bf]
 [tid:1870450] Invalid RTN jz 0x7f5367bb1bab
 [tid:1870450] Invalid RTN nop dword ptr [rax+rax*1]
 [tid:1870450] Invalid RTN mov ecx, dword ptr [rdx+0x94]
 [tid:1870450] Invalid RTN test ecx, 0x100000
 [tid:1870450] Invalid RTN jz 0x7f5367bb1b96
 [tid:1870450] Invalid RTN ret 
 [tid:1870450] Invalid RTN nop edx, edi
 [tid:1870450] Invalid RTN mov rdx, qword ptr [rip+0x330efd]
 [tid:1870450] Invalid RTN mov ecx, dword ptr [rdx+0xb0]
 [tid:1870450] Invalid RTN mov esi, dword ptr [rdx+0x17c]
 [tid:1870450] Invalid RTN test cl, 0x20
 [tid:1870450] Invalid RTN jz 0x7f5367baff74
 [tid:1870450] Invalid RTN test esi, 0x100
 [tid:1870450] Invalid RTN jnz 0x7f5367baffa0
 [tid:1870450] Invalid RTN and esi, 0x10
 [tid:1870450] Invalid RTN lea rax, ptr [rip-0x75dae]
 [tid:1870450] Invalid RTN jnz 0x7f5367baff99
 [tid:1870450] Invalid RTN test ecx, ecx
 [tid:1870450] Invalid RTN js 0x7f5367baffc0
 [tid:1870450] Invalid RTN lea rax, ptr [rip+0x137d5]
 [tid:1870450] Invalid RTN and ch, 0x8
 [tid:1870450] Invalid RTN jnz 0x7f5367baff99
 [tid:1870450] Invalid RTN lea rax, ptr [rip+0xae89]
 [tid:1870450] Invalid RTN test esi, 0x800
 [tid:1870450] Invalid RTN jnz 0x7f5367baff74
 [tid:1870450] Invalid RTN ret 
 [tid:1870450] Invalid RTN nop edx, edi
 [tid:1870450] Invalid RTN mov rcx, qword ptr [rip+0x33064d]
 [tid:1870450] Invalid RTN lea rax, ptr [rip-0x69252]
 [tid:1870450] Invalid RTN mov edx, dword ptr [rcx+0xb0]
 [tid:1870450] Invalid RTN mov esi, edx
 [tid:1870450] Invalid RTN and esi, 0x120
 [tid:1870450] Invalid RTN cmp esi, 0x120
 [tid:1870450] Invalid RTN jz 0x7f5367bb0830
 [tid:1870450] Invalid RTN ret 
 [tid:1870450] Invalid RTN mov ecx, dword ptr [rcx+0x17c]
 [tid:1870450] Invalid RTN test ch, 0x1
 [tid:1870450] Invalid RTN jz 0x7f5367bb0828
 [tid:1870450] Invalid RTN test edx, edx
 [tid:1870450] Invalid RTN js 0x7f5367bb0868
 [tid:1870450] Invalid RTN lea rax, ptr [rip+0x16d1a]
 [tid:1870450] Invalid RTN and dh, 0x8
 [tid:1870450] Invalid RTN jnz 0x7f5367bb0828
 [tid:1870450] Invalid RTN and ch, 0x8
 [tid:1870450] Invalid RTN lea rdx, ptr [rip+0xe2db]
 [tid:1870450] Invalid RTN lea rax, ptr [rip-0x6929c]
 [tid:1870450] Invalid RTN cmovz rax, rdx
 [tid:1870450] Invalid RTN ret 
 [tid:1870450] Invalid RTN nop edx, edi
 [tid:1870450] Invalid RTN sub rsp, 0x28
 [tid:1870450] Invalid RTN mov esi, 0x32
 [tid:1870450] Invalid RTN lea rax, ptr [rip+0x9e3e4]
 [tid:1870450] Invalid RTN mov edx, 0x5f
 [tid:1870450] Invalid RTN mov qword ptr [rsp], rax
 [tid:1870450] Invalid RTN lea rcx, ptr [rip+0x9e3d9]
 [tid:1870450] Invalid RTN mov rax, 0x103ae75f6
 [tid:1870450] Invalid RTN mov qword ptr [rsp+0x8], rax
 [tid:1870450] Invalid RTN mov eax, 0x50e3a8
 [tid:1870450] Invalid RTN shl rax, 0x4
 [tid:1870450] Invalid RTN add rcx, 0x1
 [tid:1870450] Invalid RTN add rax, rdx
 [tid:1870450] Invalid RTN mov rdx, rax
 [tid:1870450] Invalid RTN shr rdx, 0x18
 [tid:1870450] Invalid RTN and edx, 0xf0
 [tid:1870450] Invalid RTN xor rax, rdx
 [tid:1870450] Invalid RTN test sil, sil
 [tid:1870450] Invalid RTN jz 0x7f5367c088f8
 [tid:1870450] Invalid RTN movzx edx, sil
 [tid:1870450] Invalid RTN movzx esi, byte ptr [rcx+0x1]
 [tid:1870450] Invalid RTN jmp 0x7f5367c088c8
 [tid:1870450] Invalid RTN shl rax, 0x4
 [tid:1870450] Invalid RTN add rcx, 0x1
 [tid:1870450] Invalid RTN add rax, rdx
 [tid:1870450] Invalid RTN mov rdx, rax
 [tid:1870450] Invalid RTN shr rdx, 0x18
 [tid:1870450] Invalid RTN and edx, 0xf0
 [tid:1870450] Invalid RTN xor rax, rdx
 [tid:1870450] Invalid RTN test sil, sil
 [tid:1870450] Invalid RTN jz 0x7f5367c088f8
 [tid:1870450] Invalid RTN movzx edx, sil
 [tid:1870450] Invalid RTN movzx esi, byte ptr [rcx+0x1]
 [tid:1870450] Invalid RTN jmp 0x7f5367c088c8
 [tid:1870450] Invalid RTN and eax, 0xfffffff
 [tid:1870450] Invalid RTN cmp rax, 0x3ae75f6
 [tid:1870450] Invalid RTN jnz 0x7f5367c08930
 [tid:1870450] Invalid RTN mov rsi, rsp
 [tid:1870450] Invalid RTN lea rdi, ptr [rip+0x9fd82]
 [tid:1870450] Invalid RTN mov qword ptr [rsp+0x10], 0x0
 [tid:1870450] Invalid RTN call 0x7f5367c8a710
 [tid:1870450] Invalid RTN nop edx, edi
 [tid:1870450] Invalid RTN sub rsp, 0x38
 [tid:1870450] Invalid RTN mov r8, rsi
 [tid:1870450] Invalid RTN mov rax, qword ptr fs:[0x28]
 [tid:1870450] Invalid RTN mov qword ptr [rsp+0x28], rax
 [tid:1870450] Invalid RTN xor eax, eax
 [tid:1870450] Invalid RTN mov rax, qword ptr [rip+0x256726]
 [tid:1870450] Invalid RTN mov rsi, qword ptr [rax+0x248]
 [tid:1870450] Invalid RTN test rsi, rsi
 [tid:1870450] Invalid RTN jz 0x7f5367c8a79a
 [tid:1870450] Invalid RTN lea rdx, ptr [rsp+0x10]
 [tid:1870450] Invalid RTN pxor xmm0, xmm0
 [tid:1870450] Invalid RTN xor r9d, r9d
 [tid:1870450] Invalid RTN mov qword ptr [rsp+0x20], 0x0
 [tid:1870450] Invalid RTN movaps xmmword ptr [rsp+0x10], xmm0
 [tid:1870450] Invalid RTN lea rcx, ptr [rsi+0x398]
 [tid:1870450] Invalid RTN mov qword ptr [rsp+0x8], rdx
 [tid:1870450] Invalid RTN lea rdx, ptr [rsp+0x8]
 [tid:1870450] Invalid RTN mov byte ptr [rsp+0x14], 0x20
 [tid:1870450] Invalid RTN push 0x0
 [tid:1870450] Invalid RTN push 0x0
 [tid:1870450] Invalid RTN call qword ptr [rax+0x268]
 [tid:1870450] Invalid RTN mov rsi, qword ptr [rsp+0x18]
 [tid:1870450] Invalid RTN pop rdx
 [tid:1870450] Invalid RTN pop rcx
 [tid:1870450] Invalid RTN test rsi, rsi
 [tid:1870450] Invalid RTN jz 0x7f5367c8a79a
 [tid:1870450] Invalid RTN cmp word ptr [rsi+0x6], 0xfff1
 [tid:1870450] Invalid RTN jz 0x7f5367c8a7b8
 [tid:1870450] Invalid RTN test rax, rax
 [tid:1870450] Invalid RTN jz 0x7f5367c8a7b8
 [tid:1870450] Invalid RTN mov rax, qword ptr [rax]
 [tid:1870450] Invalid RTN add rax, qword ptr [rsi+0x8]
 [tid:1870450] Invalid RTN mov rsi, rax
 [tid:1870450] Invalid RTN mov rcx, qword ptr [rsp+0x28]
 [tid:1870450] Invalid RTN xor rcx, qword ptr fs:[0x28]
 [tid:1870450] Invalid RTN mov rax, rsi
 [tid:1870450] Invalid RTN jnz 0x7f5367c8a7bc
 [tid:1870450] Invalid RTN add rsp, 0x38
 [tid:1870450] Invalid RTN ret 
 [tid:1870450] Invalid RTN lea rdx, ptr [rip-0xa4]
 [tid:1870450] Invalid RTN test rax, rax
 [tid:1870450] Invalid RTN cmovz rax, rdx
 [tid:1870450] Invalid RTN add rsp, 0x28
 [tid:1870450] Invalid RTN ret 
 [tid:1870450] Invalid RTN nop edx, edi
 [tid:1870450] Invalid RTN mov rcx, qword ptr [rip+0x32db4d]
 [tid:1870450] Invalid RTN lea rax, ptr [rip-0x7cc52]
 [tid:1870450] Invalid RTN mov edx, dword ptr [rcx+0xb0]
 [tid:1870450] Invalid RTN mov esi, edx
 [tid:1870450] Invalid RTN and esi, 0x120
 [tid:1870450] Invalid RTN cmp esi, 0x120
 [tid:1870450] Invalid RTN jz 0x7f5367bb3330
 [tid:1870450] Invalid RTN ret 
 [tid:1870450] Invalid RTN mov ecx, dword ptr [rcx+0x17c]
 [tid:1870450] Invalid RTN test ch, 0x1
 [tid:1870450] Invalid RTN jz 0x7f5367bb3328
 [tid:1870450] Invalid RTN mov esi, edx
 [tid:1870450] Invalid RTN and esi, 0x800
 [tid:1870450] Invalid RTN test edx, edx
 [tid:1870450] Invalid RTN js 0x7f5367bb3370
 [tid:1870450] Invalid RTN lea rax, ptr [rip+0xeb32]
 [tid:1870450] Invalid RTN test esi, esi
 [tid:1870450] Invalid RTN jnz 0x7f5367bb3328
 [tid:1870450] Invalid RTN and ch, 0x8
 [tid:1870450] Invalid RTN lea rdx, ptr [rip+0x6224]
 [tid:1870450] Invalid RTN lea rax, ptr [rip-0x7cca3]
 [tid:1870450] Invalid RTN cmovz rax, rdx
 [tid:1870450] Invalid RTN ret 
 [tid:1870450] Invalid RTN nop edx, edi
 [tid:1870450] Invalid RTN mov rcx, qword ptr [rip+0x2e990d]
 [tid:1870450] Invalid RTN lea rax, ptr [rip-0xae102]
 [tid:1870450] Invalid RTN mov edx, dword ptr [rcx+0xb0]
 [tid:1870450] Invalid RTN mov esi, edx
 [tid:1870450] Invalid RTN and esi, 0x120
 [tid:1870450] Invalid RTN cmp esi, 0x120
 [tid:1870450] Invalid RTN jz 0x7f5367bf7570
 [tid:1870450] Invalid RTN ret 
 [tid:1870450] Invalid RTN mov ecx, dword ptr [rcx+0x17c]
 [tid:1870450] Invalid RTN test ch, 0x1
 [tid:1870450] Invalid RTN jz 0x7f5367bf7568
 [tid:1870450] Invalid RTN mov esi, edx
 [tid:1870450] Invalid RTN and esi, 0x800
 [tid:1870450] Invalid RTN test edx, edx
 [tid:1870450] Invalid RTN js 0x7f5367bf75b0
 [tid:1870450] Invalid RTN lea rax, ptr [rip-0x2e7ae]
 [tid:1870450] Invalid RTN test esi, esi
 [tid:1870450] Invalid RTN jnz 0x7f5367bf7568
 [tid:1870450] Invalid RTN and ch, 0x8
 [tid:1870450] Invalid RTN lea rdx, ptr [rip-0x3721c]
 [tid:1870450] Invalid RTN lea rax, ptr [rip-0xae153]
 [tid:1870450] Invalid RTN cmovz rax, rdx
 [tid:1870450] Invalid RTN ret 
 [tid:1870450] Invalid RTN nop edx, edi
 [tid:1870450] Invalid RTN mov rcx, qword ptr [rip+0x2e9fed]
 [tid:1870450] Invalid RTN lea rax, ptr [rip-0xaefe2]
 [tid:1870450] Invalid RTN mov edx, dword ptr [rcx+0xb0]
 [tid:1870450] Invalid RTN mov esi, edx
 [tid:1870450] Invalid RTN and esi, 0x120
 [tid:1870450] Invalid RTN cmp esi, 0x120
 [tid:1870450] Invalid RTN jz 0x7f5367bf6e90
 [tid:1870450] Invalid RTN ret 
 [tid:1870450] Invalid RTN mov ecx, dword ptr [rcx+0x17c]
 [tid:1870450] Invalid RTN test ch, 0x1
 [tid:1870450] Invalid RTN jz 0x7f5367bf6e88
 [tid:1870450] Invalid RTN test edx, edx
 [tid:1870450] Invalid RTN js 0x7f5367bf6ec8
 [tid:1870450] Invalid RTN lea rax, ptr [rip-0x2f466]
 [tid:1870450] Invalid RTN and dh, 0x8
 [tid:1870450] Invalid RTN jnz 0x7f5367bf6e88
 [tid:1870450] Invalid RTN and ch, 0x8
 [tid:1870450] Invalid RTN lea rdx, ptr [rip-0x37e85]
 [tid:1870450] Invalid RTN lea rax, ptr [rip-0xaf02c]
 [tid:1870450] Invalid RTN cmovz rax, rdx
 [tid:1870450] Invalid RTN ret 
 [tid:1870450] Invalid RTN nop edx, edi
 [tid:1870450] Invalid RTN mov rcx, qword ptr [rip+0x32f6cd]
 [tid:1870450] Invalid RTN lea rax, ptr [rip-0x7bd22]
 [tid:1870450] Invalid RTN mov edx, dword ptr [rcx+0x17c]
 [tid:1870450] Invalid RTN test dh, 0x30
 [tid:1870450] Invalid RTN jnz 0x7f5367bb1813
 [tid:1870450] Invalid RTN mov esi, dword ptr [rcx+0xb0]
 [tid:1870450] Invalid RTN test esi, 0x10000
 [tid:1870450] Invalid RTN jnz 0x7f5367bb1818
 [tid:1870450] Invalid RTN test dh, 0x1
 [tid:1870450] Invalid RTN jz 0x7f5367bb17f0
 [tid:1870450] Invalid RTN test esi, esi
 [tid:1870450] Invalid RTN js 0x7f5367bb1868
 [tid:1870450] Invalid RTN test esi, 0x800
 [tid:1870450] Invalid RTN jz 0x7f5367bb17e0
 [tid:1870450] Invalid RTN and esi, 0x200
 [tid:1870450] Invalid RTN lea rdx, ptr [rip+0xf983]
 [tid:1870450] Invalid RTN lea rax, ptr [rip+0xf9ec]
 [tid:1870450] Invalid RTN cmovz rax, rdx
 [tid:1870450] Invalid RTN ret 
 [tid:1870450] Invalid RTN test dh, 0x8
 [tid:1870450] Invalid RTN jz 0x7f5367bb1888
 [tid:1870450] Invalid RTN nop dword ptr [rax]
 [tid:1870450] Invalid RTN test byte ptr [rcx+0x95], 0x2
 [tid:1870450] Invalid RTN jz 0x7f5367bb1848
 [tid:1870450] Invalid RTN test dl, 0x20
 [tid:1870450] Invalid RTN jnz 0x7f5367bb1848
 [tid:1870450] Invalid RTN and esi, 0x200
 [tid:1870450] Invalid RTN lea rdx, ptr [rip+0x6fdb]
 [tid:1870450] Invalid RTN lea rax, ptr [rip+0x7044]
 [tid:1870450] Invalid RTN cmovz rax, rdx
 [tid:1870450] Invalid RTN ret 
 [tid:1870450] Invalid RTN nop edx, edi
 [tid:1870450] Invalid RTN mov rax, qword ptr [rip+0x32f99d]
 [tid:1870450] Invalid RTN mov ecx, dword ptr [rax+0xb0]
 [tid:1870450] Invalid RTN mov edx, dword ptr [rax+0x94]
 [tid:1870450] Invalid RTN test cl, 0x20
 [tid:1870450] Invalid RTN jz 0x7f5367bb1510
 [tid:1870450] Invalid RTN test edx, 0x400000
 [tid:1870450] Invalid RTN jz 0x7f5367bb1510
 [tid:1870450] Invalid RTN test ch, 0x1
 [tid:1870450] Invalid RTN jz 0x7f5367bb1510
 [tid:1870450] Invalid RTN mov esi, dword ptr [rax+0x17c]
 [tid:1870450] Invalid RTN test esi, 0x100
 [tid:1870450] Invalid RTN jz 0x7f5367bb1510
 [tid:1870450] Invalid RTN test ecx, ecx
 [tid:1870450] Invalid RTN js 0x7f5367bb1530
 [tid:1870450] Invalid RTN lea rax, ptr [rip+0xf84e]
 [tid:1870450] Invalid RTN and ch, 0x8
 [tid:1870450] Invalid RTN jnz 0x7f5367bb1525
 [tid:1870450] Invalid RTN and esi, 0x800
 [tid:1870450] Invalid RTN lea rax, ptr [rip+0x6f5c]
 [tid:1870450] Invalid RTN jz 0x7f5367bb1525
 [tid:1870450] Invalid RTN nop word ptr [rax+rax*1]
 [tid:1870450] Invalid RTN and dh, 0x2
 [tid:1870450] Invalid RTN lea rax, ptr [rip-0x7bf1a]
 [tid:1870450] Invalid RTN lea rdx, ptr [rip+0x216df]
 [tid:1870450] Invalid RTN cmovnz rax, rdx
 [tid:1870450] Invalid RTN ret 
 [tid:1870450] Invalid RTN ret 
 [tid:1870450] Invalid RTN nop edx, edi
 [tid:1870450] Invalid RTN mov rdx, qword ptr [rip+0x33077d]
 [tid:1870450] Invalid RTN mov ecx, dword ptr [rdx+0xb0]
 [tid:1870450] Invalid RTN test cl, 0x20
 [tid:1870450] Invalid RTN jz 0x7f5367bb0718
 [tid:1870450] Invalid RTN mov esi, dword ptr [rdx+0x17c]
 [tid:1870450] Invalid RTN test esi, 0x100
 [tid:1870450] Invalid RTN jz 0x7f5367bb0718
 [tid:1870450] Invalid RTN test ecx, ecx
 [tid:1870450] Invalid RTN js 0x7f5367bb0750
 [tid:1870450] Invalid RTN lea rax, ptr [rip+0x15b61]
 [tid:1870450] Invalid RTN and ch, 0x8
 [tid:1870450] Invalid RTN jnz 0x7f5367bb074b
 [tid:1870450] Invalid RTN and esi, 0x800
 [tid:1870450] Invalid RTN lea rax, ptr [rip+0xd19f]
 [tid:1870450] Invalid RTN jz 0x7f5367bb074b
 [tid:1870450] Invalid RTN nop dword ptr [rax+rax*1]
 [tid:1870450] Invalid RTN mov ecx, dword ptr [rdx+0x94]
 [tid:1870450] Invalid RTN test ecx, 0x100000
 [tid:1870450] Invalid RTN jz 0x7f5367bb0736
 [tid:1870450] Invalid RTN ret 
 [tid:1870450] Invalid RTN nop edx, edi
 [tid:1870450] Invalid RTN mov rdx, qword ptr [rip+0x330ded]
 [tid:1870450] Invalid RTN mov ecx, dword ptr [rdx+0xb0]
 [tid:1870450] Invalid RTN mov esi, dword ptr [rdx+0x17c]
 [tid:1870450] Invalid RTN test cl, 0x20
 [tid:1870450] Invalid RTN jz 0x7f5367bb0084
 [tid:1870450] Invalid RTN test esi, 0x100
 [tid:1870450] Invalid RTN jnz 0x7f5367bb00b0
 [tid:1870450] Invalid RTN and esi, 0x10
 [tid:1870450] Invalid RTN lea rax, ptr [rip-0x7211e]
 [tid:1870450] Invalid RTN jnz 0x7f5367bb00a9
 [tid:1870450] Invalid RTN test ecx, ecx
 [tid:1870450] Invalid RTN js 0x7f5367bb00d0
 [tid:1870450] Invalid RTN lea rax, ptr [rip+0x14195]
 [tid:1870450] Invalid RTN and ch, 0x8
 [tid:1870450] Invalid RTN jnz 0x7f5367bb00a9
 [tid:1870450] Invalid RTN lea rax, ptr [rip+0xb829]
 [tid:1870450] Invalid RTN test esi, 0x800
 [tid:1870450] Invalid RTN jnz 0x7f5367bb0084
 [tid:1870450] Invalid RTN ret 
 [tid:1870450] Invalid RTN nop edx, edi
 [tid:1870450] Invalid RTN mov rdx, qword ptr [rip+0x32f7cd]
 [tid:1870450] Invalid RTN lea rax, ptr [rip-0x7b152]
 [tid:1870450] Invalid RTN mov ecx, dword ptr [rdx+0x17c]
 [tid:1870450] Invalid RTN test ch, 0x10
 [tid:1870450] Invalid RTN jnz 0x7f5367bb16f4
 [tid:1870450] Invalid RTN mov edx, dword ptr [rdx+0xb0]
 [tid:1870450] Invalid RTN test edx, 0x10000
 [tid:1870450] Invalid RTN jnz 0x7f5367bb16f8
 [tid:1870450] Invalid RTN mov eax, edx
 [tid:1870450] Invalid RTN and eax, 0x200
 [tid:1870450] Invalid RTN test dl, 0x20
 [tid:1870450] Invalid RTN jz 0x7f5367bb16e0
 [tid:1870450] Invalid RTN test edx, edx
 [tid:1870450] Invalid RTN js 0x7f5367bb1748
 [tid:1870450] Invalid RTN and dh, 0x8
 [tid:1870450] Invalid RTN jnz 0x7f5367bb1730
 [tid:1870450] Invalid RTN and ch, 0x8
 [tid:1870450] Invalid RTN jnz 0x7f5367bb16e0
 [tid:1870450] Invalid RTN test eax, eax
 [tid:1870450] Invalid RTN lea rdx, ptr [rip+0x7cbe]
 [tid:1870450] Invalid RTN lea rax, ptr [rip+0x7d67]
 [tid:1870450] Invalid RTN cmovz rax, rdx
 [tid:1870450] Invalid RTN ret 
 [tid:1870450] Invalid RTN nop edx, edi
 [tid:1870450] Invalid RTN mov rcx, qword ptr [rip+0x2ea06d]
 [tid:1870450] Invalid RTN lea rax, ptr [rip-0xaf0f2]
 [tid:1870450] Invalid RTN mov edx, dword ptr [rcx+0xb0]
 [tid:1870450] Invalid RTN mov esi, edx
 [tid:1870450] Invalid RTN and esi, 0x120
 [tid:1870450] Invalid RTN cmp esi, 0x120
 [tid:1870450] Invalid RTN jz 0x7f5367bf6e10
 [tid:1870450] Invalid RTN ret 
 [tid:1870450] Invalid RTN mov ecx, dword ptr [rcx+0x17c]
 [tid:1870450] Invalid RTN test ch, 0x1
 [tid:1870450] Invalid RTN jz 0x7f5367bf6e08
 [tid:1870450] Invalid RTN test edx, edx
 [tid:1870450] Invalid RTN js 0x7f5367bf6e48
 [tid:1870450] Invalid RTN lea rax, ptr [rip-0x2f626]
 [tid:1870450] Invalid RTN and dh, 0x8
 [tid:1870450] Invalid RTN jnz 0x7f5367bf6e08
 [tid:1870450] Invalid RTN and ch, 0x8
 [tid:1870450] Invalid RTN lea rdx, ptr [rip-0x38055]
 [tid:1870450] Invalid RTN lea rax, ptr [rip-0xaf13c]
 [tid:1870450] Invalid RTN cmovz rax, rdx
 [tid:1870450] Invalid RTN ret 
 [tid:1870450] Invalid RTN nop edx, edi
 [tid:1870450] Invalid RTN mov rcx, qword ptr [rip+0x33088d]
 [tid:1870450] Invalid RTN lea rax, ptr [rip-0x69232]
 [tid:1870450] Invalid RTN mov edx, dword ptr [rcx+0xb0]
 [tid:1870450] Invalid RTN mov esi, edx
 [tid:1870450] Invalid RTN and esi, 0x120
 [tid:1870450] Invalid RTN cmp esi, 0x120
 [tid:1870450] Invalid RTN jz 0x7f5367bb05f0
 [tid:1870450] Invalid RTN ret 
 [tid:1870450] Invalid RTN mov ecx, dword ptr [rcx+0x17c]
 [tid:1870450] Invalid RTN test ch, 0x1
 [tid:1870450] Invalid RTN jz 0x7f5367bb05e8
 [tid:1870450] Invalid RTN test edx, edx
 [tid:1870450] Invalid RTN js 0x7f5367bb0628
 [tid:1870450] Invalid RTN lea rax, ptr [rip+0x16c5a]
 [tid:1870450] Invalid RTN and dh, 0x8
 [tid:1870450] Invalid RTN jnz 0x7f5367bb05e8
 [tid:1870450] Invalid RTN and ch, 0x8
 [tid:1870450] Invalid RTN lea rdx, ptr [rip+0xe24b]
 [tid:1870450] Invalid RTN lea rax, ptr [rip-0x6927c]
 [tid:1870450] Invalid RTN cmovz rax, rdx
 [tid:1870450] Invalid RTN ret 
 [tid:1870450] Invalid RTN nop edx, edi
 [tid:1870450] Invalid RTN mov rax, qword ptr [rip+0x330cad]
 [tid:1870450] Invalid RTN lea rdx, ptr [rip+0x453ce]
 [tid:1870450] Invalid RTN test byte ptr [rax+0x96], 0x10
 [tid:1870450] Invalid RTN lea rax, ptr [rip+0x45530]
 [tid:1870450] Invalid RTN cmovnz rax, rdx
 [tid:1870450] Invalid RTN ret 
 [tid:1870450] Invalid RTN nop edx, edi
 [tid:1870450] Invalid RTN mov rdx, qword ptr [rip+0x32f27d]
 [tid:1870450] Invalid RTN mov ecx, dword ptr [rdx+0xb0]
 [tid:1870450] Invalid RTN test cl, 0x20
 [tid:1870450] Invalid RTN jz 0x7f5367bb1c18
 [tid:1870450] Invalid RTN mov esi, dword ptr [rdx+0x17c]
 [tid:1870450] Invalid RTN test esi, 0x100
 [tid:1870450] Invalid RTN jz 0x7f5367bb1c18
 [tid:1870450] Invalid RTN test ecx, ecx
 [tid:1870450] Invalid RTN js 0x7f5367bb1c50
 [tid:1870450] Invalid RTN lea rax, ptr [rip+0x130d1]
 [tid:1870450] Invalid RTN and ch, 0x8
 [tid:1870450] Invalid RTN jnz 0x7f5367bb1c4b
 [tid:1870450] Invalid RTN and esi, 0x800
 [tid:1870450] Invalid RTN lea rax, ptr [rip+0xa74f]
 [tid:1870450] Invalid RTN jz 0x7f5367bb1c4b
 [tid:1870450] Invalid RTN nop dword ptr [rax+rax*1]
 [tid:1870450] Invalid RTN mov ecx, dword ptr [rdx+0x94]
 [tid:1870450] Invalid RTN test ecx, 0x100000
 [tid:1870450] Invalid RTN jz 0x7f5367bb1c36
 [tid:1870450] Invalid RTN ret 
 [tid:1870450] Invalid RTN nop edx, edi
 [tid:1870450] Invalid RTN mov rdx, qword ptr [rip+0x330d3d]
 [tid:1870450] Invalid RTN mov ecx, dword ptr [rdx+0xb0]
 [tid:1870450] Invalid RTN mov esi, dword ptr [rdx+0x17c]
 [tid:1870450] Invalid RTN test cl, 0x20
 [tid:1870450] Invalid RTN jz 0x7f5367bb0134
 [tid:1870450] Invalid RTN test esi, 0x100
 [tid:1870450] Invalid RTN jnz 0x7f5367bb0160
 [tid:1870450] Invalid RTN and esi, 0x10
 [tid:1870450] Invalid RTN lea rax, ptr [rip-0x71e2e]
 [tid:1870450] Invalid RTN jnz 0x7f5367bb0159
 [tid:1870450] Invalid RTN test ecx, ecx
 [tid:1870450] Invalid RTN js 0x7f5367bb0180
 [tid:1870450] Invalid RTN lea rax, ptr [rip+0x14645]
 [tid:1870450] Invalid RTN and ch, 0x8
 [tid:1870450] Invalid RTN jnz 0x7f5367bb0159
 [tid:1870450] Invalid RTN lea rax, ptr [rip+0xbcd9]
 [tid:1870450] Invalid RTN test esi, 0x800
 [tid:1870450] Invalid RTN jnz 0x7f5367bb0134
 [tid:1870450] Invalid RTN ret 
 [tid:1870450] Invalid RTN nop edx, edi
 [tid:1870450] Invalid RTN mov rcx, qword ptr [rip+0x32f03d]
 [tid:1870450] Invalid RTN lea rax, ptr [rip-0x7c382]
 [tid:1870450] Invalid RTN mov edx, dword ptr [rcx+0x17c]
 [tid:1870450] Invalid RTN test dh, 0x30
 [tid:1870450] Invalid RTN jnz 0x7f5367bb1ea3
 [tid:1870450] Invalid RTN mov esi, dword ptr [rcx+0xb0]
 [tid:1870450] Invalid RTN test esi, 0x10000
 [tid:1870450] Invalid RTN jnz 0x7f5367bb1ea8
 [tid:1870450] Invalid RTN test dh, 0x1
 [tid:1870450] Invalid RTN jz 0x7f5367bb1e80
 [tid:1870450] Invalid RTN test esi, esi
 [tid:1870450] Invalid RTN js 0x7f5367bb1ef8
 [tid:1870450] Invalid RTN test esi, 0x800
 [tid:1870450] Invalid RTN jz 0x7f5367bb1e70
 [tid:1870450] Invalid RTN and esi, 0x200
 [tid:1870450] Invalid RTN lea rdx, ptr [rip+0xf313]
 [tid:1870450] Invalid RTN lea rax, ptr [rip+0xf37c]
 [tid:1870450] Invalid RTN cmovz rax, rdx
 [tid:1870450] Invalid RTN ret 
 [tid:1870450] Invalid RTN test dh, 0x8
 [tid:1870450] Invalid RTN jz 0x7f5367bb1f18
 [tid:1870450] Invalid RTN nop dword ptr [rax]
 [tid:1870450] Invalid RTN test byte ptr [rcx+0x95], 0x2
 [tid:1870450] Invalid RTN jz 0x7f5367bb1ed8
 [tid:1870450] Invalid RTN test dl, 0x20
 [tid:1870450] Invalid RTN jnz 0x7f5367bb1ed8
 [tid:1870450] Invalid RTN and esi, 0x200
 [tid:1870450] Invalid RTN lea rdx, ptr [rip+0x696b]
 [tid:1870450] Invalid RTN lea rax, ptr [rip+0x69d4]
 [tid:1870450] Invalid RTN cmovz rax, rdx
 [tid:1870450] Invalid RTN ret 
 [tid:1870450] Invalid RTN nop edx, edi
 [tid:1870450] Invalid RTN mov rdx, qword ptr [rip+0x2e856d]
 [tid:1870450] Invalid RTN mov ecx, dword ptr [rdx+0xb0]
 [tid:1870450] Invalid RTN mov eax, ecx
 [tid:1870450] Invalid RTN and eax, 0x120
 [tid:1870450] Invalid RTN cmp eax, 0x120
 [tid:1870450] Invalid RTN jz 0x7f5367bf8920
 [tid:1870450] Invalid RTN test byte ptr [rdx+0x96], 0x8
 [tid:1870450] Invalid RTN lea rax, ptr [rip+0xefd3]
 [tid:1870450] Invalid RTN lea rdx, ptr [rip-0xaf9d4]
 [tid:1870450] Invalid RTN cmovnz rax, rdx
 [tid:1870450] Invalid RTN ret 
 [tid:1870450] Invalid RTN mov esi, dword ptr [rdx+0x17c]
 [tid:1870450] Invalid RTN test esi, 0x100
 [tid:1870450] Invalid RTN jz 0x7f5367bf88ff
 [tid:1870450] Invalid RTN test ecx, ecx
 [tid:1870450] Invalid RTN js 0x7f5367bf8950
 [tid:1870450] Invalid RTN lea rax, ptr [rip-0x30199]
 [tid:1870450] Invalid RTN and ch, 0x8
 [tid:1870450] Invalid RTN jnz 0x7f5367bf8918
 [tid:1870450] Invalid RTN and esi, 0x800
 [tid:1870450] Invalid RTN lea rax, ptr [rip-0x38beb]
 [tid:1870450] Invalid RTN jnz 0x7f5367bf88ff
 [tid:1870450] Invalid RTN ret 
 [tid:1870450] Invalid RTN nop edx, edi
 [tid:1870450] Invalid RTN mov rdx, qword ptr [rip+0x2e97bd]
 [tid:1870450] Invalid RTN lea rax, ptr [rip-0xc1212]
 [tid:1870450] Invalid RTN mov ecx, dword ptr [rdx+0xb0]
 [tid:1870450] Invalid RTN test cl, 0x20
 [tid:1870450] Invalid RTN jz 0x7f5367bf76dd
 [tid:1870450] Invalid RTN mov edx, dword ptr [rdx+0x17c]
 [tid:1870450] Invalid RTN test dh, 0x1
 [tid:1870450] Invalid RTN jz 0x7f5367bf76dd
 [tid:1870450] Invalid RTN test ecx, ecx
 [tid:1870450] Invalid RTN js 0x7f5367bf76e0
 [tid:1870450] Invalid RTN lea rax, ptr [rip-0x35ab3]
 [tid:1870450] Invalid RTN and ch, 0x8
 [tid:1870450] Invalid RTN jnz 0x7f5367bf76dd
 [tid:1870450] Invalid RTN and dh, 0x8
 [tid:1870450] Invalid RTN lea rax, ptr [rip-0xc1242]
 [tid:1870450] Invalid RTN lea rdx, ptr [rip-0x3e3c9]
 [tid:1870450] Invalid RTN cmovz rax, rdx
 [tid:1870450] Invalid RTN ret 
 [tid:1870450] Invalid RTN nop edx, edi
 [tid:1870450] Invalid RTN mov rax, qword ptr [rip+0x3305cd]
 [tid:1870450] Invalid RTN lea rdx, ptr [rip+0x4508e]
 [tid:1870450] Invalid RTN test byte ptr [rax+0x96], 0x10
 [tid:1870450] Invalid RTN lea rax, ptr [rip+0x451b0]
 [tid:1870450] Invalid RTN cmovnz rax, rdx
 [tid:1870450] Invalid RTN ret 
 [tid:1870450] Invalid RTN nop edx, edi
 [tid:1870450] Invalid RTN mov rax, qword ptr [rip+0x330e6d]
 [tid:1870450] Invalid RTN mov edx, dword ptr [rax+0xb0]
 [tid:1870450] Invalid RTN mov ecx, dword ptr [rax+0x17c]
 [tid:1870450] Invalid RTN mov eax, edx
 [tid:1870450] Invalid RTN and eax, 0x120
 [tid:1870450] Invalid RTN cmp eax, 0x120
 [tid:1870450] Invalid RTN jz 0x7f5367bb0020
 [tid:1870450] Invalid RTN and ecx, 0x40
 [tid:1870450] Invalid RTN lea rax, ptr [rip-0x7392f]
 [tid:1870450] Invalid RTN lea rdx, ptr [rip+0x2435a]
 [tid:1870450] Invalid RTN cmovnz rax, rdx
 [tid:1870450] Invalid RTN ret 
 [tid:1870450] Invalid RTN test ch, 0x1
 [tid:1870450] Invalid RTN jz 0x7f5367bb0005
 [tid:1870450] Invalid RTN test edx, edx
 [tid:1870450] Invalid RTN js 0x7f5367bb0048
 [tid:1870450] Invalid RTN lea rax, ptr [rip+0x13df0]
 [tid:1870450] Invalid RTN and dh, 0x8
 [tid:1870450] Invalid RTN jnz 0x7f5367bb001a
 [tid:1870450] Invalid RTN lea rax, ptr [rip+0xb484]
 [tid:1870450] Invalid RTN test ch, 0x8
 [tid:1870450] Invalid RTN jnz 0x7f5367bb0005
 [tid:1870450] Invalid RTN ret 
 [tid:1870450] Invalid RTN nop edx, edi
 [tid:1870450] Invalid RTN mov rcx, qword ptr [rip+0x33090d]
 [tid:1870450] Invalid RTN lea rax, ptr [rip-0x71c12]
 [tid:1870450] Invalid RTN mov edx, dword ptr [rcx+0xb0]
 [tid:1870450] Invalid RTN mov esi, edx
 [tid:1870450] Invalid RTN and esi, 0x120
 [tid:1870450] Invalid RTN cmp esi, 0x120
 [tid:1870450] Invalid RTN jz 0x7f5367bb0570
 [tid:1870450] Invalid RTN ret 
 [tid:1870450] Invalid RTN mov ecx, dword ptr [rcx+0x17c]
 [tid:1870450] Invalid RTN test ch, 0x1
 [tid:1870450] Invalid RTN jz 0x7f5367bb0568
 [tid:1870450] Invalid RTN test edx, edx
 [tid:1870450] Invalid RTN js 0x7f5367bb05a8
 [tid:1870450] Invalid RTN lea rax, ptr [rip+0x145da]
 [tid:1870450] Invalid RTN and dh, 0x8
 [tid:1870450] Invalid RTN jnz 0x7f5367bb0568
 [tid:1870450] Invalid RTN and ch, 0x8
 [tid:1870450] Invalid RTN lea rdx, ptr [rip+0xbc4b]
 [tid:1870450] Invalid RTN lea rax, ptr [rip-0x71c5c]
 [tid:1870450] Invalid RTN cmovz rax, rdx
 [tid:1870450] Invalid RTN ret 
 [tid:1870450] Invalid RTN nop edx, edi
 [tid:1870450] Invalid RTN mov rcx, qword ptr [rip+0x328fdd]
 [tid:1870450] Invalid RTN lea rax, ptr [rip-0x81de2]
 [tid:1870450] Invalid RTN mov edx, dword ptr [rcx+0xb0]
 [tid:1870450] Invalid RTN mov esi, edx
 [tid:1870450] Invalid RTN and esi, 0x120
 [tid:1870450] Invalid RTN cmp esi, 0x120
 [tid:1870450] Invalid RTN jz 0x7f5367bb7ea0
 [tid:1870450] Invalid RTN ret 
 [tid:1870450] Invalid RTN mov ecx, dword ptr [rcx+0x17c]
 [tid:1870450] Invalid RTN test ch, 0x1
 [tid:1870450] Invalid RTN jz 0x7f5367bb7e98
 [tid:1870450] Invalid RTN test edx, edx
 [tid:1870450] Invalid RTN js 0x7f5367bb7ed8
 [tid:1870450] Invalid RTN lea rax, ptr [rip+0x99ba]
 [tid:1870450] Invalid RTN and dh, 0x8
 [tid:1870450] Invalid RTN jnz 0x7f5367bb7e98
 [tid:1870450] Invalid RTN and ch, 0x8
 [tid:1870450] Invalid RTN lea rdx, ptr [rip+0x10bb]
 [tid:1870450] Invalid RTN lea rax, ptr [rip-0x81e2c]
 [tid:1870450] Invalid RTN cmovz rax, rdx
 [tid:1870450] Invalid RTN ret 
 [tid:1870450] Invalid RTN nop edx, edi
 [tid:1870450] Invalid RTN mov rdx, qword ptr [rip+0x32f1dd]
 [tid:1870450] Invalid RTN mov ecx, dword ptr [rdx+0xb0]
 [tid:1870450] Invalid RTN test cl, 0x20
 [tid:1870450] Invalid RTN jz 0x7f5367bb1cb8
 [tid:1870450] Invalid RTN mov esi, dword ptr [rdx+0x17c]
 [tid:1870450] Invalid RTN test esi, 0x100
 [tid:1870450] Invalid RTN jz 0x7f5367bb1cb8
 [tid:1870450] Invalid RTN test ecx, ecx
 [tid:1870450] Invalid RTN js 0x7f5367bb1cf0
 [tid:1870450] Invalid RTN lea rax, ptr [rip+0x110d1]
 [tid:1870450] Invalid RTN and ch, 0x8
 [tid:1870450] Invalid RTN jnz 0x7f5367bb1ceb
 [tid:1870450] Invalid RTN and esi, 0x800
 [tid:1870450] Invalid RTN lea rax, ptr [rip+0x878f]
 [tid:1870450] Invalid RTN jz 0x7f5367bb1ceb
 [tid:1870450] Invalid RTN nop dword ptr [rax+rax*1]
 [tid:1870450] Invalid RTN mov ecx, dword ptr [rdx+0x94]
 [tid:1870450] Invalid RTN test ecx, 0x100000
 [tid:1870450] Invalid RTN jz 0x7f5367bb1cd6
 [tid:1870450] Invalid RTN ret 
 [tid:1870450] Invalid RTN nop edx, edi
 [tid:1870450] Invalid RTN mov rcx, qword ptr [rip+0x32fa2d]
 [tid:1870450] Invalid RTN lea rax, ptr [rip-0x7c162]
 [tid:1870450] Invalid RTN mov edx, dword ptr [rcx+0xb0]
 [tid:1870450] Invalid RTN mov esi, edx
 [tid:1870450] Invalid RTN and esi, 0x120
 [tid:1870450] Invalid RTN cmp esi, 0x120
 [tid:1870450] Invalid RTN jz 0x7f5367bb1450
 [tid:1870450] Invalid RTN ret 
 [tid:1870450] Invalid RTN mov ecx, dword ptr [rcx+0x17c]
 [tid:1870450] Invalid RTN test ch, 0x1
 [tid:1870450] Invalid RTN jz 0x7f5367bb1448
 [tid:1870450] Invalid RTN mov esi, edx
 [tid:1870450] Invalid RTN and esi, 0x800
 [tid:1870450] Invalid RTN test edx, edx
 [tid:1870450] Invalid RTN js 0x7f5367bb1490
 [tid:1870450] Invalid RTN lea rax, ptr [rip+0xf612]
 [tid:1870450] Invalid RTN test esi, esi
 [tid:1870450] Invalid RTN jnz 0x7f5367bb1448
 [tid:1870450] Invalid RTN and ch, 0x8
 [tid:1870450] Invalid RTN lea rdx, ptr [rip+0x6d04]
 [tid:1870450] Invalid RTN lea rax, ptr [rip-0x7c1b3]
 [tid:1870450] Invalid RTN cmovz rax, rdx
 [tid:1870450] Invalid RTN ret 
 [tid:1870450] Invalid RTN nop edx, edi
 [tid:1870450] Invalid RTN mov rdx, qword ptr [rip+0x2e9e9d]
 [tid:1870450] Invalid RTN mov ecx, dword ptr [rdx+0xb0]
 [tid:1870450] Invalid RTN mov eax, ecx
 [tid:1870450] Invalid RTN and eax, 0x120
 [tid:1870450] Invalid RTN cmp eax, 0x120
 [tid:1870450] Invalid RTN jz 0x7f5367bf6ff0
 [tid:1870450] Invalid RTN test byte ptr [rdx+0x96], 0x8
 [tid:1870450] Invalid RTN lea rax, ptr [rip-0xae47d]
 [tid:1870450] Invalid RTN lea rdx, ptr [rip-0xae244]
 [tid:1870450] Invalid RTN cmovnz rax, rdx
 [tid:1870450] Invalid RTN ret 
 [tid:1870450] Invalid RTN mov esi, dword ptr [rdx+0x17c]
 [tid:1870450] Invalid RTN test esi, 0x100
 [tid:1870450] Invalid RTN jz 0x7f5367bf6fcf
 [tid:1870450] Invalid RTN test ecx, ecx
 [tid:1870450] Invalid RTN js 0x7f5367bf7020
 [tid:1870450] Invalid RTN lea rax, ptr [rip-0x2f0a9]
 [tid:1870450] Invalid RTN and ch, 0x8
 [tid:1870450] Invalid RTN jnz 0x7f5367bf6fe8
 [tid:1870450] Invalid RTN and esi, 0x800
 [tid:1870450] Invalid RTN lea rax, ptr [rip-0x37adb]
 [tid:1870450] Invalid RTN jnz 0x7f5367bf6fcf
 [tid:1870450] Invalid RTN ret 
 [tid:1870450] Invalid RTN nop edx, edi
 [tid:1870450] Invalid RTN mov rax, qword ptr [rip+0x33030d]
 [tid:1870450] Invalid RTN lea rdx, ptr [rip+0x44f1e]
 [tid:1870450] Invalid RTN test byte ptr [rax+0x96], 0x10
 [tid:1870450] Invalid RTN lea rax, ptr [rip+0x45030]
 [tid:1870450] Invalid RTN cmovnz rax, rdx
 [tid:1870450] Invalid RTN ret 
 [tid:1870450] Invalid RTN nop edx, edi
 [tid:1870450] Invalid RTN mov rdx, qword ptr [rip+0x32f3ad]
 [tid:1870450] Invalid RTN mov ecx, dword ptr [rdx+0xb0]
 [tid:1870450] Invalid RTN mov esi, dword ptr [rdx+0x17c]
 [tid:1870450] Invalid RTN test cl, 0x20
 [tid:1870450] Invalid RTN jz 0x7f5367bb1ac4
 [tid:1870450] Invalid RTN test esi, 0x100
 [tid:1870450] Invalid RTN jnz 0x7f5367bb1af0
 [tid:1870450] Invalid RTN and esi, 0x10
 [tid:1870450] Invalid RTN lea rax, ptr [rip-0x7aa4e]
 [tid:1870450] Invalid RTN jnz 0x7f5367bb1ae9
 [tid:1870450] Invalid RTN test ecx, ecx
 [tid:1870450] Invalid RTN js 0x7f5367bb1b10
 [tid:1870450] Invalid RTN lea rax, ptr [rip+0x108a5]
 [tid:1870450] Invalid RTN and ch, 0x8
 [tid:1870450] Invalid RTN jnz 0x7f5367bb1ae9
 [tid:1870450] Invalid RTN lea rax, ptr [rip+0x7f99]
 [tid:1870450] Invalid RTN test esi, 0x800
 [tid:1870450] Invalid RTN jnz 0x7f5367bb1ac4
 [tid:1870450] Invalid RTN ret 
 [tid:1870450] Invalid RTN nop edx, edi
 [tid:1870450] Invalid RTN mov rdx, qword ptr [rip+0x32f43d]
 [tid:1870450] Invalid RTN mov ecx, dword ptr [rdx+0xb0]
 [tid:1870450] Invalid RTN mov esi, dword ptr [rdx+0x17c]
 [tid:1870450] Invalid RTN test cl, 0x20
 [tid:1870450] Invalid RTN jz 0x7f5367bb1a34
 [tid:1870450] Invalid RTN test esi, 0x100
 [tid:1870450] Invalid RTN jnz 0x7f5367bb1a60
 [tid:1870450] Invalid RTN and esi, 0x10
 [tid:1870450] Invalid RTN lea rax, ptr [rip-0x7b07e]
 [tid:1870450] Invalid RTN jnz 0x7f5367bb1a59
 [tid:1870450] Invalid RTN test ecx, ecx
 [tid:1870450] Invalid RTN js 0x7f5367bb1a80
 [tid:1870450] Invalid RTN lea rax, ptr [rip+0x10575]
 [tid:1870450] Invalid RTN and ch, 0x8
 [tid:1870450] Invalid RTN jnz 0x7f5367bb1a59
 [tid:1870450] Invalid RTN lea rax, ptr [rip+0x7c79]
 [tid:1870450] Invalid RTN test esi, 0x800
 [tid:1870450] Invalid RTN jnz 0x7f5367bb1a34
 [tid:1870450] Invalid RTN ret 
 [tid:1870450] Invalid RTN nop edx, edi
 [tid:1870450] Invalid RTN mov rcx, qword ptr [rip+0x32dabd]
 [tid:1870450] Invalid RTN lea rax, ptr [rip-0x76a92]
 [tid:1870450] Invalid RTN mov edx, dword ptr [rcx+0xb0]
 [tid:1870450] Invalid RTN mov esi, edx
 [tid:1870450] Invalid RTN and esi, 0x120
 [tid:1870450] Invalid RTN cmp esi, 0x120
 [tid:1870450] Invalid RTN jz 0x7f5367bb33c0
 [tid:1870450] Invalid RTN ret 
 [tid:1870450] Invalid RTN mov ecx, dword ptr [rcx+0x17c]
 [tid:1870450] Invalid RTN test ch, 0x1
 [tid:1870450] Invalid RTN jz 0x7f5367bb33b8
 [tid:1870450] Invalid RTN test edx, edx
 [tid:1870450] Invalid RTN js 0x7f5367bb33f8
 [tid:1870450] Invalid RTN lea rax, ptr [rip+0x10c8a]
 [tid:1870450] Invalid RTN and dh, 0x8
 [tid:1870450] Invalid RTN jnz 0x7f5367bb33b8
 [tid:1870450] Invalid RTN and ch, 0x8
 [tid:1870450] Invalid RTN lea rdx, ptr [rip+0x831b]
 [tid:1870450] Invalid RTN lea rax, ptr [rip-0x76adc]
 [tid:1870450] Invalid RTN cmovz rax, rdx
 [tid:1870450] Invalid RTN ret 
 [tid:1870450] Invalid RTN nop edx, edi
 [tid:1870450] Invalid RTN mov rdx, qword ptr [rip+0x32f13d]
 [tid:1870450] Invalid RTN mov ecx, dword ptr [rdx+0xb0]
 [tid:1870450] Invalid RTN test cl, 0x20
 [tid:1870450] Invalid RTN jz 0x7f5367bb1d58
 [tid:1870450] Invalid RTN mov esi, dword ptr [rdx+0x17c]
 [tid:1870450] Invalid RTN test esi, 0x100
 [tid:1870450] Invalid RTN jz 0x7f5367bb1d58
 [tid:1870450] Invalid RTN test ecx, ecx
 [tid:1870450] Invalid RTN js 0x7f5367bb1d90
 [tid:1870450] Invalid RTN lea rax, ptr [rip+0x12fa1]
 [tid:1870450] Invalid RTN and ch, 0x8
 [tid:1870450] Invalid RTN jnz 0x7f5367bb1d8b
 [tid:1870450] Invalid RTN and esi, 0x800
 [tid:1870450] Invalid RTN lea rax, ptr [rip+0xa61f]
 [tid:1870450] Invalid RTN jz 0x7f5367bb1d8b
 [tid:1870450] Invalid RTN nop dword ptr [rax+rax*1]
 [tid:1870450] Invalid RTN mov ecx, dword ptr [rdx+0x94]
 [tid:1870450] Invalid RTN test ecx, 0x100000
 [tid:1870450] Invalid RTN jz 0x7f5367bb1d76
 [tid:1870450] Invalid RTN ret 
 [tid:1870450] Invalid RTN nop edx, edi
 [tid:1870450] Invalid RTN sub rsp, 0x28
 [tid:1870450] Invalid RTN mov esi, 0x32
 [tid:1870450] Invalid RTN lea rax, ptr [rip+0x9e2f4]
 [tid:1870450] Invalid RTN mov edx, 0x5f
 [tid:1870450] Invalid RTN mov qword ptr [rsp], rax
 [tid:1870450] Invalid RTN lea rcx, ptr [rip+0x9e2e9]
 [tid:1870450] Invalid RTN mov rax, 0x103ae75f6
 [tid:1870450] Invalid RTN mov qword ptr [rsp+0x8], rax
 [tid:1870450] Invalid RTN mov eax, 0x50e3a8
 [tid:1870450] Invalid RTN shl rax, 0x4
 [tid:1870450] Invalid RTN add rcx, 0x1
 [tid:1870450] Invalid RTN add rax, rdx
 [tid:1870450] Invalid RTN mov rdx, rax
 [tid:1870450] Invalid RTN shr rdx, 0x18
 [tid:1870450] Invalid RTN and edx, 0xf0
 [tid:1870450] Invalid RTN xor rax, rdx
 [tid:1870450] Invalid RTN test sil, sil
 [tid:1870450] Invalid RTN jz 0x7f5367c089e8
 [tid:1870450] Invalid RTN movzx edx, sil
 [tid:1870450] Invalid RTN movzx esi, byte ptr [rcx+0x1]
 [tid:1870450] Invalid RTN jmp 0x7f5367c089b8
 [tid:1870450] Invalid RTN shl rax, 0x4
 [tid:1870450] Invalid RTN add rcx, 0x1
 [tid:1870450] Invalid RTN add rax, rdx
 [tid:1870450] Invalid RTN mov rdx, rax
 [tid:1870450] Invalid RTN shr rdx, 0x18
 [tid:1870450] Invalid RTN and edx, 0xf0
 [tid:1870450] Invalid RTN xor rax, rdx
 [tid:1870450] Invalid RTN test sil, sil
 [tid:1870450] Invalid RTN jz 0x7f5367c089e8
 [tid:1870450] Invalid RTN movzx edx, sil
 [tid:1870450] Invalid RTN movzx esi, byte ptr [rcx+0x1]
 [tid:1870450] Invalid RTN jmp 0x7f5367c089b8
 [tid:1870450] Invalid RTN and eax, 0xfffffff
 [tid:1870450] Invalid RTN cmp rax, 0x3ae75f6
 [tid:1870450] Invalid RTN jnz 0x7f5367c08a20
 [tid:1870450] Invalid RTN mov rsi, rsp
 [tid:1870450] Invalid RTN lea rdi, ptr [rip+0x9fc9e]
 [tid:1870450] Invalid RTN mov qword ptr [rsp+0x10], 0x0
 [tid:1870450] Invalid RTN call 0x7f5367c8a710
 [tid:1870450] Invalid RTN lea rdx, ptr [rip-0xc4]
 [tid:1870450] Invalid RTN test rax, rax
 [tid:1870450] Invalid RTN cmovz rax, rdx
 [tid:1870450] Invalid RTN add rsp, 0x28
 [tid:1870450] Invalid RTN ret 
 [tid:1870450] Invalid RTN nop edx, edi
 [tid:1870450] Invalid RTN jmp 0x7f5367b58430
 [tid:1870450] Invalid RTN nop edx, edi
 [tid:1870450] Invalid RTN mov rax, qword ptr [rip+0x388985]
 [tid:1870450] Invalid RTN mov rcx, qword ptr [rip+0x3889be]
 [tid:1870450] Invalid RTN mov rax, qword ptr fs:[rax]
 [tid:1870450] Invalid RTN mov rax, qword ptr [rax]
 [tid:1870450] Invalid RTN mov rsi, qword ptr [rax+0x40]
 [tid:1870450] Invalid RTN lea rdx, ptr [rsi+0x100]
 [tid:1870450] Invalid RTN mov qword ptr fs:[rcx], rdx
 [tid:1870450] Invalid RTN mov rdi, qword ptr [rax+0x48]
 [tid:1870450] Invalid RTN mov rcx, qword ptr [rip+0x388a85]
 [tid:1870450] Invalid RTN lea rdx, ptr [rdi+0x200]
 [tid:1870450] Invalid RTN mov qword ptr fs:[rcx], rdx
 [tid:1870450] Invalid RTN mov rax, qword ptr [rax+0x58]
 [tid:1870450] Invalid RTN mov rdx, qword ptr [rip+0x388aaf]
 [tid:1870450] Invalid RTN add rax, 0x200
 [tid:1870450] Invalid RTN mov qword ptr fs:[rdx], rax
 [tid:1870450] Invalid RTN ret 
 [tid:1870450] Exe register_tm_clones
 [tid:1870450] INSTSELECTOR: instruction to be included lea rdi, ptr [rip+0x2027b9]
 [tid:1870450] ins:lea rdi, ptr [rip+0x2027b9]
 [tid:1870450] reg:rdi
 [tid:1870450] Exe register_tm_clones
 [tid:1870450] INSTSELECTOR: instruction to be included lea rsi, ptr [rip+0x2027b2]
 [tid:1870450] ins:lea rsi, ptr [rip+0x2027b2]
 [tid:1870450] reg:rsi
 [tid:1870450] Exe register_tm_clones
 [tid:1870450] INSTSELECTOR: instruction to be included sub rsi, rdi
 [tid:1870450] ins:sub rsi, rdi
 [tid:1870450] reg:rsi
 [tid:1870450] Exe register_tm_clones
 [tid:1870450] INSTSELECTOR: instruction to be included sar rsi, 0x3
 [tid:1870450] ins:sar rsi, 0x3
 [tid:1870450] reg:rsi
 [tid:1870450] Exe register_tm_clones
 [tid:1870450] INSTSELECTOR: instruction to be included mov rax, rsi
 [tid:1870450] ins:mov rax, rsi
 [tid:1870450] reg:rax
 [tid:1870450] Exe register_tm_clones
 [tid:1870450] INSTSELECTOR: instruction to be included shr rax, 0x3f
 [tid:1870450] ins:shr rax, 0x3f
 [tid:1870450] reg:rax
 [tid:1870450] Exe register_tm_clones
 [tid:1870450] INSTSELECTOR: instruction to be included add rsi, rax
 [tid:1870450] ins:add rsi, rax
 [tid:1870450] reg:rsi
 [tid:1870450] Exe register_tm_clones
 [tid:1870450] INSTSELECTOR: instruction to be included sar rsi, 0x1
 [tid:1870450] ins:sar rsi, 0x1
 [tid:1870450] reg:rsi
 [tid:1870450] Exe register_tm_clones
 [tid:1870450] Exe register_tm_clones
 [tid:1870450] INSTSELECTOR: instruction to be included mov rax, qword ptr [rip+0x2026fd]
 [tid:1870450] ins:mov rax, qword ptr [rip+0x2026fd]
 [tid:1870450] reg:rax
 [tid:1870450] Exe register_tm_clones
 [tid:1870450] INSTSELECTOR: instruction to be included test rax, rax
 [tid:1870450] ins:test rax, rax
 [tid:1870450] reg:rflags
 [tid:1870450] Exe register_tm_clones
 [tid:1870450] Exe register_tm_clones
 [tid:1870450] Exe register_tm_clones
 [tid:1870450] Exe main
 [tid:1870450] INSTSELECTOR: instruction to be included push rbp
 [tid:1870450] ins:push rbp
 [tid:1870450] reg:rsp
 [tid:1870450] Exe main
 [tid:1870450] INSTSELECTOR: instruction to be included mov rbp, rsp
 [tid:1870450] ins:mov rbp, rsp
 [tid:1870450] reg:rbp
 [tid:1870450] Exe main
 [tid:1870450] INSTSELECTOR: instruction to be included sub rsp, 0x210
 [tid:1870450] ins:sub rsp, 0x210
 [tid:1870450] reg:rsp
 [tid:1870450] Exe main
 [tid:1870450] Exe main
 [tid:1870450] Exe main
 [tid:1870450] Exe main
 [tid:1870450] INSTSELECTOR: instruction to be included mov eax, 0xffffffff
 [tid:1870450] ins:mov eax, 0xffffffff
 [tid:1870450] reg:eax
 [tid:1870450] Exe main
 [tid:1870450] Exe main
 [tid:1870450] INSTSELECTOR: instruction to be included lea rdi, ptr [rip+0x14c0]
 [tid:1870450] ins:lea rdi, ptr [rip+0x14c0]
 [tid:1870450] reg:rdi
 [tid:1870450] Exe main
 [tid:1870450] INSTSELECTOR: instruction to be included lea rsi, ptr [rip+0x1504]
 [tid:1870450] ins:lea rsi, ptr [rip+0x1504]
 [tid:1870450] reg:rsi
 [tid:1870450] Exe main
 [tid:1870450] Exe main
 [tid:1870450] Exe main
 [tid:1870450] INSTSELECTOR: instruction to be included mov edi, 0x28
 [tid:1870450] ins:mov edi, 0x28
 [tid:1870450] reg:edi
 [tid:1870450] Exe main
 [tid:1870450] Exe main
 [tid:1870450] Exe main
 [tid:1870450] INSTSELECTOR: instruction to be included cmp qword ptr [rbp-0x18], 0x0
 [tid:1870450] ins:cmp qword ptr [rbp-0x18], 0x0
 [tid:1870450] reg:rflags
 [tid:1870450] Exe main
 [tid:1870450] Exe main
 [tid:1870450] INSTSELECTOR: instruction to be included lea rdi, ptr [rip+0x14e1]
 [tid:1870450] ins:lea rdi, ptr [rip+0x14e1]
 [tid:1870450] reg:rdi
 [tid:1870450] Exe main
 [tid:1870450] Exe main
 [tid:1870450] INSTSELECTOR: instruction to be included mov rdi, qword ptr [rbp-0x18]
 [tid:1870450] ins:mov rdi, qword ptr [rbp-0x18]
 [tid:1870450] reg:rdi
 [tid:1870450] Exe main
 [tid:1870450] INSTSELECTOR: instruction to be included xor esi, esi
 [tid:1870450] ins:xor esi, esi
 [tid:1870450] reg:esi
 [tid:1870450] Exe main
 [tid:1870450] INSTSELECTOR: instruction to be included mov edx, 0x28
 [tid:1870450] ins:mov edx, 0x28
 [tid:1870450] reg:edx
 [tid:1870450] Exe main
 [tid:1870450] Exe main
 [tid:1870450] INSTSELECTOR: instruction to be included mov edi, 0x10
 [tid:1870450] ins:mov edi, 0x10
 [tid:1870450] reg:edi
 [tid:1870450] Exe main
 [tid:1870450] Exe main
 [tid:1870450] INSTSELECTOR: instruction to be included mov rcx, rax
 [tid:1870450] ins:mov rcx, rax
 [tid:1870450] reg:rcx
 [tid:1870450] Exe main
 [tid:1870450] INSTSELECTOR: instruction to be included mov rax, qword ptr [rbp-0x18]
 [tid:1870450] ins:mov rax, qword ptr [rbp-0x18]
 [tid:1870450] reg:rax
 [tid:1870450] Exe main
 [tid:1870450] Exe main
 [tid:1870450] INSTSELECTOR: instruction to be included mov rax, qword ptr [rbp-0x18]
 [tid:1870450] ins:mov rax, qword ptr [rbp-0x18]
 [tid:1870450] reg:rax
 [tid:1870450] Exe main
 [tid:1870450] INSTSELECTOR: instruction to be included cmp qword ptr [rax+0x8], 0x0
 [tid:1870450] ins:cmp qword ptr [rax+0x8], 0x0
 [tid:1870450] reg:rflags
 [tid:1870450] Exe main
 [tid:1870450] Exe main
 [tid:1870450] INSTSELECTOR: instruction to be included lea rdi, ptr [rip+0x14b5]
 [tid:1870450] ins:lea rdi, ptr [rip+0x14b5]
 [tid:1870450] reg:rdi
 [tid:1870450] Exe main
 [tid:1870450] Exe main
 [tid:1870450] INSTSELECTOR: instruction to be included mov rax, qword ptr [rbp-0x18]
 [tid:1870450] ins:mov rax, qword ptr [rbp-0x18]
 [tid:1870450] reg:rax
 [tid:1870450] Exe main
 [tid:1870450] INSTSELECTOR: instruction to be included mov rdi, qword ptr [rax+0x8]
 [tid:1870450] ins:mov rdi, qword ptr [rax+0x8]
 [tid:1870450] reg:rdi
 [tid:1870450] Exe main
 [tid:1870450] INSTSELECTOR: instruction to be included xor esi, esi
 [tid:1870450] ins:xor esi, esi
 [tid:1870450] reg:esi
 [tid:1870450] Exe main
 [tid:1870450] INSTSELECTOR: instruction to be included mov edx, 0x10
 [tid:1870450] ins:mov edx, 0x10
 [tid:1870450] reg:edx
 [tid:1870450] Exe main
 [tid:1870450] Exe main
 [tid:1870450] INSTSELECTOR: instruction to be included mov rax, qword ptr [rbp-0x18]
 [tid:1870450] ins:mov rax, qword ptr [rbp-0x18]
 [tid:1870450] reg:rax
 [tid:1870450] Exe main
 [tid:1870450] INSTSELECTOR: instruction to be included mov rax, qword ptr [rax+0x8]
 [tid:1870450] ins:mov rax, qword ptr [rax+0x8]
 [tid:1870450] reg:rax
 [tid:1870450] Exe main
 [tid:1870450] Exe main
 [tid:1870450] INSTSELECTOR: instruction to be included mov edi, 0x10
 [tid:1870450] ins:mov edi, 0x10
 [tid:1870450] reg:edi
 [tid:1870450] Exe main
 [tid:1870450] Exe main
 [tid:1870450] INSTSELECTOR: instruction to be included mov rcx, rax
 [tid:1870450] ins:mov rcx, rax
 [tid:1870450] reg:rcx
 [tid:1870450] Exe main
 [tid:1870450] INSTSELECTOR: instruction to be included mov rax, qword ptr [rbp-0x30]
 [tid:1870450] ins:mov rax, qword ptr [rbp-0x30]
 [tid:1870450] reg:rax
 [tid:1870450] Exe main
 [tid:1870450] Exe main
 [tid:1870450] INSTSELECTOR: instruction to be included mov rax, qword ptr [rbp-0x30]
 [tid:1870450] ins:mov rax, qword ptr [rbp-0x30]
 [tid:1870450] reg:rax
 [tid:1870450] Exe main
 [tid:1870450] INSTSELECTOR: instruction to be included cmp qword ptr [rax+0x8], 0x0
 [tid:1870450] ins:cmp qword ptr [rax+0x8], 0x0
 [tid:1870450] reg:rflags
 [tid:1870450] Exe main
 [tid:1870450] Exe main
 [tid:1870450] INSTSELECTOR: instruction to be included lea rdi, ptr [rip+0x147e]
 [tid:1870450] ins:lea rdi, ptr [rip+0x147e]
 [tid:1870450] reg:rdi
 [tid:1870450] Exe main
 [tid:1870450] Exe main
 [tid:1870450] INSTSELECTOR: instruction to be included mov rax, qword ptr [rbp-0x30]
 [tid:1870450] ins:mov rax, qword ptr [rbp-0x30]
 [tid:1870450] reg:rax
 [tid:1870450] Exe main
 [tid:1870450] INSTSELECTOR: instruction to be included mov rdi, qword ptr [rax+0x8]
 [tid:1870450] ins:mov rdi, qword ptr [rax+0x8]
 [tid:1870450] reg:rdi
 [tid:1870450] Exe main
 [tid:1870450] INSTSELECTOR: instruction to be included xor esi, esi
 [tid:1870450] ins:xor esi, esi
 [tid:1870450] reg:esi
 [tid:1870450] Exe main
 [tid:1870450] INSTSELECTOR: instruction to be included mov edx, 0x1
 [tid:1870450] ins:mov edx, 0x1
 [tid:1870450] reg:edx
 [tid:1870450] Exe main
 [tid:1870450] Exe main
 [tid:1870450] INSTSELECTOR: instruction to be included mov rax, qword ptr [rbp-0x18]
 [tid:1870450] ins:mov rax, qword ptr [rbp-0x18]
 [tid:1870450] reg:rax
 [tid:1870450] Exe main
 [tid:1870450] Exe main
 [tid:1870450] INSTSELECTOR: instruction to be included mov rcx, qword ptr [rbp-0x18]
 [tid:1870450] ins:mov rcx, qword ptr [rbp-0x18]
 [tid:1870450] reg:rcx
 [tid:1870450] Exe main
 [tid:1870450] INSTSELECTOR: instruction to be included mov rax, qword ptr [rbp-0x18]
 [tid:1870450] ins:mov rax, qword ptr [rbp-0x18]
 [tid:1870450] reg:rax
 [tid:1870450] Exe main
 [tid:1870450] Exe main
 [tid:1870450] INSTSELECTOR: instruction to be included mov rax, qword ptr [rbp-0x18]
 [tid:1870450] ins:mov rax, qword ptr [rbp-0x18]
 [tid:1870450] reg:rax
 [tid:1870450] Exe main
 [tid:1870450] Exe main
 [tid:1870450] INSTSELECTOR: instruction to be included lea rax, ptr [rbp-0xc0]
 [tid:1870450] ins:lea rax, ptr [rbp-0xc0]
 [tid:1870450] reg:rax
 [tid:1870450] Exe main
 [tid:1870450] Exe main
 [tid:1870450] INSTSELECTOR: instruction to be included mov rax, qword ptr [rbp-0x38]
 [tid:1870450] ins:mov rax, qword ptr [rbp-0x38]
 [tid:1870450] reg:rax
 [tid:1870450] Exe main
 [tid:1870450] Exe main
 [tid:1870450] INSTSELECTOR: instruction to be included lea rax, ptr [rbp-0xc0]
 [tid:1870450] ins:lea rax, ptr [rbp-0xc0]
 [tid:1870450] reg:rax
 [tid:1870450] Exe main
 [tid:1870450] Exe main
 [tid:1870450] INSTSELECTOR: instruction to be included lea rax, ptr [rbp-0xd4]
 [tid:1870450] ins:lea rax, ptr [rbp-0xd4]
 [tid:1870450] reg:rax
 [tid:1870450] Exe main
 [tid:1870450] Exe main
 [tid:1870450] INSTSELECTOR: instruction to be included mov rax, qword ptr [rbp-0xe0]
 [tid:1870450] ins:mov rax, qword ptr [rbp-0xe0]
 [tid:1870450] reg:rax
 [tid:1870450] Exe main
 [tid:1870450] Exe main
 [tid:1870450] INSTSELECTOR: instruction to be included lea rax, ptr [rbp-0xd4]
 [tid:1870450] ins:lea rax, ptr [rbp-0xd4]
 [tid:1870450] reg:rax
 [tid:1870450] Exe main
 [tid:1870450] Exe main
 [tid:1870450] INSTSELECTOR: instruction to be included mov rax, qword ptr [rbp-0x18]
 [tid:1870450] ins:mov rax, qword ptr [rbp-0x18]
 [tid:1870450] reg:rax
 [tid:1870450] Exe main
 [tid:1870450] Exe main
 [tid:1870450] INSTSELECTOR: instruction to be included lea rax, ptr [rbp-0xd4]
 [tid:1870450] ins:lea rax, ptr [rbp-0xd4]
 [tid:1870450] reg:rax
 [tid:1870450] Exe main
 [tid:1870450] Exe main
 [tid:1870450] INSTSELECTOR: instruction to be included mov rax, qword ptr [rbp-0x18]
 [tid:1870450] ins:mov rax, qword ptr [rbp-0x18]
 [tid:1870450] reg:rax
 [tid:1870450] Exe main
 [tid:1870450] Exe main
 [tid:1870450] INSTSELECTOR: instruction to be included lea rax, ptr [rbp-0xd4]
 [tid:1870450] ins:lea rax, ptr [rbp-0xd4]
 [tid:1870450] reg:rax
 [tid:1870450] Exe main
 [tid:1870450] Exe main
 [tid:1870450] INSTSELECTOR: instruction to be included mov rax, qword ptr [rbp-0x20]
 [tid:1870450] ins:mov rax, qword ptr [rbp-0x20]
 [tid:1870450] reg:rax
 [tid:1870450] Exe main
 [tid:1870450] INSTSELECTOR: instruction to be included mov rcx, qword ptr [rbp-0x30]
 [tid:1870450] ins:mov rcx, qword ptr [rbp-0x30]
 [tid:1870450] reg:rcx
 [tid:1870450] Exe main
 [tid:1870450] INSTSELECTOR: instruction to be included mov rdx, qword ptr [rbp-0x28]
 [tid:1870450] ins:mov rdx, qword ptr [rbp-0x28]
 [tid:1870450] reg:rdx
 [tid:1870450] Exe main
 [tid:1870450] Exe main
 [tid:1870450] Exe main
 [tid:1870450] Exe main
 [tid:1870450] INSTSELECTOR: instruction to be included mov rdx, qword ptr [rbp-0x148]
 [tid:1870450] ins:mov rdx, qword ptr [rbp-0x148]
 [tid:1870450] reg:rdx
 [tid:1870450] Exe main
 [tid:1870450] INSTSELECTOR: instruction to be included mov rdi, qword ptr [rbp-0x150]
 [tid:1870450] ins:mov rdi, qword ptr [rbp-0x150]
 [tid:1870450] reg:rdi
 [tid:1870450] Exe main
 [tid:1870450] INSTSELECTOR: instruction to be included mov rax, qword ptr [rbp-0x100]
 [tid:1870450] ins:mov rax, qword ptr [rbp-0x100]
 [tid:1870450] reg:rax
 [tid:1870450] Exe main
 [tid:1870450] INSTSELECTOR: instruction to be included mov rcx, qword ptr [rbp-0xf8]
 [tid:1870450] ins:mov rcx, qword ptr [rbp-0xf8]
 [tid:1870450] reg:rcx
 [tid:1870450] Exe main
 [tid:1870450] INSTSELECTOR: instruction to be included mov rsi, qword ptr [rbp-0xf0]
 [tid:1870450] ins:mov rsi, qword ptr [rbp-0xf0]
 [tid:1870450] reg:rsi
 [tid:1870450] Exe main
 [tid:1870450] Exe main
 [tid:1870450] Exe main
 [tid:1870450] Exe main
 [tid:1870450] INSTSELECTOR: instruction to be included mov esi, 0x80
 [tid:1870450] ins:mov esi, 0x80
 [tid:1870450] reg:esi
 [tid:1870450] Exe main
 [tid:1870450] Exe main
 [tid:1870450] INSTSELECTOR: instruction to be included mov rdx, qword ptr [rbp-0x180]
 [tid:1870450] ins:mov rdx, qword ptr [rbp-0x180]
 [tid:1870450] reg:rdx
 [tid:1870450] Exe main
 [tid:1870450] INSTSELECTOR: instruction to be included mov rcx, qword ptr [rbp-0x178]
 [tid:1870450] ins:mov rcx, qword ptr [rbp-0x178]
 [tid:1870450] reg:rcx
 [tid:1870450] Exe main
 [tid:1870450] INSTSELECTOR: instruction to be included mov rsi, rax
 [tid:1870450] ins:mov rsi, rax
 [tid:1870450] reg:rsi
 [tid:1870450] Exe main
 [tid:1870450] INSTSELECTOR: instruction to be included mov rax, qword ptr [rbp-0x170]
 [tid:1870450] ins:mov rax, qword ptr [rbp-0x170]
 [tid:1870450] reg:rax
 [tid:1870450] Exe main
 [tid:1870450] INSTSELECTOR: instruction to be included cmp rsi, 0x0
 [tid:1870450] ins:cmp rsi, 0x0
 [tid:1870450] reg:rflags
 [tid:1870450] NORMAL FLAG REG: inst cmp rsi, 0x0
 [tid:1870450] Exe main
 [tid:1870450] Exe main
 [tid:1870450] Exe main
 [tid:1870450] Exe main
 [tid:1870450] Exe main
 [tid:1870450] INSTSELECTOR: instruction to be included mov rdi, qword ptr [rbp-0x140]
 [tid:1870450] ins:mov rdi, qword ptr [rbp-0x140]
 [tid:1870450] reg:rdi
 [tid:1870450] Exe main
 [tid:1870450] INSTSELECTOR: instruction to be included lea rsi, ptr [rip+0x133b]
 [tid:1870450] ins:lea rsi, ptr [rip+0x133b]
 [tid:1870450] reg:rsi
 [tid:1870450] Exe main
 [tid:1870450] INSTSELECTOR: instruction to be included lea rdx, ptr [rbp-0xe4]
 [tid:1870450] ins:lea rdx, ptr [rbp-0xe4]
 [tid:1870450] reg:rdx
 [tid:1870450] Exe main
 [tid:1870450] INSTSELECTOR: instruction to be included lea rcx, ptr [rbp-0xd4]
 [tid:1870450] ins:lea rcx, ptr [rbp-0xd4]
 [tid:1870450] reg:rcx
 [tid:1870450] Exe main
 [tid:1870450] INSTSELECTOR: instruction to be included mov al, 0x0
 [tid:1870450] ins:mov al, 0x0
 [tid:1870450] reg:al
 [tid:1870450] Exe main
 [tid:1870450] Exe main
 [tid:1870450] INSTSELECTOR: instruction to be included mov edi, 0x28
 [tid:1870450] ins:mov edi, 0x28
 [tid:1870450] reg:edi
 [tid:1870450] Exe main
 [tid:1870450] Exe main
 [tid:1870450] INSTSELECTOR: instruction to be included mov rdx, qword ptr [rbp-0x180]
 [tid:1870450] ins:mov rdx, qword ptr [rbp-0x180]
 [tid:1870450] reg:rdx
 [tid:1870450] Exe main
 [tid:1870450] INSTSELECTOR: instruction to be included mov rcx, qword ptr [rbp-0x178]
 [tid:1870450] ins:mov rcx, qword ptr [rbp-0x178]
 [tid:1870450] reg:rcx
 [tid:1870450] Exe main
 [tid:1870450] Exe main
 [tid:1870450] INSTSELECTOR: instruction to be included cmp rax, 0x0
 [tid:1870450] ins:cmp rax, 0x0
 [tid:1870450] reg:rflags
 [tid:1870450] NORMAL FLAG REG: inst cmp rax, 0x0
 [tid:1870450] Exe main
 [tid:1870450] Exe main
 [tid:1870450] Exe main
 [tid:1870450] Exe main
 [tid:1870450] Exe main
 [tid:1870450] INSTSELECTOR: instruction to be included mov rax, qword ptr [rbp-0x198]
 [tid:1870450] ins:mov rax, qword ptr [rbp-0x198]
 [tid:1870450] reg:rax
 [tid:1870450] Exe main
 [tid:1870450] INSTSELECTOR: instruction to be included mov rcx, qword ptr [rbp-0x190]
 [tid:1870450] ins:mov rcx, qword ptr [rbp-0x190]
 [tid:1870450] reg:rcx
 [tid:1870450] Exe main
 [tid:1870450] INSTSELECTOR: instruction to be included mov rdx, qword ptr [rbp-0x188]
 [tid:1870450] ins:mov rdx, qword ptr [rbp-0x188]
 [tid:1870450] reg:rdx
 [tid:1870450] Exe main
 [tid:1870450] Exe main
 [tid:1870450] Exe main
 [tid:1870450] Exe main
 [tid:1870450] INSTSELECTOR: instruction to be included lea rdi, ptr [rip+0x126e]
 [tid:1870450] ins:lea rdi, ptr [rip+0x126e]
 [tid:1870450] reg:rdi
 [tid:1870450] Exe main
 [tid:1870450] Exe main
 [tid:1870450] INSTSELECTOR: instruction to be included mov rdi, qword ptr [rbp-0x1a0]
 [tid:1870450] ins:mov rdi, qword ptr [rbp-0x1a0]
 [tid:1870450] reg:rdi
 [tid:1870450] Exe main
 [tid:1870450] INSTSELECTOR: instruction to be included xor esi, esi
 [tid:1870450] ins:xor esi, esi
 [tid:1870450] reg:esi
 [tid:1870450] Exe main
 [tid:1870450] INSTSELECTOR: instruction to be included mov edx, 0x28
 [tid:1870450] ins:mov edx, 0x28
 [tid:1870450] reg:edx
 [tid:1870450] Exe main
 [tid:1870450] Exe main
 [tid:1870450] INSTSELECTOR: instruction to be included mov edi, 0x10
 [tid:1870450] ins:mov edi, 0x10
 [tid:1870450] reg:edi
 [tid:1870450] Exe main
 [tid:1870450] Exe main
 [tid:1870450] INSTSELECTOR: instruction to be included mov rdx, qword ptr [rbp-0x180]
 [tid:1870450] ins:mov rdx, qword ptr [rbp-0x180]
 [tid:1870450] reg:rdx
 [tid:1870450] Exe main
 [tid:1870450] INSTSELECTOR: instruction to be included mov rcx, qword ptr [rbp-0x178]
 [tid:1870450] ins:mov rcx, qword ptr [rbp-0x178]
 [tid:1870450] reg:rcx
 [tid:1870450] Exe main
 [tid:1870450] INSTSELECTOR: instruction to be included mov rsi, rax
 [tid:1870450] ins:mov rsi, rax
 [tid:1870450] reg:rsi
 [tid:1870450] Exe main
 [tid:1870450] INSTSELECTOR: instruction to be included mov rax, qword ptr [rbp-0x1a0]
 [tid:1870450] ins:mov rax, qword ptr [rbp-0x1a0]
 [tid:1870450] reg:rax
 [tid:1870450] Exe main
 [tid:1870450] Exe main
 [tid:1870450] INSTSELECTOR: instruction to be included cmp qword ptr [rax+0x8], 0x0
 [tid:1870450] ins:cmp qword ptr [rax+0x8], 0x0
 [tid:1870450] reg:rflags
 [tid:1870450] NORMAL FLAG REG: inst cmp qword ptr [rax+0x8], 0x0
 [tid:1870450] Exe main
 [tid:1870450] Exe main
 [tid:1870450] Exe main
 [tid:1870450] Exe main
 [tid:1870450] Exe main
 [tid:1870450] INSTSELECTOR: instruction to be included mov rax, qword ptr [rbp-0x1b8]
 [tid:1870450] ins:mov rax, qword ptr [rbp-0x1b8]
 [tid:1870450] reg:rax
 [tid:1870450] Exe main
 [tid:1870450] INSTSELECTOR: instruction to be included mov rcx, qword ptr [rbp-0x1b0]
 [tid:1870450] ins:mov rcx, qword ptr [rbp-0x1b0]
 [tid:1870450] reg:rcx
 [tid:1870450] Exe main
 [tid:1870450] INSTSELECTOR: instruction to be included mov rdx, qword ptr [rbp-0x1a8]
 [tid:1870450] ins:mov rdx, qword ptr [rbp-0x1a8]
 [tid:1870450] reg:rdx
 [tid:1870450] Exe main
 [tid:1870450] Exe main
 [tid:1870450] Exe main
 [tid:1870450] Exe main
 [tid:1870450] INSTSELECTOR: instruction to be included lea rdi, ptr [rip+0x11fc]
 [tid:1870450] ins:lea rdi, ptr [rip+0x11fc]
 [tid:1870450] reg:rdi
 [tid:1870450] Exe main
 [tid:1870450] Exe main
 [tid:1870450] INSTSELECTOR: instruction to be included mov rax, qword ptr [rbp-0x1a0]
 [tid:1870450] ins:mov rax, qword ptr [rbp-0x1a0]
 [tid:1870450] reg:rax
 [tid:1870450] Exe main
 [tid:1870450] INSTSELECTOR: instruction to be included mov rdi, qword ptr [rax+0x8]
 [tid:1870450] ins:mov rdi, qword ptr [rax+0x8]
 [tid:1870450] reg:rdi
 [tid:1870450] Exe main
 [tid:1870450] INSTSELECTOR: instruction to be included xor esi, esi
 [tid:1870450] ins:xor esi, esi
 [tid:1870450] reg:esi
 [tid:1870450] Exe main
 [tid:1870450] INSTSELECTOR: instruction to be included mov edx, 0x10
 [tid:1870450] ins:mov edx, 0x10
 [tid:1870450] reg:edx
 [tid:1870450] Exe main
 [tid:1870450] Exe main
 [tid:1870450] INSTSELECTOR: instruction to be included mov rax, qword ptr [rbp-0x1a0]
 [tid:1870450] ins:mov rax, qword ptr [rbp-0x1a0]
 [tid:1870450] reg:rax
 [tid:1870450] Exe main
 [tid:1870450] INSTSELECTOR: instruction to be included mov rax, qword ptr [rax+0x8]
 [tid:1870450] ins:mov rax, qword ptr [rax+0x8]
 [tid:1870450] reg:rax
 [tid:1870450] Exe main
 [tid:1870450] Exe main
 [tid:1870450] INSTSELECTOR: instruction to be included mov edi, 0x10
 [tid:1870450] ins:mov edi, 0x10
 [tid:1870450] reg:edi
 [tid:1870450] Exe main
 [tid:1870450] Exe main
 [tid:1870450] INSTSELECTOR: instruction to be included mov rdx, qword ptr [rbp-0x180]
 [tid:1870450] ins:mov rdx, qword ptr [rbp-0x180]
 [tid:1870450] reg:rdx
 [tid:1870450] Exe main
 [tid:1870450] INSTSELECTOR: instruction to be included mov rcx, qword ptr [rbp-0x1d8]
 [tid:1870450] ins:mov rcx, qword ptr [rbp-0x1d8]
 [tid:1870450] reg:rcx
 [tid:1870450] Exe main
 [tid:1870450] INSTSELECTOR: instruction to be included mov rsi, rax
 [tid:1870450] ins:mov rsi, rax
 [tid:1870450] reg:rsi
 [tid:1870450] Exe main
 [tid:1870450] INSTSELECTOR: instruction to be included mov rax, qword ptr [rbp-0x1a0]
 [tid:1870450] ins:mov rax, qword ptr [rbp-0x1a0]
 [tid:1870450] reg:rax
 [tid:1870450] Exe main
 [tid:1870450] Exe main
 [tid:1870450] INSTSELECTOR: instruction to be included cmp qword ptr [rcx+0x8], 0x0
 [tid:1870450] ins:cmp qword ptr [rcx+0x8], 0x0
 [tid:1870450] reg:rflags
 [tid:1870450] NORMAL FLAG REG: inst cmp qword ptr [rcx+0x8], 0x0
 [tid:1870450] Exe main
 [tid:1870450] Exe main
 [tid:1870450] Exe main
 [tid:1870450] Exe main
 [tid:1870450] Exe main
 [tid:1870450] INSTSELECTOR: instruction to be included mov rax, qword ptr [rbp-0x1d0]
 [tid:1870450] ins:mov rax, qword ptr [rbp-0x1d0]
 [tid:1870450] reg:rax
 [tid:1870450] Exe main
 [tid:1870450] INSTSELECTOR: instruction to be included mov rcx, qword ptr [rbp-0x1c8]
 [tid:1870450] ins:mov rcx, qword ptr [rbp-0x1c8]
 [tid:1870450] reg:rcx
 [tid:1870450] Exe main
 [tid:1870450] INSTSELECTOR: instruction to be included mov rdx, qword ptr [rbp-0x1c0]
 [tid:1870450] ins:mov rdx, qword ptr [rbp-0x1c0]
 [tid:1870450] reg:rdx
 [tid:1870450] Exe main
 [tid:1870450] Exe main
 [tid:1870450] Exe main
 [tid:1870450] Exe main
 [tid:1870450] INSTSELECTOR: instruction to be included lea rdi, ptr [rip+0x1179]
 [tid:1870450] ins:lea rdi, ptr [rip+0x1179]
 [tid:1870450] reg:rdi
 [tid:1870450] Exe main
 [tid:1870450] Exe main
 [tid:1870450] INSTSELECTOR: instruction to be included mov rax, qword ptr [rbp-0x1d8]
 [tid:1870450] ins:mov rax, qword ptr [rbp-0x1d8]
 [tid:1870450] reg:rax
 [tid:1870450] Exe main
 [tid:1870450] INSTSELECTOR: instruction to be included mov rdi, qword ptr [rax+0x8]
 [tid:1870450] ins:mov rdi, qword ptr [rax+0x8]
 [tid:1870450] reg:rdi
 [tid:1870450] Exe main
 [tid:1870450] INSTSELECTOR: instruction to be included xor esi, esi
 [tid:1870450] ins:xor esi, esi
 [tid:1870450] reg:esi
 [tid:1870450] Exe main
 [tid:1870450] INSTSELECTOR: instruction to be included mov edx, 0x1
 [tid:1870450] ins:mov edx, 0x1
 [tid:1870450] reg:edx
 [tid:1870450] Exe main
 [tid:1870450] Exe main
 [tid:1870450] INSTSELECTOR: instruction to be included mov rcx, qword ptr [rbp-0x138]
 [tid:1870450] ins:mov rcx, qword ptr [rbp-0x138]
 [tid:1870450] reg:rcx
 [tid:1870450] Exe main
 [tid:1870450] INSTSELECTOR: instruction to be included mov edi, dword ptr [rbp-0x12c]
 [tid:1870450] ins:mov edi, dword ptr [rbp-0x12c]
 [tid:1870450] reg:edi
 [tid:1870450] Exe main
 [tid:1870450] INSTSELECTOR: instruction to be included mov rax, qword ptr [rbp-0x1a0]
 [tid:1870450] ins:mov rax, qword ptr [rbp-0x1a0]
 [tid:1870450] reg:rax
 [tid:1870450] Exe main
 [tid:1870450] INSTSELECTOR: instruction to be included mov ecx, dword ptr [rcx]
 [tid:1870450] ins:mov ecx, dword ptr [rcx]
 [tid:1870450] reg:ecx
 [tid:1870450] Exe main
 [tid:1870450] Exe main
 [tid:1870450] Exe main
 [tid:1870450] INSTSELECTOR: instruction to be included mov rcx, qword ptr [rbp-0x1a0]
 [tid:1870450] ins:mov rcx, qword ptr [rbp-0x1a0]
 [tid:1870450] reg:rcx
 [tid:1870450] Exe main
 [tid:1870450] INSTSELECTOR: instruction to be included mov rsi, qword ptr [rbp-0x120]
 [tid:1870450] ins:mov rsi, qword ptr [rbp-0x120]
 [tid:1870450] reg:rsi
 [tid:1870450] Exe main
 [tid:1870450] INSTSELECTOR: instruction to be included mov edx, eax
 [tid:1870450] ins:mov edx, eax
 [tid:1870450] reg:edx
 [tid:1870450] Exe main
 [tid:1870450] INSTSELECTOR: instruction to be included mov rax, qword ptr [rbp-0x128]
 [tid:1870450] ins:mov rax, qword ptr [rbp-0x128]
 [tid:1870450] reg:rax
 [tid:1870450] Exe main
 [tid:1870450] INSTSELECTOR: instruction to be included mov edx, edx
 [tid:1870450] ins:mov edx, edx
 [tid:1870450] reg:edx
 [tid:1870450] Exe main
 [tid:1870450] INSTSELECTOR: instruction to be included mov rcx, qword ptr [rcx+0x8]
 [tid:1870450] ins:mov rcx, qword ptr [rcx+0x8]
 [tid:1870450] reg:rcx
 [tid:1870450] Exe main
 [tid:1870450] Exe main
 [tid:1870450] INSTSELECTOR: instruction to be included mov eax, dword ptr [rax]
 [tid:1870450] ins:mov eax, dword ptr [rax]
 [tid:1870450] reg:eax
 [tid:1870450] Exe main
 [tid:1870450] INSTSELECTOR: instruction to be included mov edi, eax
 [tid:1870450] ins:mov edi, eax
 [tid:1870450] reg:edi
 [tid:1870450] Exe main
 [tid:1870450] Exe pat_search
 [tid:1870450] INSTSELECTOR: instruction to be included push rbp
 [tid:1870450] ins:push rbp
 [tid:1870450] reg:rsp
 [tid:1870450] Exe pat_search
 [tid:1870450] INSTSELECTOR: instruction to be included mov rbp, rsp
 [tid:1870450] ins:mov rbp, rsp
 [tid:1870450] reg:rbp
 [tid:1870450] Exe pat_search
 [tid:1870450] INSTSELECTOR: instruction to be included sub rsp, 0xa0
 [tid:1870450] ins:sub rsp, 0xa0
 [tid:1870450] reg:rsp
 [tid:1870450] Exe pat_search
 [tid:1870450] Exe pat_search
 [tid:1870450] Exe pat_search
 [tid:1870450] Exe pat_search
 [tid:1870450] INSTSELECTOR: instruction to be included mov rax, qword ptr [rbp-0x18]
 [tid:1870450] ins:mov rax, qword ptr [rbp-0x18]
 [tid:1870450] reg:rax
 [tid:1870450] Exe pat_search
 [tid:1870450] Exe pat_search
 [tid:1870450] INSTSELECTOR: instruction to be included cmp qword ptr [rbp-0x28], 0x0
 [tid:1870450] ins:cmp qword ptr [rbp-0x28], 0x0
 [tid:1870450] reg:rflags
 [tid:1870450] Exe pat_search
 [tid:1870450] Exe pat_search
 [tid:1870450] Exe pat_search
 [tid:1870450] Exe pat_search
 [tid:1870450] INSTSELECTOR: instruction to be included mov rax, qword ptr [rbp-0x10]
 [tid:1870450] ins:mov rax, qword ptr [rbp-0x10]
 [tid:1870450] reg:rax
 [tid:1870450] Exe pat_search
 [tid:1870450] Exe pat_search
 [tid:1870450] INSTSELECTOR: instruction to be included mov rax, qword ptr [rbp-0x10]
 [tid:1870450] ins:mov rax, qword ptr [rbp-0x10]
 [tid:1870450] reg:rax
 [tid:1870450] Exe pat_search
 [tid:1870450] Exe pat_search
 [tid:1870450] INSTSELECTOR: instruction to be included mov rax, qword ptr [rbp-0x28]
 [tid:1870450] ins:mov rax, qword ptr [rbp-0x28]
 [tid:1870450] reg:rax
 [tid:1870450] Exe pat_search
 [tid:1870450] INSTSELECTOR: instruction to be included mov rcx, qword ptr [rbp-0x20]
 [tid:1870450] ins:mov rcx, qword ptr [rbp-0x20]
 [tid:1870450] reg:rcx
 [tid:1870450] Exe pat_search
 [tid:1870450] Exe pat_search
 [tid:1870450] Exe pat_search
 [tid:1870450] INSTSELECTOR: instruction to be included mov rdx, qword ptr [rbp-0x50]
 [tid:1870450] ins:mov rdx, qword ptr [rbp-0x50]
 [tid:1870450] reg:rdx
 [tid:1870450] Exe pat_search
 [tid:1870450] INSTSELECTOR: instruction to be included mov rax, qword ptr [rbp-0x40]
 [tid:1870450] ins:mov rax, qword ptr [rbp-0x40]
 [tid:1870450] reg:rax
 [tid:1870450] Exe pat_search
 [tid:1870450] INSTSELECTOR: instruction to be included mov rsi, qword ptr [rbp-0x38]
 [tid:1870450] ins:mov rsi, qword ptr [rbp-0x38]
 [tid:1870450] reg:rsi
 [tid:1870450] Exe pat_search
 [tid:1870450] Exe pat_search
 [tid:1870450] INSTSELECTOR: instruction to be included mov rcx, qword ptr [rsi]
 [tid:1870450] ins:mov rcx, qword ptr [rsi]
 [tid:1870450] reg:rcx
 [tid:1870450] Exe pat_search
 [tid:1870450] INSTSELECTOR: instruction to be included mov rsi, qword ptr [rsi+0x8]
 [tid:1870450] ins:mov rsi, qword ptr [rsi+0x8]
 [tid:1870450] reg:rsi
 [tid:1870450] Exe pat_search
 [tid:1870450] INSTSELECTOR: instruction to be included and rdx, qword ptr [rsi]
 [tid:1870450] ins:and rdx, qword ptr [rsi]
 [tid:1870450] reg:rdx
 [tid:1870450] Exe pat_search
 [tid:1870450] INSTSELECTOR: instruction to be included cmp rcx, rdx
 [tid:1870450] ins:cmp rcx, rdx
 [tid:1870450] reg:rflags
 [tid:1870450] NORMAL FLAG REG: inst cmp rcx, rdx
 [tid:1870450] Exe pat_search
 [tid:1870450] Exe pat_search
 [tid:1870450] Exe pat_search
 [tid:1870450] INSTSELECTOR: instruction to be included mov rax, qword ptr [rbp-0x60]
 [tid:1870450] ins:mov rax, qword ptr [rbp-0x60]
 [tid:1870450] reg:rax
 [tid:1870450] Exe pat_search
 [tid:1870450] Exe pat_search
 [tid:1870450] Exe pat_search
 [tid:1870450] INSTSELECTOR: instruction to be included mov rsi, qword ptr [rbp-0x48]
 [tid:1870450] ins:mov rsi, qword ptr [rbp-0x48]
 [tid:1870450] reg:rsi
 [tid:1870450] Exe pat_search
 [tid:1870450] INSTSELECTOR: instruction to be included mov rax, qword ptr [rbp-0x60]
 [tid:1870450] ins:mov rax, qword ptr [rbp-0x60]
 [tid:1870450] reg:rax
 [tid:1870450] Exe pat_search
 [tid:1870450] INSTSELECTOR: instruction to be included mov rcx, qword ptr [rbp-0x58]
 [tid:1870450] ins:mov rcx, qword ptr [rbp-0x58]
 [tid:1870450] reg:rcx
 [tid:1870450] Exe pat_search
 [tid:1870450] Exe pat_search
 [tid:1870450] INSTSELECTOR: instruction to be included movsx ecx, byte ptr [rax+0x11]
 [tid:1870450] ins:movsx ecx, byte ptr [rax+0x11]
 [tid:1870450] reg:ecx
 [tid:1870450] Exe pat_search
 [tid:1870450] Exe pat_search
 [tid:1870450] INSTSELECTOR: instruction to be included movsx edi, byte ptr [rax+0x11]
 [tid:1870450] ins:movsx edi, byte ptr [rax+0x11]
 [tid:1870450] reg:edi
 [tid:1870450] Exe pat_search
 [tid:1870450] Exe bit
 [tid:1870450] INSTSELECTOR: instruction to be included push rbp
 [tid:1870450] ins:push rbp
 [tid:1870450] reg:rsp
 [tid:1870450] Exe bit
 [tid:1870450] INSTSELECTOR: instruction to be included mov rbp, rsp
 [tid:1870450] ins:mov rbp, rsp
 [tid:1870450] reg:rbp
 [tid:1870450] Exe bit
 [tid:1870450] Exe bit
 [tid:1870450] Exe bit
 [tid:1870450] INSTSELECTOR: instruction to be included mov rax, qword ptr [rbp-0x10]
 [tid:1870450] ins:mov rax, qword ptr [rbp-0x10]
 [tid:1870450] reg:rax
 [tid:1870450] Exe bit
 [tid:1870450] INSTSELECTOR: instruction to be included mov ecx, 0x1f
 [tid:1870450] ins:mov ecx, 0x1f
 [tid:1870450] reg:ecx
 [tid:1870450] Exe bit
 [tid:1870450] INSTSELECTOR: instruction to be included sub ecx, dword ptr [rbp-0x4]
 [tid:1870450] ins:sub ecx, dword ptr [rbp-0x4]
 [tid:1870450] reg:ecx
 [tid:1870450] Exe bit
 [tid:1870450] INSTSELECTOR: instruction to be included mov edx, 0x1
 [tid:1870450] ins:mov edx, 0x1
 [tid:1870450] reg:edx
 [tid:1870450] Exe bit
 [tid:1870450] INSTSELECTOR: instruction to be included shl edx, cl
 [tid:1870450] ins:shl edx, cl
 [tid:1870450] reg:edx
 [tid:1870450] Exe bit
 [tid:1870450] INSTSELECTOR: instruction to be included mov ecx, edx
 [tid:1870450] ins:mov ecx, edx
 [tid:1870450] reg:ecx
 [tid:1870450] Exe bit
 [tid:1870450] INSTSELECTOR: instruction to be included movsxd rcx, ecx
 [tid:1870450] ins:movsxd rcx, ecx
 [tid:1870450] reg:rcx
 [tid:1870450] Exe bit
 [tid:1870450] INSTSELECTOR: instruction to be included and rax, rcx
 [tid:1870450] ins:and rax, rcx
 [tid:1870450] reg:rax
 [tid:1870450] Exe bit
 [tid:1870450] INSTSELECTOR: instruction to be included pop rbp
 [tid:1870450] ins:pop rbp
 [tid:1870450] reg:rbp
 [tid:1870450] Exe bit
 [tid:1870450] Exe pat_search
 [tid:1870450] INSTSELECTOR: instruction to be included cmp rax, 0x0
 [tid:1870450] ins:cmp rax, 0x0
 [tid:1870450] reg:rflags
 [tid:1870450] Exe pat_search
 [tid:1870450] Exe pat_search
 [tid:1870450] INSTSELECTOR: instruction to be included mov rax, qword ptr [rbp-0x60]
 [tid:1870450] ins:mov rax, qword ptr [rbp-0x60]
 [tid:1870450] reg:rax
 [tid:1870450] Exe pat_search
 [tid:1870450] INSTSELECTOR: instruction to be included mov rax, qword ptr [rax+0x20]
 [tid:1870450] ins:mov rax, qword ptr [rax+0x20]
 [tid:1870450] reg:rax
 [tid:1870450] Exe pat_search
 [tid:1870450] Exe pat_search
 [tid:1870450] Exe pat_search
 [tid:1870450] INSTSELECTOR: instruction to be included mov rax, qword ptr [rbp-0x60]
 [tid:1870450] ins:mov rax, qword ptr [rbp-0x60]
 [tid:1870450] reg:rax
 [tid:1870450] Exe pat_search
 [tid:1870450] INSTSELECTOR: instruction to be included mov rax, qword ptr [rax+0x18]
 [tid:1870450] ins:mov rax, qword ptr [rax+0x18]
 [tid:1870450] reg:rax
 [tid:1870450] Exe pat_search
 [tid:1870450] Exe pat_search
 [tid:1870450] INSTSELECTOR: instruction to be included mov rax, qword ptr [rbp-0x78]
 [tid:1870450] ins:mov rax, qword ptr [rbp-0x78]
 [tid:1870450] reg:rax
 [tid:1870450] Exe pat_search
 [tid:1870450] Exe pat_search
 [tid:1870450] INSTSELECTOR: instruction to be included mov rax, qword ptr [rbp-0x80]
 [tid:1870450] ins:mov rax, qword ptr [rbp-0x80]
 [tid:1870450] reg:rax
 [tid:1870450] Exe pat_search
 [tid:1870450] INSTSELECTOR: instruction to be included mov rcx, qword ptr [rbp-0x70]
 [tid:1870450] ins:mov rcx, qword ptr [rbp-0x70]
 [tid:1870450] reg:rcx
 [tid:1870450] Exe pat_search
 [tid:1870450] INSTSELECTOR: instruction to be included mov edx, dword ptr [rbp-0x64]
 [tid:1870450] ins:mov edx, dword ptr [rbp-0x64]
 [tid:1870450] reg:edx
 [tid:1870450] Exe pat_search
 [tid:1870450] INSTSELECTOR: instruction to be included movsx esi, byte ptr [rax+0x11]
 [tid:1870450] ins:movsx esi, byte ptr [rax+0x11]
 [tid:1870450] reg:esi
 [tid:1870450] Exe pat_search
 [tid:1870450] INSTSELECTOR: instruction to be included cmp edx, esi
 [tid:1870450] ins:cmp edx, esi
 [tid:1870450] reg:rflags
 [tid:1870450] NORMAL FLAG REG: inst cmp edx, esi
 [tid:1870450] Exe pat_search
 [tid:1870450] INSTSELECTOR: instruction to be included mov rsi, rcx
 [tid:1870450] ins:mov rsi, rcx
 [tid:1870450] reg:rsi
 [tid:1870450] Exe pat_search
 [tid:1870450] Exe pat_search
 [tid:1870450] INSTSELECTOR: instruction to be included mov rsi, rax
 [tid:1870450] ins:mov rsi, rax
 [tid:1870450] reg:rsi
 [tid:1870450] Exe pat_search
 [tid:1870450] Exe pat_search
 [tid:1870450] Exe pat_search
 [tid:1870450] Exe pat_search
 [tid:1870450] Exe pat_search
 [tid:1870450] Exe pat_search
 [tid:1870450] INSTSELECTOR: instruction to be included mov eax, dword ptr [rbp-0x94]
 [tid:1870450] ins:mov eax, dword ptr [rbp-0x94]
 [tid:1870450] reg:eax
 [tid:1870450] Exe pat_search
 [tid:1870450] INSTSELECTOR: instruction to be included mov rcx, qword ptr [rbp-0x90]
 [tid:1870450] ins:mov rcx, qword ptr [rbp-0x90]
 [tid:1870450] reg:rcx
 [tid:1870450] Exe pat_search
 [tid:1870450] INSTSELECTOR: instruction to be included mov rdx, qword ptr [rbp-0x88]
 [tid:1870450] ins:mov rdx, qword ptr [rbp-0x88]
 [tid:1870450] reg:rdx
 [tid:1870450] Exe pat_search
 [tid:1870450] Exe pat_search
 [tid:1870450] Exe pat_search
 [tid:1870450] Exe pat_search
 [tid:1870450] INSTSELECTOR: instruction to be included mov rax, qword ptr [rbp-0x28]
 [tid:1870450] ins:mov rax, qword ptr [rbp-0x28]
 [tid:1870450] reg:rax
 [tid:1870450] Exe pat_search
 [tid:1870450] INSTSELECTOR: instruction to be included mov rax, qword ptr [rax]
 [tid:1870450] ins:mov rax, qword ptr [rax]
 [tid:1870450] reg:rax
 [tid:1870450] Exe pat_search
 [tid:1870450] INSTSELECTOR: instruction to be included mov rcx, qword ptr [rbp-0x10]
 [tid:1870450] ins:mov rcx, qword ptr [rbp-0x10]
 [tid:1870450] reg:rcx
 [tid:1870450] Exe pat_search
 [tid:1870450] INSTSELECTOR: instruction to be included mov rdx, qword ptr [rbp-0x28]
 [tid:1870450] ins:mov rdx, qword ptr [rbp-0x28]
 [tid:1870450] reg:rdx
 [tid:1870450] Exe pat_search
 [tid:1870450] INSTSELECTOR: instruction to be included mov rdx, qword ptr [rdx+0x8]
 [tid:1870450] ins:mov rdx, qword ptr [rdx+0x8]
 [tid:1870450] reg:rdx
 [tid:1870450] Exe pat_search
 [tid:1870450] INSTSELECTOR: instruction to be included and rcx, qword ptr [rdx]
 [tid:1870450] ins:and rcx, qword ptr [rdx]
 [tid:1870450] reg:rcx
 [tid:1870450] Exe pat_search
 [tid:1870450] INSTSELECTOR: instruction to be included cmp rax, rcx
 [tid:1870450] ins:cmp rax, rcx
 [tid:1870450] reg:rflags
 [tid:1870450] Exe pat_search
 [tid:1870450] Exe pat_search
 [tid:1870450] INSTSELECTOR: instruction to be included mov rax, qword ptr [rbp-0x28]
 [tid:1870450] ins:mov rax, qword ptr [rbp-0x28]
 [tid:1870450] reg:rax
 [tid:1870450] Exe pat_search
 [tid:1870450] Exe pat_search
 [tid:1870450] Exe pat_search
 [tid:1870450] INSTSELECTOR: instruction to be included mov rax, qword ptr [rbp-0xa0]
 [tid:1870450] ins:mov rax, qword ptr [rbp-0xa0]
 [tid:1870450] reg:rax
 [tid:1870450] Exe pat_search
 [tid:1870450] Exe pat_search
 [tid:1870450] INSTSELECTOR: instruction to be included mov rax, qword ptr [rbp-0x8]
 [tid:1870450] ins:mov rax, qword ptr [rbp-0x8]
 [tid:1870450] reg:rax
 [tid:1870450] Exe pat_search
 [tid:1870450] INSTSELECTOR: instruction to be included add rsp, 0xa0
 [tid:1870450] ins:add rsp, 0xa0
 [tid:1870450] reg:rsp
 [tid:1870450] Exe pat_search
 [tid:1870450] INSTSELECTOR: instruction to be included pop rbp
 [tid:1870450] ins:pop rbp
 [tid:1870450] reg:rbp
 [tid:1870450] Exe pat_search
 [tid:1870450] Exe main
 [tid:1870450] INSTSELECTOR: instruction to be included mov rcx, qword ptr [rbp-0x118]
 [tid:1870450] ins:mov rcx, qword ptr [rbp-0x118]
 [tid:1870450] reg:rcx
 [tid:1870450] Exe main
 [tid:1870450] Exe main
 [tid:1870450] INSTSELECTOR: instruction to be included mov rax, qword ptr [rax]
 [tid:1870450] ins:mov rax, qword ptr [rax]
 [tid:1870450] reg:rax
 [tid:1870450] Exe main
 [tid:1870450] INSTSELECTOR: instruction to be included mov ecx, dword ptr [rcx]
 [tid:1870450] ins:mov ecx, dword ptr [rcx]
 [tid:1870450] reg:ecx
 [tid:1870450] Exe main
 [tid:1870450] INSTSELECTOR: instruction to be included cmp rax, rcx
 [tid:1870450] ins:cmp rax, rcx
 [tid:1870450] reg:rflags
 [tid:1870450] Exe main
 [tid:1870450] Exe main
 [tid:1870450] INSTSELECTOR: instruction to be included mov rax, qword ptr [rbp-0x108]
 [tid:1870450] ins:mov rax, qword ptr [rbp-0x108]
 [tid:1870450] reg:rax
 [tid:1870450] Exe main
 [tid:1870450] INSTSELECTOR: instruction to be included movss xmm0, dword ptr [rbp-0xe4]
 [tid:1870450] ins:movss xmm0, dword ptr [rbp-0xe4]
 [tid:1870450] reg:xmm0
 [tid:1870450] Exe main
 [tid:1870450] INSTSELECTOR: instruction to be included cvtss2sd xmm0, xmm0
 [tid:1870450] ins:cvtss2sd xmm0, xmm0
 [tid:1870450] reg:xmm0
 [tid:1870450] Exe main
 [tid:1870450] INSTSELECTOR: instruction to be included mov esi, dword ptr [rax]
 [tid:1870450] ins:mov esi, dword ptr [rax]
 [tid:1870450] reg:esi
 [tid:1870450] Exe main
 [tid:1870450] INSTSELECTOR: instruction to be included lea rdi, ptr [rip+0x1104]
 [tid:1870450] ins:lea rdi, ptr [rip+0x1104]
 [tid:1870450] reg:rdi
 [tid:1870450] Exe main
 [tid:1870450] INSTSELECTOR: instruction to be included mov al, 0x1
 [tid:1870450] ins:mov al, 0x1
 [tid:1870450] reg:al
 [tid:1870450] Exe main
 [tid:1870450] Exe main
 [tid:1870450] INSTSELECTOR: instruction to be included mov rsi, qword ptr [rbp-0x110]
 [tid:1870450] ins:mov rsi, qword ptr [rbp-0x110]
 [tid:1870450] reg:rsi
 [tid:1870450] Exe main
 [tid:1870450] INSTSELECTOR: instruction to be included mov rdi, qword ptr [rbp-0x1a0]
 [tid:1870450] ins:mov rdi, qword ptr [rbp-0x1a0]
 [tid:1870450] reg:rdi
 [tid:1870450] Exe main
 [tid:1870450] Exe pat_insert
 [tid:1870450] INSTSELECTOR: instruction to be included push rbp
 [tid:1870450] ins:push rbp
 [tid:1870450] reg:rsp
 [tid:1870450] Exe pat_insert
 [tid:1870450] INSTSELECTOR: instruction to be included mov rbp, rsp
 [tid:1870450] ins:mov rbp, rsp
 [tid:1870450] reg:rbp
 [tid:1870450] Exe pat_insert
 [tid:1870450] INSTSELECTOR: instruction to be included sub rsp, 0x140
 [tid:1870450] ins:sub rsp, 0x140
 [tid:1870450] reg:rsp
 [tid:1870450] Exe pat_insert
 [tid:1870450] Exe pat_insert
 [tid:1870450] Exe pat_insert
 [tid:1870450] INSTSELECTOR: instruction to be included cmp qword ptr [rbp-0x18], 0x0
 [tid:1870450] ins:cmp qword ptr [rbp-0x18], 0x0
 [tid:1870450] reg:rflags
 [tid:1870450] Exe pat_insert
 [tid:1870450] Exe pat_insert
 [tid:1870450] INSTSELECTOR: instruction to be included cmp qword ptr [rbp-0x10], 0x0
 [tid:1870450] ins:cmp qword ptr [rbp-0x10], 0x0
 [tid:1870450] reg:rflags
 [tid:1870450] Exe pat_insert
 [tid:1870450] Exe pat_insert
 [tid:1870450] INSTSELECTOR: instruction to be included mov rax, qword ptr [rbp-0x10]
 [tid:1870450] ins:mov rax, qword ptr [rbp-0x10]
 [tid:1870450] reg:rax
 [tid:1870450] Exe pat_insert
 [tid:1870450] INSTSELECTOR: instruction to be included cmp qword ptr [rax+0x8], 0x0
 [tid:1870450] ins:cmp qword ptr [rax+0x8], 0x0
 [tid:1870450] reg:rflags
 [tid:1870450] Exe pat_insert
 [tid:1870450] Exe pat_insert
 [tid:1870450] INSTSELECTOR: instruction to be included mov rax, qword ptr [rbp-0x10]
 [tid:1870450] ins:mov rax, qword ptr [rbp-0x10]
 [tid:1870450] reg:rax
 [tid:1870450] Exe pat_insert
 [tid:1870450] INSTSELECTOR: instruction to be included mov rax, qword ptr [rax+0x8]
 [tid:1870450] ins:mov rax, qword ptr [rax+0x8]
 [tid:1870450] reg:rax
 [tid:1870450] Exe pat_insert
 [tid:1870450] INSTSELECTOR: instruction to be included mov rcx, qword ptr [rax]
 [tid:1870450] ins:mov rcx, qword ptr [rax]
 [tid:1870450] reg:rcx
 [tid:1870450] Exe pat_insert
 [tid:1870450] INSTSELECTOR: instruction to be included mov rax, qword ptr [rbp-0x10]
 [tid:1870450] ins:mov rax, qword ptr [rbp-0x10]
 [tid:1870450] reg:rax
 [tid:1870450] Exe pat_insert
 [tid:1870450] INSTSELECTOR: instruction to be included and rcx, qword ptr [rax]
 [tid:1870450] ins:and rcx, qword ptr [rax]
 [tid:1870450] reg:rcx
 [tid:1870450] Exe pat_insert
 [tid:1870450] Exe pat_insert
 [tid:1870450] INSTSELECTOR: instruction to be included mov rax, qword ptr [rbp-0x18]
 [tid:1870450] ins:mov rax, qword ptr [rbp-0x18]
 [tid:1870450] reg:rax
 [tid:1870450] Exe pat_insert
 [tid:1870450] Exe pat_insert
 [tid:1870450] INSTSELECTOR: instruction to be included mov rax, qword ptr [rbp-0x10]
 [tid:1870450] ins:mov rax, qword ptr [rbp-0x10]
 [tid:1870450] reg:rax
 [tid:1870450] Exe pat_insert
 [tid:1870450] Exe pat_insert
 [tid:1870450] INSTSELECTOR: instruction to be included mov rax, qword ptr [rbp-0x20]
 [tid:1870450] ins:mov rax, qword ptr [rbp-0x20]
 [tid:1870450] reg:rax
 [tid:1870450] Exe pat_insert
 [tid:1870450] Exe pat_insert
 [tid:1870450] INSTSELECTOR: instruction to be included mov rax, qword ptr [rbp-0x48]
 [tid:1870450] ins:mov rax, qword ptr [rbp-0x48]
 [tid:1870450] reg:rax
 [tid:1870450] Exe pat_insert
 [tid:1870450] INSTSELECTOR: instruction to be included mov rcx, qword ptr [rbp-0x40]
 [tid:1870450] ins:mov rcx, qword ptr [rbp-0x40]
 [tid:1870450] reg:rcx
 [tid:1870450] Exe pat_insert
 [tid:1870450] Exe pat_insert
 [tid:1870450] INSTSELECTOR: instruction to be included movsx edx, byte ptr [rcx+0x11]
 [tid:1870450] ins:movsx edx, byte ptr [rcx+0x11]
 [tid:1870450] reg:edx
 [tid:1870450] Exe pat_insert
 [tid:1870450] Exe pat_insert
 [tid:1870450] INSTSELECTOR: instruction to be included movsx edi, byte ptr [rcx+0x11]
 [tid:1870450] ins:movsx edi, byte ptr [rcx+0x11]
 [tid:1870450] reg:edi
 [tid:1870450] Exe pat_insert
 [tid:1870450] INSTSELECTOR: instruction to be included mov rsi, qword ptr [rax]
 [tid:1870450] ins:mov rsi, qword ptr [rax]
 [tid:1870450] reg:rsi
 [tid:1870450] Exe pat_insert
 [tid:1870450] Exe pat_insert
 [tid:1870450] INSTSELECTOR: instruction to be included cmp rax, 0x0
 [tid:1870450] ins:cmp rax, 0x0
 [tid:1870450] reg:rflags
 [tid:1870450] Exe pat_insert
 [tid:1870450] Exe pat_insert
 [tid:1870450] INSTSELECTOR: instruction to be included mov rax, qword ptr [rbp-0x58]
 [tid:1870450] ins:mov rax, qword ptr [rbp-0x58]
 [tid:1870450] reg:rax
 [tid:1870450] Exe pat_insert
 [tid:1870450] INSTSELECTOR: instruction to be included mov rax, qword ptr [rax+0x20]
 [tid:1870450] ins:mov rax, qword ptr [rax+0x20]
 [tid:1870450] reg:rax
 [tid:1870450] Exe pat_insert
 [tid:1870450] Exe pat_insert
 [tid:1870450] Exe pat_insert
 [tid:1870450] INSTSELECTOR: instruction to be included mov rax, qword ptr [rbp-0x58]
 [tid:1870450] ins:mov rax, qword ptr [rbp-0x58]
 [tid:1870450] reg:rax
 [tid:1870450] Exe pat_insert
 [tid:1870450] INSTSELECTOR: instruction to be included mov rax, qword ptr [rax+0x18]
 [tid:1870450] ins:mov rax, qword ptr [rax+0x18]
 [tid:1870450] reg:rax
 [tid:1870450] Exe pat_insert
 [tid:1870450] Exe pat_insert
 [tid:1870450] INSTSELECTOR: instruction to be included mov rax, qword ptr [rbp-0x60]
 [tid:1870450] ins:mov rax, qword ptr [rbp-0x60]
 [tid:1870450] reg:rax
 [tid:1870450] Exe pat_insert
 [tid:1870450] Exe pat_insert
 [tid:1870450] INSTSELECTOR: instruction to be included mov rax, qword ptr [rbp-0x68]
 [tid:1870450] ins:mov rax, qword ptr [rbp-0x68]
 [tid:1870450] reg:rax
 [tid:1870450] Exe pat_insert
 [tid:1870450] INSTSELECTOR: instruction to be included mov ecx, dword ptr [rbp-0x4c]
 [tid:1870450] ins:mov ecx, dword ptr [rbp-0x4c]
 [tid:1870450] reg:ecx
 [tid:1870450] Exe pat_insert
 [tid:1870450] INSTSELECTOR: instruction to be included movsx edx, byte ptr [rax+0x11]
 [tid:1870450] ins:movsx edx, byte ptr [rax+0x11]
 [tid:1870450] reg:edx
 [tid:1870450] Exe pat_insert
 [tid:1870450] INSTSELECTOR: instruction to be included cmp ecx, edx
 [tid:1870450] ins:cmp ecx, edx
 [tid:1870450] reg:rflags
 [tid:1870450] NORMAL FLAG REG: inst cmp ecx, edx
 [tid:1870450] Exe pat_insert
 [tid:1870450] INSTSELECTOR: instruction to be included mov rdx, rax
 [tid:1870450] ins:mov rdx, rax
 [tid:1870450] reg:rdx
 [tid:1870450] Exe pat_insert
 [tid:1870450] Exe pat_insert
 [tid:1870450] Exe pat_insert
 [tid:1870450] Exe pat_insert
 [tid:1870450] Exe pat_insert
 [tid:1870450] INSTSELECTOR: instruction to be included mov eax, dword ptr [rbp-0x74]
 [tid:1870450] ins:mov eax, dword ptr [rbp-0x74]
 [tid:1870450] reg:eax
 [tid:1870450] Exe pat_insert
 [tid:1870450] INSTSELECTOR: instruction to be included mov rcx, qword ptr [rbp-0x70]
 [tid:1870450] ins:mov rcx, qword ptr [rbp-0x70]
 [tid:1870450] reg:rcx
 [tid:1870450] Exe pat_insert
 [tid:1870450] Exe pat_insert
 [tid:1870450] Exe pat_insert
 [tid:1870450] INSTSELECTOR: instruction to be included mov rax, qword ptr [rbp-0x10]
 [tid:1870450] ins:mov rax, qword ptr [rbp-0x10]
 [tid:1870450] reg:rax
 [tid:1870450] Exe pat_insert
 [tid:1870450] INSTSELECTOR: instruction to be included mov rax, qword ptr [rax]
 [tid:1870450] ins:mov rax, qword ptr [rax]
 [tid:1870450] reg:rax
 [tid:1870450] Exe pat_insert
 [tid:1870450] INSTSELECTOR: instruction to be included mov rcx, qword ptr [rbp-0x20]
 [tid:1870450] ins:mov rcx, qword ptr [rbp-0x20]
 [tid:1870450] reg:rcx
 [tid:1870450] Exe pat_insert
 [tid:1870450] INSTSELECTOR: instruction to be included cmp rax, qword ptr [rcx]
 [tid:1870450] ins:cmp rax, qword ptr [rcx]
 [tid:1870450] reg:rflags
 [tid:1870450] Exe pat_insert
 [tid:1870450] Exe pat_insert
 [tid:1870450] Exe pat_insert
 [tid:1870450] INSTSELECTOR: instruction to be included mov rax, qword ptr [rbp-0x20]
 [tid:1870450] ins:mov rax, qword ptr [rbp-0x20]
 [tid:1870450] reg:rax
 [tid:1870450] Exe pat_insert
 [tid:1870450] INSTSELECTOR: instruction to be included movzx eax, byte ptr [rax+0x10]
 [tid:1870450] ins:movzx eax, byte ptr [rax+0x10]
 [tid:1870450] reg:eax
 [tid:1870450] Exe pat_insert
 [tid:1870450] Exe pat_insert
 [tid:1870450] INSTSELECTOR: instruction to be included mov rax, qword ptr [rbp-0x10]
 [tid:1870450] ins:mov rax, qword ptr [rbp-0x10]
 [tid:1870450] reg:rax
 [tid:1870450] Exe pat_insert
 [tid:1870450] INSTSELECTOR: instruction to be included add rax, 0x8
 [tid:1870450] ins:add rax, 0x8
 [tid:1870450] reg:rax
 [tid:1870450] Exe pat_insert
 [tid:1870450] Exe pat_insert
 [tid:1870450] INSTSELECTOR: instruction to be included mov rax, qword ptr [rbp-0x20]
 [tid:1870450] ins:mov rax, qword ptr [rbp-0x20]
 [tid:1870450] reg:rax
 [tid:1870450] Exe pat_insert
 [tid:1870450] INSTSELECTOR: instruction to be included add rax, 0x8
 [tid:1870450] ins:add rax, 0x8
 [tid:1870450] reg:rax
 [tid:1870450] Exe pat_insert
 [tid:1870450] Exe pat_insert
 [tid:1870450] INSTSELECTOR: instruction to be included mov eax, dword ptr [rbp-0x34]
 [tid:1870450] ins:mov eax, dword ptr [rbp-0x34]
 [tid:1870450] reg:eax
 [tid:1870450] Exe pat_insert
 [tid:1870450] Exe pat_insert
 [tid:1870450] INSTSELECTOR: instruction to be included mov ecx, dword ptr [rbp-0x8c]
 [tid:1870450] ins:mov ecx, dword ptr [rbp-0x8c]
 [tid:1870450] reg:ecx
 [tid:1870450] Exe pat_insert
 [tid:1870450] INSTSELECTOR: instruction to be included mov eax, dword ptr [rbp-0x78]
 [tid:1870450] ins:mov eax, dword ptr [rbp-0x78]
 [tid:1870450] reg:eax
 [tid:1870450] Exe pat_insert
 [tid:1870450] Exe pat_insert
 [tid:1870450] INSTSELECTOR: instruction to be included cmp eax, ecx
 [tid:1870450] ins:cmp eax, ecx
 [tid:1870450] reg:rflags
 [tid:1870450] NORMAL FLAG REG: inst cmp eax, ecx
 [tid:1870450] Exe pat_insert
 [tid:1870450] Exe pat_insert
 [tid:1870450] Exe pat_insert
 [tid:1870450] Exe pat_insert
 [tid:1870450] INSTSELECTOR: instruction to be included mov rax, qword ptr [rbp-0x10]
 [tid:1870450] ins:mov rax, qword ptr [rbp-0x10]
 [tid:1870450] reg:rax
 [tid:1870450] Exe pat_insert
 [tid:1870450] Exe pat_insert
 [tid:1870450] INSTSELECTOR: instruction to be included mov rax, qword ptr [rbp-0x20]
 [tid:1870450] ins:mov rax, qword ptr [rbp-0x20]
 [tid:1870450] reg:rax
 [tid:1870450] Exe pat_insert
 [tid:1870450] Exe pat_insert
 [tid:1870450] INSTSELECTOR: instruction to be included mov eax, dword ptr [rbp-0x34]
 [tid:1870450] ins:mov eax, dword ptr [rbp-0x34]
 [tid:1870450] reg:eax
 [tid:1870450] Exe pat_insert
 [tid:1870450] Exe pat_insert
 [tid:1870450] INSTSELECTOR: instruction to be included mov ecx, dword ptr [rbp-0x118]
 [tid:1870450] ins:mov ecx, dword ptr [rbp-0x118]
 [tid:1870450] reg:ecx
 [tid:1870450] Exe pat_insert
 [tid:1870450] Exe pat_insert
 [tid:1870450] INSTSELECTOR: instruction to be included xor eax, eax
 [tid:1870450] ins:xor eax, eax
 [tid:1870450] reg:eax
 [tid:1870450] Exe pat_insert
 [tid:1870450] INSTSELECTOR: instruction to be included cmp ecx, 0x20
 [tid:1870450] ins:cmp ecx, 0x20
 [tid:1870450] reg:rflags
 [tid:1870450] NORMAL FLAG REG: inst cmp ecx, 0x20
 [tid:1870450] Exe pat_insert
 [tid:1870450] Exe pat_insert
 [tid:1870450] Exe pat_insert
 [tid:1870450] INSTSELECTOR: instruction to be included mov edi, dword ptr [rbp-0x130]
 [tid:1870450] ins:mov edi, dword ptr [rbp-0x130]
 [tid:1870450] reg:edi
 [tid:1870450] Exe pat_insert
 [tid:1870450] INSTSELECTOR: instruction to be included mov rax, qword ptr [rbp-0x128]
 [tid:1870450] ins:mov rax, qword ptr [rbp-0x128]
 [tid:1870450] reg:rax
 [tid:1870450] Exe pat_insert
 [tid:1870450] INSTSELECTOR: instruction to be included mov rsi, qword ptr [rax]
 [tid:1870450] ins:mov rsi, qword ptr [rax]
 [tid:1870450] reg:rsi
 [tid:1870450] Exe pat_insert
 [tid:1870450] Exe pat_insert
 [tid:1870450] INSTSELECTOR: instruction to be included mov edi, dword ptr [rbp-0x130]
 [tid:1870450] ins:mov edi, dword ptr [rbp-0x130]
 [tid:1870450] reg:edi
 [tid:1870450] Exe pat_insert
 [tid:1870450] INSTSELECTOR: instruction to be included mov rcx, rax
 [tid:1870450] ins:mov rcx, rax
 [tid:1870450] reg:rcx
 [tid:1870450] Exe pat_insert
 [tid:1870450] INSTSELECTOR: instruction to be included mov rax, qword ptr [rbp-0x120]
 [tid:1870450] ins:mov rax, qword ptr [rbp-0x120]
 [tid:1870450] reg:rax
 [tid:1870450] Exe pat_insert
 [tid:1870450] Exe pat_insert
 [tid:1870450] INSTSELECTOR: instruction to be included mov rsi, qword ptr [rax]
 [tid:1870450] ins:mov rsi, qword ptr [rax]
 [tid:1870450] reg:rsi
 [tid:1870450] Exe pat_insert
 [tid:1870450] Exe pat_insert
 [tid:1870450] INSTSELECTOR: instruction to be included mov rcx, rax
 [tid:1870450] ins:mov rcx, rax
 [tid:1870450] reg:rcx
 [tid:1870450] Exe pat_insert
 [tid:1870450] INSTSELECTOR: instruction to be included mov rax, qword ptr [rbp-0x138]
 [tid:1870450] ins:mov rax, qword ptr [rbp-0x138]
 [tid:1870450] reg:rax
 [tid:1870450] Exe pat_insert
 [tid:1870450] INSTSELECTOR: instruction to be included cmp rax, rcx
 [tid:1870450] ins:cmp rax, rcx
 [tid:1870450] reg:rflags
 [tid:1870450] NORMAL FLAG REG: inst cmp rax, rcx
 [tid:1870450] Exe pat_insert
 [tid:1870450] INSTSELECTOR: instruction to be included setz al
 [tid:1870450] ins:setz al
 [tid:1870450] reg:al
 [tid:1870450] Exe pat_insert
 [tid:1870450] Exe pat_insert
 [tid:1870450] INSTSELECTOR: instruction to be included mov eax, dword ptr [rbp-0x130]
 [tid:1870450] ins:mov eax, dword ptr [rbp-0x130]
 [tid:1870450] reg:eax
 [tid:1870450] Exe pat_insert
 [tid:1870450] INSTSELECTOR: instruction to be included mov cl, byte ptr [rbp-0x129]
 [tid:1870450] ins:mov cl, byte ptr [rbp-0x129]
 [tid:1870450] reg:cl
 [tid:1870450] Exe pat_insert
 [tid:1870450] INSTSELECTOR: instruction to be included test cl, 0x1
 [tid:1870450] ins:test cl, 0x1
 [tid:1870450] reg:rflags
 [tid:1870450] NORMAL FLAG REG: inst test cl, 0x1
 [tid:1870450] Exe pat_insert
 [tid:1870450] Exe pat_insert
 [tid:1870450] Exe pat_insert
 [tid:1870450] Exe pat_insert
 [tid:1870450] Exe pat_insert
 [tid:1870450] INSTSELECTOR: instruction to be included mov eax, dword ptr [rbp-0x130]
 [tid:1870450] ins:mov eax, dword ptr [rbp-0x130]
 [tid:1870450] reg:eax
 [tid:1870450] Exe pat_insert
 [tid:1870450] INSTSELECTOR: instruction to be included add eax, 0x1
 [tid:1870450] ins:add eax, 0x1
 [tid:1870450] reg:eax
 [tid:1870450] Exe pat_insert
 [tid:1870450] Exe pat_insert
 [tid:1870450] Exe pat_insert
 [tid:1870450] INSTSELECTOR: instruction to be included mov ecx, dword ptr [rbp-0x118]
 [tid:1870450] ins:mov ecx, dword ptr [rbp-0x118]
 [tid:1870450] reg:ecx
 [tid:1870450] Exe pat_insert
 [tid:1870450] Exe pat_insert
 [tid:1870450] INSTSELECTOR: instruction to be included xor eax, eax
 [tid:1870450] ins:xor eax, eax
 [tid:1870450] reg:eax
 [tid:1870450] Exe pat_insert
 [tid:1870450] INSTSELECTOR: instruction to be included cmp ecx, 0x20
 [tid:1870450] ins:cmp ecx, 0x20
 [tid:1870450] reg:rflags
 [tid:1870450] NORMAL FLAG REG: inst cmp ecx, 0x20
 [tid:1870450] Exe pat_insert
 [tid:1870450] Exe pat_insert
 [tid:1870450] Exe pat_insert
 [tid:1870450] INSTSELECTOR: instruction to be included mov edi, dword ptr [rbp-0x130]
 [tid:1870450] ins:mov edi, dword ptr [rbp-0x130]
 [tid:1870450] reg:edi
 [tid:1870450] Exe pat_insert
 [tid:1870450] INSTSELECTOR: instruction to be included mov rax, qword ptr [rbp-0x128]
 [tid:1870450] ins:mov rax, qword ptr [rbp-0x128]
 [tid:1870450] reg:rax
 [tid:1870450] Exe pat_insert
 [tid:1870450] INSTSELECTOR: instruction to be included mov rsi, qword ptr [rax]
 [tid:1870450] ins:mov rsi, qword ptr [rax]
 [tid:1870450] reg:rsi
 [tid:1870450] Exe pat_insert
 [tid:1870450] Exe pat_insert
 [tid:1870450] INSTSELECTOR: instruction to be included mov eax, dword ptr [rbp-0x13c]
 [tid:1870450] ins:mov eax, dword ptr [rbp-0x13c]
 [tid:1870450] reg:eax
 [tid:1870450] Exe pat_insert
 [tid:1870450] Exe pat_insert
 [tid:1870450] INSTSELECTOR: instruction to be included mov rax, qword ptr [rbp-0x18]
 [tid:1870450] ins:mov rax, qword ptr [rbp-0x18]
 [tid:1870450] reg:rax
 [tid:1870450] Exe pat_insert
 [tid:1870450] INSTSELECTOR: instruction to be included movsx edi, byte ptr [rax+0x11]
 [tid:1870450] ins:movsx edi, byte ptr [rax+0x11]
 [tid:1870450] reg:edi
 [tid:1870450] Exe pat_insert
 [tid:1870450] INSTSELECTOR: instruction to be included mov rax, qword ptr [rbp-0x10]
 [tid:1870450] ins:mov rax, qword ptr [rbp-0x10]
 [tid:1870450] reg:rax
 [tid:1870450] Exe pat_insert
 [tid:1870450] INSTSELECTOR: instruction to be included mov rsi, qword ptr [rax]
 [tid:1870450] ins:mov rsi, qword ptr [rax]
 [tid:1870450] reg:rsi
 [tid:1870450] Exe pat_insert
 [tid:1870450] Exe pat_insert
 [tid:1870450] INSTSELECTOR: instruction to be included cmp rax, 0x0
 [tid:1870450] ins:cmp rax, 0x0
 [tid:1870450] reg:rflags
 [tid:1870450] Exe pat_insert
 [tid:1870450] Exe pat_insert
 [tid:1870450] INSTSELECTOR: instruction to be included mov rax, qword ptr [rbp-0x18]
 [tid:1870450] ins:mov rax, qword ptr [rbp-0x18]
 [tid:1870450] reg:rax
 [tid:1870450] Exe pat_insert
 [tid:1870450] INSTSELECTOR: instruction to be included mov rdi, qword ptr [rax+0x20]
 [tid:1870450] ins:mov rdi, qword ptr [rax+0x20]
 [tid:1870450] reg:rdi
 [tid:1870450] Exe pat_insert
 [tid:1870450] INSTSELECTOR: instruction to be included mov rsi, qword ptr [rbp-0x10]
 [tid:1870450] ins:mov rsi, qword ptr [rbp-0x10]
 [tid:1870450] reg:rsi
 [tid:1870450] Exe pat_insert
 [tid:1870450] INSTSELECTOR: instruction to be included mov edx, dword ptr [rbp-0x34]
 [tid:1870450] ins:mov edx, dword ptr [rbp-0x34]
 [tid:1870450] reg:edx
 [tid:1870450] Exe pat_insert
 [tid:1870450] INSTSELECTOR: instruction to be included mov rcx, qword ptr [rbp-0x18]
 [tid:1870450] ins:mov rcx, qword ptr [rbp-0x18]
 [tid:1870450] reg:rcx
 [tid:1870450] Exe pat_insert
 [tid:1870450] Exe pat_insert
 [tid:1870450] INSTSELECTOR: instruction to be included mov rax, qword ptr [rbp-0x18]
 [tid:1870450] ins:mov rax, qword ptr [rbp-0x18]
 [tid:1870450] reg:rax
 [tid:1870450] Exe pat_insert
 [tid:1870450] INSTSELECTOR: instruction to be included mov rdi, qword ptr [rax+0x18]
 [tid:1870450] ins:mov rdi, qword ptr [rax+0x18]
 [tid:1870450] reg:rdi
 [tid:1870450] Exe pat_insert
 [tid:1870450] INSTSELECTOR: instruction to be included mov rsi, qword ptr [rbp-0x10]
 [tid:1870450] ins:mov rsi, qword ptr [rbp-0x10]
 [tid:1870450] reg:rsi
 [tid:1870450] Exe pat_insert
 [tid:1870450] INSTSELECTOR: instruction to be included mov edx, dword ptr [rbp-0x34]
 [tid:1870450] ins:mov edx, dword ptr [rbp-0x34]
 [tid:1870450] reg:edx
 [tid:1870450] Exe pat_insert
 [tid:1870450] INSTSELECTOR: instruction to be included mov rcx, qword ptr [rbp-0x18]
 [tid:1870450] ins:mov rcx, qword ptr [rbp-0x18]
 [tid:1870450] reg:rcx
 [tid:1870450] Exe pat_insert
 [tid:1870450] Exe insertR
 [tid:1870450] INSTSELECTOR: instruction to be included push rbp
 [tid:1870450] ins:push rbp
 [tid:1870450] reg:rsp
 [tid:1870450] Exe insertR
 [tid:1870450] INSTSELECTOR: instruction to be included mov rbp, rsp
 [tid:1870450] ins:mov rbp, rsp
 [tid:1870450] reg:rbp
 [tid:1870450] Exe insertR
 [tid:1870450] INSTSELECTOR: instruction to be included sub rsp, 0x40
 [tid:1870450] ins:sub rsp, 0x40
 [tid:1870450] reg:rsp
 [tid:1870450] Exe insertR
 [tid:1870450] Exe insertR
 [tid:1870450] Exe insertR
 [tid:1870450] Exe insertR
 [tid:1870450] Exe insertR
 [tid:1870450] INSTSELECTOR: instruction to be included mov rax, qword ptr [rbp-0x10]
 [tid:1870450] ins:mov rax, qword ptr [rbp-0x10]
 [tid:1870450] reg:rax
 [tid:1870450] Exe insertR
 [tid:1870450] INSTSELECTOR: instruction to be included movsx eax, byte ptr [rax+0x11]
 [tid:1870450] ins:movsx eax, byte ptr [rax+0x11]
 [tid:1870450] reg:eax
 [tid:1870450] Exe insertR
 [tid:1870450] INSTSELECTOR: instruction to be included cmp eax, dword ptr [rbp-0x1c]
 [tid:1870450] ins:cmp eax, dword ptr [rbp-0x1c]
 [tid:1870450] reg:rflags
 [tid:1870450] Exe insertR
 [tid:1870450] Exe insertR
 [tid:1870450] INSTSELECTOR: instruction to be included mov rax, qword ptr [rbp-0x10]
 [tid:1870450] ins:mov rax, qword ptr [rbp-0x10]
 [tid:1870450] reg:rax
 [tid:1870450] Exe insertR
 [tid:1870450] INSTSELECTOR: instruction to be included movsx eax, byte ptr [rax+0x11]
 [tid:1870450] ins:movsx eax, byte ptr [rax+0x11]
 [tid:1870450] reg:eax
 [tid:1870450] Exe insertR
 [tid:1870450] INSTSELECTOR: instruction to be included mov rcx, qword ptr [rbp-0x28]
 [tid:1870450] ins:mov rcx, qword ptr [rbp-0x28]
 [tid:1870450] reg:rcx
 [tid:1870450] Exe insertR
 [tid:1870450] INSTSELECTOR: instruction to be included movsx ecx, byte ptr [rcx+0x11]
 [tid:1870450] ins:movsx ecx, byte ptr [rcx+0x11]
 [tid:1870450] reg:ecx
 [tid:1870450] Exe insertR
 [tid:1870450] INSTSELECTOR: instruction to be included cmp eax, ecx
 [tid:1870450] ins:cmp eax, ecx
 [tid:1870450] reg:rflags
 [tid:1870450] Exe insertR
 [tid:1870450] Exe insertR
 [tid:1870450] INSTSELECTOR: instruction to be included mov eax, dword ptr [rbp-0x1c]
 [tid:1870450] ins:mov eax, dword ptr [rbp-0x1c]
 [tid:1870450] reg:eax
 [tid:1870450] Exe insertR
 [tid:1870450] INSTSELECTOR: instruction to be included mov cl, al
 [tid:1870450] ins:mov cl, al
 [tid:1870450] reg:cl
 [tid:1870450] Exe insertR
 [tid:1870450] INSTSELECTOR: instruction to be included mov rax, qword ptr [rbp-0x18]
 [tid:1870450] ins:mov rax, qword ptr [rbp-0x18]
 [tid:1870450] reg:rax
 [tid:1870450] Exe insertR
 [tid:1870450] Exe insertR
 [tid:1870450] INSTSELECTOR: instruction to be included mov edi, dword ptr [rbp-0x1c]
 [tid:1870450] ins:mov edi, dword ptr [rbp-0x1c]
 [tid:1870450] reg:edi
 [tid:1870450] Exe insertR
 [tid:1870450] INSTSELECTOR: instruction to be included mov rax, qword ptr [rbp-0x18]
 [tid:1870450] ins:mov rax, qword ptr [rbp-0x18]
 [tid:1870450] reg:rax
 [tid:1870450] Exe insertR
 [tid:1870450] INSTSELECTOR: instruction to be included mov rsi, qword ptr [rax]
 [tid:1870450] ins:mov rsi, qword ptr [rax]
 [tid:1870450] reg:rsi
 [tid:1870450] Exe insertR
 [tid:1870450] Exe insertR
 [tid:1870450] INSTSELECTOR: instruction to be included cmp rax, 0x0
 [tid:1870450] ins:cmp rax, 0x0
 [tid:1870450] reg:rflags
 [tid:1870450] Exe insertR
 [tid:1870450] Exe insertR
 [tid:1870450] INSTSELECTOR: instruction to be included mov rax, qword ptr [rbp-0x10]
 [tid:1870450] ins:mov rax, qword ptr [rbp-0x10]
 [tid:1870450] reg:rax
 [tid:1870450] Exe insertR
 [tid:1870450] Exe insertR
 [tid:1870450] Exe insertR
 [tid:1870450] INSTSELECTOR: instruction to be included mov rcx, qword ptr [rbp-0x30]
 [tid:1870450] ins:mov rcx, qword ptr [rbp-0x30]
 [tid:1870450] reg:rcx
 [tid:1870450] Exe insertR
 [tid:1870450] INSTSELECTOR: instruction to be included mov rax, qword ptr [rbp-0x18]
 [tid:1870450] ins:mov rax, qword ptr [rbp-0x18]
 [tid:1870450] reg:rax
 [tid:1870450] Exe insertR
 [tid:1870450] Exe insertR
 [tid:1870450] INSTSELECTOR: instruction to be included mov edi, dword ptr [rbp-0x1c]
 [tid:1870450] ins:mov edi, dword ptr [rbp-0x1c]
 [tid:1870450] reg:edi
 [tid:1870450] Exe insertR
 [tid:1870450] INSTSELECTOR: instruction to be included mov rax, qword ptr [rbp-0x18]
 [tid:1870450] ins:mov rax, qword ptr [rbp-0x18]
 [tid:1870450] reg:rax
 [tid:1870450] Exe insertR
 [tid:1870450] INSTSELECTOR: instruction to be included mov rsi, qword ptr [rax]
 [tid:1870450] ins:mov rsi, qword ptr [rax]
 [tid:1870450] reg:rsi
 [tid:1870450] Exe insertR
 [tid:1870450] Exe insertR
 [tid:1870450] INSTSELECTOR: instruction to be included cmp rax, 0x0
 [tid:1870450] ins:cmp rax, 0x0
 [tid:1870450] reg:rflags
 [tid:1870450] Exe insertR
 [tid:1870450] Exe insertR
 [tid:1870450] INSTSELECTOR: instruction to be included mov rax, qword ptr [rbp-0x18]
 [tid:1870450] ins:mov rax, qword ptr [rbp-0x18]
 [tid:1870450] reg:rax
 [tid:1870450] Exe insertR
 [tid:1870450] Exe insertR
 [tid:1870450] Exe insertR
 [tid:1870450] INSTSELECTOR: instruction to be included mov rcx, qword ptr [rbp-0x38]
 [tid:1870450] ins:mov rcx, qword ptr [rbp-0x38]
 [tid:1870450] reg:rcx
 [tid:1870450] Exe insertR
 [tid:1870450] INSTSELECTOR: instruction to be included mov rax, qword ptr [rbp-0x18]
 [tid:1870450] ins:mov rax, qword ptr [rbp-0x18]
 [tid:1870450] reg:rax
 [tid:1870450] Exe insertR
 [tid:1870450] Exe insertR
 [tid:1870450] INSTSELECTOR: instruction to be included mov rax, qword ptr [rbp-0x18]
 [tid:1870450] ins:mov rax, qword ptr [rbp-0x18]
 [tid:1870450] reg:rax
 [tid:1870450] Exe insertR
 [tid:1870450] Exe insertR
 [tid:1870450] Exe insertR
 [tid:1870450] INSTSELECTOR: instruction to be included mov rax, qword ptr [rbp-0x8]
 [tid:1870450] ins:mov rax, qword ptr [rbp-0x8]
 [tid:1870450] reg:rax
 [tid:1870450] Exe insertR
 [tid:1870450] INSTSELECTOR: instruction to be included add rsp, 0x40
 [tid:1870450] ins:add rsp, 0x40
 [tid:1870450] reg:rsp
 [tid:1870450] Exe insertR
 [tid:1870450] INSTSELECTOR: instruction to be included pop rbp
 [tid:1870450] ins:pop rbp
 [tid:1870450] reg:rsp
 [tid:1870450] Exe insertR
 [tid:1870450] Exe pat_insert
 [tid:1870450] INSTSELECTOR: instruction to be included mov rcx, rax
 [tid:1870450] ins:mov rcx, rax
 [tid:1870450] reg:rcx
 [tid:1870450] Exe pat_insert
 [tid:1870450] INSTSELECTOR: instruction to be included mov rax, qword ptr [rbp-0x18]
 [tid:1870450] ins:mov rax, qword ptr [rbp-0x18]
 [tid:1870450] reg:rax
 [tid:1870450] Exe pat_insert
 [tid:1870450] Exe pat_insert
 [tid:1870450] INSTSELECTOR: instruction to be included mov rax, qword ptr [rbp-0x10]
 [tid:1870450] ins:mov rax, qword ptr [rbp-0x10]
 [tid:1870450] reg:rax
 [tid:1870450] Exe pat_insert
 [tid:1870450] Exe pat_insert
 [tid:1870450] INSTSELECTOR: instruction to be included mov rax, qword ptr [rbp-0x8]
 [tid:1870450] ins:mov rax, qword ptr [rbp-0x8]
 [tid:1870450] reg:rax
 [tid:1870450] Exe pat_insert
 [tid:1870450] INSTSELECTOR: instruction to be included add rsp, 0x140
 [tid:1870450] ins:add rsp, 0x140
 [tid:1870450] reg:rsp
 [tid:1870450] Exe pat_insert
 [tid:1870450] INSTSELECTOR: instruction to be included pop rbp
 [tid:1870450] ins:pop rbp
 [tid:1870450] reg:rbp
 [tid:1870450] Exe pat_insert
 [tid:1870450] Exe main
 [tid:1870450] Exe main
 [tid:1870450] INSTSELECTOR: instruction to be included mov rcx, qword ptr [rbp-0x1d8]
 [tid:1870450] ins:mov rcx, qword ptr [rbp-0x1d8]
 [tid:1870450] reg:rcx
 [tid:1870450] Exe main
 [tid:1870450] INSTSELECTOR: instruction to be included mov rdx, qword ptr [rbp-0x1e0]
 [tid:1870450] ins:mov rdx, qword ptr [rbp-0x1e0]
 [tid:1870450] reg:rdx
 [tid:1870450] Exe main
 [tid:1870450] INSTSELECTOR: instruction to be included mov rax, qword ptr [rbp-0x1e8]
 [tid:1870450] ins:mov rax, qword ptr [rbp-0x1e8]
 [tid:1870450] reg:rax
 [tid:1870450] Exe main
 [tid:1870450] Exe main
 [tid:1870450] INSTSELECTOR: instruction to be included cmp rax, 0x0
 [tid:1870450] ins:cmp rax, 0x0
 [tid:1870450] reg:rflags
 [tid:1870450] NORMAL FLAG REG: inst cmp rax, 0x0
 [tid:1870450] Exe main
 [tid:1870450] Exe main
 [tid:1870450] Exe main
 [tid:1870450] Exe main
 [tid:1870450] Exe main
 [tid:1870450] INSTSELECTOR: instruction to be included mov rax, qword ptr [rbp-0x200]
 [tid:1870450] ins:mov rax, qword ptr [rbp-0x200]
 [tid:1870450] reg:rax
 [tid:1870450] Exe main
 [tid:1870450] INSTSELECTOR: instruction to be included mov rcx, qword ptr [rbp-0x1f8]
 [tid:1870450] ins:mov rcx, qword ptr [rbp-0x1f8]
 [tid:1870450] reg:rcx
 [tid:1870450] Exe main
 [tid:1870450] INSTSELECTOR: instruction to be included mov rdx, qword ptr [rbp-0x1f0]
 [tid:1870450] ins:mov rdx, qword ptr [rbp-0x1f0]
 [tid:1870450] reg:rdx
 [tid:1870450] Exe main
 [tid:1870450] Exe main
 [tid:1870450] Exe main
 [tid:1870450] Exe main
 [tid:1870450] INSTSELECTOR: instruction to be included mov rax, qword ptr [rip+0x202179]
 [tid:1870450] ins:mov rax, qword ptr [rip+0x202179]
 [tid:1870450] reg:rax
 [tid:1870450] Exe main
 [tid:1870450] INSTSELECTOR: instruction to be included mov rdi, qword ptr [rax]
 [tid:1870450] ins:mov rdi, qword ptr [rax]
 [tid:1870450] reg:rdi
 [tid:1870450] Exe main
 [tid:1870450] INSTSELECTOR: instruction to be included lea rsi, ptr [rip+0x106e]
 [tid:1870450] ins:lea rsi, ptr [rip+0x106e]
 [tid:1870450] reg:rsi
 [tid:1870450] Exe main
 [tid:1870450] INSTSELECTOR: instruction to be included mov al, 0x0
 [tid:1870450] ins:mov al, 0x0
 [tid:1870450] reg:al
 [tid:1870450] Exe main
 [tid:1870450] Exe main
 [tid:1870450] INSTSELECTOR: instruction to be included mov rax, qword ptr [rbp-0x208]
 [tid:1870450] ins:mov rax, qword ptr [rbp-0x208]
 [tid:1870450] reg:rax
 [tid:1870450] Exe main
 [tid:1870450] INSTSELECTOR: instruction to be included mov rcx, qword ptr [rbp-0x1d8]
 [tid:1870450] ins:mov rcx, qword ptr [rbp-0x1d8]
 [tid:1870450] reg:rcx
 [tid:1870450] Exe main
 [tid:1870450] INSTSELECTOR: instruction to be included mov rdx, qword ptr [rbp-0x1e0]
 [tid:1870450] ins:mov rdx, qword ptr [rbp-0x1e0]
 [tid:1870450] reg:rdx
 [tid:1870450] Exe main
 [tid:1870450] Exe main
 [tid:1870450] Exe main
 [tid:1870450] Exe main
 [tid:1870450] Exe main
 [tid:1870450] INSTSELECTOR: instruction to be included mov rdx, qword ptr [rbp-0x148]
 [tid:1870450] ins:mov rdx, qword ptr [rbp-0x148]
 [tid:1870450] reg:rdx
 [tid:1870450] Exe main
 [tid:1870450] INSTSELECTOR: instruction to be included mov rdi, qword ptr [rbp-0x150]
 [tid:1870450] ins:mov rdi, qword ptr [rbp-0x150]
 [tid:1870450] reg:rdi
 [tid:1870450] Exe main
 [tid:1870450] INSTSELECTOR: instruction to be included mov rax, qword ptr [rbp-0x100]
 [tid:1870450] ins:mov rax, qword ptr [rbp-0x100]
 [tid:1870450] reg:rax
 [tid:1870450] Exe main
 [tid:1870450] INSTSELECTOR: instruction to be included mov rcx, qword ptr [rbp-0xf8]
 [tid:1870450] ins:mov rcx, qword ptr [rbp-0xf8]
 [tid:1870450] reg:rcx
 [tid:1870450] Exe main
 [tid:1870450] INSTSELECTOR: instruction to be included mov rsi, qword ptr [rbp-0xf0]
 [tid:1870450] ins:mov rsi, qword ptr [rbp-0xf0]
 [tid:1870450] reg:rsi
 [tid:1870450] Exe main
 [tid:1870450] Exe main
 [tid:1870450] Exe main
 [tid:1870450] Exe main
 [tid:1870450] INSTSELECTOR: instruction to be included mov esi, 0x80
 [tid:1870450] ins:mov esi, 0x80
 [tid:1870450] reg:esi
 [tid:1870450] Exe main
 [tid:1870450] Exe main
 [tid:1870450] INSTSELECTOR: instruction to be included mov rcx, qword ptr [rbp-0x1a0]
 [tid:1870450] ins:mov rcx, qword ptr [rbp-0x1a0]
 [tid:1870450] reg:rcx
 [tid:1870450] Exe main
 [tid:1870450] INSTSELECTOR: instruction to be included mov rsi, qword ptr [rbp-0x120]
 [tid:1870450] ins:mov rsi, qword ptr [rbp-0x120]
 [tid:1870450] reg:rsi
 [tid:1870450] Exe main
 [tid:1870450] INSTSELECTOR: instruction to be included mov edx, eax
 [tid:1870450] ins:mov edx, eax
 [tid:1870450] reg:edx
 [tid:1870450] Exe main
 [tid:1870450] INSTSELECTOR: instruction to be included mov rax, qword ptr [rbp-0x128]
 [tid:1870450] ins:mov rax, qword ptr [rbp-0x128]
 [tid:1870450] reg:rax
 [tid:1870450] Exe main
 [tid:1870450] INSTSELECTOR: instruction to be included mov edx, edx
 [tid:1870450] ins:mov edx, edx
 [tid:1870450] reg:edx
 [tid:1870450] Exe main
 [tid:1870450] INSTSELECTOR: instruction to be included mov rcx, qword ptr [rcx+0x8]
 [tid:1870450] ins:mov rcx, qword ptr [rcx+0x8]
 [tid:1870450] reg:rcx
 [tid:1870450] Exe main
 [tid:1870450] Exe main
 [tid:1870450] INSTSELECTOR: instruction to be included mov eax, dword ptr [rax]
 [tid:1870450] ins:mov eax, dword ptr [rax]
 [tid:1870450] reg:eax
 [tid:1870450] Exe main
 [tid:1870450] INSTSELECTOR: instruction to be included mov edi, eax
 [tid:1870450] ins:mov edi, eax
 [tid:1870450] reg:edi
 [tid:1870450] Exe main
 [tid:1870450] Exe pat_search
 [tid:1870450] INSTSELECTOR: instruction to be included mov rdx, qword ptr [rbp-0x50]
 [tid:1870450] ins:mov rdx, qword ptr [rbp-0x50]
 [tid:1870450] reg:rdx
 [tid:1870450] Exe pat_search
 [tid:1870450] INSTSELECTOR: instruction to be included mov rax, qword ptr [rbp-0x40]
 [tid:1870450] ins:mov rax, qword ptr [rbp-0x40]
 [tid:1870450] reg:rax
 [tid:1870450] Exe pat_search
 [tid:1870450] INSTSELECTOR: instruction to be included mov rsi, qword ptr [rbp-0x38]
 [tid:1870450] ins:mov rsi, qword ptr [rbp-0x38]
 [tid:1870450] reg:rsi
 [tid:1870450] Exe pat_search
 [tid:1870450] Exe pat_search
 [tid:1870450] INSTSELECTOR: instruction to be included mov rcx, qword ptr [rsi]
 [tid:1870450] ins:mov rcx, qword ptr [rsi]
 [tid:1870450] reg:rcx
 [tid:1870450] Exe pat_search
 [tid:1870450] INSTSELECTOR: instruction to be included mov rsi, qword ptr [rsi+0x8]
 [tid:1870450] ins:mov rsi, qword ptr [rsi+0x8]
 [tid:1870450] reg:rsi
 [tid:1870450] Exe pat_search
 [tid:1870450] INSTSELECTOR: instruction to be included and rdx, qword ptr [rsi]
 [tid:1870450] ins:and rdx, qword ptr [rsi]
 [tid:1870450] reg:rdx
 [tid:1870450] Exe pat_search
 [tid:1870450] INSTSELECTOR: instruction to be included cmp rcx, rdx
 [tid:1870450] ins:cmp rcx, rdx
 [tid:1870450] reg:rflags
 [tid:1870450] NORMAL FLAG REG: inst cmp rcx, rdx
 [tid:1870450] Exe pat_search
 [tid:1870450] Exe pat_search
 [tid:1870450] Exe pat_search
 [tid:1870450] INSTSELECTOR: instruction to be included mov rax, qword ptr [rbp-0x60]
 [tid:1870450] ins:mov rax, qword ptr [rbp-0x60]
 [tid:1870450] reg:rax
 [tid:1870450] Exe pat_search
 [tid:1870450] Exe pat_search
 [tid:1870450] Exe pat_insert
 [tid:1870450] INSTSELECTOR: instruction to be included mov rax, qword ptr [rbp-0x48]
 [tid:1870450] ins:mov rax, qword ptr [rbp-0x48]
 [tid:1870450] reg:rax
 [tid:1870450] Exe pat_insert
 [tid:1870450] INSTSELECTOR: instruction to be included mov rcx, qword ptr [rbp-0x40]
 [tid:1870450] ins:mov rcx, qword ptr [rbp-0x40]
 [tid:1870450] reg:rcx
 [tid:1870450] Exe pat_insert
 [tid:1870450] Exe pat_insert
 [tid:1870450] INSTSELECTOR: instruction to be included movsx edx, byte ptr [rcx+0x11]
 [tid:1870450] ins:movsx edx, byte ptr [rcx+0x11]
 [tid:1870450] reg:edx
 [tid:1870450] Exe pat_insert
 [tid:1870450] Exe pat_insert
 [tid:1870450] INSTSELECTOR: instruction to be included movsx edi, byte ptr [rcx+0x11]
 [tid:1870450] ins:movsx edi, byte ptr [rcx+0x11]
 [tid:1870450] reg:edi
 [tid:1870450] Exe pat_insert
 [tid:1870450] INSTSELECTOR: instruction to be included mov rsi, qword ptr [rax]
 [tid:1870450] ins:mov rsi, qword ptr [rax]
 [tid:1870450] reg:rsi
 [tid:1870450] Exe pat_insert
 [tid:1870450] Exe insertR
 [tid:1870450] INSTSELECTOR: instruction to be included mov eax, dword ptr [rbp-0x1c]
 [tid:1870450] ins:mov eax, dword ptr [rbp-0x1c]
 [tid:1870450] reg:eax
 [tid:1870450] Exe insertR
 [tid:1870450] INSTSELECTOR: instruction to be included mov cl, al
 [tid:1870450] ins:mov cl, al
 [tid:1870450] reg:cl
 [tid:1870450] Exe insertR
 [tid:1870450] INSTSELECTOR: instruction to be included mov rax, qword ptr [rbp-0x18]
 [tid:1870450] ins:mov rax, qword ptr [rbp-0x18]
 [tid:1870450] reg:rax
 [tid:1870450] Exe insertR
 [tid:1870450] Exe insertR
 [tid:1870450] INSTSELECTOR: instruction to be included mov edi, dword ptr [rbp-0x1c]
 [tid:1870450] ins:mov edi, dword ptr [rbp-0x1c]
 [tid:1870450] reg:edi
 [tid:1870450] Exe insertR
 [tid:1870450] INSTSELECTOR: instruction to be included mov rax, qword ptr [rbp-0x18]
 [tid:1870450] ins:mov rax, qword ptr [rbp-0x18]
 [tid:1870450] reg:rax
 [tid:1870450] Exe insertR
 [tid:1870450] INSTSELECTOR: instruction to be included mov rsi, qword ptr [rax]
 [tid:1870450] ins:mov rsi, qword ptr [rax]
 [tid:1870450] reg:rsi
 [tid:1870450] Exe insertR
 [tid:1870450] Exe pat_search
 [tid:1870450] INSTSELECTOR: instruction to be included mov rax, qword ptr [rbp-0x78]
 [tid:1870450] ins:mov rax, qword ptr [rbp-0x78]
 [tid:1870450] reg:rax
 [tid:1870450] Exe pat_search
 [tid:1870450] Exe pat_search
 [tid:1870450] INSTSELECTOR: instruction to be included mov rax, qword ptr [rbp-0x80]
 [tid:1870450] ins:mov rax, qword ptr [rbp-0x80]
 [tid:1870450] reg:rax
 [tid:1870450] Exe pat_search
 [tid:1870450] INSTSELECTOR: instruction to be included mov rcx, qword ptr [rbp-0x70]
 [tid:1870450] ins:mov rcx, qword ptr [rbp-0x70]
 [tid:1870450] reg:rcx
 [tid:1870450] Exe pat_search
 [tid:1870450] INSTSELECTOR: instruction to be included mov edx, dword ptr [rbp-0x64]
 [tid:1870450] ins:mov edx, dword ptr [rbp-0x64]
 [tid:1870450] reg:edx
 [tid:1870450] Exe pat_search
 [tid:1870450] INSTSELECTOR: instruction to be included movsx esi, byte ptr [rax+0x11]
 [tid:1870450] ins:movsx esi, byte ptr [rax+0x11]
 [tid:1870450] reg:esi
 [tid:1870450] Exe pat_search
 [tid:1870450] INSTSELECTOR: instruction to be included cmp edx, esi
 [tid:1870450] ins:cmp edx, esi
 [tid:1870450] reg:rflags
 [tid:1870450] NORMAL FLAG REG: inst cmp edx, esi
 [tid:1870450] Exe pat_search
 [tid:1870450] INSTSELECTOR: instruction to be included mov rsi, rcx
 [tid:1870450] ins:mov rsi, rcx
 [tid:1870450] reg:rsi
 [tid:1870450] Exe pat_search
 [tid:1870450] Exe pat_search
 [tid:1870450] INSTSELECTOR: instruction to be included mov rsi, rax
 [tid:1870450] ins:mov rsi, rax
 [tid:1870450] reg:rsi
 [tid:1870450] Exe pat_search
 [tid:1870450] Exe pat_search
 [tid:1870450] Exe pat_search
 [tid:1870450] Exe pat_search
 [tid:1870450] Exe pat_search
 [tid:1870450] Exe pat_search
 [tid:1870450] INSTSELECTOR: instruction to be included mov eax, dword ptr [rbp-0x94]
 [tid:1870450] ins:mov eax, dword ptr [rbp-0x94]
 [tid:1870450] reg:eax
 [tid:1870450] Exe pat_search
 [tid:1870450] INSTSELECTOR: instruction to be included mov rcx, qword ptr [rbp-0x90]
 [tid:1870450] ins:mov rcx, qword ptr [rbp-0x90]
 [tid:1870450] reg:rcx
 [tid:1870450] Exe pat_search
 [tid:1870450] INSTSELECTOR: instruction to be included mov rdx, qword ptr [rbp-0x88]
 [tid:1870450] ins:mov rdx, qword ptr [rbp-0x88]
 [tid:1870450] reg:rdx
 [tid:1870450] Exe pat_search
 [tid:1870450] Exe pat_search
 [tid:1870450] Exe pat_search
 [tid:1870450] Exe pat_search
 [tid:1870450] INSTSELECTOR: instruction to be included mov rax, qword ptr [rbp-0x28]
 [tid:1870450] ins:mov rax, qword ptr [rbp-0x28]
 [tid:1870450] reg:rax
 [tid:1870450] Exe pat_search
 [tid:1870450] INSTSELECTOR: instruction to be included mov rax, qword ptr [rax]
 [tid:1870450] ins:mov rax, qword ptr [rax]
 [tid:1870450] reg:rax
 [tid:1870450] Exe pat_search
 [tid:1870450] INSTSELECTOR: instruction to be included mov rcx, qword ptr [rbp-0x10]
 [tid:1870450] ins:mov rcx, qword ptr [rbp-0x10]
 [tid:1870450] reg:rcx
 [tid:1870450] Exe pat_search
 [tid:1870450] INSTSELECTOR: instruction to be included mov rdx, qword ptr [rbp-0x28]
 [tid:1870450] ins:mov rdx, qword ptr [rbp-0x28]
 [tid:1870450] reg:rdx
 [tid:1870450] Exe pat_search
 [tid:1870450] INSTSELECTOR: instruction to be included mov rdx, qword ptr [rdx+0x8]
 [tid:1870450] ins:mov rdx, qword ptr [rdx+0x8]
 [tid:1870450] reg:rdx
 [tid:1870450] Exe pat_search
 [tid:1870450] INSTSELECTOR: instruction to be included and rcx, qword ptr [rdx]
 [tid:1870450] ins:and rcx, qword ptr [rdx]
 [tid:1870450] reg:rcx
 [tid:1870450] Exe pat_search
 [tid:1870450] INSTSELECTOR: instruction to be included cmp rax, rcx
 [tid:1870450] ins:cmp rax, rcx
 [tid:1870450] reg:rflags
 [tid:1870450] Exe pat_search
 [tid:1870450] Exe pat_search
 [tid:1870450] INSTSELECTOR: instruction to be included mov rax, qword ptr [rbp-0x28]
 [tid:1870450] ins:mov rax, qword ptr [rbp-0x28]
 [tid:1870450] reg:rax
 [tid:1870450] Exe pat_search
 [tid:1870450] Exe pat_search
 [tid:1870450] Exe main
 [tid:1870450] INSTSELECTOR: instruction to be included lea rdi, ptr [rip+0x1100]
 [tid:1870450] ins:lea rdi, ptr [rip+0x1100]
 [tid:1870450] reg:rdi
 [tid:1870450] Exe main
 [tid:1870450] INSTSELECTOR: instruction to be included mov al, 0x0
 [tid:1870450] ins:mov al, 0x0
 [tid:1870450] reg:al
 [tid:1870450] Exe main
 [tid:1870450] Exe main
 [tid:1870450] INSTSELECTOR: instruction to be included mov rax, qword ptr [rbp-0x1a0]
 [tid:1870450] ins:mov rax, qword ptr [rbp-0x1a0]
 [tid:1870450] reg:rax
 [tid:1870450] Exe main
 [tid:1870450] Exe main
 [tid:1870450] Exe main
 [tid:1870450] INSTSELECTOR: instruction to be included mov rcx, qword ptr [rbp-0x1d8]
 [tid:1870450] ins:mov rcx, qword ptr [rbp-0x1d8]
 [tid:1870450] reg:rcx
 [tid:1870450] Exe main
 [tid:1870450] INSTSELECTOR: instruction to be included mov rdx, qword ptr [rbp-0x1e0]
 [tid:1870450] ins:mov rdx, qword ptr [rbp-0x1e0]
 [tid:1870450] reg:rdx
 [tid:1870450] Exe main
 [tid:1870450] INSTSELECTOR: instruction to be included mov rax, qword ptr [rbp-0x1e8]
 [tid:1870450] ins:mov rax, qword ptr [rbp-0x1e8]
 [tid:1870450] reg:rax
 [tid:1870450] Exe main
 [tid:1870450] Exe main
 [tid:1870450] INSTSELECTOR: instruction to be included cmp rax, 0x0
 [tid:1870450] ins:cmp rax, 0x0
 [tid:1870450] reg:rflags
 [tid:1870450] NORMAL FLAG REG: inst cmp rax, 0x0
 [tid:1870450] Exe main
 [tid:1870450] Exe main
 [tid:1870450] Exe main
 [tid:1870450] Exe main
 [tid:1870450] Exe main
 [tid:1870450] INSTSELECTOR: instruction to be included mov rax, qword ptr [rbp-0x200]
 [tid:1870450] ins:mov rax, qword ptr [rbp-0x200]
 [tid:1870450] reg:rax
 [tid:1870450] Exe main
 [tid:1870450] INSTSELECTOR: instruction to be included mov rcx, qword ptr [rbp-0x1f8]
 [tid:1870450] ins:mov rcx, qword ptr [rbp-0x1f8]
 [tid:1870450] reg:rcx
 [tid:1870450] Exe main
 [tid:1870450] INSTSELECTOR: instruction to be included mov rdx, qword ptr [rbp-0x1f0]
 [tid:1870450] ins:mov rdx, qword ptr [rbp-0x1f0]
 [tid:1870450] reg:rdx
 [tid:1870450] Exe main
 [tid:1870450] Exe main
 [tid:1870450] Exe main
 [tid:1870450] Exe main
 [tid:1870450] INSTSELECTOR: instruction to be included mov rax, qword ptr [rip+0x202179]
 [tid:1870450] ins:mov rax, qword ptr [rip+0x202179]
 [tid:1870450] reg:rax
 [tid:1870450] Exe main
 [tid:1870450] INSTSELECTOR: instruction to be included mov rdi, qword ptr [rax]
 [tid:1870450] ins:mov rdi, qword ptr [rax]
 [tid:1870450] reg:rdi
 [tid:1870450] Exe main
 [tid:1870450] INSTSELECTOR: instruction to be included lea rsi, ptr [rip+0x106e]
 [tid:1870450] ins:lea rsi, ptr [rip+0x106e]
 [tid:1870450] reg:rsi
 [tid:1870450] Exe main
 [tid:1870450] INSTSELECTOR: instruction to be included mov al, 0x0
 [tid:1870450] ins:mov al, 0x0
 [tid:1870450] reg:al
 [tid:1870450] Exe main
 [tid:1870450] Exe pat_search
 [tid:1870450] INSTSELECTOR: instruction to be included mov rax, qword ptr [rbp-0x20]
 [tid:1870450] ins:mov rax, qword ptr [rbp-0x20]
 [tid:1870450] reg:rax
 [tid:1870450] Exe pat_search
 [tid:1870450] Exe pat_search
 [tid:1870450] INSTSELECTOR: instruction to be included mov rax, qword ptr [rbp-0xa0]
 [tid:1870450] ins:mov rax, qword ptr [rbp-0xa0]
 [tid:1870450] reg:rax
 [tid:1870450] Exe pat_search
 [tid:1870450] Exe pat_search
 [tid:1870450] INSTSELECTOR: instruction to be included mov rax, qword ptr [rbp-0x8]
 [tid:1870450] ins:mov rax, qword ptr [rbp-0x8]
 [tid:1870450] reg:rax
 [tid:1870450] Exe pat_search
 [tid:1870450] INSTSELECTOR: instruction to be included add rsp, 0xa0
 [tid:1870450] ins:add rsp, 0xa0
 [tid:1870450] reg:rsp
 [tid:1870450] Exe pat_search
 [tid:1870450] INSTSELECTOR: instruction to be included pop rbp
 [tid:1870450] ins:pop rbp
 [tid:1870450] reg:rsp
 [tid:1870450] Exe pat_search
 [tid:1870450] Exe pat_insert
 [tid:1870450] INSTSELECTOR: instruction to be included mov rax, qword ptr [rbp-0x60]
 [tid:1870450] ins:mov rax, qword ptr [rbp-0x60]
 [tid:1870450] reg:rax
 [tid:1870450] Exe pat_insert
 [tid:1870450] Exe pat_insert
 [tid:1870450] INSTSELECTOR: instruction to be included mov rax, qword ptr [rbp-0x68]
 [tid:1870450] ins:mov rax, qword ptr [rbp-0x68]
 [tid:1870450] reg:rax
 [tid:1870450] Exe pat_insert
 [tid:1870450] INSTSELECTOR: instruction to be included mov ecx, dword ptr [rbp-0x4c]
 [tid:1870450] ins:mov ecx, dword ptr [rbp-0x4c]
 [tid:1870450] reg:ecx
 [tid:1870450] Exe pat_insert
 [tid:1870450] INSTSELECTOR: instruction to be included movsx edx, byte ptr [rax+0x11]
 [tid:1870450] ins:movsx edx, byte ptr [rax+0x11]
 [tid:1870450] reg:edx
 [tid:1870450] Exe pat_insert
 [tid:1870450] INSTSELECTOR: instruction to be included cmp ecx, edx
 [tid:1870450] ins:cmp ecx, edx
 [tid:1870450] reg:rflags
 [tid:1870450] NORMAL FLAG REG: inst cmp ecx, edx
 [tid:1870450] Exe pat_insert
 [tid:1870450] INSTSELECTOR: instruction to be included mov rdx, rax
 [tid:1870450] ins:mov rdx, rax
 [tid:1870450] reg:rdx
 [tid:1870450] Exe pat_insert
 [tid:1870450] Exe pat_insert
 [tid:1870450] Exe pat_insert
 [tid:1870450] Exe pat_insert
 [tid:1870450] Exe pat_insert
 [tid:1870450] INSTSELECTOR: instruction to be included mov eax, dword ptr [rbp-0x74]
 [tid:1870450] ins:mov eax, dword ptr [rbp-0x74]
 [tid:1870450] reg:eax
 [tid:1870450] Exe pat_insert
 [tid:1870450] INSTSELECTOR: instruction to be included mov rcx, qword ptr [rbp-0x70]
 [tid:1870450] ins:mov rcx, qword ptr [rbp-0x70]
 [tid:1870450] reg:rcx
 [tid:1870450] Exe pat_insert
 [tid:1870450] Exe pat_insert
 [tid:1870450] Exe pat_insert
 [tid:1870450] INSTSELECTOR: instruction to be included mov rax, qword ptr [rbp-0x10]
 [tid:1870450] ins:mov rax, qword ptr [rbp-0x10]
 [tid:1870450] reg:rax
 [tid:1870450] Exe pat_insert
 [tid:1870450] INSTSELECTOR: instruction to be included mov rax, qword ptr [rax]
 [tid:1870450] ins:mov rax, qword ptr [rax]
 [tid:1870450] reg:rax
 [tid:1870450] Exe pat_insert
 [tid:1870450] INSTSELECTOR: instruction to be included mov rcx, qword ptr [rbp-0x20]
 [tid:1870450] ins:mov rcx, qword ptr [rbp-0x20]
 [tid:1870450] reg:rcx
 [tid:1870450] Exe pat_insert
 [tid:1870450] INSTSELECTOR: instruction to be included cmp rax, qword ptr [rcx]
 [tid:1870450] ins:cmp rax, qword ptr [rcx]
 [tid:1870450] reg:rflags
 [tid:1870450] Exe pat_insert
 [tid:1870450] Exe pat_insert
 [tid:1870450] Exe pat_insert
 [tid:1870450] INSTSELECTOR: instruction to be included mov rax, qword ptr [rbp-0x20]
 [tid:1870450] ins:mov rax, qword ptr [rbp-0x20]
 [tid:1870450] reg:rax
 [tid:1870450] Exe pat_insert
 [tid:1870450] INSTSELECTOR: instruction to be included movzx eax, byte ptr [rax+0x10]
 [tid:1870450] ins:movzx eax, byte ptr [rax+0x10]
 [tid:1870450] reg:eax
 [tid:1870450] Exe pat_insert
 [tid:1870450] Exe pat_insert
 [tid:1870450] INSTSELECTOR: instruction to be included mov rax, qword ptr [rbp-0x10]
 [tid:1870450] ins:mov rax, qword ptr [rbp-0x10]
 [tid:1870450] reg:rax
 [tid:1870450] Exe pat_insert
 [tid:1870450] INSTSELECTOR: instruction to be included add rax, 0x8
 [tid:1870450] ins:add rax, 0x8
 [tid:1870450] reg:rax
 [tid:1870450] Exe pat_insert
 [tid:1870450] Exe pat_insert
 [tid:1870450] INSTSELECTOR: instruction to be included mov rax, qword ptr [rbp-0x20]
 [tid:1870450] ins:mov rax, qword ptr [rbp-0x20]
 [tid:1870450] reg:rax
 [tid:1870450] Exe pat_insert
 [tid:1870450] INSTSELECTOR: instruction to be included add rax, 0x8
 [tid:1870450] ins:add rax, 0x8
 [tid:1870450] reg:rax
 [tid:1870450] Exe pat_insert
 [tid:1870450] Exe pat_insert
 [tid:1870450] INSTSELECTOR: instruction to be included mov eax, dword ptr [rbp-0x34]
 [tid:1870450] ins:mov eax, dword ptr [rbp-0x34]
 [tid:1870450] reg:eax
 [tid:1870450] Exe pat_insert
 [tid:1870450] Exe pat_insert
 [tid:1870450] INSTSELECTOR: instruction to be included mov ecx, dword ptr [rbp-0x8c]
 [tid:1870450] ins:mov ecx, dword ptr [rbp-0x8c]
 [tid:1870450] reg:ecx
 [tid:1870450] Exe pat_insert
 [tid:1870450] INSTSELECTOR: instruction to be included mov eax, dword ptr [rbp-0x78]
 [tid:1870450] ins:mov eax, dword ptr [rbp-0x78]
 [tid:1870450] reg:eax
 [tid:1870450] Exe pat_insert
 [tid:1870450] Exe pat_insert
 [tid:1870450] INSTSELECTOR: instruction to be included cmp eax, ecx
 [tid:1870450] ins:cmp eax, ecx
 [tid:1870450] reg:rflags
 [tid:1870450] NORMAL FLAG REG: inst cmp eax, ecx
 [tid:1870450] Exe pat_insert
 [tid:1870450] Exe pat_insert
 [tid:1870450] Exe insertR
 [tid:1870450] INSTSELECTOR: instruction to be included mov rax, qword ptr [rbp-0x10]
 [tid:1870450] ins:mov rax, qword ptr [rbp-0x10]
 [tid:1870450] reg:rax
 [tid:1870450] Exe insertR
 [tid:1870450] INSTSELECTOR: instruction to be included movsx edi, byte ptr [rax+0x11]
 [tid:1870450] ins:movsx edi, byte ptr [rax+0x11]
 [tid:1870450] reg:edi
 [tid:1870450] Exe insertR
 [tid:1870450] INSTSELECTOR: instruction to be included mov rax, qword ptr [rbp-0x18]
 [tid:1870450] ins:mov rax, qword ptr [rbp-0x18]
 [tid:1870450] reg:rax
 [tid:1870450] Exe insertR
 [tid:1870450] INSTSELECTOR: instruction to be included mov rsi, qword ptr [rax]
 [tid:1870450] ins:mov rsi, qword ptr [rax]
 [tid:1870450] reg:rsi
 [tid:1870450] Exe insertR
 [tid:1870450] Exe insertR
 [tid:1870450] INSTSELECTOR: instruction to be included cmp rax, 0x0
 [tid:1870450] ins:cmp rax, 0x0
 [tid:1870450] reg:rflags
 [tid:1870450] Exe insertR
 [tid:1870450] Exe insertR
 [tid:1870450] INSTSELECTOR: instruction to be included mov rax, qword ptr [rbp-0x10]
 [tid:1870450] ins:mov rax, qword ptr [rbp-0x10]
 [tid:1870450] reg:rax
 [tid:1870450] Exe insertR
 [tid:1870450] INSTSELECTOR: instruction to be included mov rdi, qword ptr [rax+0x20]
 [tid:1870450] ins:mov rdi, qword ptr [rax+0x20]
 [tid:1870450] reg:rdi
 [tid:1870450] Exe insertR
 [tid:1870450] INSTSELECTOR: instruction to be included mov rsi, qword ptr [rbp-0x18]
 [tid:1870450] ins:mov rsi, qword ptr [rbp-0x18]
 [tid:1870450] reg:rsi
 [tid:1870450] Exe insertR
 [tid:1870450] INSTSELECTOR: instruction to be included mov edx, dword ptr [rbp-0x1c]
 [tid:1870450] ins:mov edx, dword ptr [rbp-0x1c]
 [tid:1870450] reg:edx
 [tid:1870450] Exe insertR
 [tid:1870450] INSTSELECTOR: instruction to be included mov rcx, qword ptr [rbp-0x10]
 [tid:1870450] ins:mov rcx, qword ptr [rbp-0x10]
 [tid:1870450] reg:rcx
 [tid:1870450] Exe insertR
 [tid:1870450] Exe insertR
 [tid:1870450] INSTSELECTOR: instruction to be included mov rcx, rax
 [tid:1870450] ins:mov rcx, rax
 [tid:1870450] reg:rcx
 [tid:1870450] Exe insertR
 [tid:1870450] INSTSELECTOR: instruction to be included mov rax, qword ptr [rbp-0x10]
 [tid:1870450] ins:mov rax, qword ptr [rbp-0x10]
 [tid:1870450] reg:rax
 [tid:1870450] Exe insertR
 [tid:1870450] Exe insertR
 [tid:1870450] Exe insertR
 [tid:1870450] INSTSELECTOR: instruction to be included mov rax, qword ptr [rbp-0x10]
 [tid:1870450] ins:mov rax, qword ptr [rbp-0x10]
 [tid:1870450] reg:rax
 [tid:1870450] Exe insertR
 [tid:1870450] Exe insertR
 [tid:1870450] INSTSELECTOR: instruction to be included mov rax, qword ptr [rbp-0x8]
 [tid:1870450] ins:mov rax, qword ptr [rbp-0x8]
 [tid:1870450] reg:rax
 [tid:1870450] Exe insertR
 [tid:1870450] INSTSELECTOR: instruction to be included add rsp, 0x40
 [tid:1870450] ins:add rsp, 0x40
 [tid:1870450] reg:rsp
 [tid:1870450] Exe insertR
 [tid:1870450] INSTSELECTOR: instruction to be included pop rbp
 [tid:1870450] ins:pop rbp
 [tid:1870450] reg:rsp
 [tid:1870450] Exe insertR
 [tid:1870450] Exe insertR
 [tid:1870450] INSTSELECTOR: instruction to be included mov rax, qword ptr [rbp-0x18]
 [tid:1870450] ins:mov rax, qword ptr [rbp-0x18]
 [tid:1870450] reg:rax
 [tid:1870450] Exe insertR
 [tid:1870450] Exe insertR
 [tid:1870450] INSTSELECTOR: instruction to be included mov rcx, qword ptr [rbp-0x30]
 [tid:1870450] ins:mov rcx, qword ptr [rbp-0x30]
 [tid:1870450] reg:rcx
 [tid:1870450] Exe insertR
 [tid:1870450] INSTSELECTOR: instruction to be included mov rax, qword ptr [rbp-0x18]
 [tid:1870450] ins:mov rax, qword ptr [rbp-0x18]
 [tid:1870450] reg:rax
 [tid:1870450] Exe insertR
 [tid:1870450] Exe insertR
 [tid:1870450] INSTSELECTOR: instruction to be included mov edi, dword ptr [rbp-0x1c]
 [tid:1870450] ins:mov edi, dword ptr [rbp-0x1c]
 [tid:1870450] reg:edi
 [tid:1870450] Exe insertR
 [tid:1870450] INSTSELECTOR: instruction to be included mov rax, qword ptr [rbp-0x18]
 [tid:1870450] ins:mov rax, qword ptr [rbp-0x18]
 [tid:1870450] reg:rax
 [tid:1870450] Exe insertR
 [tid:1870450] INSTSELECTOR: instruction to be included mov rsi, qword ptr [rax]
 [tid:1870450] ins:mov rsi, qword ptr [rax]
 [tid:1870450] reg:rsi
 [tid:1870450] Exe insertR
 [tid:1870450] Exe insertR
 [tid:1870450] INSTSELECTOR: instruction to be included mov rax, qword ptr [rbp-0x10]
 [tid:1870450] ins:mov rax, qword ptr [rbp-0x10]
 [tid:1870450] reg:rax
 [tid:1870450] Exe insertR
 [tid:1870450] Exe insertR
 [tid:1870450] INSTSELECTOR: instruction to be included mov rcx, qword ptr [rbp-0x38]
 [tid:1870450] ins:mov rcx, qword ptr [rbp-0x38]
 [tid:1870450] reg:rcx
 [tid:1870450] Exe insertR
 [tid:1870450] INSTSELECTOR: instruction to be included mov rax, qword ptr [rbp-0x18]
 [tid:1870450] ins:mov rax, qword ptr [rbp-0x18]
 [tid:1870450] reg:rax
 [tid:1870450] Exe insertR
 [tid:1870450] Exe insertR
 [tid:1870450] INSTSELECTOR: instruction to be included mov rax, qword ptr [rbp-0x18]
 [tid:1870450] ins:mov rax, qword ptr [rbp-0x18]
 [tid:1870450] reg:rax
 [tid:1870450] Exe insertR
 [tid:1870450] Exe insertR
 [tid:1870450] Exe insertR
 [tid:1870450] INSTSELECTOR: instruction to be included mov rax, qword ptr [rbp-0x10]
 [tid:1870450] ins:mov rax, qword ptr [rbp-0x10]
 [tid:1870450] reg:rax
 [tid:1870450] Exe insertR
 [tid:1870450] INSTSELECTOR: instruction to be included mov rdi, qword ptr [rax+0x18]
 [tid:1870450] ins:mov rdi, qword ptr [rax+0x18]
 [tid:1870450] reg:rdi
 [tid:1870450] Exe insertR
 [tid:1870450] INSTSELECTOR: instruction to be included mov rsi, qword ptr [rbp-0x18]
 [tid:1870450] ins:mov rsi, qword ptr [rbp-0x18]
 [tid:1870450] reg:rsi
 [tid:1870450] Exe insertR
 [tid:1870450] INSTSELECTOR: instruction to be included mov edx, dword ptr [rbp-0x1c]
 [tid:1870450] ins:mov edx, dword ptr [rbp-0x1c]
 [tid:1870450] reg:edx
 [tid:1870450] Exe insertR
 [tid:1870450] INSTSELECTOR: instruction to be included mov rcx, qword ptr [rbp-0x10]
 [tid:1870450] ins:mov rcx, qword ptr [rbp-0x10]
 [tid:1870450] reg:rcx
 [tid:1870450] Exe insertR
 [tid:1870450] Exe insertR
 [tid:1870450] INSTSELECTOR: instruction to be included mov rcx, rax
 [tid:1870450] ins:mov rcx, rax
 [tid:1870450] reg:rcx
 [tid:1870450] Exe insertR
 [tid:1870450] INSTSELECTOR: instruction to be included mov rax, qword ptr [rbp-0x10]
 [tid:1870450] ins:mov rax, qword ptr [rbp-0x10]
 [tid:1870450] reg:rax
 [tid:1870450] Exe insertR
 [tid:1870450] Exe insertR
 [tid:1870450] INSTSELECTOR: instruction to be included mov rax, qword ptr [rbp-0x10]
 [tid:1870450] ins:mov rax, qword ptr [rbp-0x10]
 [tid:1870450] reg:rax
 [tid:1870450] Exe insertR
 [tid:1870450] Exe insertR
 [tid:1870450] INSTSELECTOR: instruction to be included mov rax, qword ptr [rbp-0x8]
 [tid:1870450] ins:mov rax, qword ptr [rbp-0x8]
 [tid:1870450] reg:rax
 [tid:1870450] Exe insertR
 [tid:1870450] INSTSELECTOR: instruction to be included add rsp, 0x40
 [tid:1870450] ins:add rsp, 0x40
 [tid:1870450] reg:rsp
 [tid:1870450] Exe insertR
 [tid:1870450] INSTSELECTOR: instruction to be included pop rbp
 [tid:1870450] ins:pop rbp
 [tid:1870450] reg:rsp
 [tid:1870450] Exe insertR
 [tid:1870450] Exe insertR
 [tid:1870450] INSTSELECTOR: instruction to be included mov rcx, rax
 [tid:1870450] ins:mov rcx, rax
 [tid:1870450] reg:rcx
 [tid:1870450] Exe insertR
 [tid:1870450] INSTSELECTOR: instruction to be included mov rax, qword ptr [rbp-0x10]
 [tid:1870450] ins:mov rax, qword ptr [rbp-0x10]
 [tid:1870450] reg:rax
 [tid:1870450] Exe insertR
 [tid:1870450] Exe insertR
 [tid:1870450] Exe pat_insert
 [tid:1870450] INSTSELECTOR: instruction to be included mov rcx, rax
 [tid:1870450] ins:mov rcx, rax
 [tid:1870450] reg:rcx
 [tid:1870450] Exe pat_insert
 [tid:1870450] INSTSELECTOR: instruction to be included mov rax, qword ptr [rbp-0x18]
 [tid:1870450] ins:mov rax, qword ptr [rbp-0x18]
 [tid:1870450] reg:rax
 [tid:1870450] Exe pat_insert
 [tid:1870450] Exe pat_insert
 [tid:1870450] INSTSELECTOR: instruction to be included mov rax, qword ptr [rbp-0x10]
 [tid:1870450] ins:mov rax, qword ptr [rbp-0x10]
 [tid:1870450] reg:rax
 [tid:1870450] Exe pat_insert
 [tid:1870450] Exe pat_insert
 [tid:1870450] INSTSELECTOR: instruction to be included mov rax, qword ptr [rbp-0x8]
 [tid:1870450] ins:mov rax, qword ptr [rbp-0x8]
 [tid:1870450] reg:rax
 [tid:1870450] Exe pat_insert
 [tid:1870450] INSTSELECTOR: instruction to be included add rsp, 0x140
 [tid:1870450] ins:add rsp, 0x140
 [tid:1870450] reg:rsp
 [tid:1870450] Exe pat_insert
 [tid:1870450] INSTSELECTOR: instruction to be included pop rbp
 [tid:1870450] ins:pop rbp
 [tid:1870450] reg:rbp
 [tid:1870450] Exe pat_insert
 [tid:1870450] Exe bit
 [tid:1870450] INSTSELECTOR: instruction to be included movsxd rcx, ecx
 [tid:1870450] ins:movsxd rcx, ecx
 [tid:1870450] reg:rcx
 [tid:1870450] Exe bit
 [tid:1870450] INSTSELECTOR: instruction to be included and rax, rcx
 [tid:1870450] ins:and rax, rcx
 [tid:1870450] reg:rax
 [tid:1870450] Exe bit
 [tid:1870450] INSTSELECTOR: instruction to be included pop rbp
 [tid:1870450] ins:pop rbp
 [tid:1870450] reg:rbp
 [tid:1870450] Exe bit
 [tid:1870450] Exe pat_insert
 [tid:1870450] INSTSELECTOR: instruction to be included cmp rax, 0x0
 [tid:1870450] ins:cmp rax, 0x0
 [tid:1870450] reg:rflags
 [tid:1870450] Exe pat_insert
 [tid:1870450] Exe pat_insert
 [tid:1870450] INSTSELECTOR: instruction to be included mov rax, qword ptr [rbp-0x58]
 [tid:1870450] ins:mov rax, qword ptr [rbp-0x58]
 [tid:1870450] reg:rax
 [tid:1870450] Exe pat_insert
 [tid:1870450] INSTSELECTOR: instruction to be included mov rax, qword ptr [rax+0x20]
 [tid:1870450] ins:mov rax, qword ptr [rax+0x20]
 [tid:1870450] reg:rax
 [tid:1870450] Exe pat_insert
 [tid:1870450] Exe pat_insert
 [tid:1870450] Exe main
 [tid:1870450] INSTSELECTOR: instruction to be included mov rdx, qword ptr [rbp-0x180]
 [tid:1870450] ins:mov rdx, qword ptr [rbp-0x180]
 [tid:1870450] reg:rdx
 [tid:1870450] Exe main
 [tid:1870450] INSTSELECTOR: instruction to be included mov rcx, qword ptr [rbp-0x178]
 [tid:1870450] ins:mov rcx, qword ptr [rbp-0x178]
 [tid:1870450] reg:rcx
 [tid:1870450] Exe main
 [tid:1870450] INSTSELECTOR: instruction to be included mov rsi, rax
 [tid:1870450] ins:mov rsi, rax
 [tid:1870450] reg:rsi
 [tid:1870450] Exe main
 [tid:1870450] INSTSELECTOR: instruction to be included mov rax, qword ptr [rbp-0x170]
 [tid:1870450] ins:mov rax, qword ptr [rbp-0x170]
 [tid:1870450] reg:rax
 [tid:1870450] Exe main
 [tid:1870450] INSTSELECTOR: instruction to be included cmp rsi, 0x0
 [tid:1870450] ins:cmp rsi, 0x0
 [tid:1870450] reg:rflags
 [tid:1870450] NORMAL FLAG REG: inst cmp rsi, 0x0
 [tid:1870450] Exe main
 [tid:1870450] Exe main
 [tid:1870450] Exe main
 [tid:1870450] Exe main
 [tid:1870450] Exe main
 [tid:1870450] INSTSELECTOR: instruction to be included mov rdi, qword ptr [rbp-0x140]
 [tid:1870450] ins:mov rdi, qword ptr [rbp-0x140]
 [tid:1870450] reg:rdi
 [tid:1870450] Exe main
 [tid:1870450] INSTSELECTOR: instruction to be included lea rsi, ptr [rip+0x133b]
 [tid:1870450] ins:lea rsi, ptr [rip+0x133b]
 [tid:1870450] reg:rsi
 [tid:1870450] Exe main
 [tid:1870450] INSTSELECTOR: instruction to be included lea rdx, ptr [rbp-0xe4]
 [tid:1870450] ins:lea rdx, ptr [rbp-0xe4]
 [tid:1870450] reg:rdx
 [tid:1870450] Exe main
 [tid:1870450] INSTSELECTOR: instruction to be included lea rcx, ptr [rbp-0xd4]
 [tid:1870450] ins:lea rcx, ptr [rbp-0xd4]
 [tid:1870450] reg:rcx
 [tid:1870450] Exe main
 [tid:1870450] INSTSELECTOR: instruction to be included mov al, 0x0
 [tid:1870450] ins:mov al, 0x0
 [tid:1870450] reg:al
 [tid:1870450] Exe main
 [tid:1870450] Exe main
 [tid:1870450] INSTSELECTOR: instruction to be included mov rax, qword ptr [rbp-0x168]
 [tid:1870450] ins:mov rax, qword ptr [rbp-0x168]
 [tid:1870450] reg:rax
 [tid:1870450] Exe main
 [tid:1870450] INSTSELECTOR: instruction to be included mov rcx, qword ptr [rbp-0x160]
 [tid:1870450] ins:mov rcx, qword ptr [rbp-0x160]
 [tid:1870450] reg:rcx
 [tid:1870450] Exe main
 [tid:1870450] INSTSELECTOR: instruction to be included mov rdx, qword ptr [rbp-0x158]
 [tid:1870450] ins:mov rdx, qword ptr [rbp-0x158]
 [tid:1870450] reg:rdx
 [tid:1870450] Exe main
 [tid:1870450] Exe main
 [tid:1870450] Exe main
 [tid:1870450] Exe main
 [tid:1870450] INSTSELECTOR: instruction to be included mov edi, 0x1
 [tid:1870450] ins:mov edi, 0x1
 [tid:1870450] reg:edi
 [tid:1870450] Exe main
 [tid:1870450] Exe deregister_tm_clones
 [tid:1870450] INSTSELECTOR: instruction to be included lea rdi, ptr [rip+0x2027e9]
 [tid:1870450] ins:lea rdi, ptr [rip+0x2027e9]
 [tid:1870450] reg:rdi
 [tid:1870450] Exe deregister_tm_clones
 [tid:1870450] INSTSELECTOR: instruction to be included lea rax, ptr [rip+0x2027e2]
 [tid:1870450] ins:lea rax, ptr [rip+0x2027e2]
 [tid:1870450] reg:rax
 [tid:1870450] Exe deregister_tm_clones
 [tid:1870450] INSTSELECTOR: instruction to be included cmp rax, rdi
 [tid:1870450] ins:cmp rax, rdi
 [tid:1870450] reg:rflags
 [tid:1870450] Exe deregister_tm_clones
 [tid:1870450] Exe deregister_tm_clones
 [tid:1870450] INSTSELECTOR: instruction to be included mov rax, qword ptr [rip+0x202726]
 [tid:1870450] ins:mov rax, qword ptr [rip+0x202726]
 [tid:1870450] reg:rax
 [tid:1870450] Exe deregister_tm_clones
 [tid:1870450] INSTSELECTOR: instruction to be included test rax, rax
 [tid:1870450] ins:test rax, rax
 [tid:1870450] reg:rflags
 [tid:1870450] Exe deregister_tm_clones
 [tid:1870450] Exe deregister_tm_clones
 [tid:1870450] Exe deregister_tm_clones
