Pin: pin-3.31-98869-fa6f126a8
Copyright 2002-2024 Intel Corporation.
 [tid:1859000] Invalid RTN nop edx, edi
 [tid:1859000] Invalid RTN push r14
 [tid:1859000] Invalid RTN mov rax, 0xffffffffffffffff
 [tid:1859000] Invalid RTN push r13
 [tid:1859000] Invalid RTN push r12
 [tid:1859000] Invalid RTN push rbp
 [tid:1859000] Invalid RTN push rbx
 [tid:1859000] Invalid RTN sub rsp, 0x20
 [tid:1859000] Invalid RTN mov rbx, qword ptr [rip+0x2ea3ea]
 [tid:1859000] Invalid RTN mov qword ptr [rsp+0x10], rax
 [tid:1859000] Invalid RTN mov qword ptr [rsp+0x18], rax
 [tid:1859000] Invalid RTN mov eax, dword ptr [rbx+0x68]
 [tid:1859000] Invalid RTN mov dword ptr [rsp+0xc], 0x0
 [tid:1859000] Invalid RTN test eax, eax
 [tid:1859000] Invalid RTN jz 0x7f163af45d32
 [tid:1859000] Invalid RTN mov r13, qword ptr [rbx+0x190]
 [tid:1859000] Invalid RTN mov rbp, qword ptr [rbx+0x198]
 [tid:1859000] Invalid RTN cmp eax, 0x1
 [tid:1859000] Invalid RTN jz 0x7f163af45c60
 [tid:1859000] Invalid RTN cmp eax, 0x3
 [tid:1859000] Invalid RTN jz 0x7f163af45cb8
 [tid:1859000] Invalid RTN cmp eax, 0x2
 [tid:1859000] Invalid RTN jz 0x7f163af45ce0
 [tid:1859000] Invalid RTN test r13, r13
 [tid:1859000] Invalid RTN jz 0x7f163af45be0
 [tid:1859000] Invalid RTN mov r12, r13
 [tid:1859000] Invalid RTN test r12, r12
 [tid:1859000] Invalid RTN jle 0x7f163af45af0
 [tid:1859000] Invalid RTN mov edi, 0xbc
 [tid:1859000] Invalid RTN call 0x7f163af45330
 [tid:1859000] Invalid RTN xor r8d, r8d
 [tid:1859000] Invalid RTN cmp edi, 0xc4
 [tid:1859000] Invalid RTN jnle 0x7f163af45400
 [tid:1859000] Invalid RTN mov esi, 0x80000000
 [tid:1859000] Invalid RTN push rbx
 [tid:1859000] Invalid RTN mov eax, esi
 [tid:1859000] Invalid RTN cpuid 
 [tid:1859000] Invalid RTN mov esi, eax
 [tid:1859000] Invalid RTN cmp eax, 0x8000001c
 [tid:1859000] Invalid RTN jbe 0x7f163af453c0
 [tid:1859000] Invalid RTN mov r8d, 0x3
 [tid:1859000] Invalid RTN cmp edi, 0xc1
 [tid:1859000] Invalid RTN jnle 0x7f163af4537b
 [tid:1859000] Invalid RTN mov r8d, 0x2
 [tid:1859000] Invalid RTN cmp edi, 0xbe
 [tid:1859000] Invalid RTN jnle 0x7f163af4537b
 [tid:1859000] Invalid RTN xor r8d, r8d
 [tid:1859000] Invalid RTN cmp edi, 0xbb
 [tid:1859000] Invalid RTN setle r8b
 [tid:1859000] Invalid RTN mov eax, 0x8000001d
 [tid:1859000] Invalid RTN mov ecx, r8d
 [tid:1859000] Invalid RTN cpuid 
 [tid:1859000] Invalid RTN mov r8d, ecx
 [tid:1859000] Invalid RTN test ecx, ecx
 [tid:1859000] Invalid RTN jz 0x7f163af45408
 [tid:1859000] Invalid RTN lea ecx, ptr [rdi-0xb9]
 [tid:1859000] Invalid RTN mov eax, 0x1
 [tid:1859000] Invalid RTN shl rax, cl
 [tid:1859000] Invalid RTN test eax, 0x249
 [tid:1859000] Invalid RTN jnz 0x7f163af45420
 [tid:1859000] Invalid RTN test eax, 0x924
 [tid:1859000] Invalid RTN jnz 0x7f163af45620
 [tid:1859000] Invalid RTN mov eax, ebx
 [tid:1859000] Invalid RTN and ebx, 0xfff
 [tid:1859000] Invalid RTN shr eax, 0x16
 [tid:1859000] Invalid RTN add ebx, 0x1
 [tid:1859000] Invalid RTN add eax, 0x1
 [tid:1859000] Invalid RTN imul ebx, eax
 [tid:1859000] Invalid RTN lea eax, ptr [r8+0x1]
 [tid:1859000] Invalid RTN mov r8d, ebx
 [tid:1859000] Invalid RTN imul r8d, eax
 [tid:1859000] Invalid RTN jmp 0x7f163af453b3
 [tid:1859000] Invalid RTN mov rax, r8
 [tid:1859000] Invalid RTN pop rbx
 [tid:1859000] Invalid RTN ret 
 [tid:1859000] Invalid RTN mov edi, 0xbf
 [tid:1859000] Invalid RTN mov r12, rax
 [tid:1859000] Invalid RTN call 0x7f163af45330
 [tid:1859000] Invalid RTN mov eax, 0x8000001d
 [tid:1859000] Invalid RTN mov ecx, r8d
 [tid:1859000] Invalid RTN cpuid 
 [tid:1859000] Invalid RTN mov edi, 0xc2
 [tid:1859000] Invalid RTN mov r10, rax
 [tid:1859000] Invalid RTN call 0x7f163af45330
 [tid:1859000] Invalid RTN mov qword ptr [rsp+0x10], rax
 [tid:1859000] Invalid RTN test rax, rax
 [tid:1859000] Invalid RTN jle 0x7f163af45d28
 [tid:1859000] Invalid RTN cmp dword ptr [rbx+0x70], 0x16
 [tid:1859000] Invalid RTN jnbe 0x7f163af45d1c
 [tid:1859000] Invalid RTN add rax, r10
 [tid:1859000] Invalid RTN mov qword ptr [rsp+0x10], rax
 [tid:1859000] Invalid RTN mov qword ptr [rsp+0x18], rax
 [tid:1859000] Invalid RTN jmp 0x7f163af45ca5
 [tid:1859000] Invalid RTN mov qword ptr [rsp+0x18], rax
 [tid:1859000] Invalid RTN jmp 0x7f163af45ca5
 [tid:1859000] Invalid RTN test r13, r13
 [tid:1859000] Invalid RTN jnz 0x7f163af45abd
 [tid:1859000] Invalid RTN jmp 0x7f163af45ac0
 [tid:1859000] Invalid RTN test r12, r12
 [tid:1859000] Invalid RTN jle 0x7f163af45af0
 [tid:1859000] Invalid RTN mov rax, r12
 [tid:1859000] Invalid RTN mov qword ptr [rip+0x2ea879], r12
 [tid:1859000] Invalid RTN xor r12b, r12b
 [tid:1859000] Invalid RTN sar rax, 0x1
 [tid:1859000] Invalid RTN mov qword ptr [rip+0x2ea87c], r12
 [tid:1859000] Invalid RTN mov qword ptr [rip+0x2ea86d], rax
 [tid:1859000] Invalid RTN mov rax, r12
 [tid:1859000] Invalid RTN sar rax, 0x1
 [tid:1859000] Invalid RTN mov qword ptr [rip+0x2ea870], rax
 [tid:1859000] Invalid RTN test rbp, rbp
 [tid:1859000] Invalid RTN jnz 0x7f163af45beb
 [tid:1859000] Invalid RTN mov rax, qword ptr [rsp+0x10]
 [tid:1859000] Invalid RTN test rax, rax
 [tid:1859000] Invalid RTN jle 0x7f163af45bf7
 [tid:1859000] Invalid RTN mov rdx, rax
 [tid:1859000] Invalid RTN mov qword ptr [rip+0x2ea817], rax
 [tid:1859000] Invalid RTN xor al, al
 [tid:1859000] Invalid RTN sar rdx, 0x1
 [tid:1859000] Invalid RTN mov qword ptr [rip+0x2ea81b], rax
 [tid:1859000] Invalid RTN mov qword ptr [rip+0x2ea80c], rdx
 [tid:1859000] Invalid RTN mov rdx, rax
 [tid:1859000] Invalid RTN sar rdx, 0x1
 [tid:1859000] Invalid RTN mov qword ptr [rip+0x2ea80f], rdx
 [tid:1859000] Invalid RTN mov rdx, qword ptr [rsp+0x18]
 [tid:1859000] Invalid RTN lea rdx, ptr [rdx+rdx*2]
 [tid:1859000] Invalid RTN test rdx, rdx
 [tid:1859000] Invalid RTN lea rbp, ptr [rdx+0x3]
 [tid:1859000] Invalid RTN cmovns rbp, rdx
 [tid:1859000] Invalid RTN sar rax, 0x2
 [tid:1859000] Invalid RTN sar rbp, 0x2
 [tid:1859000] Invalid RTN cmp rax, rbp
 [tid:1859000] Invalid RTN cmovb rax, rbp
 [tid:1859000] Invalid RTN mov ecx, dword ptr [rbx+0xb0]
 [tid:1859000] Invalid RTN mov rdx, qword ptr [rbx+0x1a0]
 [tid:1859000] Invalid RTN test ch, 0x2
 [tid:1859000] Invalid RTN cmovz rax, rbp
 [tid:1859000] Invalid RTN test rdx, rdx
 [tid:1859000] Invalid RTN cmovnz rax, rdx
 [tid:1859000] Invalid RTN and ecx, 0x10000
 [tid:1859000] Invalid RTN mov edx, dword ptr [rbx+0x17c]
 [tid:1859000] Invalid RTN mov qword ptr [rip+0x2ed6b6], rax
 [tid:1859000] Invalid RTN jz 0x7f163af45c30
 [tid:1859000] Invalid RTN test dh, 0x40
 [tid:1859000] Invalid RTN jnz 0x7f163af45c30
 [tid:1859000] Invalid RTN mov eax, 0x4000
 [tid:1859000] Invalid RTN mov edx, 0x200
 [tid:1859000] Invalid RTN test byte ptr [rbx+0xb8], 0x10
 [tid:1859000] Invalid RTN mov ecx, 0x840
 [tid:1859000] Invalid RTN cmovnz rax, rcx
 [tid:1859000] Invalid RTN mov rcx, qword ptr [rbx+0x1a8]
 [tid:1859000] Invalid RTN cmp rcx, rdx
 [tid:1859000] Invalid RTN cmovnbe rax, rcx
 [tid:1859000] Invalid RTN mov qword ptr [rip+0x2ea760], rax
 [tid:1859000] Invalid RTN mov rax, qword ptr [rbx+0x1b0]
 [tid:1859000] Invalid RTN mov qword ptr [rip+0x2ea74a], rax
 [tid:1859000] Invalid RTN add rsp, 0x20
 [tid:1859000] Invalid RTN xor eax, eax
 [tid:1859000] Invalid RTN pop rbx
 [tid:1859000] Invalid RTN pop rbp
 [tid:1859000] Invalid RTN pop r12
 [tid:1859000] Invalid RTN pop r13
 [tid:1859000] Invalid RTN pop r14
 [tid:1859000] Invalid RTN ret 
 [tid:1859000] Invalid RTN and edx, 0x100
 [tid:1859000] Invalid RTN cmp edx, 0x1
 [tid:1859000] Invalid RTN sbb rax, rax
 [tid:1859000] Invalid RTN and rax, 0xffffffffffffe800
 [tid:1859000] Invalid RTN add rax, 0x2000
 [tid:1859000] Invalid RTN cmp edx, 0x1
 [tid:1859000] Invalid RTN sbb rdx, rdx
 [tid:1859000] Invalid RTN and rdx, 0xffffffffffffff80
 [tid:1859000] Invalid RTN add rdx, 0x100
 [tid:1859000] Invalid RTN jmp 0x7f163af45b9b
 [tid:1859000] Invalid RTN test byte ptr [rbx+0xb8], 0x10
 [tid:1859000] Invalid RTN mov ecx, 0x840
 [tid:1859000] Invalid RTN cmovnz rax, rcx
 [tid:1859000] Invalid RTN mov rcx, qword ptr [rbx+0x1a8]
 [tid:1859000] Invalid RTN cmp rcx, rdx
 [tid:1859000] Invalid RTN cmovnbe rax, rcx
 [tid:1859000] Invalid RTN mov qword ptr [rip+0x2ea760], rax
 [tid:1859000] Invalid RTN mov rax, qword ptr [rbx+0x1b0]
 [tid:1859000] Invalid RTN mov qword ptr [rip+0x2ea74a], rax
 [tid:1859000] Invalid RTN add rsp, 0x20
 [tid:1859000] Invalid RTN xor eax, eax
 [tid:1859000] Invalid RTN pop rbx
 [tid:1859000] Invalid RTN pop rbp
 [tid:1859000] Invalid RTN pop r12
 [tid:1859000] Invalid RTN pop r13
 [tid:1859000] Invalid RTN pop r14
 [tid:1859000] Invalid RTN ret 
 [tid:1859000] Invalid RTN nop edx, edi
 [tid:1859000] Invalid RTN mov rcx, qword ptr [rip+0x32f8fd]
 [tid:1859000] Invalid RTN lea rax, ptr [rip-0x7bac2]
 [tid:1859000] Invalid RTN mov edx, dword ptr [rcx+0x17c]
 [tid:1859000] Invalid RTN test dh, 0x30
 [tid:1859000] Invalid RTN jnz 0x7f163af005e3
 [tid:1859000] Invalid RTN mov esi, dword ptr [rcx+0xb0]
 [tid:1859000] Invalid RTN test esi, 0x10000
 [tid:1859000] Invalid RTN jnz 0x7f163af005e8
 [tid:1859000] Invalid RTN test dh, 0x1
 [tid:1859000] Invalid RTN jz 0x7f163af005c0
 [tid:1859000] Invalid RTN test esi, esi
 [tid:1859000] Invalid RTN js 0x7f163af00638
 [tid:1859000] Invalid RTN test esi, 0x800
 [tid:1859000] Invalid RTN jz 0x7f163af005b0
 [tid:1859000] Invalid RTN and esi, 0x200
 [tid:1859000] Invalid RTN lea rdx, ptr [rip+0xfbd3]
 [tid:1859000] Invalid RTN lea rax, ptr [rip+0xfc3c]
 [tid:1859000] Invalid RTN cmovz rax, rdx
 [tid:1859000] Invalid RTN ret 
 [tid:1859000] Invalid RTN test dh, 0x8
 [tid:1859000] Invalid RTN jz 0x7f163af00658
 [tid:1859000] Invalid RTN nop dword ptr [rax]
 [tid:1859000] Invalid RTN test byte ptr [rcx+0x95], 0x2
 [tid:1859000] Invalid RTN jz 0x7f163af00618
 [tid:1859000] Invalid RTN test dl, 0x20
 [tid:1859000] Invalid RTN jnz 0x7f163af00618
 [tid:1859000] Invalid RTN and esi, 0x200
 [tid:1859000] Invalid RTN lea rdx, ptr [rip+0x722b]
 [tid:1859000] Invalid RTN lea rax, ptr [rip+0x7294]
 [tid:1859000] Invalid RTN cmovz rax, rdx
 [tid:1859000] Invalid RTN ret 
 [tid:1859000] Invalid RTN nop edx, edi
 [tid:1859000] Invalid RTN mov rdx, qword ptr [rip+0x3306dd]
 [tid:1859000] Invalid RTN mov ecx, dword ptr [rdx+0xb0]
 [tid:1859000] Invalid RTN mov esi, dword ptr [rdx+0x17c]
 [tid:1859000] Invalid RTN test cl, 0x20
 [tid:1859000] Invalid RTN jz 0x7f163aeff794
 [tid:1859000] Invalid RTN test esi, 0x100
 [tid:1859000] Invalid RTN jnz 0x7f163aeff7c0
 [tid:1859000] Invalid RTN and esi, 0x10
 [tid:1859000] Invalid RTN lea rax, ptr [rip-0x6a40e]
 [tid:1859000] Invalid RTN jnz 0x7f163aeff7b9
 [tid:1859000] Invalid RTN test ecx, ecx
 [tid:1859000] Invalid RTN js 0x7f163aeff7e0
 [tid:1859000] Invalid RTN lea rax, ptr [rip+0x16115]
 [tid:1859000] Invalid RTN and ch, 0x8
 [tid:1859000] Invalid RTN jnz 0x7f163aeff7b9
 [tid:1859000] Invalid RTN lea rax, ptr [rip+0xd729]
 [tid:1859000] Invalid RTN test esi, 0x800
 [tid:1859000] Invalid RTN jnz 0x7f163aeff794
 [tid:1859000] Invalid RTN ret 
 [tid:1859000] Invalid RTN nop edx, edi
 [tid:1859000] Invalid RTN mov rdx, qword ptr [rip+0x32f31d]
 [tid:1859000] Invalid RTN mov ecx, dword ptr [rdx+0xb0]
 [tid:1859000] Invalid RTN test cl, 0x20
 [tid:1859000] Invalid RTN jz 0x7f163af00b78
 [tid:1859000] Invalid RTN mov esi, dword ptr [rdx+0x17c]
 [tid:1859000] Invalid RTN test esi, 0x100
 [tid:1859000] Invalid RTN jz 0x7f163af00b78
 [tid:1859000] Invalid RTN test ecx, ecx
 [tid:1859000] Invalid RTN js 0x7f163af00bb0
 [tid:1859000] Invalid RTN lea rax, ptr [rip+0x11201]
 [tid:1859000] Invalid RTN and ch, 0x8
 [tid:1859000] Invalid RTN jnz 0x7f163af00bab
 [tid:1859000] Invalid RTN and esi, 0x800
 [tid:1859000] Invalid RTN lea rax, ptr [rip+0x88bf]
 [tid:1859000] Invalid RTN jz 0x7f163af00bab
 [tid:1859000] Invalid RTN nop dword ptr [rax+rax*1]
 [tid:1859000] Invalid RTN mov ecx, dword ptr [rdx+0x94]
 [tid:1859000] Invalid RTN test ecx, 0x100000
 [tid:1859000] Invalid RTN jz 0x7f163af00b96
 [tid:1859000] Invalid RTN ret 
 [tid:1859000] Invalid RTN nop edx, edi
 [tid:1859000] Invalid RTN mov rdx, qword ptr [rip+0x330efd]
 [tid:1859000] Invalid RTN mov ecx, dword ptr [rdx+0xb0]
 [tid:1859000] Invalid RTN mov esi, dword ptr [rdx+0x17c]
 [tid:1859000] Invalid RTN test cl, 0x20
 [tid:1859000] Invalid RTN jz 0x7f163aefef74
 [tid:1859000] Invalid RTN test esi, 0x100
 [tid:1859000] Invalid RTN jnz 0x7f163aefefa0
 [tid:1859000] Invalid RTN and esi, 0x10
 [tid:1859000] Invalid RTN lea rax, ptr [rip-0x75dae]
 [tid:1859000] Invalid RTN jnz 0x7f163aefef99
 [tid:1859000] Invalid RTN test ecx, ecx
 [tid:1859000] Invalid RTN js 0x7f163aefefc0
 [tid:1859000] Invalid RTN lea rax, ptr [rip+0x137d5]
 [tid:1859000] Invalid RTN and ch, 0x8
 [tid:1859000] Invalid RTN jnz 0x7f163aefef99
 [tid:1859000] Invalid RTN lea rax, ptr [rip+0xae89]
 [tid:1859000] Invalid RTN test esi, 0x800
 [tid:1859000] Invalid RTN jnz 0x7f163aefef74
 [tid:1859000] Invalid RTN ret 
 [tid:1859000] Invalid RTN nop edx, edi
 [tid:1859000] Invalid RTN mov rcx, qword ptr [rip+0x33064d]
 [tid:1859000] Invalid RTN lea rax, ptr [rip-0x69252]
 [tid:1859000] Invalid RTN mov edx, dword ptr [rcx+0xb0]
 [tid:1859000] Invalid RTN mov esi, edx
 [tid:1859000] Invalid RTN and esi, 0x120
 [tid:1859000] Invalid RTN cmp esi, 0x120
 [tid:1859000] Invalid RTN jz 0x7f163aeff830
 [tid:1859000] Invalid RTN ret 
 [tid:1859000] Invalid RTN mov ecx, dword ptr [rcx+0x17c]
 [tid:1859000] Invalid RTN test ch, 0x1
 [tid:1859000] Invalid RTN jz 0x7f163aeff828
 [tid:1859000] Invalid RTN test edx, edx
 [tid:1859000] Invalid RTN js 0x7f163aeff868
 [tid:1859000] Invalid RTN lea rax, ptr [rip+0x16d1a]
 [tid:1859000] Invalid RTN and dh, 0x8
 [tid:1859000] Invalid RTN jnz 0x7f163aeff828
 [tid:1859000] Invalid RTN and ch, 0x8
 [tid:1859000] Invalid RTN lea rdx, ptr [rip+0xe2db]
 [tid:1859000] Invalid RTN lea rax, ptr [rip-0x6929c]
 [tid:1859000] Invalid RTN cmovz rax, rdx
 [tid:1859000] Invalid RTN ret 
 [tid:1859000] Invalid RTN nop edx, edi
 [tid:1859000] Invalid RTN sub rsp, 0x28
 [tid:1859000] Invalid RTN mov esi, 0x32
 [tid:1859000] Invalid RTN lea rax, ptr [rip+0x9e3e4]
 [tid:1859000] Invalid RTN mov edx, 0x5f
 [tid:1859000] Invalid RTN mov qword ptr [rsp], rax
 [tid:1859000] Invalid RTN lea rcx, ptr [rip+0x9e3d9]
 [tid:1859000] Invalid RTN mov rax, 0x103ae75f6
 [tid:1859000] Invalid RTN mov qword ptr [rsp+0x8], rax
 [tid:1859000] Invalid RTN mov eax, 0x50e3a8
 [tid:1859000] Invalid RTN shl rax, 0x4
 [tid:1859000] Invalid RTN add rcx, 0x1
 [tid:1859000] Invalid RTN add rax, rdx
 [tid:1859000] Invalid RTN mov rdx, rax
 [tid:1859000] Invalid RTN shr rdx, 0x18
 [tid:1859000] Invalid RTN and edx, 0xf0
 [tid:1859000] Invalid RTN xor rax, rdx
 [tid:1859000] Invalid RTN test sil, sil
 [tid:1859000] Invalid RTN jz 0x7f163af578f8
 [tid:1859000] Invalid RTN movzx edx, sil
 [tid:1859000] Invalid RTN movzx esi, byte ptr [rcx+0x1]
 [tid:1859000] Invalid RTN jmp 0x7f163af578c8
 [tid:1859000] Invalid RTN shl rax, 0x4
 [tid:1859000] Invalid RTN add rcx, 0x1
 [tid:1859000] Invalid RTN add rax, rdx
 [tid:1859000] Invalid RTN mov rdx, rax
 [tid:1859000] Invalid RTN shr rdx, 0x18
 [tid:1859000] Invalid RTN and edx, 0xf0
 [tid:1859000] Invalid RTN xor rax, rdx
 [tid:1859000] Invalid RTN test sil, sil
 [tid:1859000] Invalid RTN jz 0x7f163af578f8
 [tid:1859000] Invalid RTN movzx edx, sil
 [tid:1859000] Invalid RTN movzx esi, byte ptr [rcx+0x1]
 [tid:1859000] Invalid RTN jmp 0x7f163af578c8
 [tid:1859000] Invalid RTN and eax, 0xfffffff
 [tid:1859000] Invalid RTN cmp rax, 0x3ae75f6
 [tid:1859000] Invalid RTN jnz 0x7f163af57930
 [tid:1859000] Invalid RTN mov rsi, rsp
 [tid:1859000] Invalid RTN lea rdi, ptr [rip+0x9fd82]
 [tid:1859000] Invalid RTN mov qword ptr [rsp+0x10], 0x0
 [tid:1859000] Invalid RTN call 0x7f163afd9710
 [tid:1859000] Invalid RTN nop edx, edi
 [tid:1859000] Invalid RTN sub rsp, 0x38
 [tid:1859000] Invalid RTN mov r8, rsi
 [tid:1859000] Invalid RTN mov rax, qword ptr fs:[0x28]
 [tid:1859000] Invalid RTN mov qword ptr [rsp+0x28], rax
 [tid:1859000] Invalid RTN xor eax, eax
 [tid:1859000] Invalid RTN mov rax, qword ptr [rip+0x256726]
 [tid:1859000] Invalid RTN mov rsi, qword ptr [rax+0x248]
 [tid:1859000] Invalid RTN test rsi, rsi
 [tid:1859000] Invalid RTN jz 0x7f163afd979a
 [tid:1859000] Invalid RTN lea rdx, ptr [rsp+0x10]
 [tid:1859000] Invalid RTN pxor xmm0, xmm0
 [tid:1859000] Invalid RTN xor r9d, r9d
 [tid:1859000] Invalid RTN mov qword ptr [rsp+0x20], 0x0
 [tid:1859000] Invalid RTN movaps xmmword ptr [rsp+0x10], xmm0
 [tid:1859000] Invalid RTN lea rcx, ptr [rsi+0x398]
 [tid:1859000] Invalid RTN mov qword ptr [rsp+0x8], rdx
 [tid:1859000] Invalid RTN lea rdx, ptr [rsp+0x8]
 [tid:1859000] Invalid RTN mov byte ptr [rsp+0x14], 0x20
 [tid:1859000] Invalid RTN push 0x0
 [tid:1859000] Invalid RTN push 0x0
 [tid:1859000] Invalid RTN call qword ptr [rax+0x268]
 [tid:1859000] Invalid RTN mov rsi, qword ptr [rsp+0x18]
 [tid:1859000] Invalid RTN pop rdx
 [tid:1859000] Invalid RTN pop rcx
 [tid:1859000] Invalid RTN test rsi, rsi
 [tid:1859000] Invalid RTN jz 0x7f163afd979a
 [tid:1859000] Invalid RTN cmp word ptr [rsi+0x6], 0xfff1
 [tid:1859000] Invalid RTN jz 0x7f163afd97b8
 [tid:1859000] Invalid RTN test rax, rax
 [tid:1859000] Invalid RTN jz 0x7f163afd97b8
 [tid:1859000] Invalid RTN mov rax, qword ptr [rax]
 [tid:1859000] Invalid RTN add rax, qword ptr [rsi+0x8]
 [tid:1859000] Invalid RTN mov rsi, rax
 [tid:1859000] Invalid RTN mov rcx, qword ptr [rsp+0x28]
 [tid:1859000] Invalid RTN xor rcx, qword ptr fs:[0x28]
 [tid:1859000] Invalid RTN mov rax, rsi
 [tid:1859000] Invalid RTN jnz 0x7f163afd97bc
 [tid:1859000] Invalid RTN add rsp, 0x38
 [tid:1859000] Invalid RTN ret 
 [tid:1859000] Invalid RTN lea rdx, ptr [rip-0xa4]
 [tid:1859000] Invalid RTN test rax, rax
 [tid:1859000] Invalid RTN cmovz rax, rdx
 [tid:1859000] Invalid RTN add rsp, 0x28
 [tid:1859000] Invalid RTN ret 
 [tid:1859000] Invalid RTN nop edx, edi
 [tid:1859000] Invalid RTN mov rcx, qword ptr [rip+0x32db4d]
 [tid:1859000] Invalid RTN lea rax, ptr [rip-0x7cc52]
 [tid:1859000] Invalid RTN mov edx, dword ptr [rcx+0xb0]
 [tid:1859000] Invalid RTN mov esi, edx
 [tid:1859000] Invalid RTN and esi, 0x120
 [tid:1859000] Invalid RTN cmp esi, 0x120
 [tid:1859000] Invalid RTN jz 0x7f163af02330
 [tid:1859000] Invalid RTN ret 
 [tid:1859000] Invalid RTN mov ecx, dword ptr [rcx+0x17c]
 [tid:1859000] Invalid RTN test ch, 0x1
 [tid:1859000] Invalid RTN jz 0x7f163af02328
 [tid:1859000] Invalid RTN mov esi, edx
 [tid:1859000] Invalid RTN and esi, 0x800
 [tid:1859000] Invalid RTN test edx, edx
 [tid:1859000] Invalid RTN js 0x7f163af02370
 [tid:1859000] Invalid RTN lea rax, ptr [rip+0xeb32]
 [tid:1859000] Invalid RTN test esi, esi
 [tid:1859000] Invalid RTN jnz 0x7f163af02328
 [tid:1859000] Invalid RTN and ch, 0x8
 [tid:1859000] Invalid RTN lea rdx, ptr [rip+0x6224]
 [tid:1859000] Invalid RTN lea rax, ptr [rip-0x7cca3]
 [tid:1859000] Invalid RTN cmovz rax, rdx
 [tid:1859000] Invalid RTN ret 
 [tid:1859000] Invalid RTN nop edx, edi
 [tid:1859000] Invalid RTN mov rcx, qword ptr [rip+0x2e990d]
 [tid:1859000] Invalid RTN lea rax, ptr [rip-0xae102]
 [tid:1859000] Invalid RTN mov edx, dword ptr [rcx+0xb0]
 [tid:1859000] Invalid RTN mov esi, edx
 [tid:1859000] Invalid RTN and esi, 0x120
 [tid:1859000] Invalid RTN cmp esi, 0x120
 [tid:1859000] Invalid RTN jz 0x7f163af46570
 [tid:1859000] Invalid RTN ret 
 [tid:1859000] Invalid RTN mov ecx, dword ptr [rcx+0x17c]
 [tid:1859000] Invalid RTN test ch, 0x1
 [tid:1859000] Invalid RTN jz 0x7f163af46568
 [tid:1859000] Invalid RTN mov esi, edx
 [tid:1859000] Invalid RTN and esi, 0x800
 [tid:1859000] Invalid RTN test edx, edx
 [tid:1859000] Invalid RTN js 0x7f163af465b0
 [tid:1859000] Invalid RTN lea rax, ptr [rip-0x2e7ae]
 [tid:1859000] Invalid RTN test esi, esi
 [tid:1859000] Invalid RTN jnz 0x7f163af46568
 [tid:1859000] Invalid RTN and ch, 0x8
 [tid:1859000] Invalid RTN lea rdx, ptr [rip-0x3721c]
 [tid:1859000] Invalid RTN lea rax, ptr [rip-0xae153]
 [tid:1859000] Invalid RTN cmovz rax, rdx
 [tid:1859000] Invalid RTN ret 
 [tid:1859000] Invalid RTN nop edx, edi
 [tid:1859000] Invalid RTN mov rcx, qword ptr [rip+0x2e9fed]
 [tid:1859000] Invalid RTN lea rax, ptr [rip-0xaefe2]
 [tid:1859000] Invalid RTN mov edx, dword ptr [rcx+0xb0]
 [tid:1859000] Invalid RTN mov esi, edx
 [tid:1859000] Invalid RTN and esi, 0x120
 [tid:1859000] Invalid RTN cmp esi, 0x120
 [tid:1859000] Invalid RTN jz 0x7f163af45e90
 [tid:1859000] Invalid RTN ret 
 [tid:1859000] Invalid RTN mov ecx, dword ptr [rcx+0x17c]
 [tid:1859000] Invalid RTN test ch, 0x1
 [tid:1859000] Invalid RTN jz 0x7f163af45e88
 [tid:1859000] Invalid RTN test edx, edx
 [tid:1859000] Invalid RTN js 0x7f163af45ec8
 [tid:1859000] Invalid RTN lea rax, ptr [rip-0x2f466]
 [tid:1859000] Invalid RTN and dh, 0x8
 [tid:1859000] Invalid RTN jnz 0x7f163af45e88
 [tid:1859000] Invalid RTN and ch, 0x8
 [tid:1859000] Invalid RTN lea rdx, ptr [rip-0x37e85]
 [tid:1859000] Invalid RTN lea rax, ptr [rip-0xaf02c]
 [tid:1859000] Invalid RTN cmovz rax, rdx
 [tid:1859000] Invalid RTN ret 
 [tid:1859000] Invalid RTN nop edx, edi
 [tid:1859000] Invalid RTN mov rcx, qword ptr [rip+0x32f6cd]
 [tid:1859000] Invalid RTN lea rax, ptr [rip-0x7bd22]
 [tid:1859000] Invalid RTN mov edx, dword ptr [rcx+0x17c]
 [tid:1859000] Invalid RTN test dh, 0x30
 [tid:1859000] Invalid RTN jnz 0x7f163af00813
 [tid:1859000] Invalid RTN mov esi, dword ptr [rcx+0xb0]
 [tid:1859000] Invalid RTN test esi, 0x10000
 [tid:1859000] Invalid RTN jnz 0x7f163af00818
 [tid:1859000] Invalid RTN test dh, 0x1
 [tid:1859000] Invalid RTN jz 0x7f163af007f0
 [tid:1859000] Invalid RTN test esi, esi
 [tid:1859000] Invalid RTN js 0x7f163af00868
 [tid:1859000] Invalid RTN test esi, 0x800
 [tid:1859000] Invalid RTN jz 0x7f163af007e0
 [tid:1859000] Invalid RTN and esi, 0x200
 [tid:1859000] Invalid RTN lea rdx, ptr [rip+0xf983]
 [tid:1859000] Invalid RTN lea rax, ptr [rip+0xf9ec]
 [tid:1859000] Invalid RTN cmovz rax, rdx
 [tid:1859000] Invalid RTN ret 
 [tid:1859000] Invalid RTN test dh, 0x8
 [tid:1859000] Invalid RTN jz 0x7f163af00888
 [tid:1859000] Invalid RTN nop dword ptr [rax]
 [tid:1859000] Invalid RTN test byte ptr [rcx+0x95], 0x2
 [tid:1859000] Invalid RTN jz 0x7f163af00848
 [tid:1859000] Invalid RTN test dl, 0x20
 [tid:1859000] Invalid RTN jnz 0x7f163af00848
 [tid:1859000] Invalid RTN and esi, 0x200
 [tid:1859000] Invalid RTN lea rdx, ptr [rip+0x6fdb]
 [tid:1859000] Invalid RTN lea rax, ptr [rip+0x7044]
 [tid:1859000] Invalid RTN cmovz rax, rdx
 [tid:1859000] Invalid RTN ret 
 [tid:1859000] Invalid RTN nop edx, edi
 [tid:1859000] Invalid RTN mov rax, qword ptr [rip+0x32f99d]
 [tid:1859000] Invalid RTN mov ecx, dword ptr [rax+0xb0]
 [tid:1859000] Invalid RTN mov edx, dword ptr [rax+0x94]
 [tid:1859000] Invalid RTN test cl, 0x20
 [tid:1859000] Invalid RTN jz 0x7f163af00510
 [tid:1859000] Invalid RTN test edx, 0x400000
 [tid:1859000] Invalid RTN jz 0x7f163af00510
 [tid:1859000] Invalid RTN test ch, 0x1
 [tid:1859000] Invalid RTN jz 0x7f163af00510
 [tid:1859000] Invalid RTN mov esi, dword ptr [rax+0x17c]
 [tid:1859000] Invalid RTN test esi, 0x100
 [tid:1859000] Invalid RTN jz 0x7f163af00510
 [tid:1859000] Invalid RTN test ecx, ecx
 [tid:1859000] Invalid RTN js 0x7f163af00530
 [tid:1859000] Invalid RTN lea rax, ptr [rip+0xf84e]
 [tid:1859000] Invalid RTN and ch, 0x8
 [tid:1859000] Invalid RTN jnz 0x7f163af00525
 [tid:1859000] Invalid RTN and esi, 0x800
 [tid:1859000] Invalid RTN lea rax, ptr [rip+0x6f5c]
 [tid:1859000] Invalid RTN jz 0x7f163af00525
 [tid:1859000] Invalid RTN nop word ptr [rax+rax*1]
 [tid:1859000] Invalid RTN and dh, 0x2
 [tid:1859000] Invalid RTN lea rax, ptr [rip-0x7bf1a]
 [tid:1859000] Invalid RTN lea rdx, ptr [rip+0x216df]
 [tid:1859000] Invalid RTN cmovnz rax, rdx
 [tid:1859000] Invalid RTN ret 
 [tid:1859000] Invalid RTN ret 
 [tid:1859000] Invalid RTN nop edx, edi
 [tid:1859000] Invalid RTN mov rdx, qword ptr [rip+0x33077d]
 [tid:1859000] Invalid RTN mov ecx, dword ptr [rdx+0xb0]
 [tid:1859000] Invalid RTN test cl, 0x20
 [tid:1859000] Invalid RTN jz 0x7f163aeff718
 [tid:1859000] Invalid RTN mov esi, dword ptr [rdx+0x17c]
 [tid:1859000] Invalid RTN test esi, 0x100
 [tid:1859000] Invalid RTN jz 0x7f163aeff718
 [tid:1859000] Invalid RTN test ecx, ecx
 [tid:1859000] Invalid RTN js 0x7f163aeff750
 [tid:1859000] Invalid RTN lea rax, ptr [rip+0x15b61]
 [tid:1859000] Invalid RTN and ch, 0x8
 [tid:1859000] Invalid RTN jnz 0x7f163aeff74b
 [tid:1859000] Invalid RTN and esi, 0x800
 [tid:1859000] Invalid RTN lea rax, ptr [rip+0xd19f]
 [tid:1859000] Invalid RTN jz 0x7f163aeff74b
 [tid:1859000] Invalid RTN nop dword ptr [rax+rax*1]
 [tid:1859000] Invalid RTN mov ecx, dword ptr [rdx+0x94]
 [tid:1859000] Invalid RTN test ecx, 0x100000
 [tid:1859000] Invalid RTN jz 0x7f163aeff736
 [tid:1859000] Invalid RTN ret 
 [tid:1859000] Invalid RTN nop edx, edi
 [tid:1859000] Invalid RTN mov rdx, qword ptr [rip+0x330ded]
 [tid:1859000] Invalid RTN mov ecx, dword ptr [rdx+0xb0]
 [tid:1859000] Invalid RTN mov esi, dword ptr [rdx+0x17c]
 [tid:1859000] Invalid RTN test cl, 0x20
 [tid:1859000] Invalid RTN jz 0x7f163aeff084
 [tid:1859000] Invalid RTN test esi, 0x100
 [tid:1859000] Invalid RTN jnz 0x7f163aeff0b0
 [tid:1859000] Invalid RTN and esi, 0x10
 [tid:1859000] Invalid RTN lea rax, ptr [rip-0x7211e]
 [tid:1859000] Invalid RTN jnz 0x7f163aeff0a9
 [tid:1859000] Invalid RTN test ecx, ecx
 [tid:1859000] Invalid RTN js 0x7f163aeff0d0
 [tid:1859000] Invalid RTN lea rax, ptr [rip+0x14195]
 [tid:1859000] Invalid RTN and ch, 0x8
 [tid:1859000] Invalid RTN jnz 0x7f163aeff0a9
 [tid:1859000] Invalid RTN lea rax, ptr [rip+0xb829]
 [tid:1859000] Invalid RTN test esi, 0x800
 [tid:1859000] Invalid RTN jnz 0x7f163aeff084
 [tid:1859000] Invalid RTN ret 
 [tid:1859000] Invalid RTN nop edx, edi
 [tid:1859000] Invalid RTN mov rdx, qword ptr [rip+0x32f7cd]
 [tid:1859000] Invalid RTN lea rax, ptr [rip-0x7b152]
 [tid:1859000] Invalid RTN mov ecx, dword ptr [rdx+0x17c]
 [tid:1859000] Invalid RTN test ch, 0x10
 [tid:1859000] Invalid RTN jnz 0x7f163af006f4
 [tid:1859000] Invalid RTN mov edx, dword ptr [rdx+0xb0]
 [tid:1859000] Invalid RTN test edx, 0x10000
 [tid:1859000] Invalid RTN jnz 0x7f163af006f8
 [tid:1859000] Invalid RTN mov eax, edx
 [tid:1859000] Invalid RTN and eax, 0x200
 [tid:1859000] Invalid RTN test dl, 0x20
 [tid:1859000] Invalid RTN jz 0x7f163af006e0
 [tid:1859000] Invalid RTN test edx, edx
 [tid:1859000] Invalid RTN js 0x7f163af00748
 [tid:1859000] Invalid RTN and dh, 0x8
 [tid:1859000] Invalid RTN jnz 0x7f163af00730
 [tid:1859000] Invalid RTN and ch, 0x8
 [tid:1859000] Invalid RTN jnz 0x7f163af006e0
 [tid:1859000] Invalid RTN test eax, eax
 [tid:1859000] Invalid RTN lea rdx, ptr [rip+0x7cbe]
 [tid:1859000] Invalid RTN lea rax, ptr [rip+0x7d67]
 [tid:1859000] Invalid RTN cmovz rax, rdx
 [tid:1859000] Invalid RTN ret 
 [tid:1859000] Invalid RTN nop edx, edi
 [tid:1859000] Invalid RTN mov rcx, qword ptr [rip+0x2ea06d]
 [tid:1859000] Invalid RTN lea rax, ptr [rip-0xaf0f2]
 [tid:1859000] Invalid RTN mov edx, dword ptr [rcx+0xb0]
 [tid:1859000] Invalid RTN mov esi, edx
 [tid:1859000] Invalid RTN and esi, 0x120
 [tid:1859000] Invalid RTN cmp esi, 0x120
 [tid:1859000] Invalid RTN jz 0x7f163af45e10
 [tid:1859000] Invalid RTN ret 
 [tid:1859000] Invalid RTN mov ecx, dword ptr [rcx+0x17c]
 [tid:1859000] Invalid RTN test ch, 0x1
 [tid:1859000] Invalid RTN jz 0x7f163af45e08
 [tid:1859000] Invalid RTN test edx, edx
 [tid:1859000] Invalid RTN js 0x7f163af45e48
 [tid:1859000] Invalid RTN lea rax, ptr [rip-0x2f626]
 [tid:1859000] Invalid RTN and dh, 0x8
 [tid:1859000] Invalid RTN jnz 0x7f163af45e08
 [tid:1859000] Invalid RTN and ch, 0x8
 [tid:1859000] Invalid RTN lea rdx, ptr [rip-0x38055]
 [tid:1859000] Invalid RTN lea rax, ptr [rip-0xaf13c]
 [tid:1859000] Invalid RTN cmovz rax, rdx
 [tid:1859000] Invalid RTN ret 
 [tid:1859000] Invalid RTN nop edx, edi
 [tid:1859000] Invalid RTN mov rcx, qword ptr [rip+0x33088d]
 [tid:1859000] Invalid RTN lea rax, ptr [rip-0x69232]
 [tid:1859000] Invalid RTN mov edx, dword ptr [rcx+0xb0]
 [tid:1859000] Invalid RTN mov esi, edx
 [tid:1859000] Invalid RTN and esi, 0x120
 [tid:1859000] Invalid RTN cmp esi, 0x120
 [tid:1859000] Invalid RTN jz 0x7f163aeff5f0
 [tid:1859000] Invalid RTN ret 
 [tid:1859000] Invalid RTN mov ecx, dword ptr [rcx+0x17c]
 [tid:1859000] Invalid RTN test ch, 0x1
 [tid:1859000] Invalid RTN jz 0x7f163aeff5e8
 [tid:1859000] Invalid RTN test edx, edx
 [tid:1859000] Invalid RTN js 0x7f163aeff628
 [tid:1859000] Invalid RTN lea rax, ptr [rip+0x16c5a]
 [tid:1859000] Invalid RTN and dh, 0x8
 [tid:1859000] Invalid RTN jnz 0x7f163aeff5e8
 [tid:1859000] Invalid RTN and ch, 0x8
 [tid:1859000] Invalid RTN lea rdx, ptr [rip+0xe24b]
 [tid:1859000] Invalid RTN lea rax, ptr [rip-0x6927c]
 [tid:1859000] Invalid RTN cmovz rax, rdx
 [tid:1859000] Invalid RTN ret 
 [tid:1859000] Invalid RTN nop edx, edi
 [tid:1859000] Invalid RTN mov rax, qword ptr [rip+0x330cad]
 [tid:1859000] Invalid RTN lea rdx, ptr [rip+0x453ce]
 [tid:1859000] Invalid RTN test byte ptr [rax+0x96], 0x10
 [tid:1859000] Invalid RTN lea rax, ptr [rip+0x45530]
 [tid:1859000] Invalid RTN cmovnz rax, rdx
 [tid:1859000] Invalid RTN ret 
 [tid:1859000] Invalid RTN nop edx, edi
 [tid:1859000] Invalid RTN mov rdx, qword ptr [rip+0x32f27d]
 [tid:1859000] Invalid RTN mov ecx, dword ptr [rdx+0xb0]
 [tid:1859000] Invalid RTN test cl, 0x20
 [tid:1859000] Invalid RTN jz 0x7f163af00c18
 [tid:1859000] Invalid RTN mov esi, dword ptr [rdx+0x17c]
 [tid:1859000] Invalid RTN test esi, 0x100
 [tid:1859000] Invalid RTN jz 0x7f163af00c18
 [tid:1859000] Invalid RTN test ecx, ecx
 [tid:1859000] Invalid RTN js 0x7f163af00c50
 [tid:1859000] Invalid RTN lea rax, ptr [rip+0x130d1]
 [tid:1859000] Invalid RTN and ch, 0x8
 [tid:1859000] Invalid RTN jnz 0x7f163af00c4b
 [tid:1859000] Invalid RTN and esi, 0x800
 [tid:1859000] Invalid RTN lea rax, ptr [rip+0xa74f]
 [tid:1859000] Invalid RTN jz 0x7f163af00c4b
 [tid:1859000] Invalid RTN nop dword ptr [rax+rax*1]
 [tid:1859000] Invalid RTN mov ecx, dword ptr [rdx+0x94]
 [tid:1859000] Invalid RTN test ecx, 0x100000
 [tid:1859000] Invalid RTN jz 0x7f163af00c36
 [tid:1859000] Invalid RTN ret 
 [tid:1859000] Invalid RTN nop edx, edi
 [tid:1859000] Invalid RTN mov rdx, qword ptr [rip+0x330d3d]
 [tid:1859000] Invalid RTN mov ecx, dword ptr [rdx+0xb0]
 [tid:1859000] Invalid RTN mov esi, dword ptr [rdx+0x17c]
 [tid:1859000] Invalid RTN test cl, 0x20
 [tid:1859000] Invalid RTN jz 0x7f163aeff134
 [tid:1859000] Invalid RTN test esi, 0x100
 [tid:1859000] Invalid RTN jnz 0x7f163aeff160
 [tid:1859000] Invalid RTN and esi, 0x10
 [tid:1859000] Invalid RTN lea rax, ptr [rip-0x71e2e]
 [tid:1859000] Invalid RTN jnz 0x7f163aeff159
 [tid:1859000] Invalid RTN test ecx, ecx
 [tid:1859000] Invalid RTN js 0x7f163aeff180
 [tid:1859000] Invalid RTN lea rax, ptr [rip+0x14645]
 [tid:1859000] Invalid RTN and ch, 0x8
 [tid:1859000] Invalid RTN jnz 0x7f163aeff159
 [tid:1859000] Invalid RTN lea rax, ptr [rip+0xbcd9]
 [tid:1859000] Invalid RTN test esi, 0x800
 [tid:1859000] Invalid RTN jnz 0x7f163aeff134
 [tid:1859000] Invalid RTN ret 
 [tid:1859000] Invalid RTN nop edx, edi
 [tid:1859000] Invalid RTN mov rcx, qword ptr [rip+0x32f03d]
 [tid:1859000] Invalid RTN lea rax, ptr [rip-0x7c382]
 [tid:1859000] Invalid RTN mov edx, dword ptr [rcx+0x17c]
 [tid:1859000] Invalid RTN test dh, 0x30
 [tid:1859000] Invalid RTN jnz 0x7f163af00ea3
 [tid:1859000] Invalid RTN mov esi, dword ptr [rcx+0xb0]
 [tid:1859000] Invalid RTN test esi, 0x10000
 [tid:1859000] Invalid RTN jnz 0x7f163af00ea8
 [tid:1859000] Invalid RTN test dh, 0x1
 [tid:1859000] Invalid RTN jz 0x7f163af00e80
 [tid:1859000] Invalid RTN test esi, esi
 [tid:1859000] Invalid RTN js 0x7f163af00ef8
 [tid:1859000] Invalid RTN test esi, 0x800
 [tid:1859000] Invalid RTN jz 0x7f163af00e70
 [tid:1859000] Invalid RTN and esi, 0x200
 [tid:1859000] Invalid RTN lea rdx, ptr [rip+0xf313]
 [tid:1859000] Invalid RTN lea rax, ptr [rip+0xf37c]
 [tid:1859000] Invalid RTN cmovz rax, rdx
 [tid:1859000] Invalid RTN ret 
 [tid:1859000] Invalid RTN test dh, 0x8
 [tid:1859000] Invalid RTN jz 0x7f163af00f18
 [tid:1859000] Invalid RTN nop dword ptr [rax]
 [tid:1859000] Invalid RTN test byte ptr [rcx+0x95], 0x2
 [tid:1859000] Invalid RTN jz 0x7f163af00ed8
 [tid:1859000] Invalid RTN test dl, 0x20
 [tid:1859000] Invalid RTN jnz 0x7f163af00ed8
 [tid:1859000] Invalid RTN and esi, 0x200
 [tid:1859000] Invalid RTN lea rdx, ptr [rip+0x696b]
 [tid:1859000] Invalid RTN lea rax, ptr [rip+0x69d4]
 [tid:1859000] Invalid RTN cmovz rax, rdx
 [tid:1859000] Invalid RTN ret 
 [tid:1859000] Invalid RTN nop edx, edi
 [tid:1859000] Invalid RTN mov rdx, qword ptr [rip+0x2e856d]
 [tid:1859000] Invalid RTN mov ecx, dword ptr [rdx+0xb0]
 [tid:1859000] Invalid RTN mov eax, ecx
 [tid:1859000] Invalid RTN and eax, 0x120
 [tid:1859000] Invalid RTN cmp eax, 0x120
 [tid:1859000] Invalid RTN jz 0x7f163af47920
 [tid:1859000] Invalid RTN test byte ptr [rdx+0x96], 0x8
 [tid:1859000] Invalid RTN lea rax, ptr [rip+0xefd3]
 [tid:1859000] Invalid RTN lea rdx, ptr [rip-0xaf9d4]
 [tid:1859000] Invalid RTN cmovnz rax, rdx
 [tid:1859000] Invalid RTN ret 
 [tid:1859000] Invalid RTN mov esi, dword ptr [rdx+0x17c]
 [tid:1859000] Invalid RTN test esi, 0x100
 [tid:1859000] Invalid RTN jz 0x7f163af478ff
 [tid:1859000] Invalid RTN test ecx, ecx
 [tid:1859000] Invalid RTN js 0x7f163af47950
 [tid:1859000] Invalid RTN lea rax, ptr [rip-0x30199]
 [tid:1859000] Invalid RTN and ch, 0x8
 [tid:1859000] Invalid RTN jnz 0x7f163af47918
 [tid:1859000] Invalid RTN and esi, 0x800
 [tid:1859000] Invalid RTN lea rax, ptr [rip-0x38beb]
 [tid:1859000] Invalid RTN jnz 0x7f163af478ff
 [tid:1859000] Invalid RTN ret 
 [tid:1859000] Invalid RTN nop edx, edi
 [tid:1859000] Invalid RTN mov rdx, qword ptr [rip+0x2e97bd]
 [tid:1859000] Invalid RTN lea rax, ptr [rip-0xc1212]
 [tid:1859000] Invalid RTN mov ecx, dword ptr [rdx+0xb0]
 [tid:1859000] Invalid RTN test cl, 0x20
 [tid:1859000] Invalid RTN jz 0x7f163af466dd
 [tid:1859000] Invalid RTN mov edx, dword ptr [rdx+0x17c]
 [tid:1859000] Invalid RTN test dh, 0x1
 [tid:1859000] Invalid RTN jz 0x7f163af466dd
 [tid:1859000] Invalid RTN test ecx, ecx
 [tid:1859000] Invalid RTN js 0x7f163af466e0
 [tid:1859000] Invalid RTN lea rax, ptr [rip-0x35ab3]
 [tid:1859000] Invalid RTN and ch, 0x8
 [tid:1859000] Invalid RTN jnz 0x7f163af466dd
 [tid:1859000] Invalid RTN and dh, 0x8
 [tid:1859000] Invalid RTN lea rax, ptr [rip-0xc1242]
 [tid:1859000] Invalid RTN lea rdx, ptr [rip-0x3e3c9]
 [tid:1859000] Invalid RTN cmovz rax, rdx
 [tid:1859000] Invalid RTN ret 
 [tid:1859000] Invalid RTN nop edx, edi
 [tid:1859000] Invalid RTN mov rax, qword ptr [rip+0x3305cd]
 [tid:1859000] Invalid RTN lea rdx, ptr [rip+0x4508e]
 [tid:1859000] Invalid RTN test byte ptr [rax+0x96], 0x10
 [tid:1859000] Invalid RTN lea rax, ptr [rip+0x451b0]
 [tid:1859000] Invalid RTN cmovnz rax, rdx
 [tid:1859000] Invalid RTN ret 
 [tid:1859000] Invalid RTN nop edx, edi
 [tid:1859000] Invalid RTN mov rax, qword ptr [rip+0x330e6d]
 [tid:1859000] Invalid RTN mov edx, dword ptr [rax+0xb0]
 [tid:1859000] Invalid RTN mov ecx, dword ptr [rax+0x17c]
 [tid:1859000] Invalid RTN mov eax, edx
 [tid:1859000] Invalid RTN and eax, 0x120
 [tid:1859000] Invalid RTN cmp eax, 0x120
 [tid:1859000] Invalid RTN jz 0x7f163aeff020
 [tid:1859000] Invalid RTN and ecx, 0x40
 [tid:1859000] Invalid RTN lea rax, ptr [rip-0x7392f]
 [tid:1859000] Invalid RTN lea rdx, ptr [rip+0x2435a]
 [tid:1859000] Invalid RTN cmovnz rax, rdx
 [tid:1859000] Invalid RTN ret 
 [tid:1859000] Invalid RTN test ch, 0x1
 [tid:1859000] Invalid RTN jz 0x7f163aeff005
 [tid:1859000] Invalid RTN test edx, edx
 [tid:1859000] Invalid RTN js 0x7f163aeff048
 [tid:1859000] Invalid RTN lea rax, ptr [rip+0x13df0]
 [tid:1859000] Invalid RTN and dh, 0x8
 [tid:1859000] Invalid RTN jnz 0x7f163aeff01a
 [tid:1859000] Invalid RTN lea rax, ptr [rip+0xb484]
 [tid:1859000] Invalid RTN test ch, 0x8
 [tid:1859000] Invalid RTN jnz 0x7f163aeff005
 [tid:1859000] Invalid RTN ret 
 [tid:1859000] Invalid RTN nop edx, edi
 [tid:1859000] Invalid RTN mov rcx, qword ptr [rip+0x33090d]
 [tid:1859000] Invalid RTN lea rax, ptr [rip-0x71c12]
 [tid:1859000] Invalid RTN mov edx, dword ptr [rcx+0xb0]
 [tid:1859000] Invalid RTN mov esi, edx
 [tid:1859000] Invalid RTN and esi, 0x120
 [tid:1859000] Invalid RTN cmp esi, 0x120
 [tid:1859000] Invalid RTN jz 0x7f163aeff570
 [tid:1859000] Invalid RTN ret 
 [tid:1859000] Invalid RTN mov ecx, dword ptr [rcx+0x17c]
 [tid:1859000] Invalid RTN test ch, 0x1
 [tid:1859000] Invalid RTN jz 0x7f163aeff568
 [tid:1859000] Invalid RTN test edx, edx
 [tid:1859000] Invalid RTN js 0x7f163aeff5a8
 [tid:1859000] Invalid RTN lea rax, ptr [rip+0x145da]
 [tid:1859000] Invalid RTN and dh, 0x8
 [tid:1859000] Invalid RTN jnz 0x7f163aeff568
 [tid:1859000] Invalid RTN and ch, 0x8
 [tid:1859000] Invalid RTN lea rdx, ptr [rip+0xbc4b]
 [tid:1859000] Invalid RTN lea rax, ptr [rip-0x71c5c]
 [tid:1859000] Invalid RTN cmovz rax, rdx
 [tid:1859000] Invalid RTN ret 
 [tid:1859000] Invalid RTN nop edx, edi
 [tid:1859000] Invalid RTN mov rcx, qword ptr [rip+0x328fdd]
 [tid:1859000] Invalid RTN lea rax, ptr [rip-0x81de2]
 [tid:1859000] Invalid RTN mov edx, dword ptr [rcx+0xb0]
 [tid:1859000] Invalid RTN mov esi, edx
 [tid:1859000] Invalid RTN and esi, 0x120
 [tid:1859000] Invalid RTN cmp esi, 0x120
 [tid:1859000] Invalid RTN jz 0x7f163af06ea0
 [tid:1859000] Invalid RTN ret 
 [tid:1859000] Invalid RTN mov ecx, dword ptr [rcx+0x17c]
 [tid:1859000] Invalid RTN test ch, 0x1
 [tid:1859000] Invalid RTN jz 0x7f163af06e98
 [tid:1859000] Invalid RTN test edx, edx
 [tid:1859000] Invalid RTN js 0x7f163af06ed8
 [tid:1859000] Invalid RTN lea rax, ptr [rip+0x99ba]
 [tid:1859000] Invalid RTN and dh, 0x8
 [tid:1859000] Invalid RTN jnz 0x7f163af06e98
 [tid:1859000] Invalid RTN and ch, 0x8
 [tid:1859000] Invalid RTN lea rdx, ptr [rip+0x10bb]
 [tid:1859000] Invalid RTN lea rax, ptr [rip-0x81e2c]
 [tid:1859000] Invalid RTN cmovz rax, rdx
 [tid:1859000] Invalid RTN ret 
 [tid:1859000] Invalid RTN nop edx, edi
 [tid:1859000] Invalid RTN mov rdx, qword ptr [rip+0x32f1dd]
 [tid:1859000] Invalid RTN mov ecx, dword ptr [rdx+0xb0]
 [tid:1859000] Invalid RTN test cl, 0x20
 [tid:1859000] Invalid RTN jz 0x7f163af00cb8
 [tid:1859000] Invalid RTN mov esi, dword ptr [rdx+0x17c]
 [tid:1859000] Invalid RTN test esi, 0x100
 [tid:1859000] Invalid RTN jz 0x7f163af00cb8
 [tid:1859000] Invalid RTN test ecx, ecx
 [tid:1859000] Invalid RTN js 0x7f163af00cf0
 [tid:1859000] Invalid RTN lea rax, ptr [rip+0x110d1]
 [tid:1859000] Invalid RTN and ch, 0x8
 [tid:1859000] Invalid RTN jnz 0x7f163af00ceb
 [tid:1859000] Invalid RTN and esi, 0x800
 [tid:1859000] Invalid RTN lea rax, ptr [rip+0x878f]
 [tid:1859000] Invalid RTN jz 0x7f163af00ceb
 [tid:1859000] Invalid RTN nop dword ptr [rax+rax*1]
 [tid:1859000] Invalid RTN mov ecx, dword ptr [rdx+0x94]
 [tid:1859000] Invalid RTN test ecx, 0x100000
 [tid:1859000] Invalid RTN jz 0x7f163af00cd6
 [tid:1859000] Invalid RTN ret 
 [tid:1859000] Invalid RTN nop edx, edi
 [tid:1859000] Invalid RTN mov rcx, qword ptr [rip+0x32fa2d]
 [tid:1859000] Invalid RTN lea rax, ptr [rip-0x7c162]
 [tid:1859000] Invalid RTN mov edx, dword ptr [rcx+0xb0]
 [tid:1859000] Invalid RTN mov esi, edx
 [tid:1859000] Invalid RTN and esi, 0x120
 [tid:1859000] Invalid RTN cmp esi, 0x120
 [tid:1859000] Invalid RTN jz 0x7f163af00450
 [tid:1859000] Invalid RTN ret 
 [tid:1859000] Invalid RTN mov ecx, dword ptr [rcx+0x17c]
 [tid:1859000] Invalid RTN test ch, 0x1
 [tid:1859000] Invalid RTN jz 0x7f163af00448
 [tid:1859000] Invalid RTN mov esi, edx
 [tid:1859000] Invalid RTN and esi, 0x800
 [tid:1859000] Invalid RTN test edx, edx
 [tid:1859000] Invalid RTN js 0x7f163af00490
 [tid:1859000] Invalid RTN lea rax, ptr [rip+0xf612]
 [tid:1859000] Invalid RTN test esi, esi
 [tid:1859000] Invalid RTN jnz 0x7f163af00448
 [tid:1859000] Invalid RTN and ch, 0x8
 [tid:1859000] Invalid RTN lea rdx, ptr [rip+0x6d04]
 [tid:1859000] Invalid RTN lea rax, ptr [rip-0x7c1b3]
 [tid:1859000] Invalid RTN cmovz rax, rdx
 [tid:1859000] Invalid RTN ret 
 [tid:1859000] Invalid RTN nop edx, edi
 [tid:1859000] Invalid RTN mov rdx, qword ptr [rip+0x2e9e9d]
 [tid:1859000] Invalid RTN mov ecx, dword ptr [rdx+0xb0]
 [tid:1859000] Invalid RTN mov eax, ecx
 [tid:1859000] Invalid RTN and eax, 0x120
 [tid:1859000] Invalid RTN cmp eax, 0x120
 [tid:1859000] Invalid RTN jz 0x7f163af45ff0
 [tid:1859000] Invalid RTN test byte ptr [rdx+0x96], 0x8
 [tid:1859000] Invalid RTN lea rax, ptr [rip-0xae47d]
 [tid:1859000] Invalid RTN lea rdx, ptr [rip-0xae244]
 [tid:1859000] Invalid RTN cmovnz rax, rdx
 [tid:1859000] Invalid RTN ret 
 [tid:1859000] Invalid RTN mov esi, dword ptr [rdx+0x17c]
 [tid:1859000] Invalid RTN test esi, 0x100
 [tid:1859000] Invalid RTN jz 0x7f163af45fcf
 [tid:1859000] Invalid RTN test ecx, ecx
 [tid:1859000] Invalid RTN js 0x7f163af46020
 [tid:1859000] Invalid RTN lea rax, ptr [rip-0x2f0a9]
 [tid:1859000] Invalid RTN and ch, 0x8
 [tid:1859000] Invalid RTN jnz 0x7f163af45fe8
 [tid:1859000] Invalid RTN and esi, 0x800
 [tid:1859000] Invalid RTN lea rax, ptr [rip-0x37adb]
 [tid:1859000] Invalid RTN jnz 0x7f163af45fcf
 [tid:1859000] Invalid RTN ret 
 [tid:1859000] Invalid RTN nop edx, edi
 [tid:1859000] Invalid RTN mov rax, qword ptr [rip+0x33030d]
 [tid:1859000] Invalid RTN lea rdx, ptr [rip+0x44f1e]
 [tid:1859000] Invalid RTN test byte ptr [rax+0x96], 0x10
 [tid:1859000] Invalid RTN lea rax, ptr [rip+0x45030]
 [tid:1859000] Invalid RTN cmovnz rax, rdx
 [tid:1859000] Invalid RTN ret 
 [tid:1859000] Invalid RTN nop edx, edi
 [tid:1859000] Invalid RTN mov rdx, qword ptr [rip+0x32f3ad]
 [tid:1859000] Invalid RTN mov ecx, dword ptr [rdx+0xb0]
 [tid:1859000] Invalid RTN mov esi, dword ptr [rdx+0x17c]
 [tid:1859000] Invalid RTN test cl, 0x20
 [tid:1859000] Invalid RTN jz 0x7f163af00ac4
 [tid:1859000] Invalid RTN test esi, 0x100
 [tid:1859000] Invalid RTN jnz 0x7f163af00af0
 [tid:1859000] Invalid RTN and esi, 0x10
 [tid:1859000] Invalid RTN lea rax, ptr [rip-0x7aa4e]
 [tid:1859000] Invalid RTN jnz 0x7f163af00ae9
 [tid:1859000] Invalid RTN test ecx, ecx
 [tid:1859000] Invalid RTN js 0x7f163af00b10
 [tid:1859000] Invalid RTN lea rax, ptr [rip+0x108a5]
 [tid:1859000] Invalid RTN and ch, 0x8
 [tid:1859000] Invalid RTN jnz 0x7f163af00ae9
 [tid:1859000] Invalid RTN lea rax, ptr [rip+0x7f99]
 [tid:1859000] Invalid RTN test esi, 0x800
 [tid:1859000] Invalid RTN jnz 0x7f163af00ac4
 [tid:1859000] Invalid RTN ret 
 [tid:1859000] Invalid RTN nop edx, edi
 [tid:1859000] Invalid RTN mov rdx, qword ptr [rip+0x32f43d]
 [tid:1859000] Invalid RTN mov ecx, dword ptr [rdx+0xb0]
 [tid:1859000] Invalid RTN mov esi, dword ptr [rdx+0x17c]
 [tid:1859000] Invalid RTN test cl, 0x20
 [tid:1859000] Invalid RTN jz 0x7f163af00a34
 [tid:1859000] Invalid RTN test esi, 0x100
 [tid:1859000] Invalid RTN jnz 0x7f163af00a60
 [tid:1859000] Invalid RTN and esi, 0x10
 [tid:1859000] Invalid RTN lea rax, ptr [rip-0x7b07e]
 [tid:1859000] Invalid RTN jnz 0x7f163af00a59
 [tid:1859000] Invalid RTN test ecx, ecx
 [tid:1859000] Invalid RTN js 0x7f163af00a80
 [tid:1859000] Invalid RTN lea rax, ptr [rip+0x10575]
 [tid:1859000] Invalid RTN and ch, 0x8
 [tid:1859000] Invalid RTN jnz 0x7f163af00a59
 [tid:1859000] Invalid RTN lea rax, ptr [rip+0x7c79]
 [tid:1859000] Invalid RTN test esi, 0x800
 [tid:1859000] Invalid RTN jnz 0x7f163af00a34
 [tid:1859000] Invalid RTN ret 
 [tid:1859000] Invalid RTN nop edx, edi
 [tid:1859000] Invalid RTN mov rcx, qword ptr [rip+0x32dabd]
 [tid:1859000] Invalid RTN lea rax, ptr [rip-0x76a92]
 [tid:1859000] Invalid RTN mov edx, dword ptr [rcx+0xb0]
 [tid:1859000] Invalid RTN mov esi, edx
 [tid:1859000] Invalid RTN and esi, 0x120
 [tid:1859000] Invalid RTN cmp esi, 0x120
 [tid:1859000] Invalid RTN jz 0x7f163af023c0
 [tid:1859000] Invalid RTN ret 
 [tid:1859000] Invalid RTN mov ecx, dword ptr [rcx+0x17c]
 [tid:1859000] Invalid RTN test ch, 0x1
 [tid:1859000] Invalid RTN jz 0x7f163af023b8
 [tid:1859000] Invalid RTN test edx, edx
 [tid:1859000] Invalid RTN js 0x7f163af023f8
 [tid:1859000] Invalid RTN lea rax, ptr [rip+0x10c8a]
 [tid:1859000] Invalid RTN and dh, 0x8
 [tid:1859000] Invalid RTN jnz 0x7f163af023b8
 [tid:1859000] Invalid RTN and ch, 0x8
 [tid:1859000] Invalid RTN lea rdx, ptr [rip+0x831b]
 [tid:1859000] Invalid RTN lea rax, ptr [rip-0x76adc]
 [tid:1859000] Invalid RTN cmovz rax, rdx
 [tid:1859000] Invalid RTN ret 
 [tid:1859000] Invalid RTN nop edx, edi
 [tid:1859000] Invalid RTN mov rdx, qword ptr [rip+0x32f13d]
 [tid:1859000] Invalid RTN mov ecx, dword ptr [rdx+0xb0]
 [tid:1859000] Invalid RTN test cl, 0x20
 [tid:1859000] Invalid RTN jz 0x7f163af00d58
 [tid:1859000] Invalid RTN mov esi, dword ptr [rdx+0x17c]
 [tid:1859000] Invalid RTN test esi, 0x100
 [tid:1859000] Invalid RTN jz 0x7f163af00d58
 [tid:1859000] Invalid RTN test ecx, ecx
 [tid:1859000] Invalid RTN js 0x7f163af00d90
 [tid:1859000] Invalid RTN lea rax, ptr [rip+0x12fa1]
 [tid:1859000] Invalid RTN and ch, 0x8
 [tid:1859000] Invalid RTN jnz 0x7f163af00d8b
 [tid:1859000] Invalid RTN and esi, 0x800
 [tid:1859000] Invalid RTN lea rax, ptr [rip+0xa61f]
 [tid:1859000] Invalid RTN jz 0x7f163af00d8b
 [tid:1859000] Invalid RTN nop dword ptr [rax+rax*1]
 [tid:1859000] Invalid RTN mov ecx, dword ptr [rdx+0x94]
 [tid:1859000] Invalid RTN test ecx, 0x100000
 [tid:1859000] Invalid RTN jz 0x7f163af00d76
 [tid:1859000] Invalid RTN ret 
 [tid:1859000] Invalid RTN nop edx, edi
 [tid:1859000] Invalid RTN sub rsp, 0x28
 [tid:1859000] Invalid RTN mov esi, 0x32
 [tid:1859000] Invalid RTN lea rax, ptr [rip+0x9e2f4]
 [tid:1859000] Invalid RTN mov edx, 0x5f
 [tid:1859000] Invalid RTN mov qword ptr [rsp], rax
 [tid:1859000] Invalid RTN lea rcx, ptr [rip+0x9e2e9]
 [tid:1859000] Invalid RTN mov rax, 0x103ae75f6
 [tid:1859000] Invalid RTN mov qword ptr [rsp+0x8], rax
 [tid:1859000] Invalid RTN mov eax, 0x50e3a8
 [tid:1859000] Invalid RTN shl rax, 0x4
 [tid:1859000] Invalid RTN add rcx, 0x1
 [tid:1859000] Invalid RTN add rax, rdx
 [tid:1859000] Invalid RTN mov rdx, rax
 [tid:1859000] Invalid RTN shr rdx, 0x18
 [tid:1859000] Invalid RTN and edx, 0xf0
 [tid:1859000] Invalid RTN xor rax, rdx
 [tid:1859000] Invalid RTN test sil, sil
 [tid:1859000] Invalid RTN jz 0x7f163af579e8
 [tid:1859000] Invalid RTN movzx edx, sil
 [tid:1859000] Invalid RTN movzx esi, byte ptr [rcx+0x1]
 [tid:1859000] Invalid RTN jmp 0x7f163af579b8
 [tid:1859000] Invalid RTN shl rax, 0x4
 [tid:1859000] Invalid RTN add rcx, 0x1
 [tid:1859000] Invalid RTN add rax, rdx
 [tid:1859000] Invalid RTN mov rdx, rax
 [tid:1859000] Invalid RTN shr rdx, 0x18
 [tid:1859000] Invalid RTN and edx, 0xf0
 [tid:1859000] Invalid RTN xor rax, rdx
 [tid:1859000] Invalid RTN test sil, sil
 [tid:1859000] Invalid RTN jz 0x7f163af579e8
 [tid:1859000] Invalid RTN movzx edx, sil
 [tid:1859000] Invalid RTN movzx esi, byte ptr [rcx+0x1]
 [tid:1859000] Invalid RTN jmp 0x7f163af579b8
 [tid:1859000] Invalid RTN and eax, 0xfffffff
 [tid:1859000] Invalid RTN cmp rax, 0x3ae75f6
 [tid:1859000] Invalid RTN jnz 0x7f163af57a20
 [tid:1859000] Invalid RTN mov rsi, rsp
 [tid:1859000] Invalid RTN lea rdi, ptr [rip+0x9fc9e]
 [tid:1859000] Invalid RTN mov qword ptr [rsp+0x10], 0x0
 [tid:1859000] Invalid RTN call 0x7f163afd9710
 [tid:1859000] Invalid RTN lea rdx, ptr [rip-0xc4]
 [tid:1859000] Invalid RTN test rax, rax
 [tid:1859000] Invalid RTN cmovz rax, rdx
 [tid:1859000] Invalid RTN add rsp, 0x28
 [tid:1859000] Invalid RTN ret 
 [tid:1859000] Invalid RTN nop edx, edi
 [tid:1859000] Invalid RTN jmp 0x7f163aea7430
 [tid:1859000] Invalid RTN nop edx, edi
 [tid:1859000] Invalid RTN mov rax, qword ptr [rip+0x388985]
 [tid:1859000] Invalid RTN mov rcx, qword ptr [rip+0x3889be]
 [tid:1859000] Invalid RTN mov rax, qword ptr fs:[rax]
 [tid:1859000] Invalid RTN mov rax, qword ptr [rax]
 [tid:1859000] Invalid RTN mov rsi, qword ptr [rax+0x40]
 [tid:1859000] Invalid RTN lea rdx, ptr [rsi+0x100]
 [tid:1859000] Invalid RTN mov qword ptr fs:[rcx], rdx
 [tid:1859000] Invalid RTN mov rdi, qword ptr [rax+0x48]
 [tid:1859000] Invalid RTN mov rcx, qword ptr [rip+0x388a85]
 [tid:1859000] Invalid RTN lea rdx, ptr [rdi+0x200]
 [tid:1859000] Invalid RTN mov qword ptr fs:[rcx], rdx
 [tid:1859000] Invalid RTN mov rax, qword ptr [rax+0x58]
 [tid:1859000] Invalid RTN mov rdx, qword ptr [rip+0x388aaf]
 [tid:1859000] Invalid RTN add rax, 0x200
 [tid:1859000] Invalid RTN mov qword ptr fs:[rdx], rax
 [tid:1859000] Invalid RTN ret 
 [tid:1859000] Exe register_tm_clones
 [tid:1859000] INSTSELECTOR: instruction to be included lea rdi, ptr [rip+0x2027b9]
 [tid:1859000] ins:lea rdi, ptr [rip+0x2027b9]
 [tid:1859000] reg:rdi
 [tid:1859000] Exe register_tm_clones
 [tid:1859000] INSTSELECTOR: instruction to be included lea rsi, ptr [rip+0x2027b2]
 [tid:1859000] ins:lea rsi, ptr [rip+0x2027b2]
 [tid:1859000] reg:rsi
 [tid:1859000] Exe register_tm_clones
 [tid:1859000] INSTSELECTOR: instruction to be included sub rsi, rdi
 [tid:1859000] ins:sub rsi, rdi
 [tid:1859000] reg:rsi
 [tid:1859000] Exe register_tm_clones
 [tid:1859000] INSTSELECTOR: instruction to be included sar rsi, 0x3
 [tid:1859000] ins:sar rsi, 0x3
 [tid:1859000] reg:rsi
 [tid:1859000] Exe register_tm_clones
 [tid:1859000] INSTSELECTOR: instruction to be included mov rax, rsi
 [tid:1859000] ins:mov rax, rsi
 [tid:1859000] reg:rax
 [tid:1859000] Exe register_tm_clones
 [tid:1859000] INSTSELECTOR: instruction to be included shr rax, 0x3f
 [tid:1859000] ins:shr rax, 0x3f
 [tid:1859000] reg:rax
 [tid:1859000] Exe register_tm_clones
 [tid:1859000] INSTSELECTOR: instruction to be included add rsi, rax
 [tid:1859000] ins:add rsi, rax
 [tid:1859000] reg:rsi
 [tid:1859000] Exe register_tm_clones
 [tid:1859000] INSTSELECTOR: instruction to be included sar rsi, 0x1
 [tid:1859000] ins:sar rsi, 0x1
 [tid:1859000] reg:rsi
 [tid:1859000] Exe register_tm_clones
 [tid:1859000] Exe register_tm_clones
 [tid:1859000] INSTSELECTOR: instruction to be included mov rax, qword ptr [rip+0x2026fd]
 [tid:1859000] ins:mov rax, qword ptr [rip+0x2026fd]
 [tid:1859000] reg:rax
 [tid:1859000] Exe register_tm_clones
 [tid:1859000] INSTSELECTOR: instruction to be included test rax, rax
 [tid:1859000] ins:test rax, rax
 [tid:1859000] reg:rflags
 [tid:1859000] Exe register_tm_clones
 [tid:1859000] Exe register_tm_clones
 [tid:1859000] Exe register_tm_clones
 [tid:1859000] Exe main
 [tid:1859000] INSTSELECTOR: instruction to be included push rbp
 [tid:1859000] ins:push rbp
 [tid:1859000] reg:rsp
 [tid:1859000] Exe main
 [tid:1859000] INSTSELECTOR: instruction to be included mov rbp, rsp
 [tid:1859000] ins:mov rbp, rsp
 [tid:1859000] reg:rbp
 [tid:1859000] Exe main
 [tid:1859000] INSTSELECTOR: instruction to be included sub rsp, 0x210
 [tid:1859000] ins:sub rsp, 0x210
 [tid:1859000] reg:rsp
 [tid:1859000] Exe main
 [tid:1859000] Exe main
 [tid:1859000] Exe main
 [tid:1859000] Exe main
 [tid:1859000] INSTSELECTOR: instruction to be included mov eax, 0xffffffff
 [tid:1859000] ins:mov eax, 0xffffffff
 [tid:1859000] reg:eax
 [tid:1859000] Exe main
 [tid:1859000] Exe main
 [tid:1859000] INSTSELECTOR: instruction to be included lea rdi, ptr [rip+0x14e0]
 [tid:1859000] ins:lea rdi, ptr [rip+0x14e0]
 [tid:1859000] reg:rdi
 [tid:1859000] Exe main
 [tid:1859000] INSTSELECTOR: instruction to be included lea rsi, ptr [rip+0x1524]
 [tid:1859000] ins:lea rsi, ptr [rip+0x1524]
 [tid:1859000] reg:rsi
 [tid:1859000] Exe main
 [tid:1859000] Exe main
 [tid:1859000] Exe main
 [tid:1859000] INSTSELECTOR: instruction to be included xor eax, eax
 [tid:1859000] ins:xor eax, eax
 [tid:1859000] reg:eax
 [tid:1859000] Exe main
 [tid:1859000] INSTSELECTOR: instruction to be included test al, 0x1
 [tid:1859000] ins:test al, 0x1
 [tid:1859000] reg:rflags
 [tid:1859000] Exe main
 [tid:1859000] Exe main
 [tid:1859000] Exe main
 [tid:1859000] INSTSELECTOR: instruction to be included mov edi, 0x28
 [tid:1859000] ins:mov edi, 0x28
 [tid:1859000] reg:edi
 [tid:1859000] Exe main
 [tid:1859000] Exe main
 [tid:1859000] Exe main
 [tid:1859000] INSTSELECTOR: instruction to be included cmp qword ptr [rbp-0x18], 0x0
 [tid:1859000] ins:cmp qword ptr [rbp-0x18], 0x0
 [tid:1859000] reg:rflags
 [tid:1859000] Exe main
 [tid:1859000] Exe main
 [tid:1859000] INSTSELECTOR: instruction to be included lea rdi, ptr [rip+0x14fb]
 [tid:1859000] ins:lea rdi, ptr [rip+0x14fb]
 [tid:1859000] reg:rdi
 [tid:1859000] Exe main
 [tid:1859000] Exe main
 [tid:1859000] INSTSELECTOR: instruction to be included mov rdi, qword ptr [rbp-0x18]
 [tid:1859000] ins:mov rdi, qword ptr [rbp-0x18]
 [tid:1859000] reg:rdi
 [tid:1859000] Exe main
 [tid:1859000] INSTSELECTOR: instruction to be included xor esi, esi
 [tid:1859000] ins:xor esi, esi
 [tid:1859000] reg:esi
 [tid:1859000] Exe main
 [tid:1859000] INSTSELECTOR: instruction to be included mov edx, 0x28
 [tid:1859000] ins:mov edx, 0x28
 [tid:1859000] reg:edx
 [tid:1859000] Exe main
 [tid:1859000] Exe main
 [tid:1859000] INSTSELECTOR: instruction to be included mov edi, 0x10
 [tid:1859000] ins:mov edi, 0x10
 [tid:1859000] reg:edi
 [tid:1859000] Exe main
 [tid:1859000] Exe main
 [tid:1859000] INSTSELECTOR: instruction to be included mov rcx, rax
 [tid:1859000] ins:mov rcx, rax
 [tid:1859000] reg:rcx
 [tid:1859000] Exe main
 [tid:1859000] INSTSELECTOR: instruction to be included mov rax, qword ptr [rbp-0x18]
 [tid:1859000] ins:mov rax, qword ptr [rbp-0x18]
 [tid:1859000] reg:rax
 [tid:1859000] Exe main
 [tid:1859000] Exe main
 [tid:1859000] INSTSELECTOR: instruction to be included mov rax, qword ptr [rbp-0x18]
 [tid:1859000] ins:mov rax, qword ptr [rbp-0x18]
 [tid:1859000] reg:rax
 [tid:1859000] Exe main
 [tid:1859000] INSTSELECTOR: instruction to be included cmp qword ptr [rax+0x8], 0x0
 [tid:1859000] ins:cmp qword ptr [rax+0x8], 0x0
 [tid:1859000] reg:rflags
 [tid:1859000] Exe main
 [tid:1859000] Exe main
 [tid:1859000] INSTSELECTOR: instruction to be included lea rdi, ptr [rip+0x14cf]
 [tid:1859000] ins:lea rdi, ptr [rip+0x14cf]
 [tid:1859000] reg:rdi
 [tid:1859000] Exe main
 [tid:1859000] Exe main
 [tid:1859000] INSTSELECTOR: instruction to be included mov rax, qword ptr [rbp-0x18]
 [tid:1859000] ins:mov rax, qword ptr [rbp-0x18]
 [tid:1859000] reg:rax
 [tid:1859000] Exe main
 [tid:1859000] INSTSELECTOR: instruction to be included mov rdi, qword ptr [rax+0x8]
 [tid:1859000] ins:mov rdi, qword ptr [rax+0x8]
 [tid:1859000] reg:rdi
 [tid:1859000] Exe main
 [tid:1859000] INSTSELECTOR: instruction to be included xor esi, esi
 [tid:1859000] ins:xor esi, esi
 [tid:1859000] reg:esi
 [tid:1859000] Exe main
 [tid:1859000] INSTSELECTOR: instruction to be included mov edx, 0x10
 [tid:1859000] ins:mov edx, 0x10
 [tid:1859000] reg:edx
 [tid:1859000] Exe main
 [tid:1859000] Exe main
 [tid:1859000] INSTSELECTOR: instruction to be included mov rax, qword ptr [rbp-0x18]
 [tid:1859000] ins:mov rax, qword ptr [rbp-0x18]
 [tid:1859000] reg:rax
 [tid:1859000] Exe main
 [tid:1859000] INSTSELECTOR: instruction to be included mov rax, qword ptr [rax+0x8]
 [tid:1859000] ins:mov rax, qword ptr [rax+0x8]
 [tid:1859000] reg:rax
 [tid:1859000] Exe main
 [tid:1859000] Exe main
 [tid:1859000] INSTSELECTOR: instruction to be included mov edi, 0x10
 [tid:1859000] ins:mov edi, 0x10
 [tid:1859000] reg:edi
 [tid:1859000] Exe main
 [tid:1859000] Exe main
 [tid:1859000] INSTSELECTOR: instruction to be included mov rcx, rax
 [tid:1859000] ins:mov rcx, rax
 [tid:1859000] reg:rcx
 [tid:1859000] Exe main
 [tid:1859000] INSTSELECTOR: instruction to be included mov rax, qword ptr [rbp-0x30]
 [tid:1859000] ins:mov rax, qword ptr [rbp-0x30]
 [tid:1859000] reg:rax
 [tid:1859000] Exe main
 [tid:1859000] Exe main
 [tid:1859000] INSTSELECTOR: instruction to be included mov rax, qword ptr [rbp-0x30]
 [tid:1859000] ins:mov rax, qword ptr [rbp-0x30]
 [tid:1859000] reg:rax
 [tid:1859000] Exe main
 [tid:1859000] INSTSELECTOR: instruction to be included cmp qword ptr [rax+0x8], 0x0
 [tid:1859000] ins:cmp qword ptr [rax+0x8], 0x0
 [tid:1859000] reg:rflags
 [tid:1859000] Exe main
 [tid:1859000] Exe main
 [tid:1859000] INSTSELECTOR: instruction to be included lea rdi, ptr [rip+0x1498]
 [tid:1859000] ins:lea rdi, ptr [rip+0x1498]
 [tid:1859000] reg:rdi
 [tid:1859000] Exe main
 [tid:1859000] Exe main
 [tid:1859000] INSTSELECTOR: instruction to be included mov rax, qword ptr [rbp-0x30]
 [tid:1859000] ins:mov rax, qword ptr [rbp-0x30]
 [tid:1859000] reg:rax
 [tid:1859000] Exe main
 [tid:1859000] INSTSELECTOR: instruction to be included mov rdi, qword ptr [rax+0x8]
 [tid:1859000] ins:mov rdi, qword ptr [rax+0x8]
 [tid:1859000] reg:rdi
 [tid:1859000] Exe main
 [tid:1859000] INSTSELECTOR: instruction to be included xor esi, esi
 [tid:1859000] ins:xor esi, esi
 [tid:1859000] reg:esi
 [tid:1859000] Exe main
 [tid:1859000] INSTSELECTOR: instruction to be included mov edx, 0x1
 [tid:1859000] ins:mov edx, 0x1
 [tid:1859000] reg:edx
 [tid:1859000] Exe main
 [tid:1859000] Exe main
 [tid:1859000] INSTSELECTOR: instruction to be included mov rax, qword ptr [rbp-0x18]
 [tid:1859000] ins:mov rax, qword ptr [rbp-0x18]
 [tid:1859000] reg:rax
 [tid:1859000] Exe main
 [tid:1859000] Exe main
 [tid:1859000] INSTSELECTOR: instruction to be included mov rcx, qword ptr [rbp-0x18]
 [tid:1859000] ins:mov rcx, qword ptr [rbp-0x18]
 [tid:1859000] reg:rcx
 [tid:1859000] Exe main
 [tid:1859000] INSTSELECTOR: instruction to be included mov rax, qword ptr [rbp-0x18]
 [tid:1859000] ins:mov rax, qword ptr [rbp-0x18]
 [tid:1859000] reg:rax
 [tid:1859000] Exe main
 [tid:1859000] Exe main
 [tid:1859000] INSTSELECTOR: instruction to be included mov rax, qword ptr [rbp-0x18]
 [tid:1859000] ins:mov rax, qword ptr [rbp-0x18]
 [tid:1859000] reg:rax
 [tid:1859000] Exe main
 [tid:1859000] Exe main
 [tid:1859000] INSTSELECTOR: instruction to be included lea rax, ptr [rbp-0xc0]
 [tid:1859000] ins:lea rax, ptr [rbp-0xc0]
 [tid:1859000] reg:rax
 [tid:1859000] Exe main
 [tid:1859000] Exe main
 [tid:1859000] INSTSELECTOR: instruction to be included mov rax, qword ptr [rbp-0x38]
 [tid:1859000] ins:mov rax, qword ptr [rbp-0x38]
 [tid:1859000] reg:rax
 [tid:1859000] Exe main
 [tid:1859000] Exe main
 [tid:1859000] INSTSELECTOR: instruction to be included lea rax, ptr [rbp-0xc0]
 [tid:1859000] ins:lea rax, ptr [rbp-0xc0]
 [tid:1859000] reg:rax
 [tid:1859000] Exe main
 [tid:1859000] Exe main
 [tid:1859000] INSTSELECTOR: instruction to be included lea rax, ptr [rbp-0xd4]
 [tid:1859000] ins:lea rax, ptr [rbp-0xd4]
 [tid:1859000] reg:rax
 [tid:1859000] Exe main
 [tid:1859000] Exe main
 [tid:1859000] INSTSELECTOR: instruction to be included mov rax, qword ptr [rbp-0xe0]
 [tid:1859000] ins:mov rax, qword ptr [rbp-0xe0]
 [tid:1859000] reg:rax
 [tid:1859000] Exe main
 [tid:1859000] Exe main
 [tid:1859000] INSTSELECTOR: instruction to be included lea rax, ptr [rbp-0xd4]
 [tid:1859000] ins:lea rax, ptr [rbp-0xd4]
 [tid:1859000] reg:rax
 [tid:1859000] Exe main
 [tid:1859000] Exe main
 [tid:1859000] INSTSELECTOR: instruction to be included mov rax, qword ptr [rbp-0x18]
 [tid:1859000] ins:mov rax, qword ptr [rbp-0x18]
 [tid:1859000] reg:rax
 [tid:1859000] Exe main
 [tid:1859000] Exe main
 [tid:1859000] INSTSELECTOR: instruction to be included lea rax, ptr [rbp-0xd4]
 [tid:1859000] ins:lea rax, ptr [rbp-0xd4]
 [tid:1859000] reg:rax
 [tid:1859000] Exe main
 [tid:1859000] Exe main
 [tid:1859000] INSTSELECTOR: instruction to be included mov rax, qword ptr [rbp-0x18]
 [tid:1859000] ins:mov rax, qword ptr [rbp-0x18]
 [tid:1859000] reg:rax
 [tid:1859000] Exe main
 [tid:1859000] Exe main
 [tid:1859000] INSTSELECTOR: instruction to be included lea rax, ptr [rbp-0xd4]
 [tid:1859000] ins:lea rax, ptr [rbp-0xd4]
 [tid:1859000] reg:rax
 [tid:1859000] Exe main
 [tid:1859000] Exe main
 [tid:1859000] INSTSELECTOR: instruction to be included mov rax, qword ptr [rbp-0x20]
 [tid:1859000] ins:mov rax, qword ptr [rbp-0x20]
 [tid:1859000] reg:rax
 [tid:1859000] Exe main
 [tid:1859000] INSTSELECTOR: instruction to be included mov rcx, qword ptr [rbp-0x30]
 [tid:1859000] ins:mov rcx, qword ptr [rbp-0x30]
 [tid:1859000] reg:rcx
 [tid:1859000] Exe main
 [tid:1859000] INSTSELECTOR: instruction to be included mov rdx, qword ptr [rbp-0x28]
 [tid:1859000] ins:mov rdx, qword ptr [rbp-0x28]
 [tid:1859000] reg:rdx
 [tid:1859000] Exe main
 [tid:1859000] Exe main
 [tid:1859000] Exe main
 [tid:1859000] Exe main
 [tid:1859000] INSTSELECTOR: instruction to be included mov rdx, qword ptr [rbp-0x148]
 [tid:1859000] ins:mov rdx, qword ptr [rbp-0x148]
 [tid:1859000] reg:rdx
 [tid:1859000] Exe main
 [tid:1859000] INSTSELECTOR: instruction to be included mov rdi, qword ptr [rbp-0x150]
 [tid:1859000] ins:mov rdi, qword ptr [rbp-0x150]
 [tid:1859000] reg:rdi
 [tid:1859000] Exe main
 [tid:1859000] INSTSELECTOR: instruction to be included mov rax, qword ptr [rbp-0x100]
 [tid:1859000] ins:mov rax, qword ptr [rbp-0x100]
 [tid:1859000] reg:rax
 [tid:1859000] Exe main
 [tid:1859000] INSTSELECTOR: instruction to be included mov rcx, qword ptr [rbp-0xf8]
 [tid:1859000] ins:mov rcx, qword ptr [rbp-0xf8]
 [tid:1859000] reg:rcx
 [tid:1859000] Exe main
 [tid:1859000] INSTSELECTOR: instruction to be included mov rsi, qword ptr [rbp-0xf0]
 [tid:1859000] ins:mov rsi, qword ptr [rbp-0xf0]
 [tid:1859000] reg:rsi
 [tid:1859000] Exe main
 [tid:1859000] Exe main
 [tid:1859000] Exe main
 [tid:1859000] Exe main
 [tid:1859000] INSTSELECTOR: instruction to be included mov esi, 0x80
 [tid:1859000] ins:mov esi, 0x80
 [tid:1859000] reg:esi
 [tid:1859000] Exe main
 [tid:1859000] Exe main
 [tid:1859000] INSTSELECTOR: instruction to be included mov rdx, qword ptr [rbp-0x180]
 [tid:1859000] ins:mov rdx, qword ptr [rbp-0x180]
 [tid:1859000] reg:rdx
 [tid:1859000] Exe main
 [tid:1859000] INSTSELECTOR: instruction to be included mov rcx, qword ptr [rbp-0x178]
 [tid:1859000] ins:mov rcx, qword ptr [rbp-0x178]
 [tid:1859000] reg:rcx
 [tid:1859000] Exe main
 [tid:1859000] INSTSELECTOR: instruction to be included mov rsi, rax
 [tid:1859000] ins:mov rsi, rax
 [tid:1859000] reg:rsi
 [tid:1859000] Exe main
 [tid:1859000] INSTSELECTOR: instruction to be included mov rax, qword ptr [rbp-0x170]
 [tid:1859000] ins:mov rax, qword ptr [rbp-0x170]
 [tid:1859000] reg:rax
 [tid:1859000] Exe main
 [tid:1859000] INSTSELECTOR: instruction to be included cmp rsi, 0x0
 [tid:1859000] ins:cmp rsi, 0x0
 [tid:1859000] reg:rflags
 [tid:1859000] NORMAL FLAG REG: inst cmp rsi, 0x0
 [tid:1859000] Exe main
 [tid:1859000] Exe main
 [tid:1859000] Exe main
 [tid:1859000] Exe main
 [tid:1859000] Exe main
 [tid:1859000] INSTSELECTOR: instruction to be included mov rdi, qword ptr [rbp-0x140]
 [tid:1859000] ins:mov rdi, qword ptr [rbp-0x140]
 [tid:1859000] reg:rdi
 [tid:1859000] Exe main
 [tid:1859000] INSTSELECTOR: instruction to be included lea rsi, ptr [rip+0x1355]
 [tid:1859000] ins:lea rsi, ptr [rip+0x1355]
 [tid:1859000] reg:rsi
 [tid:1859000] Exe main
 [tid:1859000] INSTSELECTOR: instruction to be included lea rdx, ptr [rbp-0xe4]
 [tid:1859000] ins:lea rdx, ptr [rbp-0xe4]
 [tid:1859000] reg:rdx
 [tid:1859000] Exe main
 [tid:1859000] INSTSELECTOR: instruction to be included lea rcx, ptr [rbp-0xd4]
 [tid:1859000] ins:lea rcx, ptr [rbp-0xd4]
 [tid:1859000] reg:rcx
 [tid:1859000] Exe main
 [tid:1859000] INSTSELECTOR: instruction to be included mov al, 0x0
 [tid:1859000] ins:mov al, 0x0
 [tid:1859000] reg:al
 [tid:1859000] Exe main
 [tid:1859000] Exe main
 [tid:1859000] INSTSELECTOR: instruction to be included mov edi, 0x28
 [tid:1859000] ins:mov edi, 0x28
 [tid:1859000] reg:edi
 [tid:1859000] Exe main
 [tid:1859000] Exe main
 [tid:1859000] INSTSELECTOR: instruction to be included mov rdx, qword ptr [rbp-0x180]
 [tid:1859000] ins:mov rdx, qword ptr [rbp-0x180]
 [tid:1859000] reg:rdx
 [tid:1859000] Exe main
 [tid:1859000] INSTSELECTOR: instruction to be included mov rcx, qword ptr [rbp-0x178]
 [tid:1859000] ins:mov rcx, qword ptr [rbp-0x178]
 [tid:1859000] reg:rcx
 [tid:1859000] Exe main
 [tid:1859000] Exe main
 [tid:1859000] INSTSELECTOR: instruction to be included cmp rax, 0x0
 [tid:1859000] ins:cmp rax, 0x0
 [tid:1859000] reg:rflags
 [tid:1859000] NORMAL FLAG REG: inst cmp rax, 0x0
 [tid:1859000] Exe main
 [tid:1859000] Exe main
 [tid:1859000] Exe main
 [tid:1859000] Exe main
 [tid:1859000] Exe main
 [tid:1859000] INSTSELECTOR: instruction to be included mov rax, qword ptr [rbp-0x198]
 [tid:1859000] ins:mov rax, qword ptr [rbp-0x198]
 [tid:1859000] reg:rax
 [tid:1859000] Exe main
 [tid:1859000] INSTSELECTOR: instruction to be included mov rcx, qword ptr [rbp-0x190]
 [tid:1859000] ins:mov rcx, qword ptr [rbp-0x190]
 [tid:1859000] reg:rcx
 [tid:1859000] Exe main
 [tid:1859000] INSTSELECTOR: instruction to be included mov rdx, qword ptr [rbp-0x188]
 [tid:1859000] ins:mov rdx, qword ptr [rbp-0x188]
 [tid:1859000] reg:rdx
 [tid:1859000] Exe main
 [tid:1859000] Exe main
 [tid:1859000] Exe main
 [tid:1859000] Exe main
 [tid:1859000] INSTSELECTOR: instruction to be included lea rdi, ptr [rip+0x1288]
 [tid:1859000] ins:lea rdi, ptr [rip+0x1288]
 [tid:1859000] reg:rdi
 [tid:1859000] Exe main
 [tid:1859000] Exe main
 [tid:1859000] INSTSELECTOR: instruction to be included mov rdi, qword ptr [rbp-0x1a0]
 [tid:1859000] ins:mov rdi, qword ptr [rbp-0x1a0]
 [tid:1859000] reg:rdi
 [tid:1859000] Exe main
 [tid:1859000] INSTSELECTOR: instruction to be included xor esi, esi
 [tid:1859000] ins:xor esi, esi
 [tid:1859000] reg:esi
 [tid:1859000] Exe main
 [tid:1859000] INSTSELECTOR: instruction to be included mov edx, 0x28
 [tid:1859000] ins:mov edx, 0x28
 [tid:1859000] reg:edx
 [tid:1859000] Exe main
 [tid:1859000] Exe main
 [tid:1859000] INSTSELECTOR: instruction to be included mov edi, 0x10
 [tid:1859000] ins:mov edi, 0x10
 [tid:1859000] reg:edi
 [tid:1859000] Exe main
 [tid:1859000] Exe main
 [tid:1859000] INSTSELECTOR: instruction to be included mov rdx, qword ptr [rbp-0x180]
 [tid:1859000] ins:mov rdx, qword ptr [rbp-0x180]
 [tid:1859000] reg:rdx
 [tid:1859000] Exe main
 [tid:1859000] INSTSELECTOR: instruction to be included mov rcx, qword ptr [rbp-0x178]
 [tid:1859000] ins:mov rcx, qword ptr [rbp-0x178]
 [tid:1859000] reg:rcx
 [tid:1859000] Exe main
 [tid:1859000] INSTSELECTOR: instruction to be included mov rsi, rax
 [tid:1859000] ins:mov rsi, rax
 [tid:1859000] reg:rsi
 [tid:1859000] Exe main
 [tid:1859000] INSTSELECTOR: instruction to be included mov rax, qword ptr [rbp-0x1a0]
 [tid:1859000] ins:mov rax, qword ptr [rbp-0x1a0]
 [tid:1859000] reg:rax
 [tid:1859000] Exe main
 [tid:1859000] Exe main
 [tid:1859000] INSTSELECTOR: instruction to be included cmp qword ptr [rax+0x8], 0x0
 [tid:1859000] ins:cmp qword ptr [rax+0x8], 0x0
 [tid:1859000] reg:rflags
 [tid:1859000] NORMAL FLAG REG: inst cmp qword ptr [rax+0x8], 0x0
 [tid:1859000] Exe main
 [tid:1859000] Exe main
 [tid:1859000] Exe main
 [tid:1859000] Exe main
 [tid:1859000] Exe main
 [tid:1859000] INSTSELECTOR: instruction to be included mov rax, qword ptr [rbp-0x1b8]
 [tid:1859000] ins:mov rax, qword ptr [rbp-0x1b8]
 [tid:1859000] reg:rax
 [tid:1859000] Exe main
 [tid:1859000] INSTSELECTOR: instruction to be included mov rcx, qword ptr [rbp-0x1b0]
 [tid:1859000] ins:mov rcx, qword ptr [rbp-0x1b0]
 [tid:1859000] reg:rcx
 [tid:1859000] Exe main
 [tid:1859000] INSTSELECTOR: instruction to be included mov rdx, qword ptr [rbp-0x1a8]
 [tid:1859000] ins:mov rdx, qword ptr [rbp-0x1a8]
 [tid:1859000] reg:rdx
 [tid:1859000] Exe main
 [tid:1859000] Exe main
 [tid:1859000] Exe main
 [tid:1859000] Exe main
 [tid:1859000] INSTSELECTOR: instruction to be included lea rdi, ptr [rip+0x1216]
 [tid:1859000] ins:lea rdi, ptr [rip+0x1216]
 [tid:1859000] reg:rdi
 [tid:1859000] Exe main
 [tid:1859000] Exe main
 [tid:1859000] INSTSELECTOR: instruction to be included mov rax, qword ptr [rbp-0x1a0]
 [tid:1859000] ins:mov rax, qword ptr [rbp-0x1a0]
 [tid:1859000] reg:rax
 [tid:1859000] Exe main
 [tid:1859000] INSTSELECTOR: instruction to be included mov rdi, qword ptr [rax+0x8]
 [tid:1859000] ins:mov rdi, qword ptr [rax+0x8]
 [tid:1859000] reg:rdi
 [tid:1859000] Exe main
 [tid:1859000] INSTSELECTOR: instruction to be included xor esi, esi
 [tid:1859000] ins:xor esi, esi
 [tid:1859000] reg:esi
 [tid:1859000] Exe main
 [tid:1859000] INSTSELECTOR: instruction to be included mov edx, 0x10
 [tid:1859000] ins:mov edx, 0x10
 [tid:1859000] reg:edx
 [tid:1859000] Exe main
 [tid:1859000] Exe main
 [tid:1859000] INSTSELECTOR: instruction to be included mov rax, qword ptr [rbp-0x1a0]
 [tid:1859000] ins:mov rax, qword ptr [rbp-0x1a0]
 [tid:1859000] reg:rax
 [tid:1859000] Exe main
 [tid:1859000] INSTSELECTOR: instruction to be included mov rax, qword ptr [rax+0x8]
 [tid:1859000] ins:mov rax, qword ptr [rax+0x8]
 [tid:1859000] reg:rax
 [tid:1859000] Exe main
 [tid:1859000] Exe main
 [tid:1859000] INSTSELECTOR: instruction to be included mov edi, 0x10
 [tid:1859000] ins:mov edi, 0x10
 [tid:1859000] reg:edi
 [tid:1859000] Exe main
 [tid:1859000] Exe main
 [tid:1859000] INSTSELECTOR: instruction to be included mov rdx, qword ptr [rbp-0x180]
 [tid:1859000] ins:mov rdx, qword ptr [rbp-0x180]
 [tid:1859000] reg:rdx
 [tid:1859000] Exe main
 [tid:1859000] INSTSELECTOR: instruction to be included mov rcx, qword ptr [rbp-0x1d8]
 [tid:1859000] ins:mov rcx, qword ptr [rbp-0x1d8]
 [tid:1859000] reg:rcx
 [tid:1859000] Exe main
 [tid:1859000] INSTSELECTOR: instruction to be included mov rsi, rax
 [tid:1859000] ins:mov rsi, rax
 [tid:1859000] reg:rsi
 [tid:1859000] Exe main
 [tid:1859000] INSTSELECTOR: instruction to be included mov rax, qword ptr [rbp-0x1a0]
 [tid:1859000] ins:mov rax, qword ptr [rbp-0x1a0]
 [tid:1859000] reg:rax
 [tid:1859000] Exe main
 [tid:1859000] Exe main
 [tid:1859000] INSTSELECTOR: instruction to be included cmp qword ptr [rcx+0x8], 0x0
 [tid:1859000] ins:cmp qword ptr [rcx+0x8], 0x0
 [tid:1859000] reg:rflags
 [tid:1859000] NORMAL FLAG REG: inst cmp qword ptr [rcx+0x8], 0x0
 [tid:1859000] Exe main
 [tid:1859000] Exe main
 [tid:1859000] Exe main
 [tid:1859000] Exe main
 [tid:1859000] Exe main
 [tid:1859000] INSTSELECTOR: instruction to be included mov rax, qword ptr [rbp-0x1d0]
 [tid:1859000] ins:mov rax, qword ptr [rbp-0x1d0]
 [tid:1859000] reg:rax
 [tid:1859000] Exe main
 [tid:1859000] INSTSELECTOR: instruction to be included mov rcx, qword ptr [rbp-0x1c8]
 [tid:1859000] ins:mov rcx, qword ptr [rbp-0x1c8]
 [tid:1859000] reg:rcx
 [tid:1859000] Exe main
 [tid:1859000] INSTSELECTOR: instruction to be included mov rdx, qword ptr [rbp-0x1c0]
 [tid:1859000] ins:mov rdx, qword ptr [rbp-0x1c0]
 [tid:1859000] reg:rdx
 [tid:1859000] Exe main
 [tid:1859000] Exe main
 [tid:1859000] Exe main
 [tid:1859000] Exe main
 [tid:1859000] INSTSELECTOR: instruction to be included lea rdi, ptr [rip+0x1193]
 [tid:1859000] ins:lea rdi, ptr [rip+0x1193]
 [tid:1859000] reg:rdi
 [tid:1859000] Exe main
 [tid:1859000] Exe main
 [tid:1859000] INSTSELECTOR: instruction to be included mov rax, qword ptr [rbp-0x1d8]
 [tid:1859000] ins:mov rax, qword ptr [rbp-0x1d8]
 [tid:1859000] reg:rax
 [tid:1859000] Exe main
 [tid:1859000] INSTSELECTOR: instruction to be included mov rdi, qword ptr [rax+0x8]
 [tid:1859000] ins:mov rdi, qword ptr [rax+0x8]
 [tid:1859000] reg:rdi
 [tid:1859000] Exe main
 [tid:1859000] INSTSELECTOR: instruction to be included xor esi, esi
 [tid:1859000] ins:xor esi, esi
 [tid:1859000] reg:esi
 [tid:1859000] Exe main
 [tid:1859000] INSTSELECTOR: instruction to be included mov edx, 0x1
 [tid:1859000] ins:mov edx, 0x1
 [tid:1859000] reg:edx
 [tid:1859000] Exe main
 [tid:1859000] Exe main
 [tid:1859000] INSTSELECTOR: instruction to be included mov rcx, qword ptr [rbp-0x138]
 [tid:1859000] ins:mov rcx, qword ptr [rbp-0x138]
 [tid:1859000] reg:rcx
 [tid:1859000] Exe main
 [tid:1859000] INSTSELECTOR: instruction to be included mov edi, dword ptr [rbp-0x12c]
 [tid:1859000] ins:mov edi, dword ptr [rbp-0x12c]
 [tid:1859000] reg:edi
 [tid:1859000] Exe main
 [tid:1859000] INSTSELECTOR: instruction to be included mov rax, qword ptr [rbp-0x1a0]
 [tid:1859000] ins:mov rax, qword ptr [rbp-0x1a0]
 [tid:1859000] reg:rax
 [tid:1859000] Exe main
 [tid:1859000] INSTSELECTOR: instruction to be included mov ecx, dword ptr [rcx]
 [tid:1859000] ins:mov ecx, dword ptr [rcx]
 [tid:1859000] reg:ecx
 [tid:1859000] Exe main
 [tid:1859000] Exe main
 [tid:1859000] Exe main
 [tid:1859000] INSTSELECTOR: instruction to be included mov rcx, qword ptr [rbp-0x1a0]
 [tid:1859000] ins:mov rcx, qword ptr [rbp-0x1a0]
 [tid:1859000] reg:rcx
 [tid:1859000] Exe main
 [tid:1859000] INSTSELECTOR: instruction to be included mov rsi, qword ptr [rbp-0x120]
 [tid:1859000] ins:mov rsi, qword ptr [rbp-0x120]
 [tid:1859000] reg:rsi
 [tid:1859000] Exe main
 [tid:1859000] INSTSELECTOR: instruction to be included mov edx, eax
 [tid:1859000] ins:mov edx, eax
 [tid:1859000] reg:edx
 [tid:1859000] Exe main
 [tid:1859000] INSTSELECTOR: instruction to be included mov rax, qword ptr [rbp-0x128]
 [tid:1859000] ins:mov rax, qword ptr [rbp-0x128]
 [tid:1859000] reg:rax
 [tid:1859000] Exe main
 [tid:1859000] INSTSELECTOR: instruction to be included mov edx, edx
 [tid:1859000] ins:mov edx, edx
 [tid:1859000] reg:edx
 [tid:1859000] Exe main
 [tid:1859000] INSTSELECTOR: instruction to be included mov rcx, qword ptr [rcx+0x8]
 [tid:1859000] ins:mov rcx, qword ptr [rcx+0x8]
 [tid:1859000] reg:rcx
 [tid:1859000] Exe main
 [tid:1859000] Exe main
 [tid:1859000] INSTSELECTOR: instruction to be included mov eax, dword ptr [rax]
 [tid:1859000] ins:mov eax, dword ptr [rax]
 [tid:1859000] reg:eax
 [tid:1859000] Exe main
 [tid:1859000] INSTSELECTOR: instruction to be included mov edi, eax
 [tid:1859000] ins:mov edi, eax
 [tid:1859000] reg:edi
 [tid:1859000] Exe main
 [tid:1859000] Exe pat_search
 [tid:1859000] INSTSELECTOR: instruction to be included push rbp
 [tid:1859000] ins:push rbp
 [tid:1859000] reg:rsp
 [tid:1859000] Exe pat_search
 [tid:1859000] INSTSELECTOR: instruction to be included mov rbp, rsp
 [tid:1859000] ins:mov rbp, rsp
 [tid:1859000] reg:rbp
 [tid:1859000] Exe pat_search
 [tid:1859000] INSTSELECTOR: instruction to be included sub rsp, 0xa0
 [tid:1859000] ins:sub rsp, 0xa0
 [tid:1859000] reg:rsp
 [tid:1859000] Exe pat_search
 [tid:1859000] Exe pat_search
 [tid:1859000] Exe pat_search
 [tid:1859000] Exe pat_search
 [tid:1859000] INSTSELECTOR: instruction to be included mov rax, qword ptr [rbp-0x18]
 [tid:1859000] ins:mov rax, qword ptr [rbp-0x18]
 [tid:1859000] reg:rax
 [tid:1859000] Exe pat_search
 [tid:1859000] Exe pat_search
 [tid:1859000] INSTSELECTOR: instruction to be included cmp qword ptr [rbp-0x28], 0x0
 [tid:1859000] ins:cmp qword ptr [rbp-0x28], 0x0
 [tid:1859000] reg:rflags
 [tid:1859000] Exe pat_search
 [tid:1859000] Exe pat_search
 [tid:1859000] Exe pat_search
 [tid:1859000] Exe pat_search
 [tid:1859000] INSTSELECTOR: instruction to be included mov rax, qword ptr [rbp-0x10]
 [tid:1859000] ins:mov rax, qword ptr [rbp-0x10]
 [tid:1859000] reg:rax
 [tid:1859000] Exe pat_search
 [tid:1859000] Exe pat_search
 [tid:1859000] INSTSELECTOR: instruction to be included mov rax, qword ptr [rbp-0x10]
 [tid:1859000] ins:mov rax, qword ptr [rbp-0x10]
 [tid:1859000] reg:rax
 [tid:1859000] Exe pat_search
 [tid:1859000] Exe pat_search
 [tid:1859000] INSTSELECTOR: instruction to be included mov rax, qword ptr [rbp-0x28]
 [tid:1859000] ins:mov rax, qword ptr [rbp-0x28]
 [tid:1859000] reg:rax
 [tid:1859000] Exe pat_search
 [tid:1859000] INSTSELECTOR: instruction to be included mov rcx, qword ptr [rbp-0x20]
 [tid:1859000] ins:mov rcx, qword ptr [rbp-0x20]
 [tid:1859000] reg:rcx
 [tid:1859000] Exe pat_search
 [tid:1859000] Exe pat_search
 [tid:1859000] Exe pat_search
 [tid:1859000] INSTSELECTOR: instruction to be included mov rdx, qword ptr [rbp-0x50]
 [tid:1859000] ins:mov rdx, qword ptr [rbp-0x50]
 [tid:1859000] reg:rdx
 [tid:1859000] Exe pat_search
 [tid:1859000] INSTSELECTOR: instruction to be included mov rax, qword ptr [rbp-0x40]
 [tid:1859000] ins:mov rax, qword ptr [rbp-0x40]
 [tid:1859000] reg:rax
 [tid:1859000] Exe pat_search
 [tid:1859000] INSTSELECTOR: instruction to be included mov rsi, qword ptr [rbp-0x38]
 [tid:1859000] ins:mov rsi, qword ptr [rbp-0x38]
 [tid:1859000] reg:rsi
 [tid:1859000] Exe pat_search
 [tid:1859000] Exe pat_search
 [tid:1859000] INSTSELECTOR: instruction to be included mov rcx, qword ptr [rsi]
 [tid:1859000] ins:mov rcx, qword ptr [rsi]
 [tid:1859000] reg:rcx
 [tid:1859000] Exe pat_search
 [tid:1859000] INSTSELECTOR: instruction to be included mov rsi, qword ptr [rsi+0x8]
 [tid:1859000] ins:mov rsi, qword ptr [rsi+0x8]
 [tid:1859000] reg:rsi
 [tid:1859000] Exe pat_search
 [tid:1859000] INSTSELECTOR: instruction to be included and rdx, qword ptr [rsi]
 [tid:1859000] ins:and rdx, qword ptr [rsi]
 [tid:1859000] reg:rdx
 [tid:1859000] Exe pat_search
 [tid:1859000] INSTSELECTOR: instruction to be included cmp rcx, rdx
 [tid:1859000] ins:cmp rcx, rdx
 [tid:1859000] reg:rflags
 [tid:1859000] NORMAL FLAG REG: inst cmp rcx, rdx
 [tid:1859000] Exe pat_search
 [tid:1859000] Exe pat_search
 [tid:1859000] Exe pat_search
 [tid:1859000] INSTSELECTOR: instruction to be included mov rax, qword ptr [rbp-0x60]
 [tid:1859000] ins:mov rax, qword ptr [rbp-0x60]
 [tid:1859000] reg:rax
 [tid:1859000] Exe pat_search
 [tid:1859000] Exe pat_search
 [tid:1859000] Exe pat_search
 [tid:1859000] INSTSELECTOR: instruction to be included mov rsi, qword ptr [rbp-0x48]
 [tid:1859000] ins:mov rsi, qword ptr [rbp-0x48]
 [tid:1859000] reg:rsi
 [tid:1859000] Exe pat_search
 [tid:1859000] INSTSELECTOR: instruction to be included mov rax, qword ptr [rbp-0x60]
 [tid:1859000] ins:mov rax, qword ptr [rbp-0x60]
 [tid:1859000] reg:rax
 [tid:1859000] Exe pat_search
 [tid:1859000] INSTSELECTOR: instruction to be included mov rcx, qword ptr [rbp-0x58]
 [tid:1859000] ins:mov rcx, qword ptr [rbp-0x58]
 [tid:1859000] reg:rcx
 [tid:1859000] Exe pat_search
 [tid:1859000] Exe pat_search
 [tid:1859000] INSTSELECTOR: instruction to be included movsx ecx, byte ptr [rax+0x11]
 [tid:1859000] ins:movsx ecx, byte ptr [rax+0x11]
 [tid:1859000] reg:ecx
 [tid:1859000] Exe pat_search
 [tid:1859000] Exe pat_search
 [tid:1859000] INSTSELECTOR: instruction to be included movsx edi, byte ptr [rax+0x11]
 [tid:1859000] ins:movsx edi, byte ptr [rax+0x11]
 [tid:1859000] reg:edi
 [tid:1859000] Exe pat_search
 [tid:1859000] Exe bit
 [tid:1859000] INSTSELECTOR: instruction to be included push rbp
 [tid:1859000] ins:push rbp
 [tid:1859000] reg:rsp
 [tid:1859000] Exe bit
 [tid:1859000] INSTSELECTOR: instruction to be included mov rbp, rsp
 [tid:1859000] ins:mov rbp, rsp
 [tid:1859000] reg:rbp
 [tid:1859000] Exe bit
 [tid:1859000] Exe bit
 [tid:1859000] Exe bit
 [tid:1859000] INSTSELECTOR: instruction to be included mov rax, qword ptr [rbp-0x10]
 [tid:1859000] ins:mov rax, qword ptr [rbp-0x10]
 [tid:1859000] reg:rax
 [tid:1859000] Exe bit
 [tid:1859000] INSTSELECTOR: instruction to be included mov ecx, 0x1f
 [tid:1859000] ins:mov ecx, 0x1f
 [tid:1859000] reg:ecx
 [tid:1859000] Exe bit
 [tid:1859000] INSTSELECTOR: instruction to be included sub ecx, dword ptr [rbp-0x4]
 [tid:1859000] ins:sub ecx, dword ptr [rbp-0x4]
 [tid:1859000] reg:ecx
 [tid:1859000] Exe bit
 [tid:1859000] INSTSELECTOR: instruction to be included mov edx, 0x1
 [tid:1859000] ins:mov edx, 0x1
 [tid:1859000] reg:edx
 [tid:1859000] Exe bit
 [tid:1859000] INSTSELECTOR: instruction to be included shl edx, cl
 [tid:1859000] ins:shl edx, cl
 [tid:1859000] reg:edx
 [tid:1859000] Exe bit
 [tid:1859000] INSTSELECTOR: instruction to be included mov ecx, edx
 [tid:1859000] ins:mov ecx, edx
 [tid:1859000] reg:ecx
 [tid:1859000] Exe bit
 [tid:1859000] INSTSELECTOR: instruction to be included movsxd rcx, ecx
 [tid:1859000] ins:movsxd rcx, ecx
 [tid:1859000] reg:rcx
 [tid:1859000] Exe bit
 [tid:1859000] INSTSELECTOR: instruction to be included and rax, rcx
 [tid:1859000] ins:and rax, rcx
 [tid:1859000] reg:rax
 [tid:1859000] Exe bit
 [tid:1859000] INSTSELECTOR: instruction to be included pop rbp
 [tid:1859000] ins:pop rbp
 [tid:1859000] reg:rsp
 [tid:1859000] Exe bit
 [tid:1859000] Exe pat_search
 [tid:1859000] INSTSELECTOR: instruction to be included cmp rax, 0x0
 [tid:1859000] ins:cmp rax, 0x0
 [tid:1859000] reg:rflags
 [tid:1859000] Exe pat_search
 [tid:1859000] Exe pat_search
 [tid:1859000] INSTSELECTOR: instruction to be included mov rax, qword ptr [rbp-0x60]
 [tid:1859000] ins:mov rax, qword ptr [rbp-0x60]
 [tid:1859000] reg:rax
 [tid:1859000] Exe pat_search
 [tid:1859000] INSTSELECTOR: instruction to be included mov rax, qword ptr [rax+0x20]
 [tid:1859000] ins:mov rax, qword ptr [rax+0x20]
 [tid:1859000] reg:rax
 [tid:1859000] Exe pat_search
 [tid:1859000] Exe pat_search
 [tid:1859000] Exe pat_search
 [tid:1859000] INSTSELECTOR: instruction to be included mov rax, qword ptr [rbp-0x60]
 [tid:1859000] ins:mov rax, qword ptr [rbp-0x60]
 [tid:1859000] reg:rax
 [tid:1859000] Exe pat_search
 [tid:1859000] INSTSELECTOR: instruction to be included mov rax, qword ptr [rax+0x18]
 [tid:1859000] ins:mov rax, qword ptr [rax+0x18]
 [tid:1859000] reg:rax
 [tid:1859000] Exe pat_search
 [tid:1859000] Exe pat_search
 [tid:1859000] INSTSELECTOR: instruction to be included mov rax, qword ptr [rbp-0x78]
 [tid:1859000] ins:mov rax, qword ptr [rbp-0x78]
 [tid:1859000] reg:rax
 [tid:1859000] Exe pat_search
 [tid:1859000] Exe pat_search
 [tid:1859000] INSTSELECTOR: instruction to be included mov rax, qword ptr [rbp-0x80]
 [tid:1859000] ins:mov rax, qword ptr [rbp-0x80]
 [tid:1859000] reg:rax
 [tid:1859000] Exe pat_search
 [tid:1859000] INSTSELECTOR: instruction to be included mov rcx, qword ptr [rbp-0x70]
 [tid:1859000] ins:mov rcx, qword ptr [rbp-0x70]
 [tid:1859000] reg:rcx
 [tid:1859000] Exe pat_search
 [tid:1859000] INSTSELECTOR: instruction to be included mov edx, dword ptr [rbp-0x64]
 [tid:1859000] ins:mov edx, dword ptr [rbp-0x64]
 [tid:1859000] reg:edx
 [tid:1859000] Exe pat_search
 [tid:1859000] INSTSELECTOR: instruction to be included movsx esi, byte ptr [rax+0x11]
 [tid:1859000] ins:movsx esi, byte ptr [rax+0x11]
 [tid:1859000] reg:esi
 [tid:1859000] Exe pat_search
 [tid:1859000] INSTSELECTOR: instruction to be included cmp edx, esi
 [tid:1859000] ins:cmp edx, esi
 [tid:1859000] reg:rflags
 [tid:1859000] NORMAL FLAG REG: inst cmp edx, esi
 [tid:1859000] Exe pat_search
 [tid:1859000] INSTSELECTOR: instruction to be included mov rsi, rcx
 [tid:1859000] ins:mov rsi, rcx
 [tid:1859000] reg:rsi
 [tid:1859000] Exe pat_search
 [tid:1859000] Exe pat_search
 [tid:1859000] INSTSELECTOR: instruction to be included mov rsi, rax
 [tid:1859000] ins:mov rsi, rax
 [tid:1859000] reg:rsi
 [tid:1859000] Exe pat_search
 [tid:1859000] Exe pat_search
 [tid:1859000] Exe pat_search
 [tid:1859000] Exe pat_search
 [tid:1859000] Exe pat_search
 [tid:1859000] Exe pat_search
 [tid:1859000] INSTSELECTOR: instruction to be included mov eax, dword ptr [rbp-0x94]
 [tid:1859000] ins:mov eax, dword ptr [rbp-0x94]
 [tid:1859000] reg:eax
 [tid:1859000] Exe pat_search
 [tid:1859000] INSTSELECTOR: instruction to be included mov rcx, qword ptr [rbp-0x90]
 [tid:1859000] ins:mov rcx, qword ptr [rbp-0x90]
 [tid:1859000] reg:rcx
 [tid:1859000] Exe pat_search
 [tid:1859000] INSTSELECTOR: instruction to be included mov rdx, qword ptr [rbp-0x88]
 [tid:1859000] ins:mov rdx, qword ptr [rbp-0x88]
 [tid:1859000] reg:rdx
 [tid:1859000] Exe pat_search
 [tid:1859000] Exe pat_search
 [tid:1859000] Exe pat_search
 [tid:1859000] Exe pat_search
 [tid:1859000] INSTSELECTOR: instruction to be included mov rax, qword ptr [rbp-0x28]
 [tid:1859000] ins:mov rax, qword ptr [rbp-0x28]
 [tid:1859000] reg:rax
 [tid:1859000] Exe pat_search
 [tid:1859000] INSTSELECTOR: instruction to be included mov rax, qword ptr [rax]
 [tid:1859000] ins:mov rax, qword ptr [rax]
 [tid:1859000] reg:rax
 [tid:1859000] Exe pat_search
 [tid:1859000] INSTSELECTOR: instruction to be included mov rcx, qword ptr [rbp-0x10]
 [tid:1859000] ins:mov rcx, qword ptr [rbp-0x10]
 [tid:1859000] reg:rcx
 [tid:1859000] Exe pat_search
 [tid:1859000] INSTSELECTOR: instruction to be included mov rdx, qword ptr [rbp-0x28]
 [tid:1859000] ins:mov rdx, qword ptr [rbp-0x28]
 [tid:1859000] reg:rdx
 [tid:1859000] Exe pat_search
 [tid:1859000] INSTSELECTOR: instruction to be included mov rdx, qword ptr [rdx+0x8]
 [tid:1859000] ins:mov rdx, qword ptr [rdx+0x8]
 [tid:1859000] reg:rdx
 [tid:1859000] Exe pat_search
 [tid:1859000] INSTSELECTOR: instruction to be included and rcx, qword ptr [rdx]
 [tid:1859000] ins:and rcx, qword ptr [rdx]
 [tid:1859000] reg:rcx
 [tid:1859000] Exe pat_search
 [tid:1859000] INSTSELECTOR: instruction to be included cmp rax, rcx
 [tid:1859000] ins:cmp rax, rcx
 [tid:1859000] reg:rflags
 [tid:1859000] Exe pat_search
 [tid:1859000] Exe pat_search
 [tid:1859000] INSTSELECTOR: instruction to be included mov rax, qword ptr [rbp-0x28]
 [tid:1859000] ins:mov rax, qword ptr [rbp-0x28]
 [tid:1859000] reg:rax
 [tid:1859000] Exe pat_search
 [tid:1859000] Exe pat_search
 [tid:1859000] Exe pat_search
 [tid:1859000] INSTSELECTOR: instruction to be included mov rax, qword ptr [rbp-0xa0]
 [tid:1859000] ins:mov rax, qword ptr [rbp-0xa0]
 [tid:1859000] reg:rax
 [tid:1859000] Exe pat_search
 [tid:1859000] Exe pat_search
 [tid:1859000] INSTSELECTOR: instruction to be included mov rax, qword ptr [rbp-0x8]
 [tid:1859000] ins:mov rax, qword ptr [rbp-0x8]
 [tid:1859000] reg:rax
 [tid:1859000] Exe pat_search
 [tid:1859000] INSTSELECTOR: instruction to be included add rsp, 0xa0
 [tid:1859000] ins:add rsp, 0xa0
 [tid:1859000] reg:rsp
 [tid:1859000] Exe pat_search
 [tid:1859000] INSTSELECTOR: instruction to be included pop rbp
 [tid:1859000] ins:pop rbp
 [tid:1859000] reg:rsp
 [tid:1859000] Exe pat_search
 [tid:1859000] Exe main
 [tid:1859000] INSTSELECTOR: instruction to be included mov rcx, qword ptr [rbp-0x118]
 [tid:1859000] ins:mov rcx, qword ptr [rbp-0x118]
 [tid:1859000] reg:rcx
 [tid:1859000] Exe main
 [tid:1859000] Exe main
 [tid:1859000] INSTSELECTOR: instruction to be included mov rax, qword ptr [rax]
 [tid:1859000] ins:mov rax, qword ptr [rax]
 [tid:1859000] reg:rax
 [tid:1859000] Exe main
 [tid:1859000] INSTSELECTOR: instruction to be included mov ecx, dword ptr [rcx]
 [tid:1859000] ins:mov ecx, dword ptr [rcx]
 [tid:1859000] reg:ecx
 [tid:1859000] Exe main
 [tid:1859000] INSTSELECTOR: instruction to be included cmp rax, rcx
 [tid:1859000] ins:cmp rax, rcx
 [tid:1859000] reg:rflags
 [tid:1859000] Exe main
 [tid:1859000] Exe main
 [tid:1859000] INSTSELECTOR: instruction to be included mov rax, qword ptr [rbp-0x108]
 [tid:1859000] ins:mov rax, qword ptr [rbp-0x108]
 [tid:1859000] reg:rax
 [tid:1859000] Exe main
 [tid:1859000] INSTSELECTOR: instruction to be included movss xmm0, dword ptr [rbp-0xe4]
 [tid:1859000] ins:movss xmm0, dword ptr [rbp-0xe4]
 [tid:1859000] reg:xmm0
 [tid:1859000] Exe main
 [tid:1859000] INSTSELECTOR: instruction to be included cvtss2sd xmm0, xmm0
 [tid:1859000] ins:cvtss2sd xmm0, xmm0
 [tid:1859000] reg:xmm0
 [tid:1859000] Exe main
 [tid:1859000] INSTSELECTOR: instruction to be included mov esi, dword ptr [rax]
 [tid:1859000] ins:mov esi, dword ptr [rax]
 [tid:1859000] reg:esi
 [tid:1859000] Exe main
 [tid:1859000] INSTSELECTOR: instruction to be included lea rdi, ptr [rip+0x111e]
 [tid:1859000] ins:lea rdi, ptr [rip+0x111e]
 [tid:1859000] reg:rdi
 [tid:1859000] Exe main
 [tid:1859000] INSTSELECTOR: instruction to be included mov al, 0x1
 [tid:1859000] ins:mov al, 0x1
 [tid:1859000] reg:al
 [tid:1859000] Exe main
 [tid:1859000] Exe main
 [tid:1859000] INSTSELECTOR: instruction to be included mov rsi, qword ptr [rbp-0x110]
 [tid:1859000] ins:mov rsi, qword ptr [rbp-0x110]
 [tid:1859000] reg:rsi
 [tid:1859000] Exe main
 [tid:1859000] INSTSELECTOR: instruction to be included mov rdi, qword ptr [rbp-0x1a0]
 [tid:1859000] ins:mov rdi, qword ptr [rbp-0x1a0]
 [tid:1859000] reg:rdi
 [tid:1859000] Exe main
 [tid:1859000] Exe pat_insert
 [tid:1859000] INSTSELECTOR: instruction to be included push rbp
 [tid:1859000] ins:push rbp
 [tid:1859000] reg:rsp
 [tid:1859000] Exe pat_insert
 [tid:1859000] INSTSELECTOR: instruction to be included mov rbp, rsp
 [tid:1859000] ins:mov rbp, rsp
 [tid:1859000] reg:rbp
 [tid:1859000] Exe pat_insert
 [tid:1859000] INSTSELECTOR: instruction to be included sub rsp, 0x140
 [tid:1859000] ins:sub rsp, 0x140
 [tid:1859000] reg:rsp
 [tid:1859000] Exe pat_insert
 [tid:1859000] Exe pat_insert
 [tid:1859000] Exe pat_insert
 [tid:1859000] INSTSELECTOR: instruction to be included cmp qword ptr [rbp-0x18], 0x0
 [tid:1859000] ins:cmp qword ptr [rbp-0x18], 0x0
 [tid:1859000] reg:rflags
 [tid:1859000] Exe pat_insert
 [tid:1859000] Exe pat_insert
 [tid:1859000] INSTSELECTOR: instruction to be included cmp qword ptr [rbp-0x10], 0x0
 [tid:1859000] ins:cmp qword ptr [rbp-0x10], 0x0
 [tid:1859000] reg:rflags
 [tid:1859000] Exe pat_insert
 [tid:1859000] Exe pat_insert
 [tid:1859000] INSTSELECTOR: instruction to be included mov rax, qword ptr [rbp-0x10]
 [tid:1859000] ins:mov rax, qword ptr [rbp-0x10]
 [tid:1859000] reg:rax
 [tid:1859000] Exe pat_insert
 [tid:1859000] INSTSELECTOR: instruction to be included cmp qword ptr [rax+0x8], 0x0
 [tid:1859000] ins:cmp qword ptr [rax+0x8], 0x0
 [tid:1859000] reg:rflags
 [tid:1859000] Exe pat_insert
 [tid:1859000] Exe pat_insert
 [tid:1859000] INSTSELECTOR: instruction to be included mov rax, qword ptr [rbp-0x10]
 [tid:1859000] ins:mov rax, qword ptr [rbp-0x10]
 [tid:1859000] reg:rax
 [tid:1859000] Exe pat_insert
 [tid:1859000] INSTSELECTOR: instruction to be included mov rax, qword ptr [rax+0x8]
 [tid:1859000] ins:mov rax, qword ptr [rax+0x8]
 [tid:1859000] reg:rax
 [tid:1859000] Exe pat_insert
 [tid:1859000] INSTSELECTOR: instruction to be included mov rcx, qword ptr [rax]
 [tid:1859000] ins:mov rcx, qword ptr [rax]
 [tid:1859000] reg:rcx
 [tid:1859000] Exe pat_insert
 [tid:1859000] INSTSELECTOR: instruction to be included mov rax, qword ptr [rbp-0x10]
 [tid:1859000] ins:mov rax, qword ptr [rbp-0x10]
 [tid:1859000] reg:rax
 [tid:1859000] Exe pat_insert
 [tid:1859000] INSTSELECTOR: instruction to be included and rcx, qword ptr [rax]
 [tid:1859000] ins:and rcx, qword ptr [rax]
 [tid:1859000] reg:rcx
 [tid:1859000] Exe pat_insert
 [tid:1859000] Exe pat_insert
 [tid:1859000] INSTSELECTOR: instruction to be included mov rax, qword ptr [rbp-0x18]
 [tid:1859000] ins:mov rax, qword ptr [rbp-0x18]
 [tid:1859000] reg:rax
 [tid:1859000] Exe pat_insert
 [tid:1859000] Exe pat_insert
 [tid:1859000] INSTSELECTOR: instruction to be included mov rax, qword ptr [rbp-0x10]
 [tid:1859000] ins:mov rax, qword ptr [rbp-0x10]
 [tid:1859000] reg:rax
 [tid:1859000] Exe pat_insert
 [tid:1859000] Exe pat_insert
 [tid:1859000] INSTSELECTOR: instruction to be included mov rax, qword ptr [rbp-0x20]
 [tid:1859000] ins:mov rax, qword ptr [rbp-0x20]
 [tid:1859000] reg:rax
 [tid:1859000] Exe pat_insert
 [tid:1859000] Exe pat_insert
 [tid:1859000] INSTSELECTOR: instruction to be included mov rax, qword ptr [rbp-0x48]
 [tid:1859000] ins:mov rax, qword ptr [rbp-0x48]
 [tid:1859000] reg:rax
 [tid:1859000] Exe pat_insert
 [tid:1859000] INSTSELECTOR: instruction to be included mov rcx, qword ptr [rbp-0x40]
 [tid:1859000] ins:mov rcx, qword ptr [rbp-0x40]
 [tid:1859000] reg:rcx
 [tid:1859000] Exe pat_insert
 [tid:1859000] Exe pat_insert
 [tid:1859000] INSTSELECTOR: instruction to be included movsx edx, byte ptr [rcx+0x11]
 [tid:1859000] ins:movsx edx, byte ptr [rcx+0x11]
 [tid:1859000] reg:edx
 [tid:1859000] Exe pat_insert
 [tid:1859000] Exe pat_insert
 [tid:1859000] INSTSELECTOR: instruction to be included movsx edi, byte ptr [rcx+0x11]
 [tid:1859000] ins:movsx edi, byte ptr [rcx+0x11]
 [tid:1859000] reg:edi
 [tid:1859000] Exe pat_insert
 [tid:1859000] INSTSELECTOR: instruction to be included mov rsi, qword ptr [rax]
 [tid:1859000] ins:mov rsi, qword ptr [rax]
 [tid:1859000] reg:rsi
 [tid:1859000] Exe pat_insert
 [tid:1859000] Exe pat_insert
 [tid:1859000] INSTSELECTOR: instruction to be included cmp rax, 0x0
 [tid:1859000] ins:cmp rax, 0x0
 [tid:1859000] reg:rflags
 [tid:1859000] Exe pat_insert
 [tid:1859000] Exe pat_insert
 [tid:1859000] INSTSELECTOR: instruction to be included mov rax, qword ptr [rbp-0x58]
 [tid:1859000] ins:mov rax, qword ptr [rbp-0x58]
 [tid:1859000] reg:rax
 [tid:1859000] Exe pat_insert
 [tid:1859000] INSTSELECTOR: instruction to be included mov rax, qword ptr [rax+0x20]
 [tid:1859000] ins:mov rax, qword ptr [rax+0x20]
 [tid:1859000] reg:rax
 [tid:1859000] Exe pat_insert
 [tid:1859000] Exe pat_insert
 [tid:1859000] Exe pat_insert
 [tid:1859000] INSTSELECTOR: instruction to be included mov rax, qword ptr [rbp-0x58]
 [tid:1859000] ins:mov rax, qword ptr [rbp-0x58]
 [tid:1859000] reg:rax
 [tid:1859000] Exe pat_insert
 [tid:1859000] INSTSELECTOR: instruction to be included mov rax, qword ptr [rax+0x18]
 [tid:1859000] ins:mov rax, qword ptr [rax+0x18]
 [tid:1859000] reg:rax
 [tid:1859000] Exe pat_insert
 [tid:1859000] Exe pat_insert
 [tid:1859000] INSTSELECTOR: instruction to be included mov rax, qword ptr [rbp-0x60]
 [tid:1859000] ins:mov rax, qword ptr [rbp-0x60]
 [tid:1859000] reg:rax
 [tid:1859000] Exe pat_insert
 [tid:1859000] Exe pat_insert
 [tid:1859000] INSTSELECTOR: instruction to be included mov rax, qword ptr [rbp-0x68]
 [tid:1859000] ins:mov rax, qword ptr [rbp-0x68]
 [tid:1859000] reg:rax
 [tid:1859000] Exe pat_insert
 [tid:1859000] INSTSELECTOR: instruction to be included mov ecx, dword ptr [rbp-0x4c]
 [tid:1859000] ins:mov ecx, dword ptr [rbp-0x4c]
 [tid:1859000] reg:ecx
 [tid:1859000] Exe pat_insert
 [tid:1859000] INSTSELECTOR: instruction to be included movsx edx, byte ptr [rax+0x11]
 [tid:1859000] ins:movsx edx, byte ptr [rax+0x11]
 [tid:1859000] reg:edx
 [tid:1859000] Exe pat_insert
 [tid:1859000] INSTSELECTOR: instruction to be included cmp ecx, edx
 [tid:1859000] ins:cmp ecx, edx
 [tid:1859000] reg:rflags
 [tid:1859000] NORMAL FLAG REG: inst cmp ecx, edx
 [tid:1859000] Exe pat_insert
 [tid:1859000] INSTSELECTOR: instruction to be included mov rdx, rax
 [tid:1859000] ins:mov rdx, rax
 [tid:1859000] reg:rdx
 [tid:1859000] Exe pat_insert
 [tid:1859000] Exe pat_insert
 [tid:1859000] Exe pat_insert
 [tid:1859000] Exe pat_insert
 [tid:1859000] Exe pat_insert
 [tid:1859000] INSTSELECTOR: instruction to be included mov eax, dword ptr [rbp-0x74]
 [tid:1859000] ins:mov eax, dword ptr [rbp-0x74]
 [tid:1859000] reg:eax
 [tid:1859000] Exe pat_insert
 [tid:1859000] INSTSELECTOR: instruction to be included mov rcx, qword ptr [rbp-0x70]
 [tid:1859000] ins:mov rcx, qword ptr [rbp-0x70]
 [tid:1859000] reg:rcx
 [tid:1859000] Exe pat_insert
 [tid:1859000] Exe pat_insert
 [tid:1859000] Exe pat_insert
 [tid:1859000] INSTSELECTOR: instruction to be included mov rax, qword ptr [rbp-0x10]
 [tid:1859000] ins:mov rax, qword ptr [rbp-0x10]
 [tid:1859000] reg:rax
 [tid:1859000] Exe pat_insert
 [tid:1859000] INSTSELECTOR: instruction to be included mov rax, qword ptr [rax]
 [tid:1859000] ins:mov rax, qword ptr [rax]
 [tid:1859000] reg:rax
 [tid:1859000] Exe pat_insert
 [tid:1859000] INSTSELECTOR: instruction to be included mov rcx, qword ptr [rbp-0x20]
 [tid:1859000] ins:mov rcx, qword ptr [rbp-0x20]
 [tid:1859000] reg:rcx
 [tid:1859000] Exe pat_insert
 [tid:1859000] INSTSELECTOR: instruction to be included cmp rax, qword ptr [rcx]
 [tid:1859000] ins:cmp rax, qword ptr [rcx]
 [tid:1859000] reg:rflags
 [tid:1859000] Exe pat_insert
 [tid:1859000] Exe pat_insert
 [tid:1859000] Exe pat_insert
 [tid:1859000] INSTSELECTOR: instruction to be included mov rax, qword ptr [rbp-0x20]
 [tid:1859000] ins:mov rax, qword ptr [rbp-0x20]
 [tid:1859000] reg:rax
 [tid:1859000] Exe pat_insert
 [tid:1859000] INSTSELECTOR: instruction to be included movzx eax, byte ptr [rax+0x10]
 [tid:1859000] ins:movzx eax, byte ptr [rax+0x10]
 [tid:1859000] reg:eax
 [tid:1859000] Exe pat_insert
 [tid:1859000] Exe pat_insert
 [tid:1859000] INSTSELECTOR: instruction to be included mov rax, qword ptr [rbp-0x10]
 [tid:1859000] ins:mov rax, qword ptr [rbp-0x10]
 [tid:1859000] reg:rax
 [tid:1859000] Exe pat_insert
 [tid:1859000] INSTSELECTOR: instruction to be included add rax, 0x8
 [tid:1859000] ins:add rax, 0x8
 [tid:1859000] reg:rax
 [tid:1859000] Exe pat_insert
 [tid:1859000] Exe pat_insert
 [tid:1859000] INSTSELECTOR: instruction to be included mov rax, qword ptr [rbp-0x20]
 [tid:1859000] ins:mov rax, qword ptr [rbp-0x20]
 [tid:1859000] reg:rax
 [tid:1859000] Exe pat_insert
 [tid:1859000] INSTSELECTOR: instruction to be included add rax, 0x8
 [tid:1859000] ins:add rax, 0x8
 [tid:1859000] reg:rax
 [tid:1859000] Exe pat_insert
 [tid:1859000] Exe pat_insert
 [tid:1859000] INSTSELECTOR: instruction to be included mov eax, dword ptr [rbp-0x34]
 [tid:1859000] ins:mov eax, dword ptr [rbp-0x34]
 [tid:1859000] reg:eax
 [tid:1859000] Exe pat_insert
 [tid:1859000] Exe pat_insert
 [tid:1859000] INSTSELECTOR: instruction to be included mov ecx, dword ptr [rbp-0x8c]
 [tid:1859000] ins:mov ecx, dword ptr [rbp-0x8c]
 [tid:1859000] reg:ecx
 [tid:1859000] Exe pat_insert
 [tid:1859000] INSTSELECTOR: instruction to be included mov eax, dword ptr [rbp-0x78]
 [tid:1859000] ins:mov eax, dword ptr [rbp-0x78]
 [tid:1859000] reg:eax
 [tid:1859000] Exe pat_insert
 [tid:1859000] Exe pat_insert
 [tid:1859000] INSTSELECTOR: instruction to be included cmp eax, ecx
 [tid:1859000] ins:cmp eax, ecx
 [tid:1859000] reg:rflags
 [tid:1859000] NORMAL FLAG REG: inst cmp eax, ecx
 [tid:1859000] Exe pat_insert
 [tid:1859000] Exe pat_insert
 [tid:1859000] Exe pat_insert
 [tid:1859000] Exe pat_insert
 [tid:1859000] INSTSELECTOR: instruction to be included mov rax, qword ptr [rbp-0x10]
 [tid:1859000] ins:mov rax, qword ptr [rbp-0x10]
 [tid:1859000] reg:rax
 [tid:1859000] Exe pat_insert
 [tid:1859000] Exe pat_insert
 [tid:1859000] INSTSELECTOR: instruction to be included mov rax, qword ptr [rbp-0x20]
 [tid:1859000] ins:mov rax, qword ptr [rbp-0x20]
 [tid:1859000] reg:rax
 [tid:1859000] Exe pat_insert
 [tid:1859000] Exe pat_insert
 [tid:1859000] INSTSELECTOR: instruction to be included mov eax, dword ptr [rbp-0x34]
 [tid:1859000] ins:mov eax, dword ptr [rbp-0x34]
 [tid:1859000] reg:eax
 [tid:1859000] Exe pat_insert
 [tid:1859000] Exe pat_insert
 [tid:1859000] INSTSELECTOR: instruction to be included mov ecx, dword ptr [rbp-0x118]
 [tid:1859000] ins:mov ecx, dword ptr [rbp-0x118]
 [tid:1859000] reg:ecx
 [tid:1859000] Exe pat_insert
 [tid:1859000] Exe pat_insert
 [tid:1859000] INSTSELECTOR: instruction to be included xor eax, eax
 [tid:1859000] ins:xor eax, eax
 [tid:1859000] reg:eax
 [tid:1859000] Exe pat_insert
 [tid:1859000] INSTSELECTOR: instruction to be included cmp ecx, 0x20
 [tid:1859000] ins:cmp ecx, 0x20
 [tid:1859000] reg:rflags
 [tid:1859000] NORMAL FLAG REG: inst cmp ecx, 0x20
 [tid:1859000] Exe pat_insert
 [tid:1859000] Exe pat_insert
 [tid:1859000] Exe pat_insert
 [tid:1859000] INSTSELECTOR: instruction to be included mov edi, dword ptr [rbp-0x130]
 [tid:1859000] ins:mov edi, dword ptr [rbp-0x130]
 [tid:1859000] reg:edi
 [tid:1859000] Exe pat_insert
 [tid:1859000] INSTSELECTOR: instruction to be included mov rax, qword ptr [rbp-0x128]
 [tid:1859000] ins:mov rax, qword ptr [rbp-0x128]
 [tid:1859000] reg:rax
 [tid:1859000] Exe pat_insert
 [tid:1859000] INSTSELECTOR: instruction to be included mov rsi, qword ptr [rax]
 [tid:1859000] ins:mov rsi, qword ptr [rax]
 [tid:1859000] reg:rsi
 [tid:1859000] Exe pat_insert
 [tid:1859000] Exe pat_insert
 [tid:1859000] INSTSELECTOR: instruction to be included mov edi, dword ptr [rbp-0x130]
 [tid:1859000] ins:mov edi, dword ptr [rbp-0x130]
 [tid:1859000] reg:edi
 [tid:1859000] Exe pat_insert
 [tid:1859000] INSTSELECTOR: instruction to be included mov rcx, rax
 [tid:1859000] ins:mov rcx, rax
 [tid:1859000] reg:rcx
 [tid:1859000] Exe pat_insert
 [tid:1859000] INSTSELECTOR: instruction to be included mov rax, qword ptr [rbp-0x120]
 [tid:1859000] ins:mov rax, qword ptr [rbp-0x120]
 [tid:1859000] reg:rax
 [tid:1859000] Exe pat_insert
 [tid:1859000] Exe pat_insert
 [tid:1859000] INSTSELECTOR: instruction to be included mov rsi, qword ptr [rax]
 [tid:1859000] ins:mov rsi, qword ptr [rax]
 [tid:1859000] reg:rsi
 [tid:1859000] Exe pat_insert
 [tid:1859000] Exe pat_insert
 [tid:1859000] INSTSELECTOR: instruction to be included mov rcx, rax
 [tid:1859000] ins:mov rcx, rax
 [tid:1859000] reg:rcx
 [tid:1859000] Exe pat_insert
 [tid:1859000] INSTSELECTOR: instruction to be included mov rax, qword ptr [rbp-0x138]
 [tid:1859000] ins:mov rax, qword ptr [rbp-0x138]
 [tid:1859000] reg:rax
 [tid:1859000] Exe pat_insert
 [tid:1859000] INSTSELECTOR: instruction to be included cmp rax, rcx
 [tid:1859000] ins:cmp rax, rcx
 [tid:1859000] reg:rflags
 [tid:1859000] NORMAL FLAG REG: inst cmp rax, rcx
 [tid:1859000] Exe pat_insert
 [tid:1859000] INSTSELECTOR: instruction to be included setz al
 [tid:1859000] ins:setz al
 [tid:1859000] reg:al
 [tid:1859000] Exe pat_insert
 [tid:1859000] Exe pat_insert
 [tid:1859000] INSTSELECTOR: instruction to be included mov eax, dword ptr [rbp-0x130]
 [tid:1859000] ins:mov eax, dword ptr [rbp-0x130]
 [tid:1859000] reg:eax
 [tid:1859000] Exe pat_insert
 [tid:1859000] INSTSELECTOR: instruction to be included mov cl, byte ptr [rbp-0x129]
 [tid:1859000] ins:mov cl, byte ptr [rbp-0x129]
 [tid:1859000] reg:cl
 [tid:1859000] Exe pat_insert
 [tid:1859000] INSTSELECTOR: instruction to be included test cl, 0x1
 [tid:1859000] ins:test cl, 0x1
 [tid:1859000] reg:rflags
 [tid:1859000] NORMAL FLAG REG: inst test cl, 0x1
 [tid:1859000] Exe pat_insert
 [tid:1859000] Exe pat_insert
 [tid:1859000] Exe pat_insert
 [tid:1859000] Exe pat_insert
 [tid:1859000] Exe pat_insert
 [tid:1859000] INSTSELECTOR: instruction to be included mov eax, dword ptr [rbp-0x130]
 [tid:1859000] ins:mov eax, dword ptr [rbp-0x130]
 [tid:1859000] reg:eax
 [tid:1859000] Exe pat_insert
 [tid:1859000] INSTSELECTOR: instruction to be included add eax, 0x1
 [tid:1859000] ins:add eax, 0x1
 [tid:1859000] reg:eax
 [tid:1859000] Exe pat_insert
 [tid:1859000] Exe pat_insert
 [tid:1859000] Exe pat_insert
 [tid:1859000] INSTSELECTOR: instruction to be included mov ecx, dword ptr [rbp-0x118]
 [tid:1859000] ins:mov ecx, dword ptr [rbp-0x118]
 [tid:1859000] reg:ecx
 [tid:1859000] Exe pat_insert
 [tid:1859000] Exe pat_insert
 [tid:1859000] INSTSELECTOR: instruction to be included xor eax, eax
 [tid:1859000] ins:xor eax, eax
 [tid:1859000] reg:eax
 [tid:1859000] Exe pat_insert
 [tid:1859000] INSTSELECTOR: instruction to be included cmp ecx, 0x20
 [tid:1859000] ins:cmp ecx, 0x20
 [tid:1859000] reg:rflags
 [tid:1859000] NORMAL FLAG REG: inst cmp ecx, 0x20
 [tid:1859000] Exe pat_insert
 [tid:1859000] Exe pat_insert
 [tid:1859000] Exe pat_insert
 [tid:1859000] INSTSELECTOR: instruction to be included mov edi, dword ptr [rbp-0x130]
 [tid:1859000] ins:mov edi, dword ptr [rbp-0x130]
 [tid:1859000] reg:edi
 [tid:1859000] Exe pat_insert
 [tid:1859000] INSTSELECTOR: instruction to be included mov rax, qword ptr [rbp-0x128]
 [tid:1859000] ins:mov rax, qword ptr [rbp-0x128]
 [tid:1859000] reg:rax
 [tid:1859000] Exe pat_insert
 [tid:1859000] INSTSELECTOR: instruction to be included mov rsi, qword ptr [rax]
 [tid:1859000] ins:mov rsi, qword ptr [rax]
 [tid:1859000] reg:rsi
 [tid:1859000] Exe pat_insert
 [tid:1859000] Exe pat_insert
 [tid:1859000] INSTSELECTOR: instruction to be included mov eax, dword ptr [rbp-0x13c]
 [tid:1859000] ins:mov eax, dword ptr [rbp-0x13c]
 [tid:1859000] reg:eax
 [tid:1859000] Exe pat_insert
 [tid:1859000] Exe pat_insert
 [tid:1859000] INSTSELECTOR: instruction to be included mov rax, qword ptr [rbp-0x18]
 [tid:1859000] ins:mov rax, qword ptr [rbp-0x18]
 [tid:1859000] reg:rax
 [tid:1859000] Exe pat_insert
 [tid:1859000] INSTSELECTOR: instruction to be included movsx edi, byte ptr [rax+0x11]
 [tid:1859000] ins:movsx edi, byte ptr [rax+0x11]
 [tid:1859000] reg:edi
 [tid:1859000] Exe pat_insert
 [tid:1859000] INSTSELECTOR: instruction to be included mov rax, qword ptr [rbp-0x10]
 [tid:1859000] ins:mov rax, qword ptr [rbp-0x10]
 [tid:1859000] reg:rax
 [tid:1859000] Exe pat_insert
 [tid:1859000] INSTSELECTOR: instruction to be included mov rsi, qword ptr [rax]
 [tid:1859000] ins:mov rsi, qword ptr [rax]
 [tid:1859000] reg:rsi
 [tid:1859000] Exe pat_insert
 [tid:1859000] Exe pat_insert
 [tid:1859000] INSTSELECTOR: instruction to be included cmp rax, 0x0
 [tid:1859000] ins:cmp rax, 0x0
 [tid:1859000] reg:rflags
 [tid:1859000] Exe pat_insert
 [tid:1859000] Exe pat_insert
 [tid:1859000] INSTSELECTOR: instruction to be included mov rax, qword ptr [rbp-0x18]
 [tid:1859000] ins:mov rax, qword ptr [rbp-0x18]
 [tid:1859000] reg:rax
 [tid:1859000] Exe pat_insert
 [tid:1859000] INSTSELECTOR: instruction to be included mov rdi, qword ptr [rax+0x20]
 [tid:1859000] ins:mov rdi, qword ptr [rax+0x20]
 [tid:1859000] reg:rdi
 [tid:1859000] Exe pat_insert
 [tid:1859000] INSTSELECTOR: instruction to be included mov rsi, qword ptr [rbp-0x10]
 [tid:1859000] ins:mov rsi, qword ptr [rbp-0x10]
 [tid:1859000] reg:rsi
 [tid:1859000] Exe pat_insert
 [tid:1859000] INSTSELECTOR: instruction to be included mov edx, dword ptr [rbp-0x34]
 [tid:1859000] ins:mov edx, dword ptr [rbp-0x34]
 [tid:1859000] reg:edx
 [tid:1859000] Exe pat_insert
 [tid:1859000] INSTSELECTOR: instruction to be included mov rcx, qword ptr [rbp-0x18]
 [tid:1859000] ins:mov rcx, qword ptr [rbp-0x18]
 [tid:1859000] reg:rcx
 [tid:1859000] Exe pat_insert
 [tid:1859000] Exe pat_insert
 [tid:1859000] INSTSELECTOR: instruction to be included mov rax, qword ptr [rbp-0x18]
 [tid:1859000] ins:mov rax, qword ptr [rbp-0x18]
 [tid:1859000] reg:rax
 [tid:1859000] Exe pat_insert
 [tid:1859000] INSTSELECTOR: instruction to be included mov rdi, qword ptr [rax+0x18]
 [tid:1859000] ins:mov rdi, qword ptr [rax+0x18]
 [tid:1859000] reg:rdi
 [tid:1859000] Exe pat_insert
 [tid:1859000] INSTSELECTOR: instruction to be included mov rsi, qword ptr [rbp-0x10]
 [tid:1859000] ins:mov rsi, qword ptr [rbp-0x10]
 [tid:1859000] reg:rsi
 [tid:1859000] Exe pat_insert
 [tid:1859000] INSTSELECTOR: instruction to be included mov edx, dword ptr [rbp-0x34]
 [tid:1859000] ins:mov edx, dword ptr [rbp-0x34]
 [tid:1859000] reg:edx
 [tid:1859000] Exe pat_insert
 [tid:1859000] INSTSELECTOR: instruction to be included mov rcx, qword ptr [rbp-0x18]
 [tid:1859000] ins:mov rcx, qword ptr [rbp-0x18]
 [tid:1859000] reg:rcx
 [tid:1859000] Exe pat_insert
 [tid:1859000] Exe insertR
 [tid:1859000] INSTSELECTOR: instruction to be included push rbp
 [tid:1859000] ins:push rbp
 [tid:1859000] reg:rsp
 [tid:1859000] Exe insertR
 [tid:1859000] INSTSELECTOR: instruction to be included mov rbp, rsp
 [tid:1859000] ins:mov rbp, rsp
 [tid:1859000] reg:rbp
 [tid:1859000] Exe insertR
 [tid:1859000] INSTSELECTOR: instruction to be included sub rsp, 0x40
 [tid:1859000] ins:sub rsp, 0x40
 [tid:1859000] reg:rsp
 [tid:1859000] Exe insertR
 [tid:1859000] Exe insertR
 [tid:1859000] Exe insertR
 [tid:1859000] Exe insertR
 [tid:1859000] Exe insertR
 [tid:1859000] INSTSELECTOR: instruction to be included mov rax, qword ptr [rbp-0x10]
 [tid:1859000] ins:mov rax, qword ptr [rbp-0x10]
 [tid:1859000] reg:rax
 [tid:1859000] Exe insertR
 [tid:1859000] INSTSELECTOR: instruction to be included movsx eax, byte ptr [rax+0x11]
 [tid:1859000] ins:movsx eax, byte ptr [rax+0x11]
 [tid:1859000] reg:eax
 [tid:1859000] Exe insertR
 [tid:1859000] INSTSELECTOR: instruction to be included cmp eax, dword ptr [rbp-0x1c]
 [tid:1859000] ins:cmp eax, dword ptr [rbp-0x1c]
 [tid:1859000] reg:rflags
 [tid:1859000] Exe insertR
 [tid:1859000] Exe insertR
 [tid:1859000] INSTSELECTOR: instruction to be included mov rax, qword ptr [rbp-0x10]
 [tid:1859000] ins:mov rax, qword ptr [rbp-0x10]
 [tid:1859000] reg:rax
 [tid:1859000] Exe insertR
 [tid:1859000] INSTSELECTOR: instruction to be included movsx eax, byte ptr [rax+0x11]
 [tid:1859000] ins:movsx eax, byte ptr [rax+0x11]
 [tid:1859000] reg:eax
 [tid:1859000] Exe insertR
 [tid:1859000] INSTSELECTOR: instruction to be included mov rcx, qword ptr [rbp-0x28]
 [tid:1859000] ins:mov rcx, qword ptr [rbp-0x28]
 [tid:1859000] reg:rcx
 [tid:1859000] Exe insertR
 [tid:1859000] INSTSELECTOR: instruction to be included movsx ecx, byte ptr [rcx+0x11]
 [tid:1859000] ins:movsx ecx, byte ptr [rcx+0x11]
 [tid:1859000] reg:ecx
 [tid:1859000] Exe insertR
 [tid:1859000] INSTSELECTOR: instruction to be included cmp eax, ecx
 [tid:1859000] ins:cmp eax, ecx
 [tid:1859000] reg:rflags
 [tid:1859000] Exe insertR
 [tid:1859000] Exe insertR
 [tid:1859000] INSTSELECTOR: instruction to be included mov eax, dword ptr [rbp-0x1c]
 [tid:1859000] ins:mov eax, dword ptr [rbp-0x1c]
 [tid:1859000] reg:eax
 [tid:1859000] Exe insertR
 [tid:1859000] INSTSELECTOR: instruction to be included mov cl, al
 [tid:1859000] ins:mov cl, al
 [tid:1859000] reg:cl
 [tid:1859000] Exe insertR
 [tid:1859000] INSTSELECTOR: instruction to be included mov rax, qword ptr [rbp-0x18]
 [tid:1859000] ins:mov rax, qword ptr [rbp-0x18]
 [tid:1859000] reg:rax
 [tid:1859000] Exe insertR
 [tid:1859000] Exe insertR
 [tid:1859000] INSTSELECTOR: instruction to be included mov edi, dword ptr [rbp-0x1c]
 [tid:1859000] ins:mov edi, dword ptr [rbp-0x1c]
 [tid:1859000] reg:edi
 [tid:1859000] Exe insertR
 [tid:1859000] INSTSELECTOR: instruction to be included mov rax, qword ptr [rbp-0x18]
 [tid:1859000] ins:mov rax, qword ptr [rbp-0x18]
 [tid:1859000] reg:rax
 [tid:1859000] Exe insertR
 [tid:1859000] INSTSELECTOR: instruction to be included mov rsi, qword ptr [rax]
 [tid:1859000] ins:mov rsi, qword ptr [rax]
 [tid:1859000] reg:rsi
 [tid:1859000] Exe insertR
 [tid:1859000] Exe insertR
 [tid:1859000] INSTSELECTOR: instruction to be included cmp rax, 0x0
 [tid:1859000] ins:cmp rax, 0x0
 [tid:1859000] reg:rflags
 [tid:1859000] Exe insertR
 [tid:1859000] Exe insertR
 [tid:1859000] INSTSELECTOR: instruction to be included mov rax, qword ptr [rbp-0x10]
 [tid:1859000] ins:mov rax, qword ptr [rbp-0x10]
 [tid:1859000] reg:rax
 [tid:1859000] Exe insertR
 [tid:1859000] Exe insertR
 [tid:1859000] Exe insertR
 [tid:1859000] INSTSELECTOR: instruction to be included mov rcx, qword ptr [rbp-0x30]
 [tid:1859000] ins:mov rcx, qword ptr [rbp-0x30]
 [tid:1859000] reg:rcx
 [tid:1859000] Exe insertR
 [tid:1859000] INSTSELECTOR: instruction to be included mov rax, qword ptr [rbp-0x18]
 [tid:1859000] ins:mov rax, qword ptr [rbp-0x18]
 [tid:1859000] reg:rax
 [tid:1859000] Exe insertR
 [tid:1859000] Exe insertR
 [tid:1859000] INSTSELECTOR: instruction to be included mov edi, dword ptr [rbp-0x1c]
 [tid:1859000] ins:mov edi, dword ptr [rbp-0x1c]
 [tid:1859000] reg:edi
 [tid:1859000] Exe insertR
 [tid:1859000] INSTSELECTOR: instruction to be included mov rax, qword ptr [rbp-0x18]
 [tid:1859000] ins:mov rax, qword ptr [rbp-0x18]
 [tid:1859000] reg:rax
 [tid:1859000] Exe insertR
 [tid:1859000] INSTSELECTOR: instruction to be included mov rsi, qword ptr [rax]
 [tid:1859000] ins:mov rsi, qword ptr [rax]
 [tid:1859000] reg:rsi
 [tid:1859000] Exe insertR
 [tid:1859000] Exe insertR
 [tid:1859000] INSTSELECTOR: instruction to be included cmp rax, 0x0
 [tid:1859000] ins:cmp rax, 0x0
 [tid:1859000] reg:rflags
 [tid:1859000] Exe insertR
 [tid:1859000] Exe insertR
 [tid:1859000] INSTSELECTOR: instruction to be included mov rax, qword ptr [rbp-0x18]
 [tid:1859000] ins:mov rax, qword ptr [rbp-0x18]
 [tid:1859000] reg:rax
 [tid:1859000] Exe insertR
 [tid:1859000] Exe insertR
 [tid:1859000] Exe insertR
 [tid:1859000] INSTSELECTOR: instruction to be included mov rcx, qword ptr [rbp-0x38]
 [tid:1859000] ins:mov rcx, qword ptr [rbp-0x38]
 [tid:1859000] reg:rcx
 [tid:1859000] Exe insertR
 [tid:1859000] INSTSELECTOR: instruction to be included mov rax, qword ptr [rbp-0x18]
 [tid:1859000] ins:mov rax, qword ptr [rbp-0x18]
 [tid:1859000] reg:rax
 [tid:1859000] Exe insertR
 [tid:1859000] Exe insertR
 [tid:1859000] INSTSELECTOR: instruction to be included mov rax, qword ptr [rbp-0x18]
 [tid:1859000] ins:mov rax, qword ptr [rbp-0x18]
 [tid:1859000] reg:rax
 [tid:1859000] Exe insertR
 [tid:1859000] Exe insertR
 [tid:1859000] Exe insertR
 [tid:1859000] INSTSELECTOR: instruction to be included mov rax, qword ptr [rbp-0x8]
 [tid:1859000] ins:mov rax, qword ptr [rbp-0x8]
 [tid:1859000] reg:rax
 [tid:1859000] Exe insertR
 [tid:1859000] INSTSELECTOR: instruction to be included add rsp, 0x40
 [tid:1859000] ins:add rsp, 0x40
 [tid:1859000] reg:rsp
 [tid:1859000] Exe insertR
 [tid:1859000] INSTSELECTOR: instruction to be included pop rbp
 [tid:1859000] ins:pop rbp
 [tid:1859000] reg:rbp
 [tid:1859000] Exe insertR
 [tid:1859000] Exe pat_insert
 [tid:1859000] INSTSELECTOR: instruction to be included mov rcx, rax
 [tid:1859000] ins:mov rcx, rax
 [tid:1859000] reg:rcx
 [tid:1859000] Exe pat_insert
 [tid:1859000] INSTSELECTOR: instruction to be included mov rax, qword ptr [rbp-0x18]
 [tid:1859000] ins:mov rax, qword ptr [rbp-0x18]
 [tid:1859000] reg:rax
 [tid:1859000] Exe pat_insert
 [tid:1859000] Exe pat_insert
 [tid:1859000] INSTSELECTOR: instruction to be included mov rax, qword ptr [rbp-0x10]
 [tid:1859000] ins:mov rax, qword ptr [rbp-0x10]
 [tid:1859000] reg:rax
 [tid:1859000] Exe pat_insert
 [tid:1859000] Exe pat_insert
 [tid:1859000] INSTSELECTOR: instruction to be included mov rax, qword ptr [rbp-0x8]
 [tid:1859000] ins:mov rax, qword ptr [rbp-0x8]
 [tid:1859000] reg:rax
 [tid:1859000] Exe pat_insert
 [tid:1859000] INSTSELECTOR: instruction to be included add rsp, 0x140
 [tid:1859000] ins:add rsp, 0x140
 [tid:1859000] reg:rsp
 [tid:1859000] Exe pat_insert
 [tid:1859000] INSTSELECTOR: instruction to be included pop rbp
 [tid:1859000] ins:pop rbp
 [tid:1859000] reg:rbp
 [tid:1859000] Exe pat_insert
 [tid:1859000] Exe main
 [tid:1859000] Exe main
 [tid:1859000] INSTSELECTOR: instruction to be included mov rcx, qword ptr [rbp-0x1d8]
 [tid:1859000] ins:mov rcx, qword ptr [rbp-0x1d8]
 [tid:1859000] reg:rcx
 [tid:1859000] Exe main
 [tid:1859000] INSTSELECTOR: instruction to be included mov rdx, qword ptr [rbp-0x1e0]
 [tid:1859000] ins:mov rdx, qword ptr [rbp-0x1e0]
 [tid:1859000] reg:rdx
 [tid:1859000] Exe main
 [tid:1859000] INSTSELECTOR: instruction to be included mov rax, qword ptr [rbp-0x1e8]
 [tid:1859000] ins:mov rax, qword ptr [rbp-0x1e8]
 [tid:1859000] reg:rax
 [tid:1859000] Exe main
 [tid:1859000] Exe main
 [tid:1859000] INSTSELECTOR: instruction to be included cmp rax, 0x0
 [tid:1859000] ins:cmp rax, 0x0
 [tid:1859000] reg:rflags
 [tid:1859000] NORMAL FLAG REG: inst cmp rax, 0x0
 [tid:1859000] Exe main
 [tid:1859000] Exe main
 [tid:1859000] Exe main
 [tid:1859000] Exe main
 [tid:1859000] Exe main
 [tid:1859000] INSTSELECTOR: instruction to be included mov rax, qword ptr [rbp-0x200]
 [tid:1859000] ins:mov rax, qword ptr [rbp-0x200]
 [tid:1859000] reg:rax
 [tid:1859000] Exe main
 [tid:1859000] INSTSELECTOR: instruction to be included mov rcx, qword ptr [rbp-0x1f8]
 [tid:1859000] ins:mov rcx, qword ptr [rbp-0x1f8]
 [tid:1859000] reg:rcx
 [tid:1859000] Exe main
 [tid:1859000] INSTSELECTOR: instruction to be included mov rdx, qword ptr [rbp-0x1f0]
 [tid:1859000] ins:mov rdx, qword ptr [rbp-0x1f0]
 [tid:1859000] reg:rdx
 [tid:1859000] Exe main
 [tid:1859000] Exe main
 [tid:1859000] Exe main
 [tid:1859000] Exe main
 [tid:1859000] INSTSELECTOR: instruction to be included mov rax, qword ptr [rip+0x202154]
 [tid:1859000] ins:mov rax, qword ptr [rip+0x202154]
 [tid:1859000] reg:rax
 [tid:1859000] Exe main
 [tid:1859000] INSTSELECTOR: instruction to be included mov rdi, qword ptr [rax]
 [tid:1859000] ins:mov rdi, qword ptr [rax]
 [tid:1859000] reg:rdi
 [tid:1859000] Exe main
 [tid:1859000] INSTSELECTOR: instruction to be included lea rsi, ptr [rip+0x1088]
 [tid:1859000] ins:lea rsi, ptr [rip+0x1088]
 [tid:1859000] reg:rsi
 [tid:1859000] Exe main
 [tid:1859000] INSTSELECTOR: instruction to be included mov al, 0x0
 [tid:1859000] ins:mov al, 0x0
 [tid:1859000] reg:al
 [tid:1859000] Exe main
 [tid:1859000] Exe main
 [tid:1859000] INSTSELECTOR: instruction to be included mov rax, qword ptr [rbp-0x208]
 [tid:1859000] ins:mov rax, qword ptr [rbp-0x208]
 [tid:1859000] reg:rax
 [tid:1859000] Exe main
 [tid:1859000] INSTSELECTOR: instruction to be included mov rcx, qword ptr [rbp-0x1d8]
 [tid:1859000] ins:mov rcx, qword ptr [rbp-0x1d8]
 [tid:1859000] reg:rcx
 [tid:1859000] Exe main
 [tid:1859000] INSTSELECTOR: instruction to be included mov rdx, qword ptr [rbp-0x1e0]
 [tid:1859000] ins:mov rdx, qword ptr [rbp-0x1e0]
 [tid:1859000] reg:rdx
 [tid:1859000] Exe main
 [tid:1859000] Exe main
 [tid:1859000] Exe main
 [tid:1859000] Exe main
 [tid:1859000] Exe main
 [tid:1859000] INSTSELECTOR: instruction to be included mov rdx, qword ptr [rbp-0x148]
 [tid:1859000] ins:mov rdx, qword ptr [rbp-0x148]
 [tid:1859000] reg:rdx
 [tid:1859000] Exe main
 [tid:1859000] INSTSELECTOR: instruction to be included mov rdi, qword ptr [rbp-0x150]
 [tid:1859000] ins:mov rdi, qword ptr [rbp-0x150]
 [tid:1859000] reg:rdi
 [tid:1859000] Exe main
 [tid:1859000] INSTSELECTOR: instruction to be included mov rax, qword ptr [rbp-0x100]
 [tid:1859000] ins:mov rax, qword ptr [rbp-0x100]
 [tid:1859000] reg:rax
 [tid:1859000] Exe main
 [tid:1859000] INSTSELECTOR: instruction to be included mov rcx, qword ptr [rbp-0xf8]
 [tid:1859000] ins:mov rcx, qword ptr [rbp-0xf8]
 [tid:1859000] reg:rcx
 [tid:1859000] Exe main
 [tid:1859000] INSTSELECTOR: instruction to be included mov rsi, qword ptr [rbp-0xf0]
 [tid:1859000] ins:mov rsi, qword ptr [rbp-0xf0]
 [tid:1859000] reg:rsi
 [tid:1859000] Exe main
 [tid:1859000] Exe main
 [tid:1859000] Exe main
 [tid:1859000] Exe main
 [tid:1859000] INSTSELECTOR: instruction to be included mov esi, 0x80
 [tid:1859000] ins:mov esi, 0x80
 [tid:1859000] reg:esi
 [tid:1859000] Exe main
 [tid:1859000] Exe main
 [tid:1859000] INSTSELECTOR: instruction to be included mov rcx, qword ptr [rbp-0x1a0]
 [tid:1859000] ins:mov rcx, qword ptr [rbp-0x1a0]
 [tid:1859000] reg:rcx
 [tid:1859000] Exe main
 [tid:1859000] INSTSELECTOR: instruction to be included mov rsi, qword ptr [rbp-0x120]
 [tid:1859000] ins:mov rsi, qword ptr [rbp-0x120]
 [tid:1859000] reg:rsi
 [tid:1859000] Exe main
 [tid:1859000] INSTSELECTOR: instruction to be included mov edx, eax
 [tid:1859000] ins:mov edx, eax
 [tid:1859000] reg:edx
 [tid:1859000] Exe main
 [tid:1859000] INSTSELECTOR: instruction to be included mov rax, qword ptr [rbp-0x128]
 [tid:1859000] ins:mov rax, qword ptr [rbp-0x128]
 [tid:1859000] reg:rax
 [tid:1859000] Exe main
 [tid:1859000] INSTSELECTOR: instruction to be included mov edx, edx
 [tid:1859000] ins:mov edx, edx
 [tid:1859000] reg:edx
 [tid:1859000] Exe main
 [tid:1859000] INSTSELECTOR: instruction to be included mov rcx, qword ptr [rcx+0x8]
 [tid:1859000] ins:mov rcx, qword ptr [rcx+0x8]
 [tid:1859000] reg:rcx
 [tid:1859000] Exe main
 [tid:1859000] Exe main
 [tid:1859000] INSTSELECTOR: instruction to be included mov eax, dword ptr [rax]
 [tid:1859000] ins:mov eax, dword ptr [rax]
 [tid:1859000] reg:eax
 [tid:1859000] Exe main
 [tid:1859000] INSTSELECTOR: instruction to be included mov edi, eax
 [tid:1859000] ins:mov edi, eax
 [tid:1859000] reg:edi
 [tid:1859000] Exe main
 [tid:1859000] Exe pat_search
 [tid:1859000] INSTSELECTOR: instruction to be included mov rdx, qword ptr [rbp-0x50]
 [tid:1859000] ins:mov rdx, qword ptr [rbp-0x50]
 [tid:1859000] reg:rdx
 [tid:1859000] Exe pat_search
 [tid:1859000] INSTSELECTOR: instruction to be included mov rax, qword ptr [rbp-0x40]
 [tid:1859000] ins:mov rax, qword ptr [rbp-0x40]
 [tid:1859000] reg:rax
 [tid:1859000] Exe pat_search
 [tid:1859000] INSTSELECTOR: instruction to be included mov rsi, qword ptr [rbp-0x38]
 [tid:1859000] ins:mov rsi, qword ptr [rbp-0x38]
 [tid:1859000] reg:rsi
 [tid:1859000] Exe pat_search
 [tid:1859000] Exe pat_search
 [tid:1859000] INSTSELECTOR: instruction to be included mov rcx, qword ptr [rsi]
 [tid:1859000] ins:mov rcx, qword ptr [rsi]
 [tid:1859000] reg:rcx
 [tid:1859000] Exe pat_search
 [tid:1859000] INSTSELECTOR: instruction to be included mov rsi, qword ptr [rsi+0x8]
 [tid:1859000] ins:mov rsi, qword ptr [rsi+0x8]
 [tid:1859000] reg:rsi
 [tid:1859000] Exe pat_search
 [tid:1859000] INSTSELECTOR: instruction to be included and rdx, qword ptr [rsi]
 [tid:1859000] ins:and rdx, qword ptr [rsi]
 [tid:1859000] reg:rdx
 [tid:1859000] Exe pat_search
 [tid:1859000] INSTSELECTOR: instruction to be included cmp rcx, rdx
 [tid:1859000] ins:cmp rcx, rdx
 [tid:1859000] reg:rflags
 [tid:1859000] NORMAL FLAG REG: inst cmp rcx, rdx
 [tid:1859000] Exe pat_search
 [tid:1859000] Exe pat_search
 [tid:1859000] Exe pat_search
 [tid:1859000] INSTSELECTOR: instruction to be included mov rax, qword ptr [rbp-0x60]
 [tid:1859000] ins:mov rax, qword ptr [rbp-0x60]
 [tid:1859000] reg:rax
 [tid:1859000] Exe pat_search
 [tid:1859000] Exe pat_search
 [tid:1859000] Exe pat_insert
 [tid:1859000] INSTSELECTOR: instruction to be included mov rax, qword ptr [rbp-0x48]
 [tid:1859000] ins:mov rax, qword ptr [rbp-0x48]
 [tid:1859000] reg:rax
 [tid:1859000] Exe pat_insert
 [tid:1859000] INSTSELECTOR: instruction to be included mov rcx, qword ptr [rbp-0x40]
 [tid:1859000] ins:mov rcx, qword ptr [rbp-0x40]
 [tid:1859000] reg:rcx
 [tid:1859000] Exe pat_insert
 [tid:1859000] Exe pat_insert
 [tid:1859000] INSTSELECTOR: instruction to be included movsx edx, byte ptr [rcx+0x11]
 [tid:1859000] ins:movsx edx, byte ptr [rcx+0x11]
 [tid:1859000] reg:edx
 [tid:1859000] Exe pat_insert
 [tid:1859000] Exe pat_insert
 [tid:1859000] INSTSELECTOR: instruction to be included movsx edi, byte ptr [rcx+0x11]
 [tid:1859000] ins:movsx edi, byte ptr [rcx+0x11]
 [tid:1859000] reg:edi
 [tid:1859000] Exe pat_insert
 [tid:1859000] INSTSELECTOR: instruction to be included mov rsi, qword ptr [rax]
 [tid:1859000] ins:mov rsi, qword ptr [rax]
 [tid:1859000] reg:rsi
 [tid:1859000] Exe pat_insert
 [tid:1859000] Exe insertR
 [tid:1859000] INSTSELECTOR: instruction to be included mov eax, dword ptr [rbp-0x1c]
 [tid:1859000] ins:mov eax, dword ptr [rbp-0x1c]
 [tid:1859000] reg:eax
 [tid:1859000] Exe insertR
 [tid:1859000] INSTSELECTOR: instruction to be included mov cl, al
 [tid:1859000] ins:mov cl, al
 [tid:1859000] reg:cl
 [tid:1859000] Exe insertR
 [tid:1859000] INSTSELECTOR: instruction to be included mov rax, qword ptr [rbp-0x18]
 [tid:1859000] ins:mov rax, qword ptr [rbp-0x18]
 [tid:1859000] reg:rax
 [tid:1859000] Exe insertR
 [tid:1859000] Exe insertR
 [tid:1859000] INSTSELECTOR: instruction to be included mov edi, dword ptr [rbp-0x1c]
 [tid:1859000] ins:mov edi, dword ptr [rbp-0x1c]
 [tid:1859000] reg:edi
 [tid:1859000] Exe insertR
 [tid:1859000] INSTSELECTOR: instruction to be included mov rax, qword ptr [rbp-0x18]
 [tid:1859000] ins:mov rax, qword ptr [rbp-0x18]
 [tid:1859000] reg:rax
 [tid:1859000] Exe insertR
 [tid:1859000] INSTSELECTOR: instruction to be included mov rsi, qword ptr [rax]
 [tid:1859000] ins:mov rsi, qword ptr [rax]
 [tid:1859000] reg:rsi
 [tid:1859000] Exe insertR
 [tid:1859000] Exe pat_search
 [tid:1859000] INSTSELECTOR: instruction to be included mov rax, qword ptr [rbp-0x78]
 [tid:1859000] ins:mov rax, qword ptr [rbp-0x78]
 [tid:1859000] reg:rax
 [tid:1859000] Exe pat_search
 [tid:1859000] Exe pat_search
 [tid:1859000] INSTSELECTOR: instruction to be included mov rax, qword ptr [rbp-0x80]
 [tid:1859000] ins:mov rax, qword ptr [rbp-0x80]
 [tid:1859000] reg:rax
 [tid:1859000] Exe pat_search
 [tid:1859000] INSTSELECTOR: instruction to be included mov rcx, qword ptr [rbp-0x70]
 [tid:1859000] ins:mov rcx, qword ptr [rbp-0x70]
 [tid:1859000] reg:rcx
 [tid:1859000] Exe pat_search
 [tid:1859000] INSTSELECTOR: instruction to be included mov edx, dword ptr [rbp-0x64]
 [tid:1859000] ins:mov edx, dword ptr [rbp-0x64]
 [tid:1859000] reg:edx
 [tid:1859000] Exe pat_search
 [tid:1859000] INSTSELECTOR: instruction to be included movsx esi, byte ptr [rax+0x11]
 [tid:1859000] ins:movsx esi, byte ptr [rax+0x11]
 [tid:1859000] reg:esi
 [tid:1859000] Exe pat_search
 [tid:1859000] INSTSELECTOR: instruction to be included cmp edx, esi
 [tid:1859000] ins:cmp edx, esi
 [tid:1859000] reg:rflags
 [tid:1859000] NORMAL FLAG REG: inst cmp edx, esi
 [tid:1859000] Exe pat_search
 [tid:1859000] INSTSELECTOR: instruction to be included mov rsi, rcx
 [tid:1859000] ins:mov rsi, rcx
 [tid:1859000] reg:rsi
 [tid:1859000] Exe pat_search
 [tid:1859000] Exe pat_search
 [tid:1859000] INSTSELECTOR: instruction to be included mov rsi, rax
 [tid:1859000] ins:mov rsi, rax
 [tid:1859000] reg:rsi
 [tid:1859000] Exe pat_search
 [tid:1859000] Exe pat_search
 [tid:1859000] Exe pat_search
 [tid:1859000] Exe pat_search
 [tid:1859000] Exe pat_search
 [tid:1859000] Exe pat_search
 [tid:1859000] INSTSELECTOR: instruction to be included mov eax, dword ptr [rbp-0x94]
 [tid:1859000] ins:mov eax, dword ptr [rbp-0x94]
 [tid:1859000] reg:eax
 [tid:1859000] Exe pat_search
 [tid:1859000] INSTSELECTOR: instruction to be included mov rcx, qword ptr [rbp-0x90]
 [tid:1859000] ins:mov rcx, qword ptr [rbp-0x90]
 [tid:1859000] reg:rcx
 [tid:1859000] Exe pat_search
 [tid:1859000] INSTSELECTOR: instruction to be included mov rdx, qword ptr [rbp-0x88]
 [tid:1859000] ins:mov rdx, qword ptr [rbp-0x88]
 [tid:1859000] reg:rdx
 [tid:1859000] Exe pat_search
 [tid:1859000] Exe pat_search
 [tid:1859000] Exe pat_search
 [tid:1859000] Exe pat_search
 [tid:1859000] INSTSELECTOR: instruction to be included mov rax, qword ptr [rbp-0x28]
 [tid:1859000] ins:mov rax, qword ptr [rbp-0x28]
 [tid:1859000] reg:rax
 [tid:1859000] Exe pat_search
 [tid:1859000] INSTSELECTOR: instruction to be included mov rax, qword ptr [rax]
 [tid:1859000] ins:mov rax, qword ptr [rax]
 [tid:1859000] reg:rax
 [tid:1859000] Exe pat_search
 [tid:1859000] INSTSELECTOR: instruction to be included mov rcx, qword ptr [rbp-0x10]
 [tid:1859000] ins:mov rcx, qword ptr [rbp-0x10]
 [tid:1859000] reg:rcx
 [tid:1859000] Exe pat_search
 [tid:1859000] INSTSELECTOR: instruction to be included mov rdx, qword ptr [rbp-0x28]
 [tid:1859000] ins:mov rdx, qword ptr [rbp-0x28]
 [tid:1859000] reg:rdx
 [tid:1859000] Exe pat_search
 [tid:1859000] INSTSELECTOR: instruction to be included mov rdx, qword ptr [rdx+0x8]
 [tid:1859000] ins:mov rdx, qword ptr [rdx+0x8]
 [tid:1859000] reg:rdx
 [tid:1859000] Exe pat_search
 [tid:1859000] INSTSELECTOR: instruction to be included and rcx, qword ptr [rdx]
 [tid:1859000] ins:and rcx, qword ptr [rdx]
 [tid:1859000] reg:rcx
 [tid:1859000] Exe pat_search
 [tid:1859000] INSTSELECTOR: instruction to be included cmp rax, rcx
 [tid:1859000] ins:cmp rax, rcx
 [tid:1859000] reg:rflags
 [tid:1859000] Exe pat_search
 [tid:1859000] Exe pat_search
 [tid:1859000] INSTSELECTOR: instruction to be included mov rax, qword ptr [rbp-0x28]
 [tid:1859000] ins:mov rax, qword ptr [rbp-0x28]
 [tid:1859000] reg:rax
 [tid:1859000] Exe pat_search
 [tid:1859000] Exe pat_search
 [tid:1859000] Exe main
 [tid:1859000] INSTSELECTOR: instruction to be included lea rdi, ptr [rip+0x111a]
 [tid:1859000] ins:lea rdi, ptr [rip+0x111a]
 [tid:1859000] reg:rdi
 [tid:1859000] Exe main
 [tid:1859000] INSTSELECTOR: instruction to be included mov al, 0x0
 [tid:1859000] ins:mov al, 0x0
 [tid:1859000] reg:al
 [tid:1859000] Exe main
 [tid:1859000] Exe main
 [tid:1859000] INSTSELECTOR: instruction to be included mov rax, qword ptr [rbp-0x1a0]
 [tid:1859000] ins:mov rax, qword ptr [rbp-0x1a0]
 [tid:1859000] reg:rax
 [tid:1859000] Exe main
 [tid:1859000] Exe main
 [tid:1859000] Exe main
 [tid:1859000] INSTSELECTOR: instruction to be included mov rcx, qword ptr [rbp-0x1d8]
 [tid:1859000] ins:mov rcx, qword ptr [rbp-0x1d8]
 [tid:1859000] reg:rcx
 [tid:1859000] Exe main
 [tid:1859000] INSTSELECTOR: instruction to be included mov rdx, qword ptr [rbp-0x1e0]
 [tid:1859000] ins:mov rdx, qword ptr [rbp-0x1e0]
 [tid:1859000] reg:rdx
 [tid:1859000] Exe main
 [tid:1859000] INSTSELECTOR: instruction to be included mov rax, qword ptr [rbp-0x1e8]
 [tid:1859000] ins:mov rax, qword ptr [rbp-0x1e8]
 [tid:1859000] reg:rax
 [tid:1859000] Exe main
 [tid:1859000] Exe main
 [tid:1859000] INSTSELECTOR: instruction to be included cmp rax, 0x0
 [tid:1859000] ins:cmp rax, 0x0
 [tid:1859000] reg:rflags
 [tid:1859000] NORMAL FLAG REG: inst cmp rax, 0x0
 [tid:1859000] Exe main
 [tid:1859000] Exe main
 [tid:1859000] Exe main
 [tid:1859000] Exe main
 [tid:1859000] Exe main
 [tid:1859000] INSTSELECTOR: instruction to be included mov rax, qword ptr [rbp-0x200]
 [tid:1859000] ins:mov rax, qword ptr [rbp-0x200]
 [tid:1859000] reg:rax
 [tid:1859000] Exe main
 [tid:1859000] INSTSELECTOR: instruction to be included mov rcx, qword ptr [rbp-0x1f8]
 [tid:1859000] ins:mov rcx, qword ptr [rbp-0x1f8]
 [tid:1859000] reg:rcx
 [tid:1859000] Exe main
 [tid:1859000] INSTSELECTOR: instruction to be included mov rdx, qword ptr [rbp-0x1f0]
 [tid:1859000] ins:mov rdx, qword ptr [rbp-0x1f0]
 [tid:1859000] reg:rdx
 [tid:1859000] Exe main
 [tid:1859000] Exe main
 [tid:1859000] Exe main
 [tid:1859000] Exe main
 [tid:1859000] INSTSELECTOR: instruction to be included mov rax, qword ptr [rip+0x202154]
 [tid:1859000] ins:mov rax, qword ptr [rip+0x202154]
 [tid:1859000] reg:rax
 [tid:1859000] Exe main
 [tid:1859000] INSTSELECTOR: instruction to be included mov rdi, qword ptr [rax]
 [tid:1859000] ins:mov rdi, qword ptr [rax]
 [tid:1859000] reg:rdi
 [tid:1859000] Exe main
 [tid:1859000] INSTSELECTOR: instruction to be included lea rsi, ptr [rip+0x1088]
 [tid:1859000] ins:lea rsi, ptr [rip+0x1088]
 [tid:1859000] reg:rsi
 [tid:1859000] Exe main
 [tid:1859000] INSTSELECTOR: instruction to be included mov al, 0x0
 [tid:1859000] ins:mov al, 0x0
 [tid:1859000] reg:al
 [tid:1859000] Exe main
 [tid:1859000] Exe pat_search
 [tid:1859000] INSTSELECTOR: instruction to be included mov rax, qword ptr [rbp-0x20]
 [tid:1859000] ins:mov rax, qword ptr [rbp-0x20]
 [tid:1859000] reg:rax
 [tid:1859000] Exe pat_search
 [tid:1859000] Exe pat_search
 [tid:1859000] INSTSELECTOR: instruction to be included mov rax, qword ptr [rbp-0xa0]
 [tid:1859000] ins:mov rax, qword ptr [rbp-0xa0]
 [tid:1859000] reg:rax
 [tid:1859000] Exe pat_search
 [tid:1859000] Exe pat_search
 [tid:1859000] INSTSELECTOR: instruction to be included mov rax, qword ptr [rbp-0x8]
 [tid:1859000] ins:mov rax, qword ptr [rbp-0x8]
 [tid:1859000] reg:rax
 [tid:1859000] Exe pat_search
 [tid:1859000] INSTSELECTOR: instruction to be included add rsp, 0xa0
 [tid:1859000] ins:add rsp, 0xa0
 [tid:1859000] reg:rsp
 [tid:1859000] Exe pat_search
 [tid:1859000] INSTSELECTOR: instruction to be included pop rbp
 [tid:1859000] ins:pop rbp
 [tid:1859000] reg:rbp
 [tid:1859000] Exe pat_search
 [tid:1859000] Exe pat_insert
 [tid:1859000] INSTSELECTOR: instruction to be included mov rax, qword ptr [rbp-0x60]
 [tid:1859000] ins:mov rax, qword ptr [rbp-0x60]
 [tid:1859000] reg:rax
 [tid:1859000] Exe pat_insert
 [tid:1859000] Exe pat_insert
 [tid:1859000] INSTSELECTOR: instruction to be included mov rax, qword ptr [rbp-0x68]
 [tid:1859000] ins:mov rax, qword ptr [rbp-0x68]
 [tid:1859000] reg:rax
 [tid:1859000] Exe pat_insert
 [tid:1859000] INSTSELECTOR: instruction to be included mov ecx, dword ptr [rbp-0x4c]
 [tid:1859000] ins:mov ecx, dword ptr [rbp-0x4c]
 [tid:1859000] reg:ecx
 [tid:1859000] Exe pat_insert
 [tid:1859000] INSTSELECTOR: instruction to be included movsx edx, byte ptr [rax+0x11]
 [tid:1859000] ins:movsx edx, byte ptr [rax+0x11]
 [tid:1859000] reg:edx
 [tid:1859000] Exe pat_insert
 [tid:1859000] INSTSELECTOR: instruction to be included cmp ecx, edx
 [tid:1859000] ins:cmp ecx, edx
 [tid:1859000] reg:rflags
 [tid:1859000] NORMAL FLAG REG: inst cmp ecx, edx
 [tid:1859000] Exe pat_insert
 [tid:1859000] INSTSELECTOR: instruction to be included mov rdx, rax
 [tid:1859000] ins:mov rdx, rax
 [tid:1859000] reg:rdx
 [tid:1859000] Exe pat_insert
 [tid:1859000] Exe pat_insert
 [tid:1859000] Exe pat_insert
 [tid:1859000] Exe pat_insert
 [tid:1859000] Exe pat_insert
 [tid:1859000] INSTSELECTOR: instruction to be included mov eax, dword ptr [rbp-0x74]
 [tid:1859000] ins:mov eax, dword ptr [rbp-0x74]
 [tid:1859000] reg:eax
 [tid:1859000] Exe pat_insert
 [tid:1859000] INSTSELECTOR: instruction to be included mov rcx, qword ptr [rbp-0x70]
 [tid:1859000] ins:mov rcx, qword ptr [rbp-0x70]
 [tid:1859000] reg:rcx
 [tid:1859000] Exe pat_insert
 [tid:1859000] Exe pat_insert
 [tid:1859000] Exe pat_insert
 [tid:1859000] INSTSELECTOR: instruction to be included mov rax, qword ptr [rbp-0x10]
 [tid:1859000] ins:mov rax, qword ptr [rbp-0x10]
 [tid:1859000] reg:rax
 [tid:1859000] Exe pat_insert
 [tid:1859000] INSTSELECTOR: instruction to be included mov rax, qword ptr [rax]
 [tid:1859000] ins:mov rax, qword ptr [rax]
 [tid:1859000] reg:rax
 [tid:1859000] Exe pat_insert
 [tid:1859000] INSTSELECTOR: instruction to be included mov rcx, qword ptr [rbp-0x20]
 [tid:1859000] ins:mov rcx, qword ptr [rbp-0x20]
 [tid:1859000] reg:rcx
 [tid:1859000] Exe pat_insert
 [tid:1859000] INSTSELECTOR: instruction to be included cmp rax, qword ptr [rcx]
 [tid:1859000] ins:cmp rax, qword ptr [rcx]
 [tid:1859000] reg:rflags
 [tid:1859000] Exe pat_insert
 [tid:1859000] Exe pat_insert
 [tid:1859000] Exe pat_insert
 [tid:1859000] INSTSELECTOR: instruction to be included mov rax, qword ptr [rbp-0x20]
 [tid:1859000] ins:mov rax, qword ptr [rbp-0x20]
 [tid:1859000] reg:rax
 [tid:1859000] Exe pat_insert
 [tid:1859000] INSTSELECTOR: instruction to be included movzx eax, byte ptr [rax+0x10]
 [tid:1859000] ins:movzx eax, byte ptr [rax+0x10]
 [tid:1859000] reg:eax
 [tid:1859000] Exe pat_insert
 [tid:1859000] Exe pat_insert
 [tid:1859000] INSTSELECTOR: instruction to be included mov rax, qword ptr [rbp-0x10]
 [tid:1859000] ins:mov rax, qword ptr [rbp-0x10]
 [tid:1859000] reg:rax
 [tid:1859000] Exe pat_insert
 [tid:1859000] INSTSELECTOR: instruction to be included add rax, 0x8
 [tid:1859000] ins:add rax, 0x8
 [tid:1859000] reg:rax
 [tid:1859000] Exe pat_insert
 [tid:1859000] Exe pat_insert
 [tid:1859000] INSTSELECTOR: instruction to be included mov rax, qword ptr [rbp-0x20]
 [tid:1859000] ins:mov rax, qword ptr [rbp-0x20]
 [tid:1859000] reg:rax
 [tid:1859000] Exe pat_insert
 [tid:1859000] INSTSELECTOR: instruction to be included add rax, 0x8
 [tid:1859000] ins:add rax, 0x8
 [tid:1859000] reg:rax
 [tid:1859000] Exe pat_insert
 [tid:1859000] Exe pat_insert
 [tid:1859000] INSTSELECTOR: instruction to be included mov eax, dword ptr [rbp-0x34]
 [tid:1859000] ins:mov eax, dword ptr [rbp-0x34]
 [tid:1859000] reg:eax
 [tid:1859000] Exe pat_insert
 [tid:1859000] Exe pat_insert
 [tid:1859000] INSTSELECTOR: instruction to be included mov ecx, dword ptr [rbp-0x8c]
 [tid:1859000] ins:mov ecx, dword ptr [rbp-0x8c]
 [tid:1859000] reg:ecx
 [tid:1859000] Exe pat_insert
 [tid:1859000] INSTSELECTOR: instruction to be included mov eax, dword ptr [rbp-0x78]
 [tid:1859000] ins:mov eax, dword ptr [rbp-0x78]
 [tid:1859000] reg:eax
 [tid:1859000] Exe pat_insert
 [tid:1859000] Exe pat_insert
 [tid:1859000] INSTSELECTOR: instruction to be included cmp eax, ecx
 [tid:1859000] ins:cmp eax, ecx
 [tid:1859000] reg:rflags
 [tid:1859000] NORMAL FLAG REG: inst cmp eax, ecx
 [tid:1859000] Exe pat_insert
 [tid:1859000] Exe pat_insert
 [tid:1859000] Exe insertR
 [tid:1859000] INSTSELECTOR: instruction to be included mov rax, qword ptr [rbp-0x10]
 [tid:1859000] ins:mov rax, qword ptr [rbp-0x10]
 [tid:1859000] reg:rax
 [tid:1859000] Exe insertR
 [tid:1859000] INSTSELECTOR: instruction to be included movsx edi, byte ptr [rax+0x11]
 [tid:1859000] ins:movsx edi, byte ptr [rax+0x11]
 [tid:1859000] reg:edi
 [tid:1859000] Exe insertR
 [tid:1859000] INSTSELECTOR: instruction to be included mov rax, qword ptr [rbp-0x18]
 [tid:1859000] ins:mov rax, qword ptr [rbp-0x18]
 [tid:1859000] reg:rax
 [tid:1859000] Exe insertR
 [tid:1859000] INSTSELECTOR: instruction to be included mov rsi, qword ptr [rax]
 [tid:1859000] ins:mov rsi, qword ptr [rax]
 [tid:1859000] reg:rsi
 [tid:1859000] Exe insertR
 [tid:1859000] Exe insertR
 [tid:1859000] INSTSELECTOR: instruction to be included cmp rax, 0x0
 [tid:1859000] ins:cmp rax, 0x0
 [tid:1859000] reg:rflags
 [tid:1859000] Exe insertR
 [tid:1859000] Exe insertR
 [tid:1859000] INSTSELECTOR: instruction to be included mov rax, qword ptr [rbp-0x10]
 [tid:1859000] ins:mov rax, qword ptr [rbp-0x10]
 [tid:1859000] reg:rax
 [tid:1859000] Exe insertR
 [tid:1859000] INSTSELECTOR: instruction to be included mov rdi, qword ptr [rax+0x20]
 [tid:1859000] ins:mov rdi, qword ptr [rax+0x20]
 [tid:1859000] reg:rdi
 [tid:1859000] Exe insertR
 [tid:1859000] INSTSELECTOR: instruction to be included mov rsi, qword ptr [rbp-0x18]
 [tid:1859000] ins:mov rsi, qword ptr [rbp-0x18]
 [tid:1859000] reg:rsi
 [tid:1859000] Exe insertR
 [tid:1859000] INSTSELECTOR: instruction to be included mov edx, dword ptr [rbp-0x1c]
 [tid:1859000] ins:mov edx, dword ptr [rbp-0x1c]
 [tid:1859000] reg:edx
 [tid:1859000] Exe insertR
 [tid:1859000] INSTSELECTOR: instruction to be included mov rcx, qword ptr [rbp-0x10]
 [tid:1859000] ins:mov rcx, qword ptr [rbp-0x10]
 [tid:1859000] reg:rcx
 [tid:1859000] Exe insertR
 [tid:1859000] Exe insertR
 [tid:1859000] INSTSELECTOR: instruction to be included mov rcx, rax
 [tid:1859000] ins:mov rcx, rax
 [tid:1859000] reg:rcx
 [tid:1859000] Exe insertR
 [tid:1859000] INSTSELECTOR: instruction to be included mov rax, qword ptr [rbp-0x10]
 [tid:1859000] ins:mov rax, qword ptr [rbp-0x10]
 [tid:1859000] reg:rax
 [tid:1859000] Exe insertR
 [tid:1859000] Exe insertR
 [tid:1859000] Exe insertR
 [tid:1859000] INSTSELECTOR: instruction to be included mov rax, qword ptr [rbp-0x10]
 [tid:1859000] ins:mov rax, qword ptr [rbp-0x10]
 [tid:1859000] reg:rax
 [tid:1859000] Exe insertR
 [tid:1859000] Exe insertR
 [tid:1859000] INSTSELECTOR: instruction to be included mov rax, qword ptr [rbp-0x8]
 [tid:1859000] ins:mov rax, qword ptr [rbp-0x8]
 [tid:1859000] reg:rax
 [tid:1859000] Exe insertR
 [tid:1859000] INSTSELECTOR: instruction to be included add rsp, 0x40
 [tid:1859000] ins:add rsp, 0x40
 [tid:1859000] reg:rsp
 [tid:1859000] Exe insertR
 [tid:1859000] INSTSELECTOR: instruction to be included pop rbp
 [tid:1859000] ins:pop rbp
 [tid:1859000] reg:rbp
 [tid:1859000] Exe insertR
 [tid:1859000] Exe insertR
 [tid:1859000] INSTSELECTOR: instruction to be included mov rax, qword ptr [rbp-0x18]
 [tid:1859000] ins:mov rax, qword ptr [rbp-0x18]
 [tid:1859000] reg:rax
 [tid:1859000] Exe insertR
 [tid:1859000] Exe insertR
 [tid:1859000] INSTSELECTOR: instruction to be included mov rcx, qword ptr [rbp-0x30]
 [tid:1859000] ins:mov rcx, qword ptr [rbp-0x30]
 [tid:1859000] reg:rcx
 [tid:1859000] Exe insertR
 [tid:1859000] INSTSELECTOR: instruction to be included mov rax, qword ptr [rbp-0x18]
 [tid:1859000] ins:mov rax, qword ptr [rbp-0x18]
 [tid:1859000] reg:rax
 [tid:1859000] Exe insertR
 [tid:1859000] Exe insertR
 [tid:1859000] INSTSELECTOR: instruction to be included mov edi, dword ptr [rbp-0x1c]
 [tid:1859000] ins:mov edi, dword ptr [rbp-0x1c]
 [tid:1859000] reg:edi
 [tid:1859000] Exe insertR
 [tid:1859000] INSTSELECTOR: instruction to be included mov rax, qword ptr [rbp-0x18]
 [tid:1859000] ins:mov rax, qword ptr [rbp-0x18]
 [tid:1859000] reg:rax
 [tid:1859000] Exe insertR
 [tid:1859000] INSTSELECTOR: instruction to be included mov rsi, qword ptr [rax]
 [tid:1859000] ins:mov rsi, qword ptr [rax]
 [tid:1859000] reg:rsi
 [tid:1859000] Exe insertR
 [tid:1859000] Exe insertR
 [tid:1859000] INSTSELECTOR: instruction to be included mov rax, qword ptr [rbp-0x10]
 [tid:1859000] ins:mov rax, qword ptr [rbp-0x10]
 [tid:1859000] reg:rax
 [tid:1859000] Exe insertR
 [tid:1859000] Exe insertR
 [tid:1859000] INSTSELECTOR: instruction to be included mov rcx, qword ptr [rbp-0x38]
 [tid:1859000] ins:mov rcx, qword ptr [rbp-0x38]
 [tid:1859000] reg:rcx
 [tid:1859000] Exe insertR
 [tid:1859000] INSTSELECTOR: instruction to be included mov rax, qword ptr [rbp-0x18]
 [tid:1859000] ins:mov rax, qword ptr [rbp-0x18]
 [tid:1859000] reg:rax
 [tid:1859000] Exe insertR
 [tid:1859000] Exe insertR
 [tid:1859000] INSTSELECTOR: instruction to be included mov rax, qword ptr [rbp-0x18]
 [tid:1859000] ins:mov rax, qword ptr [rbp-0x18]
 [tid:1859000] reg:rax
 [tid:1859000] Exe insertR
 [tid:1859000] Exe insertR
 [tid:1859000] Exe insertR
 [tid:1859000] INSTSELECTOR: instruction to be included mov rax, qword ptr [rbp-0x10]
 [tid:1859000] ins:mov rax, qword ptr [rbp-0x10]
 [tid:1859000] reg:rax
 [tid:1859000] Exe insertR
 [tid:1859000] INSTSELECTOR: instruction to be included mov rdi, qword ptr [rax+0x18]
 [tid:1859000] ins:mov rdi, qword ptr [rax+0x18]
 [tid:1859000] reg:rdi
 [tid:1859000] Exe insertR
 [tid:1859000] INSTSELECTOR: instruction to be included mov rsi, qword ptr [rbp-0x18]
 [tid:1859000] ins:mov rsi, qword ptr [rbp-0x18]
 [tid:1859000] reg:rsi
 [tid:1859000] Exe insertR
 [tid:1859000] INSTSELECTOR: instruction to be included mov edx, dword ptr [rbp-0x1c]
 [tid:1859000] ins:mov edx, dword ptr [rbp-0x1c]
 [tid:1859000] reg:edx
 [tid:1859000] Exe insertR
 [tid:1859000] INSTSELECTOR: instruction to be included mov rcx, qword ptr [rbp-0x10]
 [tid:1859000] ins:mov rcx, qword ptr [rbp-0x10]
 [tid:1859000] reg:rcx
 [tid:1859000] Exe insertR
 [tid:1859000] Exe insertR
 [tid:1859000] INSTSELECTOR: instruction to be included mov rcx, rax
 [tid:1859000] ins:mov rcx, rax
 [tid:1859000] reg:rcx
 [tid:1859000] Exe insertR
 [tid:1859000] INSTSELECTOR: instruction to be included mov rax, qword ptr [rbp-0x10]
 [tid:1859000] ins:mov rax, qword ptr [rbp-0x10]
 [tid:1859000] reg:rax
 [tid:1859000] Exe insertR
 [tid:1859000] Exe insertR
 [tid:1859000] INSTSELECTOR: instruction to be included mov rax, qword ptr [rbp-0x10]
 [tid:1859000] ins:mov rax, qword ptr [rbp-0x10]
 [tid:1859000] reg:rax
 [tid:1859000] Exe insertR
 [tid:1859000] Exe insertR
 [tid:1859000] INSTSELECTOR: instruction to be included mov rax, qword ptr [rbp-0x8]
 [tid:1859000] ins:mov rax, qword ptr [rbp-0x8]
 [tid:1859000] reg:rax
 [tid:1859000] Exe insertR
 [tid:1859000] INSTSELECTOR: instruction to be included add rsp, 0x40
 [tid:1859000] ins:add rsp, 0x40
 [tid:1859000] reg:rsp
 [tid:1859000] Exe insertR
 [tid:1859000] INSTSELECTOR: instruction to be included pop rbp
 [tid:1859000] ins:pop rbp
 [tid:1859000] reg:rbp
 [tid:1859000] Exe insertR
 [tid:1859000] Exe insertR
 [tid:1859000] INSTSELECTOR: instruction to be included mov rcx, rax
 [tid:1859000] ins:mov rcx, rax
 [tid:1859000] reg:rcx
 [tid:1859000] Exe insertR
 [tid:1859000] INSTSELECTOR: instruction to be included mov rax, qword ptr [rbp-0x10]
 [tid:1859000] ins:mov rax, qword ptr [rbp-0x10]
 [tid:1859000] reg:rax
 [tid:1859000] Exe insertR
 [tid:1859000] Exe insertR
 [tid:1859000] Exe pat_insert
 [tid:1859000] INSTSELECTOR: instruction to be included mov rcx, rax
 [tid:1859000] ins:mov rcx, rax
 [tid:1859000] reg:rcx
 [tid:1859000] Exe pat_insert
 [tid:1859000] INSTSELECTOR: instruction to be included mov rax, qword ptr [rbp-0x18]
 [tid:1859000] ins:mov rax, qword ptr [rbp-0x18]
 [tid:1859000] reg:rax
 [tid:1859000] Exe pat_insert
 [tid:1859000] Exe pat_insert
 [tid:1859000] INSTSELECTOR: instruction to be included mov rax, qword ptr [rbp-0x10]
 [tid:1859000] ins:mov rax, qword ptr [rbp-0x10]
 [tid:1859000] reg:rax
 [tid:1859000] Exe pat_insert
 [tid:1859000] Exe pat_insert
 [tid:1859000] INSTSELECTOR: instruction to be included mov rax, qword ptr [rbp-0x8]
 [tid:1859000] ins:mov rax, qword ptr [rbp-0x8]
 [tid:1859000] reg:rax
 [tid:1859000] Exe pat_insert
 [tid:1859000] INSTSELECTOR: instruction to be included add rsp, 0x140
 [tid:1859000] ins:add rsp, 0x140
 [tid:1859000] reg:rsp
 [tid:1859000] Exe pat_insert
 [tid:1859000] INSTSELECTOR: instruction to be included pop rbp
 [tid:1859000] ins:pop rbp
 [tid:1859000] reg:rsp
 [tid:1859000] Exe pat_insert
 [tid:1859000] Exe pat_search
 [tid:1859000] INSTSELECTOR: instruction to be included mov rax, qword ptr [rbp-0x40]
 [tid:1859000] ins:mov rax, qword ptr [rbp-0x40]
 [tid:1859000] reg:rax
 [tid:1859000] Exe pat_search
 [tid:1859000] INSTSELECTOR: instruction to be included mov rsi, qword ptr [rbp-0x38]
 [tid:1859000] ins:mov rsi, qword ptr [rbp-0x38]
 [tid:1859000] reg:rsi
 [tid:1859000] Exe pat_search
 [tid:1859000] Exe pat_search
 [tid:1859000] INSTSELECTOR: instruction to be included mov rcx, qword ptr [rsi]
 [tid:1859000] ins:mov rcx, qword ptr [rsi]
 [tid:1859000] reg:rcx
 [tid:1859000] Exe pat_search
 [tid:1859000] INSTSELECTOR: instruction to be included mov rsi, qword ptr [rsi+0x8]
 [tid:1859000] ins:mov rsi, qword ptr [rsi+0x8]
 [tid:1859000] reg:rsi
 [tid:1859000] Exe pat_search
 [tid:1859000] INSTSELECTOR: instruction to be included and rdx, qword ptr [rsi]
 [tid:1859000] ins:and rdx, qword ptr [rsi]
 [tid:1859000] reg:rdx
 [tid:1859000] Exe pat_search
 [tid:1859000] INSTSELECTOR: instruction to be included cmp rcx, rdx
 [tid:1859000] ins:cmp rcx, rdx
 [tid:1859000] reg:rflags
 [tid:1859000] NORMAL FLAG REG: inst cmp rcx, rdx
 [tid:1859000] Exe pat_search
 [tid:1859000] Exe pat_search
 [tid:1859000] Exe pat_search
 [tid:1859000] INSTSELECTOR: instruction to be included mov rax, qword ptr [rbp-0x60]
 [tid:1859000] ins:mov rax, qword ptr [rbp-0x60]
 [tid:1859000] reg:rax
 [tid:1859000] Exe pat_search
 [tid:1859000] Exe pat_search
 [tid:1859000] Exe main
 [tid:1859000] INSTSELECTOR: instruction to be included mov rdx, qword ptr [rbp-0x180]
 [tid:1859000] ins:mov rdx, qword ptr [rbp-0x180]
 [tid:1859000] reg:rdx
 [tid:1859000] Exe main
 [tid:1859000] INSTSELECTOR: instruction to be included mov rcx, qword ptr [rbp-0x178]
 [tid:1859000] ins:mov rcx, qword ptr [rbp-0x178]
 [tid:1859000] reg:rcx
 [tid:1859000] Exe main
 [tid:1859000] INSTSELECTOR: instruction to be included mov rsi, rax
 [tid:1859000] ins:mov rsi, rax
 [tid:1859000] reg:rsi
 [tid:1859000] Exe main
 [tid:1859000] INSTSELECTOR: instruction to be included mov rax, qword ptr [rbp-0x170]
 [tid:1859000] ins:mov rax, qword ptr [rbp-0x170]
 [tid:1859000] reg:rax
 [tid:1859000] Exe main
 [tid:1859000] INSTSELECTOR: instruction to be included cmp rsi, 0x0
 [tid:1859000] ins:cmp rsi, 0x0
 [tid:1859000] reg:rflags
 [tid:1859000] NORMAL FLAG REG: inst cmp rsi, 0x0
 [tid:1859000] Exe main
 [tid:1859000] Exe main
 [tid:1859000] Exe main
 [tid:1859000] Exe main
 [tid:1859000] Exe main
 [tid:1859000] INSTSELECTOR: instruction to be included mov rdi, qword ptr [rbp-0x140]
 [tid:1859000] ins:mov rdi, qword ptr [rbp-0x140]
 [tid:1859000] reg:rdi
 [tid:1859000] Exe main
 [tid:1859000] INSTSELECTOR: instruction to be included lea rsi, ptr [rip+0x1355]
 [tid:1859000] ins:lea rsi, ptr [rip+0x1355]
 [tid:1859000] reg:rsi
 [tid:1859000] Exe main
 [tid:1859000] INSTSELECTOR: instruction to be included lea rdx, ptr [rbp-0xe4]
 [tid:1859000] ins:lea rdx, ptr [rbp-0xe4]
 [tid:1859000] reg:rdx
 [tid:1859000] Exe main
 [tid:1859000] INSTSELECTOR: instruction to be included lea rcx, ptr [rbp-0xd4]
 [tid:1859000] ins:lea rcx, ptr [rbp-0xd4]
 [tid:1859000] reg:rcx
 [tid:1859000] Exe main
 [tid:1859000] INSTSELECTOR: instruction to be included mov al, 0x0
 [tid:1859000] ins:mov al, 0x0
 [tid:1859000] reg:al
 [tid:1859000] Exe main
 [tid:1859000] Exe main
 [tid:1859000] INSTSELECTOR: instruction to be included mov rax, qword ptr [rbp-0x168]
 [tid:1859000] ins:mov rax, qword ptr [rbp-0x168]
 [tid:1859000] reg:rax
 [tid:1859000] Exe main
 [tid:1859000] INSTSELECTOR: instruction to be included mov rcx, qword ptr [rbp-0x160]
 [tid:1859000] ins:mov rcx, qword ptr [rbp-0x160]
 [tid:1859000] reg:rcx
 [tid:1859000] Exe main
 [tid:1859000] INSTSELECTOR: instruction to be included mov rdx, qword ptr [rbp-0x158]
 [tid:1859000] ins:mov rdx, qword ptr [rbp-0x158]
 [tid:1859000] reg:rdx
 [tid:1859000] Exe main
 [tid:1859000] Exe main
 [tid:1859000] Exe main
 [tid:1859000] Exe main
 [tid:1859000] INSTSELECTOR: instruction to be included mov edi, 0x1
 [tid:1859000] ins:mov edi, 0x1
 [tid:1859000] reg:edi
 [tid:1859000] Exe main
 [tid:1859000] Exe deregister_tm_clones
 [tid:1859000] INSTSELECTOR: instruction to be included lea rdi, ptr [rip+0x2027e9]
 [tid:1859000] ins:lea rdi, ptr [rip+0x2027e9]
 [tid:1859000] reg:rdi
 [tid:1859000] Exe deregister_tm_clones
 [tid:1859000] INSTSELECTOR: instruction to be included lea rax, ptr [rip+0x2027e2]
 [tid:1859000] ins:lea rax, ptr [rip+0x2027e2]
 [tid:1859000] reg:rax
 [tid:1859000] Exe deregister_tm_clones
 [tid:1859000] INSTSELECTOR: instruction to be included cmp rax, rdi
 [tid:1859000] ins:cmp rax, rdi
 [tid:1859000] reg:rflags
 [tid:1859000] Exe deregister_tm_clones
 [tid:1859000] Exe deregister_tm_clones
 [tid:1859000] INSTSELECTOR: instruction to be included mov rax, qword ptr [rip+0x202726]
 [tid:1859000] ins:mov rax, qword ptr [rip+0x202726]
 [tid:1859000] reg:rax
 [tid:1859000] Exe deregister_tm_clones
 [tid:1859000] INSTSELECTOR: instruction to be included test rax, rax
 [tid:1859000] ins:test rax, rax
 [tid:1859000] reg:rflags
 [tid:1859000] Exe deregister_tm_clones
 [tid:1859000] Exe deregister_tm_clones
 [tid:1859000] Exe deregister_tm_clones
