Pin: pin-3.31-98869-fa6f126a8
Copyright 2002-2024 Intel Corporation.
 [tid:3539986] Invalid RTN nop edx, edi
 [tid:3539986] Invalid RTN push r14
 [tid:3539986] Invalid RTN mov rax, 0xffffffffffffffff
 [tid:3539986] Invalid RTN push r13
 [tid:3539986] Invalid RTN push r12
 [tid:3539986] Invalid RTN push rbp
 [tid:3539986] Invalid RTN push rbx
 [tid:3539986] Invalid RTN sub rsp, 0x20
 [tid:3539986] Invalid RTN mov rbx, qword ptr [rip+0x2ea3ea]
 [tid:3539986] Invalid RTN mov qword ptr [rsp+0x10], rax
 [tid:3539986] Invalid RTN mov qword ptr [rsp+0x18], rax
 [tid:3539986] Invalid RTN mov eax, dword ptr [rbx+0x68]
 [tid:3539986] Invalid RTN mov dword ptr [rsp+0xc], 0x0
 [tid:3539986] Invalid RTN test eax, eax
 [tid:3539986] Invalid RTN jz 0x7f3b26db1d32
 [tid:3539986] Invalid RTN mov r13, qword ptr [rbx+0x190]
 [tid:3539986] Invalid RTN mov rbp, qword ptr [rbx+0x198]
 [tid:3539986] Invalid RTN cmp eax, 0x1
 [tid:3539986] Invalid RTN jz 0x7f3b26db1c60
 [tid:3539986] Invalid RTN cmp eax, 0x3
 [tid:3539986] Invalid RTN jz 0x7f3b26db1cb8
 [tid:3539986] Invalid RTN cmp eax, 0x2
 [tid:3539986] Invalid RTN jz 0x7f3b26db1ce0
 [tid:3539986] Invalid RTN test r13, r13
 [tid:3539986] Invalid RTN jz 0x7f3b26db1be0
 [tid:3539986] Invalid RTN mov r12, r13
 [tid:3539986] Invalid RTN test r12, r12
 [tid:3539986] Invalid RTN jle 0x7f3b26db1af0
 [tid:3539986] Invalid RTN mov edi, 0xbc
 [tid:3539986] Invalid RTN call 0x7f3b26db1330
 [tid:3539986] Invalid RTN xor r8d, r8d
 [tid:3539986] Invalid RTN cmp edi, 0xc4
 [tid:3539986] Invalid RTN jnle 0x7f3b26db1400
 [tid:3539986] Invalid RTN mov esi, 0x80000000
 [tid:3539986] Invalid RTN push rbx
 [tid:3539986] Invalid RTN mov eax, esi
 [tid:3539986] Invalid RTN cpuid 
 [tid:3539986] Invalid RTN mov esi, eax
 [tid:3539986] Invalid RTN cmp eax, 0x8000001c
 [tid:3539986] Invalid RTN jbe 0x7f3b26db13c0
 [tid:3539986] Invalid RTN mov r8d, 0x3
 [tid:3539986] Invalid RTN cmp edi, 0xc1
 [tid:3539986] Invalid RTN jnle 0x7f3b26db137b
 [tid:3539986] Invalid RTN mov r8d, 0x2
 [tid:3539986] Invalid RTN cmp edi, 0xbe
 [tid:3539986] Invalid RTN jnle 0x7f3b26db137b
 [tid:3539986] Invalid RTN xor r8d, r8d
 [tid:3539986] Invalid RTN cmp edi, 0xbb
 [tid:3539986] Invalid RTN setle r8b
 [tid:3539986] Invalid RTN mov eax, 0x8000001d
 [tid:3539986] Invalid RTN mov ecx, r8d
 [tid:3539986] Invalid RTN cpuid 
 [tid:3539986] Invalid RTN mov r8d, ecx
 [tid:3539986] Invalid RTN test ecx, ecx
 [tid:3539986] Invalid RTN jz 0x7f3b26db1408
 [tid:3539986] Invalid RTN lea ecx, ptr [rdi-0xb9]
 [tid:3539986] Invalid RTN mov eax, 0x1
 [tid:3539986] Invalid RTN shl rax, cl
 [tid:3539986] Invalid RTN test eax, 0x249
 [tid:3539986] Invalid RTN jnz 0x7f3b26db1420
 [tid:3539986] Invalid RTN test eax, 0x924
 [tid:3539986] Invalid RTN jnz 0x7f3b26db1620
 [tid:3539986] Invalid RTN mov eax, ebx
 [tid:3539986] Invalid RTN and ebx, 0xfff
 [tid:3539986] Invalid RTN shr eax, 0x16
 [tid:3539986] Invalid RTN add ebx, 0x1
 [tid:3539986] Invalid RTN add eax, 0x1
 [tid:3539986] Invalid RTN imul ebx, eax
 [tid:3539986] Invalid RTN lea eax, ptr [r8+0x1]
 [tid:3539986] Invalid RTN mov r8d, ebx
 [tid:3539986] Invalid RTN imul r8d, eax
 [tid:3539986] Invalid RTN jmp 0x7f3b26db13b3
 [tid:3539986] Invalid RTN mov rax, r8
 [tid:3539986] Invalid RTN pop rbx
 [tid:3539986] Invalid RTN ret 
 [tid:3539986] Invalid RTN mov edi, 0xbf
 [tid:3539986] Invalid RTN mov r12, rax
 [tid:3539986] Invalid RTN call 0x7f3b26db1330
 [tid:3539986] Invalid RTN mov eax, 0x8000001d
 [tid:3539986] Invalid RTN mov ecx, r8d
 [tid:3539986] Invalid RTN cpuid 
 [tid:3539986] Invalid RTN mov edi, 0xc2
 [tid:3539986] Invalid RTN mov r10, rax
 [tid:3539986] Invalid RTN call 0x7f3b26db1330
 [tid:3539986] Invalid RTN mov qword ptr [rsp+0x10], rax
 [tid:3539986] Invalid RTN test rax, rax
 [tid:3539986] Invalid RTN jle 0x7f3b26db1d28
 [tid:3539986] Invalid RTN cmp dword ptr [rbx+0x70], 0x16
 [tid:3539986] Invalid RTN jnbe 0x7f3b26db1d1c
 [tid:3539986] Invalid RTN add rax, r10
 [tid:3539986] Invalid RTN mov qword ptr [rsp+0x10], rax
 [tid:3539986] Invalid RTN mov qword ptr [rsp+0x18], rax
 [tid:3539986] Invalid RTN jmp 0x7f3b26db1ca5
 [tid:3539986] Invalid RTN mov qword ptr [rsp+0x18], rax
 [tid:3539986] Invalid RTN jmp 0x7f3b26db1ca5
 [tid:3539986] Invalid RTN test r13, r13
 [tid:3539986] Invalid RTN jnz 0x7f3b26db1abd
 [tid:3539986] Invalid RTN jmp 0x7f3b26db1ac0
 [tid:3539986] Invalid RTN test r12, r12
 [tid:3539986] Invalid RTN jle 0x7f3b26db1af0
 [tid:3539986] Invalid RTN mov rax, r12
 [tid:3539986] Invalid RTN mov qword ptr [rip+0x2ea879], r12
 [tid:3539986] Invalid RTN xor r12b, r12b
 [tid:3539986] Invalid RTN sar rax, 0x1
 [tid:3539986] Invalid RTN mov qword ptr [rip+0x2ea87c], r12
 [tid:3539986] Invalid RTN mov qword ptr [rip+0x2ea86d], rax
 [tid:3539986] Invalid RTN mov rax, r12
 [tid:3539986] Invalid RTN sar rax, 0x1
 [tid:3539986] Invalid RTN mov qword ptr [rip+0x2ea870], rax
 [tid:3539986] Invalid RTN test rbp, rbp
 [tid:3539986] Invalid RTN jnz 0x7f3b26db1beb
 [tid:3539986] Invalid RTN mov rax, qword ptr [rsp+0x10]
 [tid:3539986] Invalid RTN test rax, rax
 [tid:3539986] Invalid RTN jle 0x7f3b26db1bf7
 [tid:3539986] Invalid RTN mov rdx, rax
 [tid:3539986] Invalid RTN mov qword ptr [rip+0x2ea817], rax
 [tid:3539986] Invalid RTN xor al, al
 [tid:3539986] Invalid RTN sar rdx, 0x1
 [tid:3539986] Invalid RTN mov qword ptr [rip+0x2ea81b], rax
 [tid:3539986] Invalid RTN mov qword ptr [rip+0x2ea80c], rdx
 [tid:3539986] Invalid RTN mov rdx, rax
 [tid:3539986] Invalid RTN sar rdx, 0x1
 [tid:3539986] Invalid RTN mov qword ptr [rip+0x2ea80f], rdx
 [tid:3539986] Invalid RTN mov rdx, qword ptr [rsp+0x18]
 [tid:3539986] Invalid RTN lea rdx, ptr [rdx+rdx*2]
 [tid:3539986] Invalid RTN test rdx, rdx
 [tid:3539986] Invalid RTN lea rbp, ptr [rdx+0x3]
 [tid:3539986] Invalid RTN cmovns rbp, rdx
 [tid:3539986] Invalid RTN sar rax, 0x2
 [tid:3539986] Invalid RTN sar rbp, 0x2
 [tid:3539986] Invalid RTN cmp rax, rbp
 [tid:3539986] Invalid RTN cmovb rax, rbp
 [tid:3539986] Invalid RTN mov ecx, dword ptr [rbx+0xb0]
 [tid:3539986] Invalid RTN mov rdx, qword ptr [rbx+0x1a0]
 [tid:3539986] Invalid RTN test ch, 0x2
 [tid:3539986] Invalid RTN cmovz rax, rbp
 [tid:3539986] Invalid RTN test rdx, rdx
 [tid:3539986] Invalid RTN cmovnz rax, rdx
 [tid:3539986] Invalid RTN and ecx, 0x10000
 [tid:3539986] Invalid RTN mov edx, dword ptr [rbx+0x17c]
 [tid:3539986] Invalid RTN mov qword ptr [rip+0x2ed6b6], rax
 [tid:3539986] Invalid RTN jz 0x7f3b26db1c30
 [tid:3539986] Invalid RTN test dh, 0x40
 [tid:3539986] Invalid RTN jnz 0x7f3b26db1c30
 [tid:3539986] Invalid RTN mov eax, 0x4000
 [tid:3539986] Invalid RTN mov edx, 0x200
 [tid:3539986] Invalid RTN test byte ptr [rbx+0xb8], 0x10
 [tid:3539986] Invalid RTN mov ecx, 0x840
 [tid:3539986] Invalid RTN cmovnz rax, rcx
 [tid:3539986] Invalid RTN mov rcx, qword ptr [rbx+0x1a8]
 [tid:3539986] Invalid RTN cmp rcx, rdx
 [tid:3539986] Invalid RTN cmovnbe rax, rcx
 [tid:3539986] Invalid RTN mov qword ptr [rip+0x2ea760], rax
 [tid:3539986] Invalid RTN mov rax, qword ptr [rbx+0x1b0]
 [tid:3539986] Invalid RTN mov qword ptr [rip+0x2ea74a], rax
 [tid:3539986] Invalid RTN add rsp, 0x20
 [tid:3539986] Invalid RTN xor eax, eax
 [tid:3539986] Invalid RTN pop rbx
 [tid:3539986] Invalid RTN pop rbp
 [tid:3539986] Invalid RTN pop r12
 [tid:3539986] Invalid RTN pop r13
 [tid:3539986] Invalid RTN pop r14
 [tid:3539986] Invalid RTN ret 
 [tid:3539986] Invalid RTN and edx, 0x100
 [tid:3539986] Invalid RTN cmp edx, 0x1
 [tid:3539986] Invalid RTN sbb rax, rax
 [tid:3539986] Invalid RTN and rax, 0xffffffffffffe800
 [tid:3539986] Invalid RTN add rax, 0x2000
 [tid:3539986] Invalid RTN cmp edx, 0x1
 [tid:3539986] Invalid RTN sbb rdx, rdx
 [tid:3539986] Invalid RTN and rdx, 0xffffffffffffff80
 [tid:3539986] Invalid RTN add rdx, 0x100
 [tid:3539986] Invalid RTN jmp 0x7f3b26db1b9b
 [tid:3539986] Invalid RTN test byte ptr [rbx+0xb8], 0x10
 [tid:3539986] Invalid RTN mov ecx, 0x840
 [tid:3539986] Invalid RTN cmovnz rax, rcx
 [tid:3539986] Invalid RTN mov rcx, qword ptr [rbx+0x1a8]
 [tid:3539986] Invalid RTN cmp rcx, rdx
 [tid:3539986] Invalid RTN cmovnbe rax, rcx
 [tid:3539986] Invalid RTN mov qword ptr [rip+0x2ea760], rax
 [tid:3539986] Invalid RTN mov rax, qword ptr [rbx+0x1b0]
 [tid:3539986] Invalid RTN mov qword ptr [rip+0x2ea74a], rax
 [tid:3539986] Invalid RTN add rsp, 0x20
 [tid:3539986] Invalid RTN xor eax, eax
 [tid:3539986] Invalid RTN pop rbx
 [tid:3539986] Invalid RTN pop rbp
 [tid:3539986] Invalid RTN pop r12
 [tid:3539986] Invalid RTN pop r13
 [tid:3539986] Invalid RTN pop r14
 [tid:3539986] Invalid RTN ret 
 [tid:3539986] Invalid RTN nop edx, edi
 [tid:3539986] Invalid RTN mov rcx, qword ptr [rip+0x32f8fd]
 [tid:3539986] Invalid RTN lea rax, ptr [rip-0x7bac2]
 [tid:3539986] Invalid RTN mov edx, dword ptr [rcx+0x17c]
 [tid:3539986] Invalid RTN test dh, 0x30
 [tid:3539986] Invalid RTN jnz 0x7f3b26d6c5e3
 [tid:3539986] Invalid RTN mov esi, dword ptr [rcx+0xb0]
 [tid:3539986] Invalid RTN test esi, 0x10000
 [tid:3539986] Invalid RTN jnz 0x7f3b26d6c5e8
 [tid:3539986] Invalid RTN test dh, 0x1
 [tid:3539986] Invalid RTN jz 0x7f3b26d6c5c0
 [tid:3539986] Invalid RTN test esi, esi
 [tid:3539986] Invalid RTN js 0x7f3b26d6c638
 [tid:3539986] Invalid RTN test esi, 0x800
 [tid:3539986] Invalid RTN jz 0x7f3b26d6c5b0
 [tid:3539986] Invalid RTN and esi, 0x200
 [tid:3539986] Invalid RTN lea rdx, ptr [rip+0xfbd3]
 [tid:3539986] Invalid RTN lea rax, ptr [rip+0xfc3c]
 [tid:3539986] Invalid RTN cmovz rax, rdx
 [tid:3539986] Invalid RTN ret 
 [tid:3539986] Invalid RTN test dh, 0x8
 [tid:3539986] Invalid RTN jz 0x7f3b26d6c658
 [tid:3539986] Invalid RTN nop dword ptr [rax]
 [tid:3539986] Invalid RTN test byte ptr [rcx+0x95], 0x2
 [tid:3539986] Invalid RTN jz 0x7f3b26d6c618
 [tid:3539986] Invalid RTN test dl, 0x20
 [tid:3539986] Invalid RTN jnz 0x7f3b26d6c618
 [tid:3539986] Invalid RTN and esi, 0x200
 [tid:3539986] Invalid RTN lea rdx, ptr [rip+0x722b]
 [tid:3539986] Invalid RTN lea rax, ptr [rip+0x7294]
 [tid:3539986] Invalid RTN cmovz rax, rdx
 [tid:3539986] Invalid RTN ret 
 [tid:3539986] Invalid RTN nop edx, edi
 [tid:3539986] Invalid RTN mov rdx, qword ptr [rip+0x3306dd]
 [tid:3539986] Invalid RTN mov ecx, dword ptr [rdx+0xb0]
 [tid:3539986] Invalid RTN mov esi, dword ptr [rdx+0x17c]
 [tid:3539986] Invalid RTN test cl, 0x20
 [tid:3539986] Invalid RTN jz 0x7f3b26d6b794
 [tid:3539986] Invalid RTN test esi, 0x100
 [tid:3539986] Invalid RTN jnz 0x7f3b26d6b7c0
 [tid:3539986] Invalid RTN and esi, 0x10
 [tid:3539986] Invalid RTN lea rax, ptr [rip-0x6a40e]
 [tid:3539986] Invalid RTN jnz 0x7f3b26d6b7b9
 [tid:3539986] Invalid RTN test ecx, ecx
 [tid:3539986] Invalid RTN js 0x7f3b26d6b7e0
 [tid:3539986] Invalid RTN lea rax, ptr [rip+0x16115]
 [tid:3539986] Invalid RTN and ch, 0x8
 [tid:3539986] Invalid RTN jnz 0x7f3b26d6b7b9
 [tid:3539986] Invalid RTN lea rax, ptr [rip+0xd729]
 [tid:3539986] Invalid RTN test esi, 0x800
 [tid:3539986] Invalid RTN jnz 0x7f3b26d6b794
 [tid:3539986] Invalid RTN ret 
 [tid:3539986] Invalid RTN nop edx, edi
 [tid:3539986] Invalid RTN mov rdx, qword ptr [rip+0x32f31d]
 [tid:3539986] Invalid RTN mov ecx, dword ptr [rdx+0xb0]
 [tid:3539986] Invalid RTN test cl, 0x20
 [tid:3539986] Invalid RTN jz 0x7f3b26d6cb78
 [tid:3539986] Invalid RTN mov esi, dword ptr [rdx+0x17c]
 [tid:3539986] Invalid RTN test esi, 0x100
 [tid:3539986] Invalid RTN jz 0x7f3b26d6cb78
 [tid:3539986] Invalid RTN test ecx, ecx
 [tid:3539986] Invalid RTN js 0x7f3b26d6cbb0
 [tid:3539986] Invalid RTN lea rax, ptr [rip+0x11201]
 [tid:3539986] Invalid RTN and ch, 0x8
 [tid:3539986] Invalid RTN jnz 0x7f3b26d6cbab
 [tid:3539986] Invalid RTN and esi, 0x800
 [tid:3539986] Invalid RTN lea rax, ptr [rip+0x88bf]
 [tid:3539986] Invalid RTN jz 0x7f3b26d6cbab
 [tid:3539986] Invalid RTN nop dword ptr [rax+rax*1]
 [tid:3539986] Invalid RTN mov ecx, dword ptr [rdx+0x94]
 [tid:3539986] Invalid RTN test ecx, 0x100000
 [tid:3539986] Invalid RTN jz 0x7f3b26d6cb96
 [tid:3539986] Invalid RTN ret 
 [tid:3539986] Invalid RTN nop edx, edi
 [tid:3539986] Invalid RTN mov rdx, qword ptr [rip+0x330efd]
 [tid:3539986] Invalid RTN mov ecx, dword ptr [rdx+0xb0]
 [tid:3539986] Invalid RTN mov esi, dword ptr [rdx+0x17c]
 [tid:3539986] Invalid RTN test cl, 0x20
 [tid:3539986] Invalid RTN jz 0x7f3b26d6af74
 [tid:3539986] Invalid RTN test esi, 0x100
 [tid:3539986] Invalid RTN jnz 0x7f3b26d6afa0
 [tid:3539986] Invalid RTN and esi, 0x10
 [tid:3539986] Invalid RTN lea rax, ptr [rip-0x75dae]
 [tid:3539986] Invalid RTN jnz 0x7f3b26d6af99
 [tid:3539986] Invalid RTN test ecx, ecx
 [tid:3539986] Invalid RTN js 0x7f3b26d6afc0
 [tid:3539986] Invalid RTN lea rax, ptr [rip+0x137d5]
 [tid:3539986] Invalid RTN and ch, 0x8
 [tid:3539986] Invalid RTN jnz 0x7f3b26d6af99
 [tid:3539986] Invalid RTN lea rax, ptr [rip+0xae89]
 [tid:3539986] Invalid RTN test esi, 0x800
 [tid:3539986] Invalid RTN jnz 0x7f3b26d6af74
 [tid:3539986] Invalid RTN ret 
 [tid:3539986] Invalid RTN nop edx, edi
 [tid:3539986] Invalid RTN mov rcx, qword ptr [rip+0x33064d]
 [tid:3539986] Invalid RTN lea rax, ptr [rip-0x69252]
 [tid:3539986] Invalid RTN mov edx, dword ptr [rcx+0xb0]
 [tid:3539986] Invalid RTN mov esi, edx
 [tid:3539986] Invalid RTN and esi, 0x120
 [tid:3539986] Invalid RTN cmp esi, 0x120
 [tid:3539986] Invalid RTN jz 0x7f3b26d6b830
 [tid:3539986] Invalid RTN ret 
 [tid:3539986] Invalid RTN mov ecx, dword ptr [rcx+0x17c]
 [tid:3539986] Invalid RTN test ch, 0x1
 [tid:3539986] Invalid RTN jz 0x7f3b26d6b828
 [tid:3539986] Invalid RTN test edx, edx
 [tid:3539986] Invalid RTN js 0x7f3b26d6b868
 [tid:3539986] Invalid RTN lea rax, ptr [rip+0x16d1a]
 [tid:3539986] Invalid RTN and dh, 0x8
 [tid:3539986] Invalid RTN jnz 0x7f3b26d6b828
 [tid:3539986] Invalid RTN and ch, 0x8
 [tid:3539986] Invalid RTN lea rdx, ptr [rip+0xe2db]
 [tid:3539986] Invalid RTN lea rax, ptr [rip-0x6929c]
 [tid:3539986] Invalid RTN cmovz rax, rdx
 [tid:3539986] Invalid RTN ret 
 [tid:3539986] Invalid RTN nop edx, edi
 [tid:3539986] Invalid RTN sub rsp, 0x28
 [tid:3539986] Invalid RTN mov esi, 0x32
 [tid:3539986] Invalid RTN lea rax, ptr [rip+0x9e3e4]
 [tid:3539986] Invalid RTN mov edx, 0x5f
 [tid:3539986] Invalid RTN mov qword ptr [rsp], rax
 [tid:3539986] Invalid RTN lea rcx, ptr [rip+0x9e3d9]
 [tid:3539986] Invalid RTN mov rax, 0x103ae75f6
 [tid:3539986] Invalid RTN mov qword ptr [rsp+0x8], rax
 [tid:3539986] Invalid RTN mov eax, 0x50e3a8
 [tid:3539986] Invalid RTN shl rax, 0x4
 [tid:3539986] Invalid RTN add rcx, 0x1
 [tid:3539986] Invalid RTN add rax, rdx
 [tid:3539986] Invalid RTN mov rdx, rax
 [tid:3539986] Invalid RTN shr rdx, 0x18
 [tid:3539986] Invalid RTN and edx, 0xf0
 [tid:3539986] Invalid RTN xor rax, rdx
 [tid:3539986] Invalid RTN test sil, sil
 [tid:3539986] Invalid RTN jz 0x7f3b26dc38f8
 [tid:3539986] Invalid RTN movzx edx, sil
 [tid:3539986] Invalid RTN movzx esi, byte ptr [rcx+0x1]
 [tid:3539986] Invalid RTN jmp 0x7f3b26dc38c8
 [tid:3539986] Invalid RTN shl rax, 0x4
 [tid:3539986] Invalid RTN add rcx, 0x1
 [tid:3539986] Invalid RTN add rax, rdx
 [tid:3539986] Invalid RTN mov rdx, rax
 [tid:3539986] Invalid RTN shr rdx, 0x18
 [tid:3539986] Invalid RTN and edx, 0xf0
 [tid:3539986] Invalid RTN xor rax, rdx
 [tid:3539986] Invalid RTN test sil, sil
 [tid:3539986] Invalid RTN jz 0x7f3b26dc38f8
 [tid:3539986] Invalid RTN movzx edx, sil
 [tid:3539986] Invalid RTN movzx esi, byte ptr [rcx+0x1]
 [tid:3539986] Invalid RTN jmp 0x7f3b26dc38c8
 [tid:3539986] Invalid RTN and eax, 0xfffffff
 [tid:3539986] Invalid RTN cmp rax, 0x3ae75f6
 [tid:3539986] Invalid RTN jnz 0x7f3b26dc3930
 [tid:3539986] Invalid RTN mov rsi, rsp
 [tid:3539986] Invalid RTN lea rdi, ptr [rip+0x9fd82]
 [tid:3539986] Invalid RTN mov qword ptr [rsp+0x10], 0x0
 [tid:3539986] Invalid RTN call 0x7f3b26e45710
 [tid:3539986] Invalid RTN nop edx, edi
 [tid:3539986] Invalid RTN sub rsp, 0x38
 [tid:3539986] Invalid RTN mov r8, rsi
 [tid:3539986] Invalid RTN mov rax, qword ptr fs:[0x28]
 [tid:3539986] Invalid RTN mov qword ptr [rsp+0x28], rax
 [tid:3539986] Invalid RTN xor eax, eax
 [tid:3539986] Invalid RTN mov rax, qword ptr [rip+0x256726]
 [tid:3539986] Invalid RTN mov rsi, qword ptr [rax+0x248]
 [tid:3539986] Invalid RTN test rsi, rsi
 [tid:3539986] Invalid RTN jz 0x7f3b26e4579a
 [tid:3539986] Invalid RTN lea rdx, ptr [rsp+0x10]
 [tid:3539986] Invalid RTN pxor xmm0, xmm0
 [tid:3539986] Invalid RTN xor r9d, r9d
 [tid:3539986] Invalid RTN mov qword ptr [rsp+0x20], 0x0
 [tid:3539986] Invalid RTN movaps xmmword ptr [rsp+0x10], xmm0
 [tid:3539986] Invalid RTN lea rcx, ptr [rsi+0x398]
 [tid:3539986] Invalid RTN mov qword ptr [rsp+0x8], rdx
 [tid:3539986] Invalid RTN lea rdx, ptr [rsp+0x8]
 [tid:3539986] Invalid RTN mov byte ptr [rsp+0x14], 0x20
 [tid:3539986] Invalid RTN push 0x0
 [tid:3539986] Invalid RTN push 0x0
 [tid:3539986] Invalid RTN call qword ptr [rax+0x268]
 [tid:3539986] Invalid RTN mov rsi, qword ptr [rsp+0x18]
 [tid:3539986] Invalid RTN pop rdx
 [tid:3539986] Invalid RTN pop rcx
 [tid:3539986] Invalid RTN test rsi, rsi
 [tid:3539986] Invalid RTN jz 0x7f3b26e4579a
 [tid:3539986] Invalid RTN cmp word ptr [rsi+0x6], 0xfff1
 [tid:3539986] Invalid RTN jz 0x7f3b26e457b8
 [tid:3539986] Invalid RTN test rax, rax
 [tid:3539986] Invalid RTN jz 0x7f3b26e457b8
 [tid:3539986] Invalid RTN mov rax, qword ptr [rax]
 [tid:3539986] Invalid RTN add rax, qword ptr [rsi+0x8]
 [tid:3539986] Invalid RTN mov rsi, rax
 [tid:3539986] Invalid RTN mov rcx, qword ptr [rsp+0x28]
 [tid:3539986] Invalid RTN xor rcx, qword ptr fs:[0x28]
 [tid:3539986] Invalid RTN mov rax, rsi
 [tid:3539986] Invalid RTN jnz 0x7f3b26e457bc
 [tid:3539986] Invalid RTN add rsp, 0x38
 [tid:3539986] Invalid RTN ret 
 [tid:3539986] Invalid RTN lea rdx, ptr [rip-0xa4]
 [tid:3539986] Invalid RTN test rax, rax
 [tid:3539986] Invalid RTN cmovz rax, rdx
 [tid:3539986] Invalid RTN add rsp, 0x28
 [tid:3539986] Invalid RTN ret 
 [tid:3539986] Invalid RTN nop edx, edi
 [tid:3539986] Invalid RTN mov rcx, qword ptr [rip+0x32db4d]
 [tid:3539986] Invalid RTN lea rax, ptr [rip-0x7cc52]
 [tid:3539986] Invalid RTN mov edx, dword ptr [rcx+0xb0]
 [tid:3539986] Invalid RTN mov esi, edx
 [tid:3539986] Invalid RTN and esi, 0x120
 [tid:3539986] Invalid RTN cmp esi, 0x120
 [tid:3539986] Invalid RTN jz 0x7f3b26d6e330
 [tid:3539986] Invalid RTN ret 
 [tid:3539986] Invalid RTN mov ecx, dword ptr [rcx+0x17c]
 [tid:3539986] Invalid RTN test ch, 0x1
 [tid:3539986] Invalid RTN jz 0x7f3b26d6e328
 [tid:3539986] Invalid RTN mov esi, edx
 [tid:3539986] Invalid RTN and esi, 0x800
 [tid:3539986] Invalid RTN test edx, edx
 [tid:3539986] Invalid RTN js 0x7f3b26d6e370
 [tid:3539986] Invalid RTN lea rax, ptr [rip+0xeb32]
 [tid:3539986] Invalid RTN test esi, esi
 [tid:3539986] Invalid RTN jnz 0x7f3b26d6e328
 [tid:3539986] Invalid RTN and ch, 0x8
 [tid:3539986] Invalid RTN lea rdx, ptr [rip+0x6224]
 [tid:3539986] Invalid RTN lea rax, ptr [rip-0x7cca3]
 [tid:3539986] Invalid RTN cmovz rax, rdx
 [tid:3539986] Invalid RTN ret 
 [tid:3539986] Invalid RTN nop edx, edi
 [tid:3539986] Invalid RTN mov rcx, qword ptr [rip+0x2e990d]
 [tid:3539986] Invalid RTN lea rax, ptr [rip-0xae102]
 [tid:3539986] Invalid RTN mov edx, dword ptr [rcx+0xb0]
 [tid:3539986] Invalid RTN mov esi, edx
 [tid:3539986] Invalid RTN and esi, 0x120
 [tid:3539986] Invalid RTN cmp esi, 0x120
 [tid:3539986] Invalid RTN jz 0x7f3b26db2570
 [tid:3539986] Invalid RTN ret 
 [tid:3539986] Invalid RTN mov ecx, dword ptr [rcx+0x17c]
 [tid:3539986] Invalid RTN test ch, 0x1
 [tid:3539986] Invalid RTN jz 0x7f3b26db2568
 [tid:3539986] Invalid RTN mov esi, edx
 [tid:3539986] Invalid RTN and esi, 0x800
 [tid:3539986] Invalid RTN test edx, edx
 [tid:3539986] Invalid RTN js 0x7f3b26db25b0
 [tid:3539986] Invalid RTN lea rax, ptr [rip-0x2e7ae]
 [tid:3539986] Invalid RTN test esi, esi
 [tid:3539986] Invalid RTN jnz 0x7f3b26db2568
 [tid:3539986] Invalid RTN and ch, 0x8
 [tid:3539986] Invalid RTN lea rdx, ptr [rip-0x3721c]
 [tid:3539986] Invalid RTN lea rax, ptr [rip-0xae153]
 [tid:3539986] Invalid RTN cmovz rax, rdx
 [tid:3539986] Invalid RTN ret 
 [tid:3539986] Invalid RTN nop edx, edi
 [tid:3539986] Invalid RTN mov rcx, qword ptr [rip+0x2e9fed]
 [tid:3539986] Invalid RTN lea rax, ptr [rip-0xaefe2]
 [tid:3539986] Invalid RTN mov edx, dword ptr [rcx+0xb0]
 [tid:3539986] Invalid RTN mov esi, edx
 [tid:3539986] Invalid RTN and esi, 0x120
 [tid:3539986] Invalid RTN cmp esi, 0x120
 [tid:3539986] Invalid RTN jz 0x7f3b26db1e90
 [tid:3539986] Invalid RTN ret 
 [tid:3539986] Invalid RTN mov ecx, dword ptr [rcx+0x17c]
 [tid:3539986] Invalid RTN test ch, 0x1
 [tid:3539986] Invalid RTN jz 0x7f3b26db1e88
 [tid:3539986] Invalid RTN test edx, edx
 [tid:3539986] Invalid RTN js 0x7f3b26db1ec8
 [tid:3539986] Invalid RTN lea rax, ptr [rip-0x2f466]
 [tid:3539986] Invalid RTN and dh, 0x8
 [tid:3539986] Invalid RTN jnz 0x7f3b26db1e88
 [tid:3539986] Invalid RTN and ch, 0x8
 [tid:3539986] Invalid RTN lea rdx, ptr [rip-0x37e85]
 [tid:3539986] Invalid RTN lea rax, ptr [rip-0xaf02c]
 [tid:3539986] Invalid RTN cmovz rax, rdx
 [tid:3539986] Invalid RTN ret 
 [tid:3539986] Invalid RTN nop edx, edi
 [tid:3539986] Invalid RTN mov rcx, qword ptr [rip+0x32f6cd]
 [tid:3539986] Invalid RTN lea rax, ptr [rip-0x7bd22]
 [tid:3539986] Invalid RTN mov edx, dword ptr [rcx+0x17c]
 [tid:3539986] Invalid RTN test dh, 0x30
 [tid:3539986] Invalid RTN jnz 0x7f3b26d6c813
 [tid:3539986] Invalid RTN mov esi, dword ptr [rcx+0xb0]
 [tid:3539986] Invalid RTN test esi, 0x10000
 [tid:3539986] Invalid RTN jnz 0x7f3b26d6c818
 [tid:3539986] Invalid RTN test dh, 0x1
 [tid:3539986] Invalid RTN jz 0x7f3b26d6c7f0
 [tid:3539986] Invalid RTN test esi, esi
 [tid:3539986] Invalid RTN js 0x7f3b26d6c868
 [tid:3539986] Invalid RTN test esi, 0x800
 [tid:3539986] Invalid RTN jz 0x7f3b26d6c7e0
 [tid:3539986] Invalid RTN and esi, 0x200
 [tid:3539986] Invalid RTN lea rdx, ptr [rip+0xf983]
 [tid:3539986] Invalid RTN lea rax, ptr [rip+0xf9ec]
 [tid:3539986] Invalid RTN cmovz rax, rdx
 [tid:3539986] Invalid RTN ret 
 [tid:3539986] Invalid RTN test dh, 0x8
 [tid:3539986] Invalid RTN jz 0x7f3b26d6c888
 [tid:3539986] Invalid RTN nop dword ptr [rax]
 [tid:3539986] Invalid RTN test byte ptr [rcx+0x95], 0x2
 [tid:3539986] Invalid RTN jz 0x7f3b26d6c848
 [tid:3539986] Invalid RTN test dl, 0x20
 [tid:3539986] Invalid RTN jnz 0x7f3b26d6c848
 [tid:3539986] Invalid RTN and esi, 0x200
 [tid:3539986] Invalid RTN lea rdx, ptr [rip+0x6fdb]
 [tid:3539986] Invalid RTN lea rax, ptr [rip+0x7044]
 [tid:3539986] Invalid RTN cmovz rax, rdx
 [tid:3539986] Invalid RTN ret 
 [tid:3539986] Invalid RTN nop edx, edi
 [tid:3539986] Invalid RTN mov rax, qword ptr [rip+0x32f99d]
 [tid:3539986] Invalid RTN mov ecx, dword ptr [rax+0xb0]
 [tid:3539986] Invalid RTN mov edx, dword ptr [rax+0x94]
 [tid:3539986] Invalid RTN test cl, 0x20
 [tid:3539986] Invalid RTN jz 0x7f3b26d6c510
 [tid:3539986] Invalid RTN test edx, 0x400000
 [tid:3539986] Invalid RTN jz 0x7f3b26d6c510
 [tid:3539986] Invalid RTN test ch, 0x1
 [tid:3539986] Invalid RTN jz 0x7f3b26d6c510
 [tid:3539986] Invalid RTN mov esi, dword ptr [rax+0x17c]
 [tid:3539986] Invalid RTN test esi, 0x100
 [tid:3539986] Invalid RTN jz 0x7f3b26d6c510
 [tid:3539986] Invalid RTN test ecx, ecx
 [tid:3539986] Invalid RTN js 0x7f3b26d6c530
 [tid:3539986] Invalid RTN lea rax, ptr [rip+0xf84e]
 [tid:3539986] Invalid RTN and ch, 0x8
 [tid:3539986] Invalid RTN jnz 0x7f3b26d6c525
 [tid:3539986] Invalid RTN and esi, 0x800
 [tid:3539986] Invalid RTN lea rax, ptr [rip+0x6f5c]
 [tid:3539986] Invalid RTN jz 0x7f3b26d6c525
 [tid:3539986] Invalid RTN nop word ptr [rax+rax*1]
 [tid:3539986] Invalid RTN and dh, 0x2
 [tid:3539986] Invalid RTN lea rax, ptr [rip-0x7bf1a]
 [tid:3539986] Invalid RTN lea rdx, ptr [rip+0x216df]
 [tid:3539986] Invalid RTN cmovnz rax, rdx
 [tid:3539986] Invalid RTN ret 
 [tid:3539986] Invalid RTN ret 
 [tid:3539986] Invalid RTN nop edx, edi
 [tid:3539986] Invalid RTN mov rdx, qword ptr [rip+0x33077d]
 [tid:3539986] Invalid RTN mov ecx, dword ptr [rdx+0xb0]
 [tid:3539986] Invalid RTN test cl, 0x20
 [tid:3539986] Invalid RTN jz 0x7f3b26d6b718
 [tid:3539986] Invalid RTN mov esi, dword ptr [rdx+0x17c]
 [tid:3539986] Invalid RTN test esi, 0x100
 [tid:3539986] Invalid RTN jz 0x7f3b26d6b718
 [tid:3539986] Invalid RTN test ecx, ecx
 [tid:3539986] Invalid RTN js 0x7f3b26d6b750
 [tid:3539986] Invalid RTN lea rax, ptr [rip+0x15b61]
 [tid:3539986] Invalid RTN and ch, 0x8
 [tid:3539986] Invalid RTN jnz 0x7f3b26d6b74b
 [tid:3539986] Invalid RTN and esi, 0x800
 [tid:3539986] Invalid RTN lea rax, ptr [rip+0xd19f]
 [tid:3539986] Invalid RTN jz 0x7f3b26d6b74b
 [tid:3539986] Invalid RTN nop dword ptr [rax+rax*1]
 [tid:3539986] Invalid RTN mov ecx, dword ptr [rdx+0x94]
 [tid:3539986] Invalid RTN test ecx, 0x100000
 [tid:3539986] Invalid RTN jz 0x7f3b26d6b736
 [tid:3539986] Invalid RTN ret 
 [tid:3539986] Invalid RTN nop edx, edi
 [tid:3539986] Invalid RTN mov rdx, qword ptr [rip+0x330ded]
 [tid:3539986] Invalid RTN mov ecx, dword ptr [rdx+0xb0]
 [tid:3539986] Invalid RTN mov esi, dword ptr [rdx+0x17c]
 [tid:3539986] Invalid RTN test cl, 0x20
 [tid:3539986] Invalid RTN jz 0x7f3b26d6b084
 [tid:3539986] Invalid RTN test esi, 0x100
 [tid:3539986] Invalid RTN jnz 0x7f3b26d6b0b0
 [tid:3539986] Invalid RTN and esi, 0x10
 [tid:3539986] Invalid RTN lea rax, ptr [rip-0x7211e]
 [tid:3539986] Invalid RTN jnz 0x7f3b26d6b0a9
 [tid:3539986] Invalid RTN test ecx, ecx
 [tid:3539986] Invalid RTN js 0x7f3b26d6b0d0
 [tid:3539986] Invalid RTN lea rax, ptr [rip+0x14195]
 [tid:3539986] Invalid RTN and ch, 0x8
 [tid:3539986] Invalid RTN jnz 0x7f3b26d6b0a9
 [tid:3539986] Invalid RTN lea rax, ptr [rip+0xb829]
 [tid:3539986] Invalid RTN test esi, 0x800
 [tid:3539986] Invalid RTN jnz 0x7f3b26d6b084
 [tid:3539986] Invalid RTN ret 
 [tid:3539986] Invalid RTN nop edx, edi
 [tid:3539986] Invalid RTN mov rdx, qword ptr [rip+0x32f7cd]
 [tid:3539986] Invalid RTN lea rax, ptr [rip-0x7b152]
 [tid:3539986] Invalid RTN mov ecx, dword ptr [rdx+0x17c]
 [tid:3539986] Invalid RTN test ch, 0x10
 [tid:3539986] Invalid RTN jnz 0x7f3b26d6c6f4
 [tid:3539986] Invalid RTN mov edx, dword ptr [rdx+0xb0]
 [tid:3539986] Invalid RTN test edx, 0x10000
 [tid:3539986] Invalid RTN jnz 0x7f3b26d6c6f8
 [tid:3539986] Invalid RTN mov eax, edx
 [tid:3539986] Invalid RTN and eax, 0x200
 [tid:3539986] Invalid RTN test dl, 0x20
 [tid:3539986] Invalid RTN jz 0x7f3b26d6c6e0
 [tid:3539986] Invalid RTN test edx, edx
 [tid:3539986] Invalid RTN js 0x7f3b26d6c748
 [tid:3539986] Invalid RTN and dh, 0x8
 [tid:3539986] Invalid RTN jnz 0x7f3b26d6c730
 [tid:3539986] Invalid RTN and ch, 0x8
 [tid:3539986] Invalid RTN jnz 0x7f3b26d6c6e0
 [tid:3539986] Invalid RTN test eax, eax
 [tid:3539986] Invalid RTN lea rdx, ptr [rip+0x7cbe]
 [tid:3539986] Invalid RTN lea rax, ptr [rip+0x7d67]
 [tid:3539986] Invalid RTN cmovz rax, rdx
 [tid:3539986] Invalid RTN ret 
 [tid:3539986] Invalid RTN nop edx, edi
 [tid:3539986] Invalid RTN mov rcx, qword ptr [rip+0x2ea06d]
 [tid:3539986] Invalid RTN lea rax, ptr [rip-0xaf0f2]
 [tid:3539986] Invalid RTN mov edx, dword ptr [rcx+0xb0]
 [tid:3539986] Invalid RTN mov esi, edx
 [tid:3539986] Invalid RTN and esi, 0x120
 [tid:3539986] Invalid RTN cmp esi, 0x120
 [tid:3539986] Invalid RTN jz 0x7f3b26db1e10
 [tid:3539986] Invalid RTN ret 
 [tid:3539986] Invalid RTN mov ecx, dword ptr [rcx+0x17c]
 [tid:3539986] Invalid RTN test ch, 0x1
 [tid:3539986] Invalid RTN jz 0x7f3b26db1e08
 [tid:3539986] Invalid RTN test edx, edx
 [tid:3539986] Invalid RTN js 0x7f3b26db1e48
 [tid:3539986] Invalid RTN lea rax, ptr [rip-0x2f626]
 [tid:3539986] Invalid RTN and dh, 0x8
 [tid:3539986] Invalid RTN jnz 0x7f3b26db1e08
 [tid:3539986] Invalid RTN and ch, 0x8
 [tid:3539986] Invalid RTN lea rdx, ptr [rip-0x38055]
 [tid:3539986] Invalid RTN lea rax, ptr [rip-0xaf13c]
 [tid:3539986] Invalid RTN cmovz rax, rdx
 [tid:3539986] Invalid RTN ret 
 [tid:3539986] Invalid RTN nop edx, edi
 [tid:3539986] Invalid RTN mov rcx, qword ptr [rip+0x33088d]
 [tid:3539986] Invalid RTN lea rax, ptr [rip-0x69232]
 [tid:3539986] Invalid RTN mov edx, dword ptr [rcx+0xb0]
 [tid:3539986] Invalid RTN mov esi, edx
 [tid:3539986] Invalid RTN and esi, 0x120
 [tid:3539986] Invalid RTN cmp esi, 0x120
 [tid:3539986] Invalid RTN jz 0x7f3b26d6b5f0
 [tid:3539986] Invalid RTN ret 
 [tid:3539986] Invalid RTN mov ecx, dword ptr [rcx+0x17c]
 [tid:3539986] Invalid RTN test ch, 0x1
 [tid:3539986] Invalid RTN jz 0x7f3b26d6b5e8
 [tid:3539986] Invalid RTN test edx, edx
 [tid:3539986] Invalid RTN js 0x7f3b26d6b628
 [tid:3539986] Invalid RTN lea rax, ptr [rip+0x16c5a]
 [tid:3539986] Invalid RTN and dh, 0x8
 [tid:3539986] Invalid RTN jnz 0x7f3b26d6b5e8
 [tid:3539986] Invalid RTN and ch, 0x8
 [tid:3539986] Invalid RTN lea rdx, ptr [rip+0xe24b]
 [tid:3539986] Invalid RTN lea rax, ptr [rip-0x6927c]
 [tid:3539986] Invalid RTN cmovz rax, rdx
 [tid:3539986] Invalid RTN ret 
 [tid:3539986] Invalid RTN nop edx, edi
 [tid:3539986] Invalid RTN mov rax, qword ptr [rip+0x330cad]
 [tid:3539986] Invalid RTN lea rdx, ptr [rip+0x453ce]
 [tid:3539986] Invalid RTN test byte ptr [rax+0x96], 0x10
 [tid:3539986] Invalid RTN lea rax, ptr [rip+0x45530]
 [tid:3539986] Invalid RTN cmovnz rax, rdx
 [tid:3539986] Invalid RTN ret 
 [tid:3539986] Invalid RTN nop edx, edi
 [tid:3539986] Invalid RTN mov rdx, qword ptr [rip+0x32f27d]
 [tid:3539986] Invalid RTN mov ecx, dword ptr [rdx+0xb0]
 [tid:3539986] Invalid RTN test cl, 0x20
 [tid:3539986] Invalid RTN jz 0x7f3b26d6cc18
 [tid:3539986] Invalid RTN mov esi, dword ptr [rdx+0x17c]
 [tid:3539986] Invalid RTN test esi, 0x100
 [tid:3539986] Invalid RTN jz 0x7f3b26d6cc18
 [tid:3539986] Invalid RTN test ecx, ecx
 [tid:3539986] Invalid RTN js 0x7f3b26d6cc50
 [tid:3539986] Invalid RTN lea rax, ptr [rip+0x130d1]
 [tid:3539986] Invalid RTN and ch, 0x8
 [tid:3539986] Invalid RTN jnz 0x7f3b26d6cc4b
 [tid:3539986] Invalid RTN and esi, 0x800
 [tid:3539986] Invalid RTN lea rax, ptr [rip+0xa74f]
 [tid:3539986] Invalid RTN jz 0x7f3b26d6cc4b
 [tid:3539986] Invalid RTN nop dword ptr [rax+rax*1]
 [tid:3539986] Invalid RTN mov ecx, dword ptr [rdx+0x94]
 [tid:3539986] Invalid RTN test ecx, 0x100000
 [tid:3539986] Invalid RTN jz 0x7f3b26d6cc36
 [tid:3539986] Invalid RTN ret 
 [tid:3539986] Invalid RTN nop edx, edi
 [tid:3539986] Invalid RTN mov rdx, qword ptr [rip+0x330d3d]
 [tid:3539986] Invalid RTN mov ecx, dword ptr [rdx+0xb0]
 [tid:3539986] Invalid RTN mov esi, dword ptr [rdx+0x17c]
 [tid:3539986] Invalid RTN test cl, 0x20
 [tid:3539986] Invalid RTN jz 0x7f3b26d6b134
 [tid:3539986] Invalid RTN test esi, 0x100
 [tid:3539986] Invalid RTN jnz 0x7f3b26d6b160
 [tid:3539986] Invalid RTN and esi, 0x10
 [tid:3539986] Invalid RTN lea rax, ptr [rip-0x71e2e]
 [tid:3539986] Invalid RTN jnz 0x7f3b26d6b159
 [tid:3539986] Invalid RTN test ecx, ecx
 [tid:3539986] Invalid RTN js 0x7f3b26d6b180
 [tid:3539986] Invalid RTN lea rax, ptr [rip+0x14645]
 [tid:3539986] Invalid RTN and ch, 0x8
 [tid:3539986] Invalid RTN jnz 0x7f3b26d6b159
 [tid:3539986] Invalid RTN lea rax, ptr [rip+0xbcd9]
 [tid:3539986] Invalid RTN test esi, 0x800
 [tid:3539986] Invalid RTN jnz 0x7f3b26d6b134
 [tid:3539986] Invalid RTN ret 
 [tid:3539986] Invalid RTN nop edx, edi
 [tid:3539986] Invalid RTN mov rcx, qword ptr [rip+0x32f03d]
 [tid:3539986] Invalid RTN lea rax, ptr [rip-0x7c382]
 [tid:3539986] Invalid RTN mov edx, dword ptr [rcx+0x17c]
 [tid:3539986] Invalid RTN test dh, 0x30
 [tid:3539986] Invalid RTN jnz 0x7f3b26d6cea3
 [tid:3539986] Invalid RTN mov esi, dword ptr [rcx+0xb0]
 [tid:3539986] Invalid RTN test esi, 0x10000
 [tid:3539986] Invalid RTN jnz 0x7f3b26d6cea8
 [tid:3539986] Invalid RTN test dh, 0x1
 [tid:3539986] Invalid RTN jz 0x7f3b26d6ce80
 [tid:3539986] Invalid RTN test esi, esi
 [tid:3539986] Invalid RTN js 0x7f3b26d6cef8
 [tid:3539986] Invalid RTN test esi, 0x800
 [tid:3539986] Invalid RTN jz 0x7f3b26d6ce70
 [tid:3539986] Invalid RTN and esi, 0x200
 [tid:3539986] Invalid RTN lea rdx, ptr [rip+0xf313]
 [tid:3539986] Invalid RTN lea rax, ptr [rip+0xf37c]
 [tid:3539986] Invalid RTN cmovz rax, rdx
 [tid:3539986] Invalid RTN ret 
 [tid:3539986] Invalid RTN test dh, 0x8
 [tid:3539986] Invalid RTN jz 0x7f3b26d6cf18
 [tid:3539986] Invalid RTN nop dword ptr [rax]
 [tid:3539986] Invalid RTN test byte ptr [rcx+0x95], 0x2
 [tid:3539986] Invalid RTN jz 0x7f3b26d6ced8
 [tid:3539986] Invalid RTN test dl, 0x20
 [tid:3539986] Invalid RTN jnz 0x7f3b26d6ced8
 [tid:3539986] Invalid RTN and esi, 0x200
 [tid:3539986] Invalid RTN lea rdx, ptr [rip+0x696b]
 [tid:3539986] Invalid RTN lea rax, ptr [rip+0x69d4]
 [tid:3539986] Invalid RTN cmovz rax, rdx
 [tid:3539986] Invalid RTN ret 
 [tid:3539986] Invalid RTN nop edx, edi
 [tid:3539986] Invalid RTN mov rdx, qword ptr [rip+0x2e856d]
 [tid:3539986] Invalid RTN mov ecx, dword ptr [rdx+0xb0]
 [tid:3539986] Invalid RTN mov eax, ecx
 [tid:3539986] Invalid RTN and eax, 0x120
 [tid:3539986] Invalid RTN cmp eax, 0x120
 [tid:3539986] Invalid RTN jz 0x7f3b26db3920
 [tid:3539986] Invalid RTN test byte ptr [rdx+0x96], 0x8
 [tid:3539986] Invalid RTN lea rax, ptr [rip+0xefd3]
 [tid:3539986] Invalid RTN lea rdx, ptr [rip-0xaf9d4]
 [tid:3539986] Invalid RTN cmovnz rax, rdx
 [tid:3539986] Invalid RTN ret 
 [tid:3539986] Invalid RTN mov esi, dword ptr [rdx+0x17c]
 [tid:3539986] Invalid RTN test esi, 0x100
 [tid:3539986] Invalid RTN jz 0x7f3b26db38ff
 [tid:3539986] Invalid RTN test ecx, ecx
 [tid:3539986] Invalid RTN js 0x7f3b26db3950
 [tid:3539986] Invalid RTN lea rax, ptr [rip-0x30199]
 [tid:3539986] Invalid RTN and ch, 0x8
 [tid:3539986] Invalid RTN jnz 0x7f3b26db3918
 [tid:3539986] Invalid RTN and esi, 0x800
 [tid:3539986] Invalid RTN lea rax, ptr [rip-0x38beb]
 [tid:3539986] Invalid RTN jnz 0x7f3b26db38ff
 [tid:3539986] Invalid RTN ret 
 [tid:3539986] Invalid RTN nop edx, edi
 [tid:3539986] Invalid RTN mov rdx, qword ptr [rip+0x2e97bd]
 [tid:3539986] Invalid RTN lea rax, ptr [rip-0xc1212]
 [tid:3539986] Invalid RTN mov ecx, dword ptr [rdx+0xb0]
 [tid:3539986] Invalid RTN test cl, 0x20
 [tid:3539986] Invalid RTN jz 0x7f3b26db26dd
 [tid:3539986] Invalid RTN mov edx, dword ptr [rdx+0x17c]
 [tid:3539986] Invalid RTN test dh, 0x1
 [tid:3539986] Invalid RTN jz 0x7f3b26db26dd
 [tid:3539986] Invalid RTN test ecx, ecx
 [tid:3539986] Invalid RTN js 0x7f3b26db26e0
 [tid:3539986] Invalid RTN lea rax, ptr [rip-0x35ab3]
 [tid:3539986] Invalid RTN and ch, 0x8
 [tid:3539986] Invalid RTN jnz 0x7f3b26db26dd
 [tid:3539986] Invalid RTN and dh, 0x8
 [tid:3539986] Invalid RTN lea rax, ptr [rip-0xc1242]
 [tid:3539986] Invalid RTN lea rdx, ptr [rip-0x3e3c9]
 [tid:3539986] Invalid RTN cmovz rax, rdx
 [tid:3539986] Invalid RTN ret 
 [tid:3539986] Invalid RTN nop edx, edi
 [tid:3539986] Invalid RTN mov rax, qword ptr [rip+0x3305cd]
 [tid:3539986] Invalid RTN lea rdx, ptr [rip+0x4508e]
 [tid:3539986] Invalid RTN test byte ptr [rax+0x96], 0x10
 [tid:3539986] Invalid RTN lea rax, ptr [rip+0x451b0]
 [tid:3539986] Invalid RTN cmovnz rax, rdx
 [tid:3539986] Invalid RTN ret 
 [tid:3539986] Invalid RTN nop edx, edi
 [tid:3539986] Invalid RTN mov rax, qword ptr [rip+0x330e6d]
 [tid:3539986] Invalid RTN mov edx, dword ptr [rax+0xb0]
 [tid:3539986] Invalid RTN mov ecx, dword ptr [rax+0x17c]
 [tid:3539986] Invalid RTN mov eax, edx
 [tid:3539986] Invalid RTN and eax, 0x120
 [tid:3539986] Invalid RTN cmp eax, 0x120
 [tid:3539986] Invalid RTN jz 0x7f3b26d6b020
 [tid:3539986] Invalid RTN and ecx, 0x40
 [tid:3539986] Invalid RTN lea rax, ptr [rip-0x7392f]
 [tid:3539986] Invalid RTN lea rdx, ptr [rip+0x2435a]
 [tid:3539986] Invalid RTN cmovnz rax, rdx
 [tid:3539986] Invalid RTN ret 
 [tid:3539986] Invalid RTN test ch, 0x1
 [tid:3539986] Invalid RTN jz 0x7f3b26d6b005
 [tid:3539986] Invalid RTN test edx, edx
 [tid:3539986] Invalid RTN js 0x7f3b26d6b048
 [tid:3539986] Invalid RTN lea rax, ptr [rip+0x13df0]
 [tid:3539986] Invalid RTN and dh, 0x8
 [tid:3539986] Invalid RTN jnz 0x7f3b26d6b01a
 [tid:3539986] Invalid RTN lea rax, ptr [rip+0xb484]
 [tid:3539986] Invalid RTN test ch, 0x8
 [tid:3539986] Invalid RTN jnz 0x7f3b26d6b005
 [tid:3539986] Invalid RTN ret 
 [tid:3539986] Invalid RTN nop edx, edi
 [tid:3539986] Invalid RTN mov rcx, qword ptr [rip+0x33090d]
 [tid:3539986] Invalid RTN lea rax, ptr [rip-0x71c12]
 [tid:3539986] Invalid RTN mov edx, dword ptr [rcx+0xb0]
 [tid:3539986] Invalid RTN mov esi, edx
 [tid:3539986] Invalid RTN and esi, 0x120
 [tid:3539986] Invalid RTN cmp esi, 0x120
 [tid:3539986] Invalid RTN jz 0x7f3b26d6b570
 [tid:3539986] Invalid RTN ret 
 [tid:3539986] Invalid RTN mov ecx, dword ptr [rcx+0x17c]
 [tid:3539986] Invalid RTN test ch, 0x1
 [tid:3539986] Invalid RTN jz 0x7f3b26d6b568
 [tid:3539986] Invalid RTN test edx, edx
 [tid:3539986] Invalid RTN js 0x7f3b26d6b5a8
 [tid:3539986] Invalid RTN lea rax, ptr [rip+0x145da]
 [tid:3539986] Invalid RTN and dh, 0x8
 [tid:3539986] Invalid RTN jnz 0x7f3b26d6b568
 [tid:3539986] Invalid RTN and ch, 0x8
 [tid:3539986] Invalid RTN lea rdx, ptr [rip+0xbc4b]
 [tid:3539986] Invalid RTN lea rax, ptr [rip-0x71c5c]
 [tid:3539986] Invalid RTN cmovz rax, rdx
 [tid:3539986] Invalid RTN ret 
 [tid:3539986] Invalid RTN nop edx, edi
 [tid:3539986] Invalid RTN mov rcx, qword ptr [rip+0x328fdd]
 [tid:3539986] Invalid RTN lea rax, ptr [rip-0x81de2]
 [tid:3539986] Invalid RTN mov edx, dword ptr [rcx+0xb0]
 [tid:3539986] Invalid RTN mov esi, edx
 [tid:3539986] Invalid RTN and esi, 0x120
 [tid:3539986] Invalid RTN cmp esi, 0x120
 [tid:3539986] Invalid RTN jz 0x7f3b26d72ea0
 [tid:3539986] Invalid RTN ret 
 [tid:3539986] Invalid RTN mov ecx, dword ptr [rcx+0x17c]
 [tid:3539986] Invalid RTN test ch, 0x1
 [tid:3539986] Invalid RTN jz 0x7f3b26d72e98
 [tid:3539986] Invalid RTN test edx, edx
 [tid:3539986] Invalid RTN js 0x7f3b26d72ed8
 [tid:3539986] Invalid RTN lea rax, ptr [rip+0x99ba]
 [tid:3539986] Invalid RTN and dh, 0x8
 [tid:3539986] Invalid RTN jnz 0x7f3b26d72e98
 [tid:3539986] Invalid RTN and ch, 0x8
 [tid:3539986] Invalid RTN lea rdx, ptr [rip+0x10bb]
 [tid:3539986] Invalid RTN lea rax, ptr [rip-0x81e2c]
 [tid:3539986] Invalid RTN cmovz rax, rdx
 [tid:3539986] Invalid RTN ret 
 [tid:3539986] Invalid RTN nop edx, edi
 [tid:3539986] Invalid RTN mov rdx, qword ptr [rip+0x32f1dd]
 [tid:3539986] Invalid RTN mov ecx, dword ptr [rdx+0xb0]
 [tid:3539986] Invalid RTN test cl, 0x20
 [tid:3539986] Invalid RTN jz 0x7f3b26d6ccb8
 [tid:3539986] Invalid RTN mov esi, dword ptr [rdx+0x17c]
 [tid:3539986] Invalid RTN test esi, 0x100
 [tid:3539986] Invalid RTN jz 0x7f3b26d6ccb8
 [tid:3539986] Invalid RTN test ecx, ecx
 [tid:3539986] Invalid RTN js 0x7f3b26d6ccf0
 [tid:3539986] Invalid RTN lea rax, ptr [rip+0x110d1]
 [tid:3539986] Invalid RTN and ch, 0x8
 [tid:3539986] Invalid RTN jnz 0x7f3b26d6cceb
 [tid:3539986] Invalid RTN and esi, 0x800
 [tid:3539986] Invalid RTN lea rax, ptr [rip+0x878f]
 [tid:3539986] Invalid RTN jz 0x7f3b26d6cceb
 [tid:3539986] Invalid RTN nop dword ptr [rax+rax*1]
 [tid:3539986] Invalid RTN mov ecx, dword ptr [rdx+0x94]
 [tid:3539986] Invalid RTN test ecx, 0x100000
 [tid:3539986] Invalid RTN jz 0x7f3b26d6ccd6
 [tid:3539986] Invalid RTN ret 
 [tid:3539986] Invalid RTN nop edx, edi
 [tid:3539986] Invalid RTN mov rcx, qword ptr [rip+0x32fa2d]
 [tid:3539986] Invalid RTN lea rax, ptr [rip-0x7c162]
 [tid:3539986] Invalid RTN mov edx, dword ptr [rcx+0xb0]
 [tid:3539986] Invalid RTN mov esi, edx
 [tid:3539986] Invalid RTN and esi, 0x120
 [tid:3539986] Invalid RTN cmp esi, 0x120
 [tid:3539986] Invalid RTN jz 0x7f3b26d6c450
 [tid:3539986] Invalid RTN ret 
 [tid:3539986] Invalid RTN mov ecx, dword ptr [rcx+0x17c]
 [tid:3539986] Invalid RTN test ch, 0x1
 [tid:3539986] Invalid RTN jz 0x7f3b26d6c448
 [tid:3539986] Invalid RTN mov esi, edx
 [tid:3539986] Invalid RTN and esi, 0x800
 [tid:3539986] Invalid RTN test edx, edx
 [tid:3539986] Invalid RTN js 0x7f3b26d6c490
 [tid:3539986] Invalid RTN lea rax, ptr [rip+0xf612]
 [tid:3539986] Invalid RTN test esi, esi
 [tid:3539986] Invalid RTN jnz 0x7f3b26d6c448
 [tid:3539986] Invalid RTN and ch, 0x8
 [tid:3539986] Invalid RTN lea rdx, ptr [rip+0x6d04]
 [tid:3539986] Invalid RTN lea rax, ptr [rip-0x7c1b3]
 [tid:3539986] Invalid RTN cmovz rax, rdx
 [tid:3539986] Invalid RTN ret 
 [tid:3539986] Invalid RTN nop edx, edi
 [tid:3539986] Invalid RTN mov rdx, qword ptr [rip+0x2e9e9d]
 [tid:3539986] Invalid RTN mov ecx, dword ptr [rdx+0xb0]
 [tid:3539986] Invalid RTN mov eax, ecx
 [tid:3539986] Invalid RTN and eax, 0x120
 [tid:3539986] Invalid RTN cmp eax, 0x120
 [tid:3539986] Invalid RTN jz 0x7f3b26db1ff0
 [tid:3539986] Invalid RTN test byte ptr [rdx+0x96], 0x8
 [tid:3539986] Invalid RTN lea rax, ptr [rip-0xae47d]
 [tid:3539986] Invalid RTN lea rdx, ptr [rip-0xae244]
 [tid:3539986] Invalid RTN cmovnz rax, rdx
 [tid:3539986] Invalid RTN ret 
 [tid:3539986] Invalid RTN mov esi, dword ptr [rdx+0x17c]
 [tid:3539986] Invalid RTN test esi, 0x100
 [tid:3539986] Invalid RTN jz 0x7f3b26db1fcf
 [tid:3539986] Invalid RTN test ecx, ecx
 [tid:3539986] Invalid RTN js 0x7f3b26db2020
 [tid:3539986] Invalid RTN lea rax, ptr [rip-0x2f0a9]
 [tid:3539986] Invalid RTN and ch, 0x8
 [tid:3539986] Invalid RTN jnz 0x7f3b26db1fe8
 [tid:3539986] Invalid RTN and esi, 0x800
 [tid:3539986] Invalid RTN lea rax, ptr [rip-0x37adb]
 [tid:3539986] Invalid RTN jnz 0x7f3b26db1fcf
 [tid:3539986] Invalid RTN ret 
 [tid:3539986] Invalid RTN nop edx, edi
 [tid:3539986] Invalid RTN mov rax, qword ptr [rip+0x33030d]
 [tid:3539986] Invalid RTN lea rdx, ptr [rip+0x44f1e]
 [tid:3539986] Invalid RTN test byte ptr [rax+0x96], 0x10
 [tid:3539986] Invalid RTN lea rax, ptr [rip+0x45030]
 [tid:3539986] Invalid RTN cmovnz rax, rdx
 [tid:3539986] Invalid RTN ret 
 [tid:3539986] Invalid RTN nop edx, edi
 [tid:3539986] Invalid RTN mov rdx, qword ptr [rip+0x32f3ad]
 [tid:3539986] Invalid RTN mov ecx, dword ptr [rdx+0xb0]
 [tid:3539986] Invalid RTN mov esi, dword ptr [rdx+0x17c]
 [tid:3539986] Invalid RTN test cl, 0x20
 [tid:3539986] Invalid RTN jz 0x7f3b26d6cac4
 [tid:3539986] Invalid RTN test esi, 0x100
 [tid:3539986] Invalid RTN jnz 0x7f3b26d6caf0
 [tid:3539986] Invalid RTN and esi, 0x10
 [tid:3539986] Invalid RTN lea rax, ptr [rip-0x7aa4e]
 [tid:3539986] Invalid RTN jnz 0x7f3b26d6cae9
 [tid:3539986] Invalid RTN test ecx, ecx
 [tid:3539986] Invalid RTN js 0x7f3b26d6cb10
 [tid:3539986] Invalid RTN lea rax, ptr [rip+0x108a5]
 [tid:3539986] Invalid RTN and ch, 0x8
 [tid:3539986] Invalid RTN jnz 0x7f3b26d6cae9
 [tid:3539986] Invalid RTN lea rax, ptr [rip+0x7f99]
 [tid:3539986] Invalid RTN test esi, 0x800
 [tid:3539986] Invalid RTN jnz 0x7f3b26d6cac4
 [tid:3539986] Invalid RTN ret 
 [tid:3539986] Invalid RTN nop edx, edi
 [tid:3539986] Invalid RTN mov rdx, qword ptr [rip+0x32f43d]
 [tid:3539986] Invalid RTN mov ecx, dword ptr [rdx+0xb0]
 [tid:3539986] Invalid RTN mov esi, dword ptr [rdx+0x17c]
 [tid:3539986] Invalid RTN test cl, 0x20
 [tid:3539986] Invalid RTN jz 0x7f3b26d6ca34
 [tid:3539986] Invalid RTN test esi, 0x100
 [tid:3539986] Invalid RTN jnz 0x7f3b26d6ca60
 [tid:3539986] Invalid RTN and esi, 0x10
 [tid:3539986] Invalid RTN lea rax, ptr [rip-0x7b07e]
 [tid:3539986] Invalid RTN jnz 0x7f3b26d6ca59
 [tid:3539986] Invalid RTN test ecx, ecx
 [tid:3539986] Invalid RTN js 0x7f3b26d6ca80
 [tid:3539986] Invalid RTN lea rax, ptr [rip+0x10575]
 [tid:3539986] Invalid RTN and ch, 0x8
 [tid:3539986] Invalid RTN jnz 0x7f3b26d6ca59
 [tid:3539986] Invalid RTN lea rax, ptr [rip+0x7c79]
 [tid:3539986] Invalid RTN test esi, 0x800
 [tid:3539986] Invalid RTN jnz 0x7f3b26d6ca34
 [tid:3539986] Invalid RTN ret 
 [tid:3539986] Invalid RTN nop edx, edi
 [tid:3539986] Invalid RTN mov rcx, qword ptr [rip+0x32dabd]
 [tid:3539986] Invalid RTN lea rax, ptr [rip-0x76a92]
 [tid:3539986] Invalid RTN mov edx, dword ptr [rcx+0xb0]
 [tid:3539986] Invalid RTN mov esi, edx
 [tid:3539986] Invalid RTN and esi, 0x120
 [tid:3539986] Invalid RTN cmp esi, 0x120
 [tid:3539986] Invalid RTN jz 0x7f3b26d6e3c0
 [tid:3539986] Invalid RTN ret 
 [tid:3539986] Invalid RTN mov ecx, dword ptr [rcx+0x17c]
 [tid:3539986] Invalid RTN test ch, 0x1
 [tid:3539986] Invalid RTN jz 0x7f3b26d6e3b8
 [tid:3539986] Invalid RTN test edx, edx
 [tid:3539986] Invalid RTN js 0x7f3b26d6e3f8
 [tid:3539986] Invalid RTN lea rax, ptr [rip+0x10c8a]
 [tid:3539986] Invalid RTN and dh, 0x8
 [tid:3539986] Invalid RTN jnz 0x7f3b26d6e3b8
 [tid:3539986] Invalid RTN and ch, 0x8
 [tid:3539986] Invalid RTN lea rdx, ptr [rip+0x831b]
 [tid:3539986] Invalid RTN lea rax, ptr [rip-0x76adc]
 [tid:3539986] Invalid RTN cmovz rax, rdx
 [tid:3539986] Invalid RTN ret 
 [tid:3539986] Invalid RTN nop edx, edi
 [tid:3539986] Invalid RTN mov rdx, qword ptr [rip+0x32f13d]
 [tid:3539986] Invalid RTN mov ecx, dword ptr [rdx+0xb0]
 [tid:3539986] Invalid RTN test cl, 0x20
 [tid:3539986] Invalid RTN jz 0x7f3b26d6cd58
 [tid:3539986] Invalid RTN mov esi, dword ptr [rdx+0x17c]
 [tid:3539986] Invalid RTN test esi, 0x100
 [tid:3539986] Invalid RTN jz 0x7f3b26d6cd58
 [tid:3539986] Invalid RTN test ecx, ecx
 [tid:3539986] Invalid RTN js 0x7f3b26d6cd90
 [tid:3539986] Invalid RTN lea rax, ptr [rip+0x12fa1]
 [tid:3539986] Invalid RTN and ch, 0x8
 [tid:3539986] Invalid RTN jnz 0x7f3b26d6cd8b
 [tid:3539986] Invalid RTN and esi, 0x800
 [tid:3539986] Invalid RTN lea rax, ptr [rip+0xa61f]
 [tid:3539986] Invalid RTN jz 0x7f3b26d6cd8b
 [tid:3539986] Invalid RTN nop dword ptr [rax+rax*1]
 [tid:3539986] Invalid RTN mov ecx, dword ptr [rdx+0x94]
 [tid:3539986] Invalid RTN test ecx, 0x100000
 [tid:3539986] Invalid RTN jz 0x7f3b26d6cd76
 [tid:3539986] Invalid RTN ret 
 [tid:3539986] Invalid RTN nop edx, edi
 [tid:3539986] Invalid RTN sub rsp, 0x28
 [tid:3539986] Invalid RTN mov esi, 0x32
 [tid:3539986] Invalid RTN lea rax, ptr [rip+0x9e2f4]
 [tid:3539986] Invalid RTN mov edx, 0x5f
 [tid:3539986] Invalid RTN mov qword ptr [rsp], rax
 [tid:3539986] Invalid RTN lea rcx, ptr [rip+0x9e2e9]
 [tid:3539986] Invalid RTN mov rax, 0x103ae75f6
 [tid:3539986] Invalid RTN mov qword ptr [rsp+0x8], rax
 [tid:3539986] Invalid RTN mov eax, 0x50e3a8
 [tid:3539986] Invalid RTN shl rax, 0x4
 [tid:3539986] Invalid RTN add rcx, 0x1
 [tid:3539986] Invalid RTN add rax, rdx
 [tid:3539986] Invalid RTN mov rdx, rax
 [tid:3539986] Invalid RTN shr rdx, 0x18
 [tid:3539986] Invalid RTN and edx, 0xf0
 [tid:3539986] Invalid RTN xor rax, rdx
 [tid:3539986] Invalid RTN test sil, sil
 [tid:3539986] Invalid RTN jz 0x7f3b26dc39e8
 [tid:3539986] Invalid RTN movzx edx, sil
 [tid:3539986] Invalid RTN movzx esi, byte ptr [rcx+0x1]
 [tid:3539986] Invalid RTN jmp 0x7f3b26dc39b8
 [tid:3539986] Invalid RTN shl rax, 0x4
 [tid:3539986] Invalid RTN add rcx, 0x1
 [tid:3539986] Invalid RTN add rax, rdx
 [tid:3539986] Invalid RTN mov rdx, rax
 [tid:3539986] Invalid RTN shr rdx, 0x18
 [tid:3539986] Invalid RTN and edx, 0xf0
 [tid:3539986] Invalid RTN xor rax, rdx
 [tid:3539986] Invalid RTN test sil, sil
 [tid:3539986] Invalid RTN jz 0x7f3b26dc39e8
 [tid:3539986] Invalid RTN movzx edx, sil
 [tid:3539986] Invalid RTN movzx esi, byte ptr [rcx+0x1]
 [tid:3539986] Invalid RTN jmp 0x7f3b26dc39b8
 [tid:3539986] Invalid RTN and eax, 0xfffffff
 [tid:3539986] Invalid RTN cmp rax, 0x3ae75f6
 [tid:3539986] Invalid RTN jnz 0x7f3b26dc3a20
 [tid:3539986] Invalid RTN mov rsi, rsp
 [tid:3539986] Invalid RTN lea rdi, ptr [rip+0x9fc9e]
 [tid:3539986] Invalid RTN mov qword ptr [rsp+0x10], 0x0
 [tid:3539986] Invalid RTN call 0x7f3b26e45710
 [tid:3539986] Invalid RTN lea rdx, ptr [rip-0xc4]
 [tid:3539986] Invalid RTN test rax, rax
 [tid:3539986] Invalid RTN cmovz rax, rdx
 [tid:3539986] Invalid RTN add rsp, 0x28
 [tid:3539986] Invalid RTN ret 
 [tid:3539986] Invalid RTN nop edx, edi
 [tid:3539986] Invalid RTN jmp 0x7f3b26d13430
 [tid:3539986] Invalid RTN nop edx, edi
 [tid:3539986] Invalid RTN mov rax, qword ptr [rip+0x388985]
 [tid:3539986] Invalid RTN mov rcx, qword ptr [rip+0x3889be]
 [tid:3539986] Invalid RTN mov rax, qword ptr fs:[rax]
 [tid:3539986] Invalid RTN mov rax, qword ptr [rax]
 [tid:3539986] Invalid RTN mov rsi, qword ptr [rax+0x40]
 [tid:3539986] Invalid RTN lea rdx, ptr [rsi+0x100]
 [tid:3539986] Invalid RTN mov qword ptr fs:[rcx], rdx
 [tid:3539986] Invalid RTN mov rdi, qword ptr [rax+0x48]
 [tid:3539986] Invalid RTN mov rcx, qword ptr [rip+0x388a85]
 [tid:3539986] Invalid RTN lea rdx, ptr [rdi+0x200]
 [tid:3539986] Invalid RTN mov qword ptr fs:[rcx], rdx
 [tid:3539986] Invalid RTN mov rax, qword ptr [rax+0x58]
 [tid:3539986] Invalid RTN mov rdx, qword ptr [rip+0x388aaf]
 [tid:3539986] Invalid RTN add rax, 0x200
 [tid:3539986] Invalid RTN mov qword ptr fs:[rdx], rax
 [tid:3539986] Invalid RTN ret 
 [tid:3539986] Exe register_tm_clones
 [tid:3539986] INSTSELECTOR: instruction to be included lea rdi, ptr [rip+0x202771]
 [tid:3539986] ins:lea rdi, ptr [rip+0x202771]
 [tid:3539986] reg:rdi
 [tid:3539986] Exe register_tm_clones
 [tid:3539986] INSTSELECTOR: instruction to be included lea rsi, ptr [rip+0x20276a]
 [tid:3539986] ins:lea rsi, ptr [rip+0x20276a]
 [tid:3539986] reg:rsi
 [tid:3539986] Exe register_tm_clones
 [tid:3539986] INSTSELECTOR: instruction to be included sub rsi, rdi
 [tid:3539986] ins:sub rsi, rdi
 [tid:3539986] reg:rsi
 [tid:3539986] Exe register_tm_clones
 [tid:3539986] INSTSELECTOR: instruction to be included sar rsi, 0x3
 [tid:3539986] ins:sar rsi, 0x3
 [tid:3539986] reg:rsi
 [tid:3539986] Exe register_tm_clones
 [tid:3539986] INSTSELECTOR: instruction to be included mov rax, rsi
 [tid:3539986] ins:mov rax, rsi
 [tid:3539986] reg:rax
 [tid:3539986] Exe register_tm_clones
 [tid:3539986] INSTSELECTOR: instruction to be included shr rax, 0x3f
 [tid:3539986] ins:shr rax, 0x3f
 [tid:3539986] reg:rax
 [tid:3539986] Exe register_tm_clones
 [tid:3539986] INSTSELECTOR: instruction to be included add rsi, rax
 [tid:3539986] ins:add rsi, rax
 [tid:3539986] reg:rsi
 [tid:3539986] Exe register_tm_clones
 [tid:3539986] INSTSELECTOR: instruction to be included sar rsi, 0x1
 [tid:3539986] ins:sar rsi, 0x1
 [tid:3539986] reg:rsi
 [tid:3539986] Exe register_tm_clones
 [tid:3539986] Exe register_tm_clones
 [tid:3539986] INSTSELECTOR: instruction to be included mov rax, qword ptr [rip+0x2026ad]
 [tid:3539986] ins:mov rax, qword ptr [rip+0x2026ad]
 [tid:3539986] reg:rax
 [tid:3539986] Exe register_tm_clones
 [tid:3539986] INSTSELECTOR: instruction to be included test rax, rax
 [tid:3539986] ins:test rax, rax
 [tid:3539986] reg:rflags
 [tid:3539986] Exe register_tm_clones
 [tid:3539986] Exe register_tm_clones
 [tid:3539986] Exe register_tm_clones
 [tid:3539986] Exe main
 [tid:3539986] INSTSELECTOR: instruction to be included push rbp
 [tid:3539986] ins:push rbp
 [tid:3539986] reg:rsp
 [tid:3539986] Exe main
 [tid:3539986] INSTSELECTOR: instruction to be included mov rbp, rsp
 [tid:3539986] ins:mov rbp, rsp
 [tid:3539986] reg:rbp
 [tid:3539986] Exe main
 [tid:3539986] INSTSELECTOR: instruction to be included sub rsp, 0x150
 [tid:3539986] ins:sub rsp, 0x150
 [tid:3539986] reg:rsp
 [tid:3539986] Exe main
 [tid:3539986] INSTSELECTOR: instruction to be included mov eax, 0xffffffff
 [tid:3539986] ins:mov eax, 0xffffffff
 [tid:3539986] reg:eax
 [tid:3539986] Exe main
 [tid:3539986] Exe main
 [tid:3539986] INSTSELECTOR: instruction to be included lea rdi, ptr [rip+0x125e]
 [tid:3539986] ins:lea rdi, ptr [rip+0x125e]
 [tid:3539986] reg:rdi
 [tid:3539986] Exe main
 [tid:3539986] INSTSELECTOR: instruction to be included lea rsi, ptr [rip+0x12a2]
 [tid:3539986] ins:lea rsi, ptr [rip+0x12a2]
 [tid:3539986] reg:rsi
 [tid:3539986] Exe main
 [tid:3539986] Exe main
 [tid:3539986] Exe main
 [tid:3539986] INSTSELECTOR: instruction to be included xor eax, eax
 [tid:3539986] ins:xor eax, eax
 [tid:3539986] reg:eax
 [tid:3539986] Exe main
 [tid:3539986] INSTSELECTOR: instruction to be included test al, 0x1
 [tid:3539986] ins:test al, 0x1
 [tid:3539986] reg:rflags
 [tid:3539986] Exe main
 [tid:3539986] Exe main
 [tid:3539986] Exe main
 [tid:3539986] INSTSELECTOR: instruction to be included mov edi, 0x28
 [tid:3539986] ins:mov edi, 0x28
 [tid:3539986] reg:edi
 [tid:3539986] Exe main
 [tid:3539986] Exe main
 [tid:3539986] Exe main
 [tid:3539986] INSTSELECTOR: instruction to be included cmp rax, 0x0
 [tid:3539986] ins:cmp rax, 0x0
 [tid:3539986] reg:rflags
 [tid:3539986] Exe main
 [tid:3539986] Exe main
 [tid:3539986] INSTSELECTOR: instruction to be included lea rdi, ptr [rip+0x1278]
 [tid:3539986] ins:lea rdi, ptr [rip+0x1278]
 [tid:3539986] reg:rdi
 [tid:3539986] Exe main
 [tid:3539986] Exe main
 [tid:3539986] INSTSELECTOR: instruction to be included mov rdi, qword ptr [rbp-0x8]
 [tid:3539986] ins:mov rdi, qword ptr [rbp-0x8]
 [tid:3539986] reg:rdi
 [tid:3539986] Exe main
 [tid:3539986] Exe main
 [tid:3539986] INSTSELECTOR: instruction to be included xor esi, esi
 [tid:3539986] ins:xor esi, esi
 [tid:3539986] reg:esi
 [tid:3539986] Exe main
 [tid:3539986] INSTSELECTOR: instruction to be included mov edx, 0x28
 [tid:3539986] ins:mov edx, 0x28
 [tid:3539986] reg:edx
 [tid:3539986] Exe main
 [tid:3539986] Exe main
 [tid:3539986] INSTSELECTOR: instruction to be included mov edi, 0x10
 [tid:3539986] ins:mov edi, 0x10
 [tid:3539986] reg:edi
 [tid:3539986] Exe main
 [tid:3539986] Exe main
 [tid:3539986] INSTSELECTOR: instruction to be included mov rcx, qword ptr [rbp-0xd0]
 [tid:3539986] ins:mov rcx, qword ptr [rbp-0xd0]
 [tid:3539986] reg:rcx
 [tid:3539986] Exe main
 [tid:3539986] Exe main
 [tid:3539986] INSTSELECTOR: instruction to be included cmp rax, 0x0
 [tid:3539986] ins:cmp rax, 0x0
 [tid:3539986] reg:rflags
 [tid:3539986] Exe main
 [tid:3539986] Exe main
 [tid:3539986] INSTSELECTOR: instruction to be included lea rdi, ptr [rip+0x124a]
 [tid:3539986] ins:lea rdi, ptr [rip+0x124a]
 [tid:3539986] reg:rdi
 [tid:3539986] Exe main
 [tid:3539986] Exe main
 [tid:3539986] INSTSELECTOR: instruction to be included mov rax, qword ptr [rbp-0x8]
 [tid:3539986] ins:mov rax, qword ptr [rbp-0x8]
 [tid:3539986] reg:rax
 [tid:3539986] Exe main
 [tid:3539986] Exe main
 [tid:3539986] INSTSELECTOR: instruction to be included mov rdi, qword ptr [rax+0x8]
 [tid:3539986] ins:mov rdi, qword ptr [rax+0x8]
 [tid:3539986] reg:rdi
 [tid:3539986] Exe main
 [tid:3539986] INSTSELECTOR: instruction to be included xor esi, esi
 [tid:3539986] ins:xor esi, esi
 [tid:3539986] reg:esi
 [tid:3539986] Exe main
 [tid:3539986] INSTSELECTOR: instruction to be included mov edx, 0x10
 [tid:3539986] ins:mov edx, 0x10
 [tid:3539986] reg:edx
 [tid:3539986] Exe main
 [tid:3539986] Exe main
 [tid:3539986] INSTSELECTOR: instruction to be included mov rax, qword ptr [rbp-0xe0]
 [tid:3539986] ins:mov rax, qword ptr [rbp-0xe0]
 [tid:3539986] reg:rax
 [tid:3539986] Exe main
 [tid:3539986] INSTSELECTOR: instruction to be included mov rax, qword ptr [rax+0x8]
 [tid:3539986] ins:mov rax, qword ptr [rax+0x8]
 [tid:3539986] reg:rax
 [tid:3539986] Exe main
 [tid:3539986] Exe main
 [tid:3539986] Exe main
 [tid:3539986] INSTSELECTOR: instruction to be included mov edi, 0x10
 [tid:3539986] ins:mov edi, 0x10
 [tid:3539986] reg:edi
 [tid:3539986] Exe main
 [tid:3539986] Exe main
 [tid:3539986] INSTSELECTOR: instruction to be included mov rcx, qword ptr [rbp-0xd8]
 [tid:3539986] ins:mov rcx, qword ptr [rbp-0xd8]
 [tid:3539986] reg:rcx
 [tid:3539986] Exe main
 [tid:3539986] Exe main
 [tid:3539986] INSTSELECTOR: instruction to be included cmp rax, 0x0
 [tid:3539986] ins:cmp rax, 0x0
 [tid:3539986] reg:rflags
 [tid:3539986] Exe main
 [tid:3539986] Exe main
 [tid:3539986] INSTSELECTOR: instruction to be included lea rdi, ptr [rip+0x1207]
 [tid:3539986] ins:lea rdi, ptr [rip+0x1207]
 [tid:3539986] reg:rdi
 [tid:3539986] Exe main
 [tid:3539986] Exe main
 [tid:3539986] INSTSELECTOR: instruction to be included mov rax, qword ptr [rbp-0x20]
 [tid:3539986] ins:mov rax, qword ptr [rbp-0x20]
 [tid:3539986] reg:rax
 [tid:3539986] Exe main
 [tid:3539986] INSTSELECTOR: instruction to be included mov rax, qword ptr [rax+0x8]
 [tid:3539986] ins:mov rax, qword ptr [rax+0x8]
 [tid:3539986] reg:rax
 [tid:3539986] Exe main
 [tid:3539986] Exe main
 [tid:3539986] INSTSELECTOR: instruction to be included mov rax, qword ptr [rbp-0x8]
 [tid:3539986] ins:mov rax, qword ptr [rbp-0x8]
 [tid:3539986] reg:rax
 [tid:3539986] Exe main
 [tid:3539986] Exe main
 [tid:3539986] Exe main
 [tid:3539986] Exe main
 [tid:3539986] INSTSELECTOR: instruction to be included mov rax, qword ptr [rbp-0x28]
 [tid:3539986] ins:mov rax, qword ptr [rbp-0x28]
 [tid:3539986] reg:rax
 [tid:3539986] Exe main
 [tid:3539986] Exe main
 [tid:3539986] INSTSELECTOR: instruction to be included mov rax, qword ptr [rbp-0xc0]
 [tid:3539986] ins:mov rax, qword ptr [rbp-0xc0]
 [tid:3539986] reg:rax
 [tid:3539986] Exe main
 [tid:3539986] Exe main
 [tid:3539986] INSTSELECTOR: instruction to be included mov rax, qword ptr [rbp-0x8]
 [tid:3539986] ins:mov rax, qword ptr [rbp-0x8]
 [tid:3539986] reg:rax
 [tid:3539986] Exe main
 [tid:3539986] Exe main
 [tid:3539986] INSTSELECTOR: instruction to be included mov rax, qword ptr [rbp-0x10]
 [tid:3539986] ins:mov rax, qword ptr [rbp-0x10]
 [tid:3539986] reg:rax
 [tid:3539986] Exe main
 [tid:3539986] INSTSELECTOR: instruction to be included mov rcx, qword ptr [rbp-0x20]
 [tid:3539986] ins:mov rcx, qword ptr [rbp-0x20]
 [tid:3539986] reg:rcx
 [tid:3539986] Exe main
 [tid:3539986] INSTSELECTOR: instruction to be included mov rdx, qword ptr [rbp-0x18]
 [tid:3539986] ins:mov rdx, qword ptr [rbp-0x18]
 [tid:3539986] reg:rdx
 [tid:3539986] Exe main
 [tid:3539986] Exe main
 [tid:3539986] Exe main
 [tid:3539986] Exe main
 [tid:3539986] INSTSELECTOR: instruction to be included mov rdx, qword ptr [rbp-0x110]
 [tid:3539986] ins:mov rdx, qword ptr [rbp-0x110]
 [tid:3539986] reg:rdx
 [tid:3539986] Exe main
 [tid:3539986] INSTSELECTOR: instruction to be included mov rax, qword ptr [rbp-0xf8]
 [tid:3539986] ins:mov rax, qword ptr [rbp-0xf8]
 [tid:3539986] reg:rax
 [tid:3539986] Exe main
 [tid:3539986] INSTSELECTOR: instruction to be included mov rcx, qword ptr [rbp-0xf0]
 [tid:3539986] ins:mov rcx, qword ptr [rbp-0xf0]
 [tid:3539986] reg:rcx
 [tid:3539986] Exe main
 [tid:3539986] INSTSELECTOR: instruction to be included mov rsi, qword ptr [rbp-0xe8]
 [tid:3539986] ins:mov rsi, qword ptr [rbp-0xe8]
 [tid:3539986] reg:rsi
 [tid:3539986] Exe main
 [tid:3539986] Exe main
 [tid:3539986] Exe main
 [tid:3539986] Exe main
 [tid:3539986] INSTSELECTOR: instruction to be included lea rdi, ptr [rbp-0xb0]
 [tid:3539986] ins:lea rdi, ptr [rbp-0xb0]
 [tid:3539986] reg:rdi
 [tid:3539986] Exe main
 [tid:3539986] INSTSELECTOR: instruction to be included mov esi, 0x80
 [tid:3539986] ins:mov esi, 0x80
 [tid:3539986] reg:esi
 [tid:3539986] Exe main
 [tid:3539986] Exe main
 [tid:3539986] INSTSELECTOR: instruction to be included cmp rax, 0x0
 [tid:3539986] ins:cmp rax, 0x0
 [tid:3539986] reg:rflags
 [tid:3539986] Exe main
 [tid:3539986] Exe main
 [tid:3539986] INSTSELECTOR: instruction to be included lea rdi, ptr [rbp-0xb0]
 [tid:3539986] ins:lea rdi, ptr [rbp-0xb0]
 [tid:3539986] reg:rdi
 [tid:3539986] Exe main
 [tid:3539986] INSTSELECTOR: instruction to be included lea rsi, ptr [rip+0x1165]
 [tid:3539986] ins:lea rsi, ptr [rip+0x1165]
 [tid:3539986] reg:rsi
 [tid:3539986] Exe main
 [tid:3539986] INSTSELECTOR: instruction to be included lea rdx, ptr [rbp-0xc4]
 [tid:3539986] ins:lea rdx, ptr [rbp-0xc4]
 [tid:3539986] reg:rdx
 [tid:3539986] Exe main
 [tid:3539986] INSTSELECTOR: instruction to be included lea rcx, ptr [rbp-0xb4]
 [tid:3539986] ins:lea rcx, ptr [rbp-0xb4]
 [tid:3539986] reg:rcx
 [tid:3539986] Exe main
 [tid:3539986] INSTSELECTOR: instruction to be included mov al, 0x0
 [tid:3539986] ins:mov al, 0x0
 [tid:3539986] reg:al
 [tid:3539986] Exe main
 [tid:3539986] Exe main
 [tid:3539986] INSTSELECTOR: instruction to be included mov edi, 0x28
 [tid:3539986] ins:mov edi, 0x28
 [tid:3539986] reg:edi
 [tid:3539986] Exe main
 [tid:3539986] Exe main
 [tid:3539986] Exe main
 [tid:3539986] INSTSELECTOR: instruction to be included cmp rax, 0x0
 [tid:3539986] ins:cmp rax, 0x0
 [tid:3539986] reg:rflags
 [tid:3539986] Exe main
 [tid:3539986] Exe main
 [tid:3539986] INSTSELECTOR: instruction to be included mov rax, qword ptr [rbp-0x118]
 [tid:3539986] ins:mov rax, qword ptr [rbp-0x118]
 [tid:3539986] reg:rax
 [tid:3539986] Exe main
 [tid:3539986] INSTSELECTOR: instruction to be included mov rcx, qword ptr [rbp-0x120]
 [tid:3539986] ins:mov rcx, qword ptr [rbp-0x120]
 [tid:3539986] reg:rcx
 [tid:3539986] Exe main
 [tid:3539986] INSTSELECTOR: instruction to be included mov rdx, qword ptr [rbp-0x130]
 [tid:3539986] ins:mov rdx, qword ptr [rbp-0x130]
 [tid:3539986] reg:rdx
 [tid:3539986] Exe main
 [tid:3539986] Exe main
 [tid:3539986] Exe main
 [tid:3539986] Exe main
 [tid:3539986] INSTSELECTOR: instruction to be included lea rdi, ptr [rip+0x10bb]
 [tid:3539986] ins:lea rdi, ptr [rip+0x10bb]
 [tid:3539986] reg:rdi
 [tid:3539986] Exe main
 [tid:3539986] Exe main
 [tid:3539986] INSTSELECTOR: instruction to be included mov rdi, qword ptr [rbp-0x130]
 [tid:3539986] ins:mov rdi, qword ptr [rbp-0x130]
 [tid:3539986] reg:rdi
 [tid:3539986] Exe main
 [tid:3539986] INSTSELECTOR: instruction to be included xor esi, esi
 [tid:3539986] ins:xor esi, esi
 [tid:3539986] reg:esi
 [tid:3539986] Exe main
 [tid:3539986] INSTSELECTOR: instruction to be included mov edx, 0x28
 [tid:3539986] ins:mov edx, 0x28
 [tid:3539986] reg:edx
 [tid:3539986] Exe main
 [tid:3539986] Exe main
 [tid:3539986] INSTSELECTOR: instruction to be included mov edi, 0x10
 [tid:3539986] ins:mov edi, 0x10
 [tid:3539986] reg:edi
 [tid:3539986] Exe main
 [tid:3539986] Exe main
 [tid:3539986] INSTSELECTOR: instruction to be included mov rcx, qword ptr [rbp-0x130]
 [tid:3539986] ins:mov rcx, qword ptr [rbp-0x130]
 [tid:3539986] reg:rcx
 [tid:3539986] Exe main
 [tid:3539986] Exe main
 [tid:3539986] INSTSELECTOR: instruction to be included cmp rax, 0x0
 [tid:3539986] ins:cmp rax, 0x0
 [tid:3539986] reg:rflags
 [tid:3539986] Exe main
 [tid:3539986] Exe main
 [tid:3539986] INSTSELECTOR: instruction to be included mov rax, qword ptr [rbp-0x118]
 [tid:3539986] ins:mov rax, qword ptr [rbp-0x118]
 [tid:3539986] reg:rax
 [tid:3539986] Exe main
 [tid:3539986] INSTSELECTOR: instruction to be included mov rcx, qword ptr [rbp-0x120]
 [tid:3539986] ins:mov rcx, qword ptr [rbp-0x120]
 [tid:3539986] reg:rcx
 [tid:3539986] Exe main
 [tid:3539986] INSTSELECTOR: instruction to be included mov rdx, qword ptr [rbp-0x130]
 [tid:3539986] ins:mov rdx, qword ptr [rbp-0x130]
 [tid:3539986] reg:rdx
 [tid:3539986] Exe main
 [tid:3539986] Exe main
 [tid:3539986] Exe main
 [tid:3539986] Exe main
 [tid:3539986] INSTSELECTOR: instruction to be included lea rdi, ptr [rip+0x1070]
 [tid:3539986] ins:lea rdi, ptr [rip+0x1070]
 [tid:3539986] reg:rdi
 [tid:3539986] Exe main
 [tid:3539986] Exe main
 [tid:3539986] INSTSELECTOR: instruction to be included mov rax, qword ptr [rbp-0x130]
 [tid:3539986] ins:mov rax, qword ptr [rbp-0x130]
 [tid:3539986] reg:rax
 [tid:3539986] Exe main
 [tid:3539986] INSTSELECTOR: instruction to be included mov rdi, qword ptr [rax+0x8]
 [tid:3539986] ins:mov rdi, qword ptr [rax+0x8]
 [tid:3539986] reg:rdi
 [tid:3539986] Exe main
 [tid:3539986] INSTSELECTOR: instruction to be included xor esi, esi
 [tid:3539986] ins:xor esi, esi
 [tid:3539986] reg:esi
 [tid:3539986] Exe main
 [tid:3539986] INSTSELECTOR: instruction to be included mov edx, 0x10
 [tid:3539986] ins:mov edx, 0x10
 [tid:3539986] reg:edx
 [tid:3539986] Exe main
 [tid:3539986] Exe main
 [tid:3539986] INSTSELECTOR: instruction to be included mov rax, qword ptr [rbp-0x130]
 [tid:3539986] ins:mov rax, qword ptr [rbp-0x130]
 [tid:3539986] reg:rax
 [tid:3539986] Exe main
 [tid:3539986] INSTSELECTOR: instruction to be included mov rax, qword ptr [rax+0x8]
 [tid:3539986] ins:mov rax, qword ptr [rax+0x8]
 [tid:3539986] reg:rax
 [tid:3539986] Exe main
 [tid:3539986] Exe main
 [tid:3539986] INSTSELECTOR: instruction to be included mov edi, 0x10
 [tid:3539986] ins:mov edi, 0x10
 [tid:3539986] reg:edi
 [tid:3539986] Exe main
 [tid:3539986] Exe main
 [tid:3539986] INSTSELECTOR: instruction to be included mov rcx, qword ptr [rbp-0x138]
 [tid:3539986] ins:mov rcx, qword ptr [rbp-0x138]
 [tid:3539986] reg:rcx
 [tid:3539986] Exe main
 [tid:3539986] Exe main
 [tid:3539986] INSTSELECTOR: instruction to be included cmp rax, 0x0
 [tid:3539986] ins:cmp rax, 0x0
 [tid:3539986] reg:rflags
 [tid:3539986] Exe main
 [tid:3539986] Exe main
 [tid:3539986] INSTSELECTOR: instruction to be included mov rax, qword ptr [rbp-0x118]
 [tid:3539986] ins:mov rax, qword ptr [rbp-0x118]
 [tid:3539986] reg:rax
 [tid:3539986] Exe main
 [tid:3539986] INSTSELECTOR: instruction to be included mov rcx, qword ptr [rbp-0x138]
 [tid:3539986] ins:mov rcx, qword ptr [rbp-0x138]
 [tid:3539986] reg:rcx
 [tid:3539986] Exe main
 [tid:3539986] INSTSELECTOR: instruction to be included mov rdx, qword ptr [rbp-0x130]
 [tid:3539986] ins:mov rdx, qword ptr [rbp-0x130]
 [tid:3539986] reg:rdx
 [tid:3539986] Exe main
 [tid:3539986] Exe main
 [tid:3539986] Exe main
 [tid:3539986] Exe main
 [tid:3539986] INSTSELECTOR: instruction to be included lea rdi, ptr [rip+0x1014]
 [tid:3539986] ins:lea rdi, ptr [rip+0x1014]
 [tid:3539986] reg:rdi
 [tid:3539986] Exe main
 [tid:3539986] Exe main
 [tid:3539986] INSTSELECTOR: instruction to be included mov rax, qword ptr [rbp-0x130]
 [tid:3539986] ins:mov rax, qword ptr [rbp-0x130]
 [tid:3539986] reg:rax
 [tid:3539986] Exe main
 [tid:3539986] INSTSELECTOR: instruction to be included mov edi, dword ptr [rbp-0x104]
 [tid:3539986] ins:mov edi, dword ptr [rbp-0x104]
 [tid:3539986] reg:edi
 [tid:3539986] Exe main
 [tid:3539986] INSTSELECTOR: instruction to be included mov rcx, qword ptr [rbp-0x138]
 [tid:3539986] ins:mov rcx, qword ptr [rbp-0x138]
 [tid:3539986] reg:rcx
 [tid:3539986] Exe main
 [tid:3539986] INSTSELECTOR: instruction to be included mov rcx, qword ptr [rcx+0x8]
 [tid:3539986] ins:mov rcx, qword ptr [rcx+0x8]
 [tid:3539986] reg:rcx
 [tid:3539986] Exe main
 [tid:3539986] Exe main
 [tid:3539986] INSTSELECTOR: instruction to be included mov ecx, dword ptr [rbp-0xb4]
 [tid:3539986] ins:mov ecx, dword ptr [rbp-0xb4]
 [tid:3539986] reg:ecx
 [tid:3539986] Exe main
 [tid:3539986] Exe main
 [tid:3539986] Exe main
 [tid:3539986] INSTSELECTOR: instruction to be included mov rsi, qword ptr [rbp-0x100]
 [tid:3539986] ins:mov rsi, qword ptr [rbp-0x100]
 [tid:3539986] reg:rsi
 [tid:3539986] Exe main
 [tid:3539986] INSTSELECTOR: instruction to be included mov ecx, eax
 [tid:3539986] ins:mov ecx, eax
 [tid:3539986] reg:ecx
 [tid:3539986] Exe main
 [tid:3539986] INSTSELECTOR: instruction to be included mov rax, qword ptr [rbp-0x130]
 [tid:3539986] ins:mov rax, qword ptr [rbp-0x130]
 [tid:3539986] reg:rax
 [tid:3539986] Exe main
 [tid:3539986] INSTSELECTOR: instruction to be included mov ecx, ecx
 [tid:3539986] ins:mov ecx, ecx
 [tid:3539986] reg:ecx
 [tid:3539986] Exe main
 [tid:3539986] INSTSELECTOR: instruction to be included mov rax, qword ptr [rax+0x8]
 [tid:3539986] ins:mov rax, qword ptr [rax+0x8]
 [tid:3539986] reg:rax
 [tid:3539986] Exe main
 [tid:3539986] Exe main
 [tid:3539986] INSTSELECTOR: instruction to be included mov eax, dword ptr [rbp-0xb4]
 [tid:3539986] ins:mov eax, dword ptr [rbp-0xb4]
 [tid:3539986] reg:eax
 [tid:3539986] Exe main
 [tid:3539986] INSTSELECTOR: instruction to be included mov edi, eax
 [tid:3539986] ins:mov edi, eax
 [tid:3539986] reg:edi
 [tid:3539986] Exe main
 [tid:3539986] Exe pat_search
 [tid:3539986] INSTSELECTOR: instruction to be included push rbp
 [tid:3539986] ins:push rbp
 [tid:3539986] reg:rsp
 [tid:3539986] Exe pat_search
 [tid:3539986] INSTSELECTOR: instruction to be included mov rbp, rsp
 [tid:3539986] ins:mov rbp, rsp
 [tid:3539986] reg:rbp
 [tid:3539986] Exe pat_search
 [tid:3539986] INSTSELECTOR: instruction to be included sub rsp, 0x80
 [tid:3539986] ins:sub rsp, 0x80
 [tid:3539986] reg:rsp
 [tid:3539986] Exe pat_search
 [tid:3539986] Exe pat_search
 [tid:3539986] Exe pat_search
 [tid:3539986] Exe pat_search
 [tid:3539986] INSTSELECTOR: instruction to be included cmp rsi, 0x0
 [tid:3539986] ins:cmp rsi, 0x0
 [tid:3539986] reg:rflags
 [tid:3539986] Exe pat_search
 [tid:3539986] Exe pat_search
 [tid:3539986] INSTSELECTOR: instruction to be included xor eax, eax
 [tid:3539986] ins:xor eax, eax
 [tid:3539986] reg:eax
 [tid:3539986] Exe pat_search
 [tid:3539986] Exe pat_search
 [tid:3539986] Exe pat_search
 [tid:3539986] INSTSELECTOR: instruction to be included mov rax, qword ptr [rbp-0x8]
 [tid:3539986] ins:mov rax, qword ptr [rbp-0x8]
 [tid:3539986] reg:rax
 [tid:3539986] Exe pat_search
 [tid:3539986] Exe pat_search
 [tid:3539986] INSTSELECTOR: instruction to be included mov rax, qword ptr [rbp-0x18]
 [tid:3539986] ins:mov rax, qword ptr [rbp-0x18]
 [tid:3539986] reg:rax
 [tid:3539986] Exe pat_search
 [tid:3539986] INSTSELECTOR: instruction to be included mov rcx, qword ptr [rbp-0x10]
 [tid:3539986] ins:mov rcx, qword ptr [rbp-0x10]
 [tid:3539986] reg:rcx
 [tid:3539986] Exe pat_search
 [tid:3539986] Exe pat_search
 [tid:3539986] Exe pat_search
 [tid:3539986] INSTSELECTOR: instruction to be included mov rdx, qword ptr [rbp-0x38]
 [tid:3539986] ins:mov rdx, qword ptr [rbp-0x38]
 [tid:3539986] reg:rdx
 [tid:3539986] Exe pat_search
 [tid:3539986] INSTSELECTOR: instruction to be included mov rax, qword ptr [rbp-0x30]
 [tid:3539986] ins:mov rax, qword ptr [rbp-0x30]
 [tid:3539986] reg:rax
 [tid:3539986] Exe pat_search
 [tid:3539986] INSTSELECTOR: instruction to be included mov rsi, qword ptr [rbp-0x28]
 [tid:3539986] ins:mov rsi, qword ptr [rbp-0x28]
 [tid:3539986] reg:rsi
 [tid:3539986] Exe pat_search
 [tid:3539986] Exe pat_search
 [tid:3539986] INSTSELECTOR: instruction to be included mov rcx, qword ptr [rsi]
 [tid:3539986] ins:mov rcx, qword ptr [rsi]
 [tid:3539986] reg:rcx
 [tid:3539986] Exe pat_search
 [tid:3539986] INSTSELECTOR: instruction to be included mov rsi, qword ptr [rsi+0x8]
 [tid:3539986] ins:mov rsi, qword ptr [rsi+0x8]
 [tid:3539986] reg:rsi
 [tid:3539986] Exe pat_search
 [tid:3539986] INSTSELECTOR: instruction to be included and rdx, qword ptr [rsi]
 [tid:3539986] ins:and rdx, qword ptr [rsi]
 [tid:3539986] reg:rdx
 [tid:3539986] Exe pat_search
 [tid:3539986] INSTSELECTOR: instruction to be included cmp rcx, rdx
 [tid:3539986] ins:cmp rcx, rdx
 [tid:3539986] reg:rflags
 [tid:3539986] NORMAL FLAG REG: inst cmp rcx, rdx
 [tid:3539986] Exe pat_search
 [tid:3539986] Exe pat_search
 [tid:3539986] Exe pat_search
 [tid:3539986] INSTSELECTOR: instruction to be included mov rax, qword ptr [rbp-0x48]
 [tid:3539986] ins:mov rax, qword ptr [rbp-0x48]
 [tid:3539986] reg:rax
 [tid:3539986] Exe pat_search
 [tid:3539986] Exe pat_search
 [tid:3539986] Exe pat_search
 [tid:3539986] INSTSELECTOR: instruction to be included mov rsi, qword ptr [rbp-0x38]
 [tid:3539986] ins:mov rsi, qword ptr [rbp-0x38]
 [tid:3539986] reg:rsi
 [tid:3539986] Exe pat_search
 [tid:3539986] INSTSELECTOR: instruction to be included mov rax, qword ptr [rbp-0x48]
 [tid:3539986] ins:mov rax, qword ptr [rbp-0x48]
 [tid:3539986] reg:rax
 [tid:3539986] Exe pat_search
 [tid:3539986] INSTSELECTOR: instruction to be included mov rcx, qword ptr [rbp-0x40]
 [tid:3539986] ins:mov rcx, qword ptr [rbp-0x40]
 [tid:3539986] reg:rcx
 [tid:3539986] Exe pat_search
 [tid:3539986] Exe pat_search
 [tid:3539986] INSTSELECTOR: instruction to be included mov al, byte ptr [rax+0x11]
 [tid:3539986] ins:mov al, byte ptr [rax+0x11]
 [tid:3539986] reg:al
 [tid:3539986] Exe pat_search
 [tid:3539986] Exe pat_search
 [tid:3539986] INSTSELECTOR: instruction to be included movsx edi, al
 [tid:3539986] ins:movsx edi, al
 [tid:3539986] reg:edi
 [tid:3539986] Exe pat_search
 [tid:3539986] Exe bit
 [tid:3539986] INSTSELECTOR: instruction to be included push rbp
 [tid:3539986] ins:push rbp
 [tid:3539986] reg:rsp
 [tid:3539986] Exe bit
 [tid:3539986] INSTSELECTOR: instruction to be included mov rbp, rsp
 [tid:3539986] ins:mov rbp, rsp
 [tid:3539986] reg:rbp
 [tid:3539986] Exe bit
 [tid:3539986] INSTSELECTOR: instruction to be included mov rax, rsi
 [tid:3539986] ins:mov rax, rsi
 [tid:3539986] reg:rax
 [tid:3539986] Exe bit
 [tid:3539986] INSTSELECTOR: instruction to be included mov ecx, edi
 [tid:3539986] ins:mov ecx, edi
 [tid:3539986] reg:ecx
 [tid:3539986] Exe bit
 [tid:3539986] INSTSELECTOR: instruction to be included mov edx, 0x80000000
 [tid:3539986] ins:mov edx, 0x80000000
 [tid:3539986] reg:edx
 [tid:3539986] Exe bit
 [tid:3539986] INSTSELECTOR: instruction to be included shr edx, cl
 [tid:3539986] ins:shr edx, cl
 [tid:3539986] reg:edx
 [tid:3539986] Exe bit
 [tid:3539986] INSTSELECTOR: instruction to be included mov ecx, edx
 [tid:3539986] ins:mov ecx, edx
 [tid:3539986] reg:ecx
 [tid:3539986] Exe bit
 [tid:3539986] INSTSELECTOR: instruction to be included movsxd rcx, ecx
 [tid:3539986] ins:movsxd rcx, ecx
 [tid:3539986] reg:rcx
 [tid:3539986] Exe bit
 [tid:3539986] INSTSELECTOR: instruction to be included and rax, rcx
 [tid:3539986] ins:and rax, rcx
 [tid:3539986] reg:rax
 [tid:3539986] Exe bit
 [tid:3539986] INSTSELECTOR: instruction to be included pop rbp
 [tid:3539986] ins:pop rbp
 [tid:3539986] reg:rsp
 [tid:3539986] Exe bit
 [tid:3539986] Exe pat_search
 [tid:3539986] INSTSELECTOR: instruction to be included cmp rax, 0x0
 [tid:3539986] ins:cmp rax, 0x0
 [tid:3539986] reg:rflags
 [tid:3539986] Exe pat_search
 [tid:3539986] Exe pat_search
 [tid:3539986] INSTSELECTOR: instruction to be included mov rax, qword ptr [rbp-0x48]
 [tid:3539986] ins:mov rax, qword ptr [rbp-0x48]
 [tid:3539986] reg:rax
 [tid:3539986] Exe pat_search
 [tid:3539986] INSTSELECTOR: instruction to be included add rax, 0x20
 [tid:3539986] ins:add rax, 0x20
 [tid:3539986] reg:rax
 [tid:3539986] Exe pat_search
 [tid:3539986] Exe pat_search
 [tid:3539986] Exe pat_search
 [tid:3539986] INSTSELECTOR: instruction to be included mov rax, qword ptr [rbp-0x48]
 [tid:3539986] ins:mov rax, qword ptr [rbp-0x48]
 [tid:3539986] reg:rax
 [tid:3539986] Exe pat_search
 [tid:3539986] INSTSELECTOR: instruction to be included add rax, 0x18
 [tid:3539986] ins:add rax, 0x18
 [tid:3539986] reg:rax
 [tid:3539986] Exe pat_search
 [tid:3539986] Exe pat_search
 [tid:3539986] INSTSELECTOR: instruction to be included mov rax, qword ptr [rbp-0x60]
 [tid:3539986] ins:mov rax, qword ptr [rbp-0x60]
 [tid:3539986] reg:rax
 [tid:3539986] Exe pat_search
 [tid:3539986] Exe pat_search
 [tid:3539986] INSTSELECTOR: instruction to be included mov rcx, qword ptr [rbp-0x58]
 [tid:3539986] ins:mov rcx, qword ptr [rbp-0x58]
 [tid:3539986] reg:rcx
 [tid:3539986] Exe pat_search
 [tid:3539986] INSTSELECTOR: instruction to be included mov dl, byte ptr [rbp-0x49]
 [tid:3539986] ins:mov dl, byte ptr [rbp-0x49]
 [tid:3539986] reg:dl
 [tid:3539986] Exe pat_search
 [tid:3539986] INSTSELECTOR: instruction to be included mov rax, qword ptr [rbp-0x68]
 [tid:3539986] ins:mov rax, qword ptr [rbp-0x68]
 [tid:3539986] reg:rax
 [tid:3539986] Exe pat_search
 [tid:3539986] INSTSELECTOR: instruction to be included mov rax, qword ptr [rax]
 [tid:3539986] ins:mov rax, qword ptr [rax]
 [tid:3539986] reg:rax
 [tid:3539986] Exe pat_search
 [tid:3539986] Exe pat_search
 [tid:3539986] INSTSELECTOR: instruction to be included cmp dl, byte ptr [rax+0x11]
 [tid:3539986] ins:cmp dl, byte ptr [rax+0x11]
 [tid:3539986] reg:rflags
 [tid:3539986] NORMAL FLAG REG: inst cmp dl, byte ptr [rax+0x11]
 [tid:3539986] Exe pat_search
 [tid:3539986] Exe pat_search
 [tid:3539986] Exe pat_search
 [tid:3539986] Exe pat_search
 [tid:3539986] INSTSELECTOR: instruction to be included mov rdx, qword ptr [rbp-0x70]
 [tid:3539986] ins:mov rdx, qword ptr [rbp-0x70]
 [tid:3539986] reg:rdx
 [tid:3539986] Exe pat_search
 [tid:3539986] INSTSELECTOR: instruction to be included mov rax, qword ptr [rbp-0x58]
 [tid:3539986] ins:mov rax, qword ptr [rbp-0x58]
 [tid:3539986] reg:rax
 [tid:3539986] Exe pat_search
 [tid:3539986] Exe pat_search
 [tid:3539986] Exe pat_search
 [tid:3539986] INSTSELECTOR: instruction to be included mov rax, qword ptr [rdx]
 [tid:3539986] ins:mov rax, qword ptr [rdx]
 [tid:3539986] reg:rax
 [tid:3539986] Exe pat_search
 [tid:3539986] INSTSELECTOR: instruction to be included mov rcx, qword ptr [rbp-0x8]
 [tid:3539986] ins:mov rcx, qword ptr [rbp-0x8]
 [tid:3539986] reg:rcx
 [tid:3539986] Exe pat_search
 [tid:3539986] INSTSELECTOR: instruction to be included mov rdx, qword ptr [rdx+0x8]
 [tid:3539986] ins:mov rdx, qword ptr [rdx+0x8]
 [tid:3539986] reg:rdx
 [tid:3539986] Exe pat_search
 [tid:3539986] INSTSELECTOR: instruction to be included and rcx, qword ptr [rdx]
 [tid:3539986] ins:and rcx, qword ptr [rdx]
 [tid:3539986] reg:rcx
 [tid:3539986] Exe pat_search
 [tid:3539986] INSTSELECTOR: instruction to be included cmp rax, rcx
 [tid:3539986] ins:cmp rax, rcx
 [tid:3539986] reg:rflags
 [tid:3539986] Exe pat_search
 [tid:3539986] Exe pat_search
 [tid:3539986] INSTSELECTOR: instruction to be included mov rax, qword ptr [rbp-0x18]
 [tid:3539986] ins:mov rax, qword ptr [rbp-0x18]
 [tid:3539986] reg:rax
 [tid:3539986] Exe pat_search
 [tid:3539986] Exe pat_search
 [tid:3539986] Exe pat_search
 [tid:3539986] INSTSELECTOR: instruction to be included mov rax, qword ptr [rbp-0x78]
 [tid:3539986] ins:mov rax, qword ptr [rbp-0x78]
 [tid:3539986] reg:rax
 [tid:3539986] Exe pat_search
 [tid:3539986] Exe pat_search
 [tid:3539986] INSTSELECTOR: instruction to be included mov rax, qword ptr [rbp-0x20]
 [tid:3539986] ins:mov rax, qword ptr [rbp-0x20]
 [tid:3539986] reg:rax
 [tid:3539986] Exe pat_search
 [tid:3539986] INSTSELECTOR: instruction to be included add rsp, 0x80
 [tid:3539986] ins:add rsp, 0x80
 [tid:3539986] reg:rsp
 [tid:3539986] Exe pat_search
 [tid:3539986] INSTSELECTOR: instruction to be included pop rbp
 [tid:3539986] ins:pop rbp
 [tid:3539986] reg:rbp
 [tid:3539986] Exe pat_search
 [tid:3539986] Exe main
 [tid:3539986] Exe main
 [tid:3539986] INSTSELECTOR: instruction to be included mov rax, qword ptr [rax]
 [tid:3539986] ins:mov rax, qword ptr [rax]
 [tid:3539986] reg:rax
 [tid:3539986] Exe main
 [tid:3539986] INSTSELECTOR: instruction to be included mov ecx, dword ptr [rbp-0xb4]
 [tid:3539986] ins:mov ecx, dword ptr [rbp-0xb4]
 [tid:3539986] reg:ecx
 [tid:3539986] Exe main
 [tid:3539986] INSTSELECTOR: instruction to be included cmp rax, rcx
 [tid:3539986] ins:cmp rax, rcx
 [tid:3539986] reg:rflags
 [tid:3539986] Exe main
 [tid:3539986] Exe main
 [tid:3539986] INSTSELECTOR: instruction to be included movss xmm0, dword ptr [rbp-0xc4]
 [tid:3539986] ins:movss xmm0, dword ptr [rbp-0xc4]
 [tid:3539986] reg:xmm0
 [tid:3539986] Exe main
 [tid:3539986] INSTSELECTOR: instruction to be included cvtss2sd xmm0, xmm0
 [tid:3539986] ins:cvtss2sd xmm0, xmm0
 [tid:3539986] reg:xmm0
 [tid:3539986] Exe main
 [tid:3539986] INSTSELECTOR: instruction to be included mov esi, dword ptr [rbp-0xb4]
 [tid:3539986] ins:mov esi, dword ptr [rbp-0xb4]
 [tid:3539986] reg:esi
 [tid:3539986] Exe main
 [tid:3539986] INSTSELECTOR: instruction to be included lea rdi, ptr [rip+0xfb4]
 [tid:3539986] ins:lea rdi, ptr [rip+0xfb4]
 [tid:3539986] reg:rdi
 [tid:3539986] Exe main
 [tid:3539986] INSTSELECTOR: instruction to be included mov al, 0x1
 [tid:3539986] ins:mov al, 0x1
 [tid:3539986] reg:al
 [tid:3539986] Exe main
 [tid:3539986] Exe main
 [tid:3539986] INSTSELECTOR: instruction to be included mov rsi, qword ptr [rbp-0x100]
 [tid:3539986] ins:mov rsi, qword ptr [rbp-0x100]
 [tid:3539986] reg:rsi
 [tid:3539986] Exe main
 [tid:3539986] INSTSELECTOR: instruction to be included mov rdi, qword ptr [rbp-0x130]
 [tid:3539986] ins:mov rdi, qword ptr [rbp-0x130]
 [tid:3539986] reg:rdi
 [tid:3539986] Exe main
 [tid:3539986] Exe pat_insert
 [tid:3539986] INSTSELECTOR: instruction to be included push rbp
 [tid:3539986] ins:push rbp
 [tid:3539986] reg:rsp
 [tid:3539986] Exe pat_insert
 [tid:3539986] INSTSELECTOR: instruction to be included mov rbp, rsp
 [tid:3539986] ins:mov rbp, rsp
 [tid:3539986] reg:rbp
 [tid:3539986] Exe pat_insert
 [tid:3539986] INSTSELECTOR: instruction to be included sub rsp, 0x150
 [tid:3539986] ins:sub rsp, 0x150
 [tid:3539986] reg:rsp
 [tid:3539986] Exe pat_insert
 [tid:3539986] Exe pat_insert
 [tid:3539986] Exe pat_insert
 [tid:3539986] INSTSELECTOR: instruction to be included cmp rsi, 0x0
 [tid:3539986] ins:cmp rsi, 0x0
 [tid:3539986] reg:rflags
 [tid:3539986] Exe pat_insert
 [tid:3539986] Exe pat_insert
 [tid:3539986] INSTSELECTOR: instruction to be included cmp qword ptr [rbp-0x10], 0x0
 [tid:3539986] ins:cmp qword ptr [rbp-0x10], 0x0
 [tid:3539986] reg:rflags
 [tid:3539986] Exe pat_insert
 [tid:3539986] Exe pat_insert
 [tid:3539986] INSTSELECTOR: instruction to be included mov rax, qword ptr [rbp-0x10]
 [tid:3539986] ins:mov rax, qword ptr [rbp-0x10]
 [tid:3539986] reg:rax
 [tid:3539986] Exe pat_insert
 [tid:3539986] INSTSELECTOR: instruction to be included cmp qword ptr [rax+0x8], 0x0
 [tid:3539986] ins:cmp qword ptr [rax+0x8], 0x0
 [tid:3539986] reg:rflags
 [tid:3539986] Exe pat_insert
 [tid:3539986] Exe pat_insert
 [tid:3539986] INSTSELECTOR: instruction to be included mov rax, qword ptr [rbp-0x10]
 [tid:3539986] ins:mov rax, qword ptr [rbp-0x10]
 [tid:3539986] reg:rax
 [tid:3539986] Exe pat_insert
 [tid:3539986] INSTSELECTOR: instruction to be included mov rcx, qword ptr [rax+0x8]
 [tid:3539986] ins:mov rcx, qword ptr [rax+0x8]
 [tid:3539986] reg:rcx
 [tid:3539986] Exe pat_insert
 [tid:3539986] INSTSELECTOR: instruction to be included mov rcx, qword ptr [rcx]
 [tid:3539986] ins:mov rcx, qword ptr [rcx]
 [tid:3539986] reg:rcx
 [tid:3539986] Exe pat_insert
 [tid:3539986] INSTSELECTOR: instruction to be included and rcx, qword ptr [rax]
 [tid:3539986] ins:and rcx, qword ptr [rax]
 [tid:3539986] reg:rcx
 [tid:3539986] Exe pat_insert
 [tid:3539986] Exe pat_insert
 [tid:3539986] INSTSELECTOR: instruction to be included mov rax, qword ptr [rbp-0x18]
 [tid:3539986] ins:mov rax, qword ptr [rbp-0x18]
 [tid:3539986] reg:rax
 [tid:3539986] Exe pat_insert
 [tid:3539986] Exe pat_insert
 [tid:3539986] INSTSELECTOR: instruction to be included mov rcx, qword ptr [rbp-0x10]
 [tid:3539986] ins:mov rcx, qword ptr [rbp-0x10]
 [tid:3539986] reg:rcx
 [tid:3539986] Exe pat_insert
 [tid:3539986] Exe pat_insert
 [tid:3539986] Exe pat_insert
 [tid:3539986] INSTSELECTOR: instruction to be included mov rax, qword ptr [rbp-0x48]
 [tid:3539986] ins:mov rax, qword ptr [rbp-0x48]
 [tid:3539986] reg:rax
 [tid:3539986] Exe pat_insert
 [tid:3539986] INSTSELECTOR: instruction to be included mov rcx, qword ptr [rbp-0x40]
 [tid:3539986] ins:mov rcx, qword ptr [rbp-0x40]
 [tid:3539986] reg:rcx
 [tid:3539986] Exe pat_insert
 [tid:3539986] Exe pat_insert
 [tid:3539986] INSTSELECTOR: instruction to be included mov cl, byte ptr [rcx+0x11]
 [tid:3539986] ins:mov cl, byte ptr [rcx+0x11]
 [tid:3539986] reg:cl
 [tid:3539986] Exe pat_insert
 [tid:3539986] Exe pat_insert
 [tid:3539986] INSTSELECTOR: instruction to be included movsx edx, cl
 [tid:3539986] ins:movsx edx, cl
 [tid:3539986] reg:edx
 [tid:3539986] Exe pat_insert
 [tid:3539986] Exe pat_insert
 [tid:3539986] INSTSELECTOR: instruction to be included movsx edi, cl
 [tid:3539986] ins:movsx edi, cl
 [tid:3539986] reg:edi
 [tid:3539986] Exe pat_insert
 [tid:3539986] INSTSELECTOR: instruction to be included mov rsi, qword ptr [rax]
 [tid:3539986] ins:mov rsi, qword ptr [rax]
 [tid:3539986] reg:rsi
 [tid:3539986] Exe pat_insert
 [tid:3539986] Exe pat_insert
 [tid:3539986] INSTSELECTOR: instruction to be included cmp rax, 0x0
 [tid:3539986] ins:cmp rax, 0x0
 [tid:3539986] reg:rflags
 [tid:3539986] Exe pat_insert
 [tid:3539986] Exe pat_insert
 [tid:3539986] INSTSELECTOR: instruction to be included mov rax, qword ptr [rbp-0x58]
 [tid:3539986] ins:mov rax, qword ptr [rbp-0x58]
 [tid:3539986] reg:rax
 [tid:3539986] Exe pat_insert
 [tid:3539986] INSTSELECTOR: instruction to be included add rax, 0x20
 [tid:3539986] ins:add rax, 0x20
 [tid:3539986] reg:rax
 [tid:3539986] Exe pat_insert
 [tid:3539986] Exe pat_insert
 [tid:3539986] Exe pat_insert
 [tid:3539986] INSTSELECTOR: instruction to be included mov rax, qword ptr [rbp-0x58]
 [tid:3539986] ins:mov rax, qword ptr [rbp-0x58]
 [tid:3539986] reg:rax
 [tid:3539986] Exe pat_insert
 [tid:3539986] INSTSELECTOR: instruction to be included add rax, 0x18
 [tid:3539986] ins:add rax, 0x18
 [tid:3539986] reg:rax
 [tid:3539986] Exe pat_insert
 [tid:3539986] Exe pat_insert
 [tid:3539986] INSTSELECTOR: instruction to be included mov rax, qword ptr [rbp-0x60]
 [tid:3539986] ins:mov rax, qword ptr [rbp-0x60]
 [tid:3539986] reg:rax
 [tid:3539986] Exe pat_insert
 [tid:3539986] Exe pat_insert
 [tid:3539986] INSTSELECTOR: instruction to be included mov cl, byte ptr [rbp-0x4d]
 [tid:3539986] ins:mov cl, byte ptr [rbp-0x4d]
 [tid:3539986] reg:cl
 [tid:3539986] Exe pat_insert
 [tid:3539986] INSTSELECTOR: instruction to be included mov rax, qword ptr [rbp-0x68]
 [tid:3539986] ins:mov rax, qword ptr [rbp-0x68]
 [tid:3539986] reg:rax
 [tid:3539986] Exe pat_insert
 [tid:3539986] INSTSELECTOR: instruction to be included mov rax, qword ptr [rax]
 [tid:3539986] ins:mov rax, qword ptr [rax]
 [tid:3539986] reg:rax
 [tid:3539986] Exe pat_insert
 [tid:3539986] Exe pat_insert
 [tid:3539986] INSTSELECTOR: instruction to be included cmp cl, byte ptr [rax+0x11]
 [tid:3539986] ins:cmp cl, byte ptr [rax+0x11]
 [tid:3539986] reg:rflags
 [tid:3539986] NORMAL FLAG REG: inst cmp cl, byte ptr [rax+0x11]
 [tid:3539986] Exe pat_insert
 [tid:3539986] Exe pat_insert
 [tid:3539986] Exe pat_insert
 [tid:3539986] INSTSELECTOR: instruction to be included mov rcx, qword ptr [rbp-0x70]
 [tid:3539986] ins:mov rcx, qword ptr [rbp-0x70]
 [tid:3539986] reg:rcx
 [tid:3539986] Exe pat_insert
 [tid:3539986] INSTSELECTOR: instruction to be included mov eax, dword ptr [rbp-0x4c]
 [tid:3539986] ins:mov eax, dword ptr [rbp-0x4c]
 [tid:3539986] reg:eax
 [tid:3539986] Exe pat_insert
 [tid:3539986] Exe pat_insert
 [tid:3539986] Exe pat_insert
 [tid:3539986] INSTSELECTOR: instruction to be included mov rax, qword ptr [rbp-0x10]
 [tid:3539986] ins:mov rax, qword ptr [rbp-0x10]
 [tid:3539986] reg:rax
 [tid:3539986] Exe pat_insert
 [tid:3539986] INSTSELECTOR: instruction to be included mov rax, qword ptr [rax]
 [tid:3539986] ins:mov rax, qword ptr [rax]
 [tid:3539986] reg:rax
 [tid:3539986] Exe pat_insert
 [tid:3539986] INSTSELECTOR: instruction to be included cmp rax, qword ptr [rcx]
 [tid:3539986] ins:cmp rax, qword ptr [rcx]
 [tid:3539986] reg:rflags
 [tid:3539986] Exe pat_insert
 [tid:3539986] Exe pat_insert
 [tid:3539986] Exe pat_insert
 [tid:3539986] INSTSELECTOR: instruction to be included mov rax, qword ptr [rbp-0x20]
 [tid:3539986] ins:mov rax, qword ptr [rbp-0x20]
 [tid:3539986] reg:rax
 [tid:3539986] Exe pat_insert
 [tid:3539986] INSTSELECTOR: instruction to be included movzx ecx, byte ptr [rax+0x10]
 [tid:3539986] ins:movzx ecx, byte ptr [rax+0x10]
 [tid:3539986] reg:ecx
 [tid:3539986] Exe pat_insert
 [tid:3539986] Exe pat_insert
 [tid:3539986] INSTSELECTOR: instruction to be included mov rcx, qword ptr [rbp-0x10]
 [tid:3539986] ins:mov rcx, qword ptr [rbp-0x10]
 [tid:3539986] reg:rcx
 [tid:3539986] Exe pat_insert
 [tid:3539986] INSTSELECTOR: instruction to be included add rcx, 0x8
 [tid:3539986] ins:add rcx, 0x8
 [tid:3539986] reg:rcx
 [tid:3539986] Exe pat_insert
 [tid:3539986] Exe pat_insert
 [tid:3539986] INSTSELECTOR: instruction to be included add rax, 0x8
 [tid:3539986] ins:add rax, 0x8
 [tid:3539986] reg:rax
 [tid:3539986] Exe pat_insert
 [tid:3539986] Exe pat_insert
 [tid:3539986] INSTSELECTOR: instruction to be included mov eax, dword ptr [rbp-0x34]
 [tid:3539986] ins:mov eax, dword ptr [rbp-0x34]
 [tid:3539986] reg:eax
 [tid:3539986] Exe pat_insert
 [tid:3539986] Exe pat_insert
 [tid:3539986] INSTSELECTOR: instruction to be included mov ecx, dword ptr [rbp-0x8c]
 [tid:3539986] ins:mov ecx, dword ptr [rbp-0x8c]
 [tid:3539986] reg:ecx
 [tid:3539986] Exe pat_insert
 [tid:3539986] INSTSELECTOR: instruction to be included mov eax, dword ptr [rbp-0x74]
 [tid:3539986] ins:mov eax, dword ptr [rbp-0x74]
 [tid:3539986] reg:eax
 [tid:3539986] Exe pat_insert
 [tid:3539986] Exe pat_insert
 [tid:3539986] INSTSELECTOR: instruction to be included cmp eax, ecx
 [tid:3539986] ins:cmp eax, ecx
 [tid:3539986] reg:rflags
 [tid:3539986] Exe pat_insert
 [tid:3539986] Exe pat_insert
 [tid:3539986] Exe pat_insert
 [tid:3539986] INSTSELECTOR: instruction to be included mov rax, qword ptr [rbp-0x10]
 [tid:3539986] ins:mov rax, qword ptr [rbp-0x10]
 [tid:3539986] reg:rax
 [tid:3539986] Exe pat_insert
 [tid:3539986] Exe pat_insert
 [tid:3539986] INSTSELECTOR: instruction to be included mov rax, qword ptr [rbp-0x20]
 [tid:3539986] ins:mov rax, qword ptr [rbp-0x20]
 [tid:3539986] reg:rax
 [tid:3539986] Exe pat_insert
 [tid:3539986] Exe pat_insert
 [tid:3539986] INSTSELECTOR: instruction to be included mov eax, 0x1
 [tid:3539986] ins:mov eax, 0x1
 [tid:3539986] reg:eax
 [tid:3539986] Exe pat_insert
 [tid:3539986] Exe pat_insert
 [tid:3539986] INSTSELECTOR: instruction to be included mov ecx, dword ptr [rbp-0x114]
 [tid:3539986] ins:mov ecx, dword ptr [rbp-0x114]
 [tid:3539986] reg:ecx
 [tid:3539986] Exe pat_insert
 [tid:3539986] Exe pat_insert
 [tid:3539986] INSTSELECTOR: instruction to be included xor eax, eax
 [tid:3539986] ins:xor eax, eax
 [tid:3539986] reg:eax
 [tid:3539986] Exe pat_insert
 [tid:3539986] INSTSELECTOR: instruction to be included cmp ecx, 0x20
 [tid:3539986] ins:cmp ecx, 0x20
 [tid:3539986] reg:rflags
 [tid:3539986] NORMAL FLAG REG: inst cmp ecx, 0x20
 [tid:3539986] Exe pat_insert
 [tid:3539986] Exe pat_insert
 [tid:3539986] Exe pat_insert
 [tid:3539986] INSTSELECTOR: instruction to be included mov edi, dword ptr [rbp-0x130]
 [tid:3539986] ins:mov edi, dword ptr [rbp-0x130]
 [tid:3539986] reg:edi
 [tid:3539986] Exe pat_insert
 [tid:3539986] INSTSELECTOR: instruction to be included mov rax, qword ptr [rbp-0x128]
 [tid:3539986] ins:mov rax, qword ptr [rbp-0x128]
 [tid:3539986] reg:rax
 [tid:3539986] Exe pat_insert
 [tid:3539986] INSTSELECTOR: instruction to be included mov rsi, qword ptr [rax]
 [tid:3539986] ins:mov rsi, qword ptr [rax]
 [tid:3539986] reg:rsi
 [tid:3539986] Exe pat_insert
 [tid:3539986] Exe pat_insert
 [tid:3539986] INSTSELECTOR: instruction to be included mov edi, dword ptr [rbp-0x130]
 [tid:3539986] ins:mov edi, dword ptr [rbp-0x130]
 [tid:3539986] reg:edi
 [tid:3539986] Exe pat_insert
 [tid:3539986] INSTSELECTOR: instruction to be included mov rcx, rax
 [tid:3539986] ins:mov rcx, rax
 [tid:3539986] reg:rcx
 [tid:3539986] Exe pat_insert
 [tid:3539986] INSTSELECTOR: instruction to be included mov rax, qword ptr [rbp-0x120]
 [tid:3539986] ins:mov rax, qword ptr [rbp-0x120]
 [tid:3539986] reg:rax
 [tid:3539986] Exe pat_insert
 [tid:3539986] Exe pat_insert
 [tid:3539986] INSTSELECTOR: instruction to be included mov rsi, qword ptr [rax]
 [tid:3539986] ins:mov rsi, qword ptr [rax]
 [tid:3539986] reg:rsi
 [tid:3539986] Exe pat_insert
 [tid:3539986] Exe pat_insert
 [tid:3539986] INSTSELECTOR: instruction to be included mov rcx, rax
 [tid:3539986] ins:mov rcx, rax
 [tid:3539986] reg:rcx
 [tid:3539986] Exe pat_insert
 [tid:3539986] INSTSELECTOR: instruction to be included mov rax, qword ptr [rbp-0x138]
 [tid:3539986] ins:mov rax, qword ptr [rbp-0x138]
 [tid:3539986] reg:rax
 [tid:3539986] Exe pat_insert
 [tid:3539986] INSTSELECTOR: instruction to be included cmp rax, rcx
 [tid:3539986] ins:cmp rax, rcx
 [tid:3539986] reg:rflags
 [tid:3539986] NORMAL FLAG REG: inst cmp rax, rcx
 [tid:3539986] Exe pat_insert
 [tid:3539986] INSTSELECTOR: instruction to be included setz al
 [tid:3539986] ins:setz al
 [tid:3539986] reg:al
 [tid:3539986] Exe pat_insert
 [tid:3539986] Exe pat_insert
 [tid:3539986] INSTSELECTOR: instruction to be included mov al, byte ptr [rbp-0x129]
 [tid:3539986] ins:mov al, byte ptr [rbp-0x129]
 [tid:3539986] reg:al
 [tid:3539986] Exe pat_insert
 [tid:3539986] INSTSELECTOR: instruction to be included test al, 0x1
 [tid:3539986] ins:test al, 0x1
 [tid:3539986] reg:rflags
 [tid:3539986] Exe pat_insert
 [tid:3539986] Exe pat_insert
 [tid:3539986] Exe pat_insert
 [tid:3539986] Exe pat_insert
 [tid:3539986] INSTSELECTOR: instruction to be included mov eax, dword ptr [rbp-0x130]
 [tid:3539986] ins:mov eax, dword ptr [rbp-0x130]
 [tid:3539986] reg:eax
 [tid:3539986] Exe pat_insert
 [tid:3539986] INSTSELECTOR: instruction to be included add eax, 0x1
 [tid:3539986] ins:add eax, 0x1
 [tid:3539986] reg:eax
 [tid:3539986] Exe pat_insert
 [tid:3539986] Exe pat_insert
 [tid:3539986] Exe pat_insert
 [tid:3539986] INSTSELECTOR: instruction to be included mov ecx, dword ptr [rbp-0x114]
 [tid:3539986] ins:mov ecx, dword ptr [rbp-0x114]
 [tid:3539986] reg:ecx
 [tid:3539986] Exe pat_insert
 [tid:3539986] Exe pat_insert
 [tid:3539986] INSTSELECTOR: instruction to be included xor eax, eax
 [tid:3539986] ins:xor eax, eax
 [tid:3539986] reg:eax
 [tid:3539986] Exe pat_insert
 [tid:3539986] INSTSELECTOR: instruction to be included cmp ecx, 0x20
 [tid:3539986] ins:cmp ecx, 0x20
 [tid:3539986] reg:rflags
 [tid:3539986] NORMAL FLAG REG: inst cmp ecx, 0x20
 [tid:3539986] Exe pat_insert
 [tid:3539986] Exe pat_insert
 [tid:3539986] Exe pat_insert
 [tid:3539986] INSTSELECTOR: instruction to be included mov edi, dword ptr [rbp-0x130]
 [tid:3539986] ins:mov edi, dword ptr [rbp-0x130]
 [tid:3539986] reg:edi
 [tid:3539986] Exe pat_insert
 [tid:3539986] INSTSELECTOR: instruction to be included mov rax, qword ptr [rbp-0x128]
 [tid:3539986] ins:mov rax, qword ptr [rbp-0x128]
 [tid:3539986] reg:rax
 [tid:3539986] Exe pat_insert
 [tid:3539986] INSTSELECTOR: instruction to be included mov rsi, qword ptr [rax]
 [tid:3539986] ins:mov rsi, qword ptr [rax]
 [tid:3539986] reg:rsi
 [tid:3539986] Exe pat_insert
 [tid:3539986] Exe pat_insert
 [tid:3539986] INSTSELECTOR: instruction to be included mov eax, dword ptr [rbp-0x130]
 [tid:3539986] ins:mov eax, dword ptr [rbp-0x130]
 [tid:3539986] reg:eax
 [tid:3539986] Exe pat_insert
 [tid:3539986] Exe pat_insert
 [tid:3539986] INSTSELECTOR: instruction to be included mov rax, qword ptr [rbp-0x18]
 [tid:3539986] ins:mov rax, qword ptr [rbp-0x18]
 [tid:3539986] reg:rax
 [tid:3539986] Exe pat_insert
 [tid:3539986] INSTSELECTOR: instruction to be included movsx edi, byte ptr [rax+0x11]
 [tid:3539986] ins:movsx edi, byte ptr [rax+0x11]
 [tid:3539986] reg:edi
 [tid:3539986] Exe pat_insert
 [tid:3539986] INSTSELECTOR: instruction to be included mov rax, qword ptr [rbp-0x10]
 [tid:3539986] ins:mov rax, qword ptr [rbp-0x10]
 [tid:3539986] reg:rax
 [tid:3539986] Exe pat_insert
 [tid:3539986] INSTSELECTOR: instruction to be included mov rsi, qword ptr [rax]
 [tid:3539986] ins:mov rsi, qword ptr [rax]
 [tid:3539986] reg:rsi
 [tid:3539986] Exe pat_insert
 [tid:3539986] Exe pat_insert
 [tid:3539986] INSTSELECTOR: instruction to be included cmp rax, 0x0
 [tid:3539986] ins:cmp rax, 0x0
 [tid:3539986] reg:rflags
 [tid:3539986] Exe pat_insert
 [tid:3539986] Exe pat_insert
 [tid:3539986] INSTSELECTOR: instruction to be included mov rcx, qword ptr [rbp-0x18]
 [tid:3539986] ins:mov rcx, qword ptr [rbp-0x18]
 [tid:3539986] reg:rcx
 [tid:3539986] Exe pat_insert
 [tid:3539986] Exe pat_insert
 [tid:3539986] INSTSELECTOR: instruction to be included mov rdi, qword ptr [rcx+0x20]
 [tid:3539986] ins:mov rdi, qword ptr [rcx+0x20]
 [tid:3539986] reg:rdi
 [tid:3539986] Exe pat_insert
 [tid:3539986] INSTSELECTOR: instruction to be included mov rsi, qword ptr [rbp-0x10]
 [tid:3539986] ins:mov rsi, qword ptr [rbp-0x10]
 [tid:3539986] reg:rsi
 [tid:3539986] Exe pat_insert
 [tid:3539986] INSTSELECTOR: instruction to be included mov edx, dword ptr [rbp-0x34]
 [tid:3539986] ins:mov edx, dword ptr [rbp-0x34]
 [tid:3539986] reg:edx
 [tid:3539986] Exe pat_insert
 [tid:3539986] Exe pat_insert
 [tid:3539986] INSTSELECTOR: instruction to be included mov rcx, qword ptr [rbp-0x18]
 [tid:3539986] ins:mov rcx, qword ptr [rbp-0x18]
 [tid:3539986] reg:rcx
 [tid:3539986] Exe pat_insert
 [tid:3539986] Exe pat_insert
 [tid:3539986] INSTSELECTOR: instruction to be included mov rdi, qword ptr [rcx+0x18]
 [tid:3539986] ins:mov rdi, qword ptr [rcx+0x18]
 [tid:3539986] reg:rdi
 [tid:3539986] Exe pat_insert
 [tid:3539986] INSTSELECTOR: instruction to be included mov rsi, qword ptr [rbp-0x10]
 [tid:3539986] ins:mov rsi, qword ptr [rbp-0x10]
 [tid:3539986] reg:rsi
 [tid:3539986] Exe pat_insert
 [tid:3539986] INSTSELECTOR: instruction to be included mov edx, dword ptr [rbp-0x34]
 [tid:3539986] ins:mov edx, dword ptr [rbp-0x34]
 [tid:3539986] reg:edx
 [tid:3539986] Exe pat_insert
 [tid:3539986] Exe insertR
 [tid:3539986] INSTSELECTOR: instruction to be included push rbp
 [tid:3539986] ins:push rbp
 [tid:3539986] reg:rsp
 [tid:3539986] Exe insertR
 [tid:3539986] INSTSELECTOR: instruction to be included mov rbp, rsp
 [tid:3539986] ins:mov rbp, rsp
 [tid:3539986] reg:rbp
 [tid:3539986] Exe insertR
 [tid:3539986] INSTSELECTOR: instruction to be included sub rsp, 0x50
 [tid:3539986] ins:sub rsp, 0x50
 [tid:3539986] reg:rsp
 [tid:3539986] Exe insertR
 [tid:3539986] Exe insertR
 [tid:3539986] Exe insertR
 [tid:3539986] Exe insertR
 [tid:3539986] Exe insertR
 [tid:3539986] INSTSELECTOR: instruction to be included movsx eax, byte ptr [rdi+0x11]
 [tid:3539986] ins:movsx eax, byte ptr [rdi+0x11]
 [tid:3539986] reg:eax
 [tid:3539986] Exe insertR
 [tid:3539986] INSTSELECTOR: instruction to be included cmp edx, eax
 [tid:3539986] ins:cmp edx, eax
 [tid:3539986] reg:rflags
 [tid:3539986] Exe insertR
 [tid:3539986] Exe insertR
 [tid:3539986] INSTSELECTOR: instruction to be included mov rax, qword ptr [rbp-0x8]
 [tid:3539986] ins:mov rax, qword ptr [rbp-0x8]
 [tid:3539986] reg:rax
 [tid:3539986] Exe insertR
 [tid:3539986] INSTSELECTOR: instruction to be included mov al, byte ptr [rax+0x11]
 [tid:3539986] ins:mov al, byte ptr [rax+0x11]
 [tid:3539986] reg:al
 [tid:3539986] Exe insertR
 [tid:3539986] INSTSELECTOR: instruction to be included mov rcx, qword ptr [rbp-0x20]
 [tid:3539986] ins:mov rcx, qword ptr [rbp-0x20]
 [tid:3539986] reg:rcx
 [tid:3539986] Exe insertR
 [tid:3539986] INSTSELECTOR: instruction to be included cmp al, byte ptr [rcx+0x11]
 [tid:3539986] ins:cmp al, byte ptr [rcx+0x11]
 [tid:3539986] reg:rflags
 [tid:3539986] Exe insertR
 [tid:3539986] Exe insertR
 [tid:3539986] INSTSELECTOR: instruction to be included mov edi, dword ptr [rbp-0x14]
 [tid:3539986] ins:mov edi, dword ptr [rbp-0x14]
 [tid:3539986] reg:edi
 [tid:3539986] Exe insertR
 [tid:3539986] INSTSELECTOR: instruction to be included mov cl, dil
 [tid:3539986] ins:mov cl, dil
 [tid:3539986] reg:cl
 [tid:3539986] Exe insertR
 [tid:3539986] INSTSELECTOR: instruction to be included mov rax, qword ptr [rbp-0x10]
 [tid:3539986] ins:mov rax, qword ptr [rbp-0x10]
 [tid:3539986] reg:rax
 [tid:3539986] Exe insertR
 [tid:3539986] Exe insertR
 [tid:3539986] INSTSELECTOR: instruction to be included mov rsi, qword ptr [rax]
 [tid:3539986] ins:mov rsi, qword ptr [rax]
 [tid:3539986] reg:rsi
 [tid:3539986] Exe insertR
 [tid:3539986] Exe insertR
 [tid:3539986] INSTSELECTOR: instruction to be included cmp rax, 0x0
 [tid:3539986] ins:cmp rax, 0x0
 [tid:3539986] reg:rflags
 [tid:3539986] Exe insertR
 [tid:3539986] Exe insertR
 [tid:3539986] INSTSELECTOR: instruction to be included mov rax, qword ptr [rbp-0x8]
 [tid:3539986] ins:mov rax, qword ptr [rbp-0x8]
 [tid:3539986] reg:rax
 [tid:3539986] Exe insertR
 [tid:3539986] Exe insertR
 [tid:3539986] Exe insertR
 [tid:3539986] INSTSELECTOR: instruction to be included mov rcx, qword ptr [rbp-0x28]
 [tid:3539986] ins:mov rcx, qword ptr [rbp-0x28]
 [tid:3539986] reg:rcx
 [tid:3539986] Exe insertR
 [tid:3539986] INSTSELECTOR: instruction to be included mov rax, qword ptr [rbp-0x10]
 [tid:3539986] ins:mov rax, qword ptr [rbp-0x10]
 [tid:3539986] reg:rax
 [tid:3539986] Exe insertR
 [tid:3539986] Exe insertR
 [tid:3539986] INSTSELECTOR: instruction to be included mov edi, dword ptr [rbp-0x14]
 [tid:3539986] ins:mov edi, dword ptr [rbp-0x14]
 [tid:3539986] reg:edi
 [tid:3539986] Exe insertR
 [tid:3539986] INSTSELECTOR: instruction to be included mov rsi, qword ptr [rax]
 [tid:3539986] ins:mov rsi, qword ptr [rax]
 [tid:3539986] reg:rsi
 [tid:3539986] Exe insertR
 [tid:3539986] Exe insertR
 [tid:3539986] INSTSELECTOR: instruction to be included cmp rax, 0x0
 [tid:3539986] ins:cmp rax, 0x0
 [tid:3539986] reg:rflags
 [tid:3539986] Exe insertR
 [tid:3539986] Exe insertR
 [tid:3539986] INSTSELECTOR: instruction to be included mov rax, qword ptr [rbp-0x10]
 [tid:3539986] ins:mov rax, qword ptr [rbp-0x10]
 [tid:3539986] reg:rax
 [tid:3539986] Exe insertR
 [tid:3539986] Exe insertR
 [tid:3539986] Exe insertR
 [tid:3539986] INSTSELECTOR: instruction to be included mov rcx, qword ptr [rbp-0x30]
 [tid:3539986] ins:mov rcx, qword ptr [rbp-0x30]
 [tid:3539986] reg:rcx
 [tid:3539986] Exe insertR
 [tid:3539986] INSTSELECTOR: instruction to be included mov rax, qword ptr [rbp-0x10]
 [tid:3539986] ins:mov rax, qword ptr [rbp-0x10]
 [tid:3539986] reg:rax
 [tid:3539986] Exe insertR
 [tid:3539986] Exe insertR
 [tid:3539986] Exe insertR
 [tid:3539986] Exe insertR
 [tid:3539986] INSTSELECTOR: instruction to be included mov rax, qword ptr [rbp-0x38]
 [tid:3539986] ins:mov rax, qword ptr [rbp-0x38]
 [tid:3539986] reg:rax
 [tid:3539986] Exe insertR
 [tid:3539986] INSTSELECTOR: instruction to be included add rsp, 0x50
 [tid:3539986] ins:add rsp, 0x50
 [tid:3539986] reg:rsp
 [tid:3539986] Exe insertR
 [tid:3539986] INSTSELECTOR: instruction to be included pop rbp
 [tid:3539986] ins:pop rbp
 [tid:3539986] reg:rsp
 [tid:3539986] Exe insertR
 [tid:3539986] Exe pat_insert
 [tid:3539986] INSTSELECTOR: instruction to be included mov rcx, rax
 [tid:3539986] ins:mov rcx, rax
 [tid:3539986] reg:rcx
 [tid:3539986] Exe pat_insert
 [tid:3539986] INSTSELECTOR: instruction to be included mov rax, qword ptr [rbp-0x148]
 [tid:3539986] ins:mov rax, qword ptr [rbp-0x148]
 [tid:3539986] reg:rax
 [tid:3539986] Exe pat_insert
 [tid:3539986] Exe pat_insert
 [tid:3539986] INSTSELECTOR: instruction to be included mov rax, qword ptr [rbp-0x10]
 [tid:3539986] ins:mov rax, qword ptr [rbp-0x10]
 [tid:3539986] reg:rax
 [tid:3539986] Exe pat_insert
 [tid:3539986] Exe pat_insert
 [tid:3539986] INSTSELECTOR: instruction to be included mov rax, qword ptr [rbp-0x8]
 [tid:3539986] ins:mov rax, qword ptr [rbp-0x8]
 [tid:3539986] reg:rax
 [tid:3539986] Exe pat_insert
 [tid:3539986] INSTSELECTOR: instruction to be included add rsp, 0x150
 [tid:3539986] ins:add rsp, 0x150
 [tid:3539986] reg:rsp
 [tid:3539986] Exe pat_insert
 [tid:3539986] INSTSELECTOR: instruction to be included pop rbp
 [tid:3539986] ins:pop rbp
 [tid:3539986] reg:rsp
 [tid:3539986] Exe pat_insert
 [tid:3539986] Exe main
 [tid:3539986] Exe main
 [tid:3539986] INSTSELECTOR: instruction to be included mov rax, qword ptr [rbp-0x148]
 [tid:3539986] ins:mov rax, qword ptr [rbp-0x148]
 [tid:3539986] reg:rax
 [tid:3539986] Exe main
 [tid:3539986] Exe main
 [tid:3539986] INSTSELECTOR: instruction to be included cmp rax, 0x0
 [tid:3539986] ins:cmp rax, 0x0
 [tid:3539986] reg:rflags
 [tid:3539986] Exe main
 [tid:3539986] Exe main
 [tid:3539986] INSTSELECTOR: instruction to be included mov rax, qword ptr [rbp-0x140]
 [tid:3539986] ins:mov rax, qword ptr [rbp-0x140]
 [tid:3539986] reg:rax
 [tid:3539986] Exe main
 [tid:3539986] INSTSELECTOR: instruction to be included mov rcx, qword ptr [rbp-0x138]
 [tid:3539986] ins:mov rcx, qword ptr [rbp-0x138]
 [tid:3539986] reg:rcx
 [tid:3539986] Exe main
 [tid:3539986] INSTSELECTOR: instruction to be included mov rdx, qword ptr [rbp-0x150]
 [tid:3539986] ins:mov rdx, qword ptr [rbp-0x150]
 [tid:3539986] reg:rdx
 [tid:3539986] Exe main
 [tid:3539986] Exe main
 [tid:3539986] Exe main
 [tid:3539986] Exe main
 [tid:3539986] INSTSELECTOR: instruction to be included mov rax, qword ptr [rip+0x20226e]
 [tid:3539986] ins:mov rax, qword ptr [rip+0x20226e]
 [tid:3539986] reg:rax
 [tid:3539986] Exe main
 [tid:3539986] INSTSELECTOR: instruction to be included mov rcx, qword ptr [rax]
 [tid:3539986] ins:mov rcx, qword ptr [rax]
 [tid:3539986] reg:rcx
 [tid:3539986] Exe main
 [tid:3539986] INSTSELECTOR: instruction to be included lea rdi, ptr [rip+0xf3b]
 [tid:3539986] ins:lea rdi, ptr [rip+0xf3b]
 [tid:3539986] reg:rdi
 [tid:3539986] Exe main
 [tid:3539986] INSTSELECTOR: instruction to be included mov esi, 0x15
 [tid:3539986] ins:mov esi, 0x15
 [tid:3539986] reg:esi
 [tid:3539986] Exe main
 [tid:3539986] INSTSELECTOR: instruction to be included mov edx, 0x1
 [tid:3539986] ins:mov edx, 0x1
 [tid:3539986] reg:edx
 [tid:3539986] Exe main
 [tid:3539986] Exe main
 [tid:3539986] INSTSELECTOR: instruction to be included mov rax, qword ptr [rbp-0x150]
 [tid:3539986] ins:mov rax, qword ptr [rbp-0x150]
 [tid:3539986] reg:rax
 [tid:3539986] Exe main
 [tid:3539986] INSTSELECTOR: instruction to be included mov rcx, qword ptr [rbp-0x138]
 [tid:3539986] ins:mov rcx, qword ptr [rbp-0x138]
 [tid:3539986] reg:rcx
 [tid:3539986] Exe main
 [tid:3539986] INSTSELECTOR: instruction to be included mov rdx, qword ptr [rbp-0x140]
 [tid:3539986] ins:mov rdx, qword ptr [rbp-0x140]
 [tid:3539986] reg:rdx
 [tid:3539986] Exe main
 [tid:3539986] Exe main
 [tid:3539986] Exe main
 [tid:3539986] Exe main
 [tid:3539986] Exe main
 [tid:3539986] INSTSELECTOR: instruction to be included mov rdx, qword ptr [rbp-0x110]
 [tid:3539986] ins:mov rdx, qword ptr [rbp-0x110]
 [tid:3539986] reg:rdx
 [tid:3539986] Exe main
 [tid:3539986] INSTSELECTOR: instruction to be included mov rax, qword ptr [rbp-0xf8]
 [tid:3539986] ins:mov rax, qword ptr [rbp-0xf8]
 [tid:3539986] reg:rax
 [tid:3539986] Exe main
 [tid:3539986] INSTSELECTOR: instruction to be included mov rcx, qword ptr [rbp-0xf0]
 [tid:3539986] ins:mov rcx, qword ptr [rbp-0xf0]
 [tid:3539986] reg:rcx
 [tid:3539986] Exe main
 [tid:3539986] INSTSELECTOR: instruction to be included mov rsi, qword ptr [rbp-0xe8]
 [tid:3539986] ins:mov rsi, qword ptr [rbp-0xe8]
 [tid:3539986] reg:rsi
 [tid:3539986] Exe main
 [tid:3539986] Exe main
 [tid:3539986] Exe main
 [tid:3539986] Exe main
 [tid:3539986] INSTSELECTOR: instruction to be included lea rdi, ptr [rbp-0xb0]
 [tid:3539986] ins:lea rdi, ptr [rbp-0xb0]
 [tid:3539986] reg:rdi
 [tid:3539986] Exe main
 [tid:3539986] INSTSELECTOR: instruction to be included mov esi, 0x80
 [tid:3539986] ins:mov esi, 0x80
 [tid:3539986] reg:esi
 [tid:3539986] Exe main
 [tid:3539986] Exe main
 [tid:3539986] INSTSELECTOR: instruction to be included mov rsi, qword ptr [rbp-0x100]
 [tid:3539986] ins:mov rsi, qword ptr [rbp-0x100]
 [tid:3539986] reg:rsi
 [tid:3539986] Exe main
 [tid:3539986] INSTSELECTOR: instruction to be included mov ecx, eax
 [tid:3539986] ins:mov ecx, eax
 [tid:3539986] reg:ecx
 [tid:3539986] Exe main
 [tid:3539986] INSTSELECTOR: instruction to be included mov rax, qword ptr [rbp-0x130]
 [tid:3539986] ins:mov rax, qword ptr [rbp-0x130]
 [tid:3539986] reg:rax
 [tid:3539986] Exe main
 [tid:3539986] INSTSELECTOR: instruction to be included mov ecx, ecx
 [tid:3539986] ins:mov ecx, ecx
 [tid:3539986] reg:ecx
 [tid:3539986] Exe main
 [tid:3539986] INSTSELECTOR: instruction to be included mov rax, qword ptr [rax+0x8]
 [tid:3539986] ins:mov rax, qword ptr [rax+0x8]
 [tid:3539986] reg:rax
 [tid:3539986] Exe main
 [tid:3539986] Exe main
 [tid:3539986] INSTSELECTOR: instruction to be included mov eax, dword ptr [rbp-0xb4]
 [tid:3539986] ins:mov eax, dword ptr [rbp-0xb4]
 [tid:3539986] reg:eax
 [tid:3539986] Exe main
 [tid:3539986] INSTSELECTOR: instruction to be included mov edi, eax
 [tid:3539986] ins:mov edi, eax
 [tid:3539986] reg:edi
 [tid:3539986] Exe main
 [tid:3539986] Exe pat_search
 [tid:3539986] INSTSELECTOR: instruction to be included mov rdx, qword ptr [rbp-0x38]
 [tid:3539986] ins:mov rdx, qword ptr [rbp-0x38]
 [tid:3539986] reg:rdx
 [tid:3539986] Exe pat_search
 [tid:3539986] INSTSELECTOR: instruction to be included mov rax, qword ptr [rbp-0x30]
 [tid:3539986] ins:mov rax, qword ptr [rbp-0x30]
 [tid:3539986] reg:rax
 [tid:3539986] Exe pat_search
 [tid:3539986] INSTSELECTOR: instruction to be included mov rsi, qword ptr [rbp-0x28]
 [tid:3539986] ins:mov rsi, qword ptr [rbp-0x28]
 [tid:3539986] reg:rsi
 [tid:3539986] Exe pat_search
 [tid:3539986] Exe pat_search
 [tid:3539986] INSTSELECTOR: instruction to be included mov rcx, qword ptr [rsi]
 [tid:3539986] ins:mov rcx, qword ptr [rsi]
 [tid:3539986] reg:rcx
 [tid:3539986] Exe pat_search
 [tid:3539986] INSTSELECTOR: instruction to be included mov rsi, qword ptr [rsi+0x8]
 [tid:3539986] ins:mov rsi, qword ptr [rsi+0x8]
 [tid:3539986] reg:rsi
 [tid:3539986] Exe pat_search
 [tid:3539986] INSTSELECTOR: instruction to be included and rdx, qword ptr [rsi]
 [tid:3539986] ins:and rdx, qword ptr [rsi]
 [tid:3539986] reg:rdx
 [tid:3539986] Exe pat_search
 [tid:3539986] INSTSELECTOR: instruction to be included cmp rcx, rdx
 [tid:3539986] ins:cmp rcx, rdx
 [tid:3539986] reg:rflags
 [tid:3539986] NORMAL FLAG REG: inst cmp rcx, rdx
 [tid:3539986] Exe pat_search
 [tid:3539986] Exe pat_search
 [tid:3539986] Exe pat_search
 [tid:3539986] INSTSELECTOR: instruction to be included mov rax, qword ptr [rbp-0x48]
 [tid:3539986] ins:mov rax, qword ptr [rbp-0x48]
 [tid:3539986] reg:rax
 [tid:3539986] Exe pat_search
 [tid:3539986] Exe pat_search
 [tid:3539986] Exe pat_insert
 [tid:3539986] INSTSELECTOR: instruction to be included mov rax, qword ptr [rbp-0x48]
 [tid:3539986] ins:mov rax, qword ptr [rbp-0x48]
 [tid:3539986] reg:rax
 [tid:3539986] Exe pat_insert
 [tid:3539986] INSTSELECTOR: instruction to be included mov rcx, qword ptr [rbp-0x40]
 [tid:3539986] ins:mov rcx, qword ptr [rbp-0x40]
 [tid:3539986] reg:rcx
 [tid:3539986] Exe pat_insert
 [tid:3539986] Exe pat_insert
 [tid:3539986] INSTSELECTOR: instruction to be included mov cl, byte ptr [rcx+0x11]
 [tid:3539986] ins:mov cl, byte ptr [rcx+0x11]
 [tid:3539986] reg:cl
 [tid:3539986] Exe pat_insert
 [tid:3539986] Exe pat_insert
 [tid:3539986] INSTSELECTOR: instruction to be included movsx edx, cl
 [tid:3539986] ins:movsx edx, cl
 [tid:3539986] reg:edx
 [tid:3539986] Exe pat_insert
 [tid:3539986] Exe pat_insert
 [tid:3539986] INSTSELECTOR: instruction to be included movsx edi, cl
 [tid:3539986] ins:movsx edi, cl
 [tid:3539986] reg:edi
 [tid:3539986] Exe pat_insert
 [tid:3539986] INSTSELECTOR: instruction to be included mov rsi, qword ptr [rax]
 [tid:3539986] ins:mov rsi, qword ptr [rax]
 [tid:3539986] reg:rsi
 [tid:3539986] Exe pat_insert
 [tid:3539986] Exe insertR
 [tid:3539986] INSTSELECTOR: instruction to be included mov edi, dword ptr [rbp-0x14]
 [tid:3539986] ins:mov edi, dword ptr [rbp-0x14]
 [tid:3539986] reg:edi
 [tid:3539986] Exe insertR
 [tid:3539986] INSTSELECTOR: instruction to be included mov cl, dil
 [tid:3539986] ins:mov cl, dil
 [tid:3539986] reg:cl
 [tid:3539986] Exe insertR
 [tid:3539986] INSTSELECTOR: instruction to be included mov rax, qword ptr [rbp-0x10]
 [tid:3539986] ins:mov rax, qword ptr [rbp-0x10]
 [tid:3539986] reg:rax
 [tid:3539986] Exe insertR
 [tid:3539986] Exe insertR
 [tid:3539986] INSTSELECTOR: instruction to be included mov rsi, qword ptr [rax]
 [tid:3539986] ins:mov rsi, qword ptr [rax]
 [tid:3539986] reg:rsi
 [tid:3539986] Exe insertR
 [tid:3539986] Exe pat_search
 [tid:3539986] INSTSELECTOR: instruction to be included mov rax, qword ptr [rbp-0x60]
 [tid:3539986] ins:mov rax, qword ptr [rbp-0x60]
 [tid:3539986] reg:rax
 [tid:3539986] Exe pat_search
 [tid:3539986] Exe pat_search
 [tid:3539986] INSTSELECTOR: instruction to be included mov rcx, qword ptr [rbp-0x58]
 [tid:3539986] ins:mov rcx, qword ptr [rbp-0x58]
 [tid:3539986] reg:rcx
 [tid:3539986] Exe pat_search
 [tid:3539986] INSTSELECTOR: instruction to be included mov dl, byte ptr [rbp-0x49]
 [tid:3539986] ins:mov dl, byte ptr [rbp-0x49]
 [tid:3539986] reg:dl
 [tid:3539986] Exe pat_search
 [tid:3539986] INSTSELECTOR: instruction to be included mov rax, qword ptr [rbp-0x68]
 [tid:3539986] ins:mov rax, qword ptr [rbp-0x68]
 [tid:3539986] reg:rax
 [tid:3539986] Exe pat_search
 [tid:3539986] INSTSELECTOR: instruction to be included mov rax, qword ptr [rax]
 [tid:3539986] ins:mov rax, qword ptr [rax]
 [tid:3539986] reg:rax
 [tid:3539986] Exe pat_search
 [tid:3539986] Exe pat_search
 [tid:3539986] INSTSELECTOR: instruction to be included cmp dl, byte ptr [rax+0x11]
 [tid:3539986] ins:cmp dl, byte ptr [rax+0x11]
 [tid:3539986] reg:rflags
 [tid:3539986] NORMAL FLAG REG: inst cmp dl, byte ptr [rax+0x11]
 [tid:3539986] Exe pat_search
 [tid:3539986] Exe pat_search
 [tid:3539986] Exe pat_search
 [tid:3539986] Exe pat_search
 [tid:3539986] INSTSELECTOR: instruction to be included mov rdx, qword ptr [rbp-0x70]
 [tid:3539986] ins:mov rdx, qword ptr [rbp-0x70]
 [tid:3539986] reg:rdx
 [tid:3539986] Exe pat_search
 [tid:3539986] INSTSELECTOR: instruction to be included mov rax, qword ptr [rbp-0x58]
 [tid:3539986] ins:mov rax, qword ptr [rbp-0x58]
 [tid:3539986] reg:rax
 [tid:3539986] Exe pat_search
 [tid:3539986] Exe pat_search
 [tid:3539986] Exe pat_search
 [tid:3539986] INSTSELECTOR: instruction to be included mov rax, qword ptr [rdx]
 [tid:3539986] ins:mov rax, qword ptr [rdx]
 [tid:3539986] reg:rax
 [tid:3539986] Exe pat_search
 [tid:3539986] INSTSELECTOR: instruction to be included mov rcx, qword ptr [rbp-0x8]
 [tid:3539986] ins:mov rcx, qword ptr [rbp-0x8]
 [tid:3539986] reg:rcx
 [tid:3539986] Exe pat_search
 [tid:3539986] INSTSELECTOR: instruction to be included mov rdx, qword ptr [rdx+0x8]
 [tid:3539986] ins:mov rdx, qword ptr [rdx+0x8]
 [tid:3539986] reg:rdx
 [tid:3539986] Exe pat_search
 [tid:3539986] INSTSELECTOR: instruction to be included and rcx, qword ptr [rdx]
 [tid:3539986] ins:and rcx, qword ptr [rdx]
 [tid:3539986] reg:rcx
 [tid:3539986] Exe pat_search
 [tid:3539986] INSTSELECTOR: instruction to be included cmp rax, rcx
 [tid:3539986] ins:cmp rax, rcx
 [tid:3539986] reg:rflags
 [tid:3539986] Exe pat_search
 [tid:3539986] Exe pat_search
 [tid:3539986] INSTSELECTOR: instruction to be included mov rax, qword ptr [rbp-0x18]
 [tid:3539986] ins:mov rax, qword ptr [rbp-0x18]
 [tid:3539986] reg:rax
 [tid:3539986] Exe pat_search
 [tid:3539986] Exe pat_search
 [tid:3539986] Exe main
 [tid:3539986] INSTSELECTOR: instruction to be included lea rdi, ptr [rip+0xfc6]
 [tid:3539986] ins:lea rdi, ptr [rip+0xfc6]
 [tid:3539986] reg:rdi
 [tid:3539986] Exe main
 [tid:3539986] Exe main
 [tid:3539986] INSTSELECTOR: instruction to be included mov rax, qword ptr [rbp-0x130]
 [tid:3539986] ins:mov rax, qword ptr [rbp-0x130]
 [tid:3539986] reg:rax
 [tid:3539986] Exe main
 [tid:3539986] Exe main
 [tid:3539986] Exe main
 [tid:3539986] INSTSELECTOR: instruction to be included mov rax, qword ptr [rbp-0x148]
 [tid:3539986] ins:mov rax, qword ptr [rbp-0x148]
 [tid:3539986] reg:rax
 [tid:3539986] Exe main
 [tid:3539986] Exe main
 [tid:3539986] INSTSELECTOR: instruction to be included cmp rax, 0x0
 [tid:3539986] ins:cmp rax, 0x0
 [tid:3539986] reg:rflags
 [tid:3539986] Exe main
 [tid:3539986] Exe main
 [tid:3539986] INSTSELECTOR: instruction to be included mov rax, qword ptr [rbp-0x140]
 [tid:3539986] ins:mov rax, qword ptr [rbp-0x140]
 [tid:3539986] reg:rax
 [tid:3539986] Exe main
 [tid:3539986] INSTSELECTOR: instruction to be included mov rcx, qword ptr [rbp-0x138]
 [tid:3539986] ins:mov rcx, qword ptr [rbp-0x138]
 [tid:3539986] reg:rcx
 [tid:3539986] Exe main
 [tid:3539986] INSTSELECTOR: instruction to be included mov rdx, qword ptr [rbp-0x150]
 [tid:3539986] ins:mov rdx, qword ptr [rbp-0x150]
 [tid:3539986] reg:rdx
 [tid:3539986] Exe main
 [tid:3539986] Exe main
 [tid:3539986] Exe main
 [tid:3539986] Exe main
 [tid:3539986] INSTSELECTOR: instruction to be included mov rax, qword ptr [rip+0x20226e]
 [tid:3539986] ins:mov rax, qword ptr [rip+0x20226e]
 [tid:3539986] reg:rax
 [tid:3539986] Exe main
 [tid:3539986] INSTSELECTOR: instruction to be included mov rcx, qword ptr [rax]
 [tid:3539986] ins:mov rcx, qword ptr [rax]
 [tid:3539986] reg:rcx
 [tid:3539986] Exe main
 [tid:3539986] INSTSELECTOR: instruction to be included lea rdi, ptr [rip+0xf3b]
 [tid:3539986] ins:lea rdi, ptr [rip+0xf3b]
 [tid:3539986] reg:rdi
 [tid:3539986] Exe main
 [tid:3539986] INSTSELECTOR: instruction to be included mov esi, 0x15
 [tid:3539986] ins:mov esi, 0x15
 [tid:3539986] reg:esi
 [tid:3539986] Exe main
 [tid:3539986] INSTSELECTOR: instruction to be included mov edx, 0x1
 [tid:3539986] ins:mov edx, 0x1
 [tid:3539986] reg:edx
 [tid:3539986] Exe main
 [tid:3539986] Exe pat_search
 [tid:3539986] INSTSELECTOR: instruction to be included mov rax, qword ptr [rbp-0x10]
 [tid:3539986] ins:mov rax, qword ptr [rbp-0x10]
 [tid:3539986] reg:rax
 [tid:3539986] Exe pat_search
 [tid:3539986] Exe pat_search
 [tid:3539986] INSTSELECTOR: instruction to be included mov rax, qword ptr [rbp-0x78]
 [tid:3539986] ins:mov rax, qword ptr [rbp-0x78]
 [tid:3539986] reg:rax
 [tid:3539986] Exe pat_search
 [tid:3539986] Exe pat_search
 [tid:3539986] INSTSELECTOR: instruction to be included mov rax, qword ptr [rbp-0x20]
 [tid:3539986] ins:mov rax, qword ptr [rbp-0x20]
 [tid:3539986] reg:rax
 [tid:3539986] Exe pat_search
 [tid:3539986] INSTSELECTOR: instruction to be included add rsp, 0x80
 [tid:3539986] ins:add rsp, 0x80
 [tid:3539986] reg:rsp
 [tid:3539986] Exe pat_search
 [tid:3539986] INSTSELECTOR: instruction to be included pop rbp
 [tid:3539986] ins:pop rbp
 [tid:3539986] reg:rbp
 [tid:3539986] Exe pat_search
 [tid:3539986] Exe pat_insert
 [tid:3539986] INSTSELECTOR: instruction to be included mov rax, qword ptr [rbp-0x60]
 [tid:3539986] ins:mov rax, qword ptr [rbp-0x60]
 [tid:3539986] reg:rax
 [tid:3539986] Exe pat_insert
 [tid:3539986] Exe pat_insert
 [tid:3539986] INSTSELECTOR: instruction to be included mov cl, byte ptr [rbp-0x4d]
 [tid:3539986] ins:mov cl, byte ptr [rbp-0x4d]
 [tid:3539986] reg:cl
 [tid:3539986] Exe pat_insert
 [tid:3539986] INSTSELECTOR: instruction to be included mov rax, qword ptr [rbp-0x68]
 [tid:3539986] ins:mov rax, qword ptr [rbp-0x68]
 [tid:3539986] reg:rax
 [tid:3539986] Exe pat_insert
 [tid:3539986] INSTSELECTOR: instruction to be included mov rax, qword ptr [rax]
 [tid:3539986] ins:mov rax, qword ptr [rax]
 [tid:3539986] reg:rax
 [tid:3539986] Exe pat_insert
 [tid:3539986] Exe pat_insert
 [tid:3539986] INSTSELECTOR: instruction to be included cmp cl, byte ptr [rax+0x11]
 [tid:3539986] ins:cmp cl, byte ptr [rax+0x11]
 [tid:3539986] reg:rflags
 [tid:3539986] NORMAL FLAG REG: inst cmp cl, byte ptr [rax+0x11]
 [tid:3539986] Exe pat_insert
 [tid:3539986] Exe pat_insert
 [tid:3539986] Exe pat_insert
 [tid:3539986] INSTSELECTOR: instruction to be included mov rcx, qword ptr [rbp-0x70]
 [tid:3539986] ins:mov rcx, qword ptr [rbp-0x70]
 [tid:3539986] reg:rcx
 [tid:3539986] Exe pat_insert
 [tid:3539986] INSTSELECTOR: instruction to be included mov eax, dword ptr [rbp-0x4c]
 [tid:3539986] ins:mov eax, dword ptr [rbp-0x4c]
 [tid:3539986] reg:eax
 [tid:3539986] Exe pat_insert
 [tid:3539986] Exe pat_insert
 [tid:3539986] Exe pat_insert
 [tid:3539986] INSTSELECTOR: instruction to be included mov rax, qword ptr [rbp-0x10]
 [tid:3539986] ins:mov rax, qword ptr [rbp-0x10]
 [tid:3539986] reg:rax
 [tid:3539986] Exe pat_insert
 [tid:3539986] INSTSELECTOR: instruction to be included mov rax, qword ptr [rax]
 [tid:3539986] ins:mov rax, qword ptr [rax]
 [tid:3539986] reg:rax
 [tid:3539986] Exe pat_insert
 [tid:3539986] INSTSELECTOR: instruction to be included cmp rax, qword ptr [rcx]
 [tid:3539986] ins:cmp rax, qword ptr [rcx]
 [tid:3539986] reg:rflags
 [tid:3539986] Exe pat_insert
 [tid:3539986] Exe pat_insert
 [tid:3539986] Exe pat_insert
 [tid:3539986] INSTSELECTOR: instruction to be included mov rax, qword ptr [rbp-0x20]
 [tid:3539986] ins:mov rax, qword ptr [rbp-0x20]
 [tid:3539986] reg:rax
 [tid:3539986] Exe pat_insert
 [tid:3539986] INSTSELECTOR: instruction to be included movzx ecx, byte ptr [rax+0x10]
 [tid:3539986] ins:movzx ecx, byte ptr [rax+0x10]
 [tid:3539986] reg:ecx
 [tid:3539986] Exe pat_insert
 [tid:3539986] Exe pat_insert
 [tid:3539986] INSTSELECTOR: instruction to be included mov rcx, qword ptr [rbp-0x10]
 [tid:3539986] ins:mov rcx, qword ptr [rbp-0x10]
 [tid:3539986] reg:rcx
 [tid:3539986] Exe pat_insert
 [tid:3539986] INSTSELECTOR: instruction to be included add rcx, 0x8
 [tid:3539986] ins:add rcx, 0x8
 [tid:3539986] reg:rcx
 [tid:3539986] Exe pat_insert
 [tid:3539986] Exe pat_insert
 [tid:3539986] INSTSELECTOR: instruction to be included add rax, 0x8
 [tid:3539986] ins:add rax, 0x8
 [tid:3539986] reg:rax
 [tid:3539986] Exe pat_insert
 [tid:3539986] Exe pat_insert
 [tid:3539986] INSTSELECTOR: instruction to be included mov eax, dword ptr [rbp-0x34]
 [tid:3539986] ins:mov eax, dword ptr [rbp-0x34]
 [tid:3539986] reg:eax
 [tid:3539986] Exe pat_insert
 [tid:3539986] Exe pat_insert
 [tid:3539986] INSTSELECTOR: instruction to be included mov ecx, dword ptr [rbp-0x8c]
 [tid:3539986] ins:mov ecx, dword ptr [rbp-0x8c]
 [tid:3539986] reg:ecx
 [tid:3539986] Exe pat_insert
 [tid:3539986] INSTSELECTOR: instruction to be included mov eax, dword ptr [rbp-0x74]
 [tid:3539986] ins:mov eax, dword ptr [rbp-0x74]
 [tid:3539986] reg:eax
 [tid:3539986] Exe pat_insert
 [tid:3539986] Exe pat_insert
 [tid:3539986] INSTSELECTOR: instruction to be included cmp eax, ecx
 [tid:3539986] ins:cmp eax, ecx
 [tid:3539986] reg:rflags
 [tid:3539986] Exe pat_insert
 [tid:3539986] Exe insertR
 [tid:3539986] INSTSELECTOR: instruction to be included mov rax, qword ptr [rbp-0x8]
 [tid:3539986] ins:mov rax, qword ptr [rbp-0x8]
 [tid:3539986] reg:rax
 [tid:3539986] Exe insertR
 [tid:3539986] INSTSELECTOR: instruction to be included movsx edi, byte ptr [rax+0x11]
 [tid:3539986] ins:movsx edi, byte ptr [rax+0x11]
 [tid:3539986] reg:edi
 [tid:3539986] Exe insertR
 [tid:3539986] INSTSELECTOR: instruction to be included mov rax, qword ptr [rbp-0x10]
 [tid:3539986] ins:mov rax, qword ptr [rbp-0x10]
 [tid:3539986] reg:rax
 [tid:3539986] Exe insertR
 [tid:3539986] INSTSELECTOR: instruction to be included mov rsi, qword ptr [rax]
 [tid:3539986] ins:mov rsi, qword ptr [rax]
 [tid:3539986] reg:rsi
 [tid:3539986] Exe insertR
 [tid:3539986] Exe insertR
 [tid:3539986] INSTSELECTOR: instruction to be included cmp rax, 0x0
 [tid:3539986] ins:cmp rax, 0x0
 [tid:3539986] reg:rflags
 [tid:3539986] Exe insertR
 [tid:3539986] Exe insertR
 [tid:3539986] INSTSELECTOR: instruction to be included mov rcx, qword ptr [rbp-0x8]
 [tid:3539986] ins:mov rcx, qword ptr [rbp-0x8]
 [tid:3539986] reg:rcx
 [tid:3539986] Exe insertR
 [tid:3539986] Exe insertR
 [tid:3539986] INSTSELECTOR: instruction to be included mov rdi, qword ptr [rcx+0x20]
 [tid:3539986] ins:mov rdi, qword ptr [rcx+0x20]
 [tid:3539986] reg:rdi
 [tid:3539986] Exe insertR
 [tid:3539986] INSTSELECTOR: instruction to be included mov rsi, qword ptr [rbp-0x10]
 [tid:3539986] ins:mov rsi, qword ptr [rbp-0x10]
 [tid:3539986] reg:rsi
 [tid:3539986] Exe insertR
 [tid:3539986] INSTSELECTOR: instruction to be included mov edx, dword ptr [rbp-0x14]
 [tid:3539986] ins:mov edx, dword ptr [rbp-0x14]
 [tid:3539986] reg:edx
 [tid:3539986] Exe insertR
 [tid:3539986] Exe insertR
 [tid:3539986] INSTSELECTOR: instruction to be included mov rcx, rax
 [tid:3539986] ins:mov rcx, rax
 [tid:3539986] reg:rcx
 [tid:3539986] Exe insertR
 [tid:3539986] INSTSELECTOR: instruction to be included mov rax, qword ptr [rbp-0x40]
 [tid:3539986] ins:mov rax, qword ptr [rbp-0x40]
 [tid:3539986] reg:rax
 [tid:3539986] Exe insertR
 [tid:3539986] Exe insertR
 [tid:3539986] Exe insertR
 [tid:3539986] INSTSELECTOR: instruction to be included mov rax, qword ptr [rbp-0x8]
 [tid:3539986] ins:mov rax, qword ptr [rbp-0x8]
 [tid:3539986] reg:rax
 [tid:3539986] Exe insertR
 [tid:3539986] Exe insertR
 [tid:3539986] INSTSELECTOR: instruction to be included mov rax, qword ptr [rbp-0x38]
 [tid:3539986] ins:mov rax, qword ptr [rbp-0x38]
 [tid:3539986] reg:rax
 [tid:3539986] Exe insertR
 [tid:3539986] INSTSELECTOR: instruction to be included add rsp, 0x50
 [tid:3539986] ins:add rsp, 0x50
 [tid:3539986] reg:rsp
 [tid:3539986] Exe insertR
 [tid:3539986] INSTSELECTOR: instruction to be included pop rbp
 [tid:3539986] ins:pop rbp
 [tid:3539986] reg:rsp
 [tid:3539986] Exe insertR
 [tid:3539986] Exe insertR
 [tid:3539986] INSTSELECTOR: instruction to be included mov rax, qword ptr [rbp-0x10]
 [tid:3539986] ins:mov rax, qword ptr [rbp-0x10]
 [tid:3539986] reg:rax
 [tid:3539986] Exe insertR
 [tid:3539986] Exe insertR
 [tid:3539986] INSTSELECTOR: instruction to be included mov rcx, qword ptr [rbp-0x28]
 [tid:3539986] ins:mov rcx, qword ptr [rbp-0x28]
 [tid:3539986] reg:rcx
 [tid:3539986] Exe insertR
 [tid:3539986] INSTSELECTOR: instruction to be included mov rax, qword ptr [rbp-0x10]
 [tid:3539986] ins:mov rax, qword ptr [rbp-0x10]
 [tid:3539986] reg:rax
 [tid:3539986] Exe insertR
 [tid:3539986] Exe insertR
 [tid:3539986] INSTSELECTOR: instruction to be included mov edi, dword ptr [rbp-0x14]
 [tid:3539986] ins:mov edi, dword ptr [rbp-0x14]
 [tid:3539986] reg:edi
 [tid:3539986] Exe insertR
 [tid:3539986] INSTSELECTOR: instruction to be included mov rsi, qword ptr [rax]
 [tid:3539986] ins:mov rsi, qword ptr [rax]
 [tid:3539986] reg:rsi
 [tid:3539986] Exe insertR
 [tid:3539986] Exe insertR
 [tid:3539986] INSTSELECTOR: instruction to be included mov rax, qword ptr [rbp-0x8]
 [tid:3539986] ins:mov rax, qword ptr [rbp-0x8]
 [tid:3539986] reg:rax
 [tid:3539986] Exe insertR
 [tid:3539986] Exe insertR
 [tid:3539986] INSTSELECTOR: instruction to be included mov rcx, qword ptr [rbp-0x30]
 [tid:3539986] ins:mov rcx, qword ptr [rbp-0x30]
 [tid:3539986] reg:rcx
 [tid:3539986] Exe insertR
 [tid:3539986] INSTSELECTOR: instruction to be included mov rax, qword ptr [rbp-0x10]
 [tid:3539986] ins:mov rax, qword ptr [rbp-0x10]
 [tid:3539986] reg:rax
 [tid:3539986] Exe insertR
 [tid:3539986] Exe insertR
 [tid:3539986] Exe insertR
 [tid:3539986] Exe insertR
 [tid:3539986] INSTSELECTOR: instruction to be included mov rcx, qword ptr [rbp-0x8]
 [tid:3539986] ins:mov rcx, qword ptr [rbp-0x8]
 [tid:3539986] reg:rcx
 [tid:3539986] Exe insertR
 [tid:3539986] Exe insertR
 [tid:3539986] INSTSELECTOR: instruction to be included mov rdi, qword ptr [rcx+0x18]
 [tid:3539986] ins:mov rdi, qword ptr [rcx+0x18]
 [tid:3539986] reg:rdi
 [tid:3539986] Exe insertR
 [tid:3539986] INSTSELECTOR: instruction to be included mov rsi, qword ptr [rbp-0x10]
 [tid:3539986] ins:mov rsi, qword ptr [rbp-0x10]
 [tid:3539986] reg:rsi
 [tid:3539986] Exe insertR
 [tid:3539986] INSTSELECTOR: instruction to be included mov edx, dword ptr [rbp-0x14]
 [tid:3539986] ins:mov edx, dword ptr [rbp-0x14]
 [tid:3539986] reg:edx
 [tid:3539986] Exe insertR
 [tid:3539986] Exe insertR
 [tid:3539986] INSTSELECTOR: instruction to be included mov rcx, rax
 [tid:3539986] ins:mov rcx, rax
 [tid:3539986] reg:rcx
 [tid:3539986] Exe insertR
 [tid:3539986] INSTSELECTOR: instruction to be included mov rax, qword ptr [rbp-0x48]
 [tid:3539986] ins:mov rax, qword ptr [rbp-0x48]
 [tid:3539986] reg:rax
 [tid:3539986] Exe insertR
 [tid:3539986] Exe insertR
 [tid:3539986] INSTSELECTOR: instruction to be included mov rax, qword ptr [rbp-0x8]
 [tid:3539986] ins:mov rax, qword ptr [rbp-0x8]
 [tid:3539986] reg:rax
 [tid:3539986] Exe insertR
 [tid:3539986] Exe insertR
 [tid:3539986] INSTSELECTOR: instruction to be included mov rax, qword ptr [rbp-0x38]
 [tid:3539986] ins:mov rax, qword ptr [rbp-0x38]
 [tid:3539986] reg:rax
 [tid:3539986] Exe insertR
 [tid:3539986] INSTSELECTOR: instruction to be included add rsp, 0x50
 [tid:3539986] ins:add rsp, 0x50
 [tid:3539986] reg:rsp
 [tid:3539986] Exe insertR
 [tid:3539986] INSTSELECTOR: instruction to be included pop rbp
 [tid:3539986] ins:pop rbp
 [tid:3539986] reg:rsp
 [tid:3539986] Exe insertR
 [tid:3539986] Exe insertR
 [tid:3539986] INSTSELECTOR: instruction to be included mov rcx, rax
 [tid:3539986] ins:mov rcx, rax
 [tid:3539986] reg:rcx
 [tid:3539986] Exe insertR
 [tid:3539986] INSTSELECTOR: instruction to be included mov rax, qword ptr [rbp-0x40]
 [tid:3539986] ins:mov rax, qword ptr [rbp-0x40]
 [tid:3539986] reg:rax
 [tid:3539986] Exe insertR
 [tid:3539986] Exe insertR
 [tid:3539986] Exe pat_insert
 [tid:3539986] INSTSELECTOR: instruction to be included mov rcx, rax
 [tid:3539986] ins:mov rcx, rax
 [tid:3539986] reg:rcx
 [tid:3539986] Exe pat_insert
 [tid:3539986] INSTSELECTOR: instruction to be included mov rax, qword ptr [rbp-0x148]
 [tid:3539986] ins:mov rax, qword ptr [rbp-0x148]
 [tid:3539986] reg:rax
 [tid:3539986] Exe pat_insert
 [tid:3539986] Exe pat_insert
 [tid:3539986] INSTSELECTOR: instruction to be included mov rax, qword ptr [rbp-0x10]
 [tid:3539986] ins:mov rax, qword ptr [rbp-0x10]
 [tid:3539986] reg:rax
 [tid:3539986] Exe pat_insert
 [tid:3539986] Exe pat_insert
 [tid:3539986] INSTSELECTOR: instruction to be included mov rax, qword ptr [rbp-0x8]
 [tid:3539986] ins:mov rax, qword ptr [rbp-0x8]
 [tid:3539986] reg:rax
 [tid:3539986] Exe pat_insert
 [tid:3539986] INSTSELECTOR: instruction to be included add rsp, 0x150
 [tid:3539986] ins:add rsp, 0x150
 [tid:3539986] reg:rsp
 [tid:3539986] Exe pat_insert
 [tid:3539986] INSTSELECTOR: instruction to be included pop rbp
 [tid:3539986] ins:pop rbp
 [tid:3539986] reg:rsp
 [tid:3539986] Exe pat_insert
 [tid:3539986] Exe pat_search
 [tid:3539986] Exe pat_search
 [tid:3539986] Exe pat_search
 [tid:3539986] Exe pat_search
 [tid:3539986] INSTSELECTOR: instruction to be included mov rdx, qword ptr [rbp-0x70]
 [tid:3539986] ins:mov rdx, qword ptr [rbp-0x70]
 [tid:3539986] reg:rdx
 [tid:3539986] Exe pat_search
 [tid:3539986] INSTSELECTOR: instruction to be included mov rax, qword ptr [rbp-0x58]
 [tid:3539986] ins:mov rax, qword ptr [rbp-0x58]
 [tid:3539986] reg:rax
 [tid:3539986] Exe pat_search
 [tid:3539986] Exe pat_search
 [tid:3539986] Exe pat_search
 [tid:3539986] INSTSELECTOR: instruction to be included mov rax, qword ptr [rdx]
 [tid:3539986] ins:mov rax, qword ptr [rdx]
 [tid:3539986] reg:rax
 [tid:3539986] Exe pat_search
 [tid:3539986] INSTSELECTOR: instruction to be included mov rcx, qword ptr [rbp-0x8]
 [tid:3539986] ins:mov rcx, qword ptr [rbp-0x8]
 [tid:3539986] reg:rcx
 [tid:3539986] Exe pat_search
 [tid:3539986] INSTSELECTOR: instruction to be included mov rdx, qword ptr [rdx+0x8]
 [tid:3539986] ins:mov rdx, qword ptr [rdx+0x8]
 [tid:3539986] reg:rdx
 [tid:3539986] Exe pat_search
 [tid:3539986] INSTSELECTOR: instruction to be included and rcx, qword ptr [rdx]
 [tid:3539986] ins:and rcx, qword ptr [rdx]
 [tid:3539986] reg:rcx
 [tid:3539986] Exe pat_search
 [tid:3539986] INSTSELECTOR: instruction to be included cmp rax, rcx
 [tid:3539986] ins:cmp rax, rcx
 [tid:3539986] reg:rflags
 [tid:3539986] Exe pat_search
 [tid:3539986] Exe pat_search
 [tid:3539986] INSTSELECTOR: instruction to be included mov rax, qword ptr [rbp-0x18]
 [tid:3539986] ins:mov rax, qword ptr [rbp-0x18]
 [tid:3539986] reg:rax
 [tid:3539986] Exe pat_search
 [tid:3539986] Exe pat_search
 [tid:3539986] Exe pat_search
 [tid:3539986] INSTSELECTOR: instruction to be included mov rdx, qword ptr [rbp-0x38]
 [tid:3539986] ins:mov rdx, qword ptr [rbp-0x38]
 [tid:3539986] reg:rdx
 [tid:3539986] Exe pat_search
 [tid:3539986] INSTSELECTOR: instruction to be included mov rax, qword ptr [rbp-0x30]
 [tid:3539986] ins:mov rax, qword ptr [rbp-0x30]
 [tid:3539986] reg:rax
 [tid:3539986] Exe pat_search
 [tid:3539986] INSTSELECTOR: instruction to be included mov rsi, qword ptr [rbp-0x28]
 [tid:3539986] ins:mov rsi, qword ptr [rbp-0x28]
 [tid:3539986] reg:rsi
 [tid:3539986] Exe pat_search
 [tid:3539986] Exe pat_search
 [tid:3539986] INSTSELECTOR: instruction to be included mov rcx, qword ptr [rsi]
 [tid:3539986] ins:mov rcx, qword ptr [rsi]
 [tid:3539986] reg:rcx
 [tid:3539986] Exe pat_search
 [tid:3539986] INSTSELECTOR: instruction to be included mov rsi, qword ptr [rsi+0x8]
 [tid:3539986] ins:mov rsi, qword ptr [rsi+0x8]
 [tid:3539986] reg:rsi
 [tid:3539986] Exe pat_search
 [tid:3539986] INSTSELECTOR: instruction to be included and rdx, qword ptr [rsi]
 [tid:3539986] ins:and rdx, qword ptr [rsi]
 [tid:3539986] reg:rdx
 [tid:3539986] Exe pat_search
 [tid:3539986] INSTSELECTOR: instruction to be included cmp rcx, rdx
 [tid:3539986] ins:cmp rcx, rdx
 [tid:3539986] reg:rflags
 [tid:3539986] NORMAL FLAG REG: inst cmp rcx, rdx
 [tid:3539986] Exe pat_search
 [tid:3539986] Exe pat_search
 [tid:3539986] Exe pat_search
 [tid:3539986] INSTSELECTOR: instruction to be included mov rax, qword ptr [rbp-0x48]
 [tid:3539986] ins:mov rax, qword ptr [rbp-0x48]
 [tid:3539986] reg:rax
 [tid:3539986] Exe pat_search
 [tid:3539986] Exe pat_search
 [tid:3539986] Exe main
 [tid:3539986] INSTSELECTOR: instruction to be included cmp rax, 0x0
 [tid:3539986] ins:cmp rax, 0x0
 [tid:3539986] reg:rflags
 [tid:3539986] Exe main
 [tid:3539986] Exe main
 [tid:3539986] INSTSELECTOR: instruction to be included lea rdi, ptr [rbp-0xb0]
 [tid:3539986] ins:lea rdi, ptr [rbp-0xb0]
 [tid:3539986] reg:rdi
 [tid:3539986] Exe main
 [tid:3539986] INSTSELECTOR: instruction to be included lea rsi, ptr [rip+0x1165]
 [tid:3539986] ins:lea rsi, ptr [rip+0x1165]
 [tid:3539986] reg:rsi
 [tid:3539986] Exe main
 [tid:3539986] INSTSELECTOR: instruction to be included lea rdx, ptr [rbp-0xc4]
 [tid:3539986] ins:lea rdx, ptr [rbp-0xc4]
 [tid:3539986] reg:rdx
 [tid:3539986] Exe main
 [tid:3539986] INSTSELECTOR: instruction to be included lea rcx, ptr [rbp-0xb4]
 [tid:3539986] ins:lea rcx, ptr [rbp-0xb4]
 [tid:3539986] reg:rcx
 [tid:3539986] Exe main
 [tid:3539986] INSTSELECTOR: instruction to be included mov al, 0x0
 [tid:3539986] ins:mov al, 0x0
 [tid:3539986] reg:al
 [tid:3539986] Exe main
 [tid:3539986] Exe main
 [tid:3539986] INSTSELECTOR: instruction to be included mov rax, qword ptr [rbp-0x118]
 [tid:3539986] ins:mov rax, qword ptr [rbp-0x118]
 [tid:3539986] reg:rax
 [tid:3539986] Exe main
 [tid:3539986] INSTSELECTOR: instruction to be included mov rcx, qword ptr [rbp-0x120]
 [tid:3539986] ins:mov rcx, qword ptr [rbp-0x120]
 [tid:3539986] reg:rcx
 [tid:3539986] Exe main
 [tid:3539986] INSTSELECTOR: instruction to be included mov rdx, qword ptr [rbp-0x128]
 [tid:3539986] ins:mov rdx, qword ptr [rbp-0x128]
 [tid:3539986] reg:rdx
 [tid:3539986] Exe main
 [tid:3539986] Exe main
 [tid:3539986] Exe main
 [tid:3539986] Exe main
 [tid:3539986] INSTSELECTOR: instruction to be included mov edi, 0x1
 [tid:3539986] ins:mov edi, 0x1
 [tid:3539986] reg:edi
 [tid:3539986] Exe main
 [tid:3539986] Exe deregister_tm_clones
 [tid:3539986] INSTSELECTOR: instruction to be included lea rdi, ptr [rip+0x2027a1]
 [tid:3539986] ins:lea rdi, ptr [rip+0x2027a1]
 [tid:3539986] reg:rdi
 [tid:3539986] Exe deregister_tm_clones
 [tid:3539986] INSTSELECTOR: instruction to be included lea rax, ptr [rip+0x20279a]
 [tid:3539986] ins:lea rax, ptr [rip+0x20279a]
 [tid:3539986] reg:rax
 [tid:3539986] Exe deregister_tm_clones
 [tid:3539986] INSTSELECTOR: instruction to be included cmp rax, rdi
 [tid:3539986] ins:cmp rax, rdi
 [tid:3539986] reg:rflags
 [tid:3539986] Exe deregister_tm_clones
 [tid:3539986] Exe deregister_tm_clones
 [tid:3539986] INSTSELECTOR: instruction to be included mov rax, qword ptr [rip+0x2026d6]
 [tid:3539986] ins:mov rax, qword ptr [rip+0x2026d6]
 [tid:3539986] reg:rax
 [tid:3539986] Exe deregister_tm_clones
 [tid:3539986] INSTSELECTOR: instruction to be included test rax, rax
 [tid:3539986] ins:test rax, rax
 [tid:3539986] reg:rflags
 [tid:3539986] Exe deregister_tm_clones
 [tid:3539986] Exe deregister_tm_clones
 [tid:3539986] Exe deregister_tm_clones
