Pin: pin-3.31-98869-fa6f126a8
Copyright 2002-2024 Intel Corporation.
 [tid:3240745] Invalid RTN nop edx, edi
 [tid:3240745] Invalid RTN push r14
 [tid:3240745] Invalid RTN mov rax, 0xffffffffffffffff
 [tid:3240745] Invalid RTN push r13
 [tid:3240745] Invalid RTN push r12
 [tid:3240745] Invalid RTN push rbp
 [tid:3240745] Invalid RTN push rbx
 [tid:3240745] Invalid RTN sub rsp, 0x20
 [tid:3240745] Invalid RTN mov rbx, qword ptr [rip+0x2ea3ea]
 [tid:3240745] Invalid RTN mov qword ptr [rsp+0x10], rax
 [tid:3240745] Invalid RTN mov qword ptr [rsp+0x18], rax
 [tid:3240745] Invalid RTN mov eax, dword ptr [rbx+0x68]
 [tid:3240745] Invalid RTN mov dword ptr [rsp+0xc], 0x0
 [tid:3240745] Invalid RTN test eax, eax
 [tid:3240745] Invalid RTN jz 0x7fb24ad83d32
 [tid:3240745] Invalid RTN mov r13, qword ptr [rbx+0x190]
 [tid:3240745] Invalid RTN mov rbp, qword ptr [rbx+0x198]
 [tid:3240745] Invalid RTN cmp eax, 0x1
 [tid:3240745] Invalid RTN jz 0x7fb24ad83c60
 [tid:3240745] Invalid RTN cmp eax, 0x3
 [tid:3240745] Invalid RTN jz 0x7fb24ad83cb8
 [tid:3240745] Invalid RTN mov edi, 0xbc
 [tid:3240745] Invalid RTN call 0x7fb24ad83900
 [tid:3240745] Invalid RTN push r15
 [tid:3240745] Invalid RTN push r14
 [tid:3240745] Invalid RTN push r13
 [tid:3240745] Invalid RTN push r12
 [tid:3240745] Invalid RTN push rbp
 [tid:3240745] Invalid RTN push rbx
 [tid:3240745] Invalid RTN sub rsp, 0x28
 [tid:3240745] Invalid RTN mov rbp, qword ptr [rip+0x2ea543]
 [tid:3240745] Invalid RTN mov rax, qword ptr fs:[0x28]
 [tid:3240745] Invalid RTN mov qword ptr [rsp+0x18], rax
 [tid:3240745] Invalid RTN xor eax, eax
 [tid:3240745] Invalid RTN cmp dword ptr [rbp+0x6c], 0x1
 [tid:3240745] Invalid RTN jbe 0x7fb24ad83a36
 [tid:3240745] Invalid RTN mov r15d, edi
 [tid:3240745] Invalid RTN mov byte ptr [rsp+0x16], 0x0
 [tid:3240745] Invalid RTN mov eax, 0x2
 [tid:3240745] Invalid RTN mov byte ptr [rsp+0x17], 0x0
 [tid:3240745] Invalid RTN cpuid 
 [tid:3240745] Invalid RTN mov dword ptr [rsp+0xc], edx
 [tid:3240745] Invalid RTN mov r14d, ecx
 [tid:3240745] Invalid RTN cmp al, 0x1
 [tid:3240745] Invalid RTN jz 0x7fb24ad83990
 [tid:3240745] Invalid RTN lea rcx, ptr [rsp+0x16]
 [tid:3240745] Invalid RTN lea rdx, ptr [rsp+0x17]
 [tid:3240745] Invalid RTN mov esi, 0xff
 [tid:3240745] Invalid RTN lea r9, ptr [rbp+0x74]
 [tid:3240745] Invalid RTN lea r8, ptr [rbp+0x70]
 [tid:3240745] Invalid RTN call 0x7fb24ad83660
 [tid:3240745] Invalid RTN xor al, al
 [tid:3240745] Invalid RTN lea r13, ptr [rsp+0x16]
 [tid:3240745] Invalid RTN lea r12, ptr [rsp+0x17]
 [tid:3240745] Invalid RTN mov esi, eax
 [tid:3240745] Invalid RTN lea r9, ptr [rbp+0x74]
 [tid:3240745] Invalid RTN lea r8, ptr [rbp+0x70]
 [tid:3240745] Invalid RTN mov rcx, r13
 [tid:3240745] Invalid RTN mov rdx, r12
 [tid:3240745] Invalid RTN call 0x7fb24ad83660
 [tid:3240745] Invalid RTN test esi, esi
 [tid:3240745] Invalid RTN js 0x7fb24ad83767
 [tid:3240745] Invalid RTN lea r10d, ptr [rdi-0xb9]
 [tid:3240745] Invalid RTN push r13
 [tid:3240745] Invalid RTN mov eax, r10d
 [tid:3240745] Invalid RTN push r12
 [tid:3240745] Invalid RTN mov r12, rdx
 [tid:3240745] Invalid RTN mov edx, 0x55555556
 [tid:3240745] Invalid RTN imul edx
 [tid:3240745] Invalid RTN push rbp
 [tid:3240745] Invalid RTN sar r10d, 0x1f
 [tid:3240745] Invalid RTN push rbx
 [tid:3240745] Invalid RTN sub edx, r10d
 [tid:3240745] Invalid RTN sub rsp, 0x8
 [tid:3240745] Invalid RTN lea ebp, ptr [rdx+rdx*2]
 [tid:3240745] Invalid RTN test esi, esi
 [tid:3240745] Invalid RTN jz 0x7fb24ad8374c
 [tid:3240745] Invalid RTN lea r13, ptr [rip+0xac821]
 [tid:3240745] Invalid RTN jmp 0x7fb24ad836bd
 [tid:3240745] Invalid RTN movzx eax, sil
 [tid:3240745] Invalid RTN cmp eax, 0x40
 [tid:3240745] Invalid RTN jz 0x7fb24ad836a8
 [tid:3240745] Invalid RTN cmp eax, 0xff
 [tid:3240745] Invalid RTN jz 0x7fb24ad8376a
 [tid:3240745] Invalid RTN cmp eax, 0x49
 [tid:3240745] Invalid RTN jnz 0x7fb24ad836ef
 [tid:3240745] Invalid RTN mov ebx, esi
 [tid:3240745] Invalid RTN mov r10d, 0x44
 [tid:3240745] Invalid RTN xor edx, edx
 [tid:3240745] Invalid RTN jmp 0x7fb24ad83708
 [tid:3240745] Invalid RTN lea rax, ptr [rdx+r10*1]
 [tid:3240745] Invalid RTN shr rax, 0x1
 [tid:3240745] Invalid RTN lea r11, ptr [r13+rax*8]
 [tid:3240745] Invalid RTN cmp bl, byte ptr [r11]
 [tid:3240745] Invalid RTN jz 0x7fb24ad83728
 [tid:3240745] Invalid RTN jb 0x7fb24ad83700
 [tid:3240745] Invalid RTN lea rdx, ptr [rax+0x1]
 [tid:3240745] Invalid RTN jmp 0x7fb24ad83703
 [tid:3240745] Invalid RTN mov r10, rax
 [tid:3240745] Invalid RTN cmp r10, rdx
 [tid:3240745] Invalid RTN jbe 0x7fb24ad836b4
 [tid:3240745] Invalid RTN lea rax, ptr [rdx+r10*1]
 [tid:3240745] Invalid RTN shr rax, 0x1
 [tid:3240745] Invalid RTN lea r11, ptr [r13+rax*8]
 [tid:3240745] Invalid RTN cmp bl, byte ptr [r11]
 [tid:3240745] Invalid RTN jz 0x7fb24ad83728
 [tid:3240745] Invalid RTN jb 0x7fb24ad83700
 [tid:3240745] Invalid RTN shr esi, 0x8
 [tid:3240745] Invalid RTN jz 0x7fb24ad8374c
 [tid:3240745] Invalid RTN movzx eax, sil
 [tid:3240745] Invalid RTN cmp eax, 0x40
 [tid:3240745] Invalid RTN jz 0x7fb24ad836a8
 [tid:3240745] Invalid RTN cmp eax, 0xff
 [tid:3240745] Invalid RTN jz 0x7fb24ad8376a
 [tid:3240745] Invalid RTN cmp eax, 0x49
 [tid:3240745] Invalid RTN jnz 0x7fb24ad836ef
 [tid:3240745] Invalid RTN cmp ebp, 0x9
 [tid:3240745] Invalid RTN jnz 0x7fb24ad836ef
 [tid:3240745] Invalid RTN cmp dword ptr [r8], 0xf
 [tid:3240745] Invalid RTN jnz 0x7fb24ad83760
 [tid:3240745] Invalid RTN cmp r10, rdx
 [tid:3240745] Invalid RTN jbe 0x7fb24ad836b4
 [tid:3240745] Invalid RTN lea rax, ptr [rdx+r10*1]
 [tid:3240745] Invalid RTN shr rax, 0x1
 [tid:3240745] Invalid RTN lea r11, ptr [r13+rax*8]
 [tid:3240745] Invalid RTN cmp bl, byte ptr [r11]
 [tid:3240745] Invalid RTN jz 0x7fb24ad83728
 [tid:3240745] Invalid RTN jb 0x7fb24ad83700
 [tid:3240745] Invalid RTN lea rdx, ptr [rax+0x1]
 [tid:3240745] Invalid RTN jmp 0x7fb24ad83703
 [tid:3240745] Invalid RTN xor eax, eax
 [tid:3240745] Invalid RTN add rsp, 0x8
 [tid:3240745] Invalid RTN pop rbx
 [tid:3240745] Invalid RTN pop rbp
 [tid:3240745] Invalid RTN pop r12
 [tid:3240745] Invalid RTN pop r13
 [tid:3240745] Invalid RTN ret 
 [tid:3240745] Invalid RTN test rax, rax
 [tid:3240745] Invalid RTN jnz 0x7fb24ad8396a
 [tid:3240745] Invalid RTN lea r9, ptr [rbp+0x74]
 [tid:3240745] Invalid RTN lea r8, ptr [rbp+0x70]
 [tid:3240745] Invalid RTN mov rcx, r13
 [tid:3240745] Invalid RTN mov rdx, r12
 [tid:3240745] Invalid RTN mov esi, ebx
 [tid:3240745] Invalid RTN mov edi, r15d
 [tid:3240745] Invalid RTN call 0x7fb24ad83660
 [tid:3240745] Invalid RTN mov eax, 0x4
 [tid:3240745] Invalid RTN xor ecx, ecx
 [tid:3240745] Invalid RTN cpuid 
 [tid:3240745] Invalid RTN mov edx, eax
 [tid:3240745] Invalid RTN and edx, 0x1f
 [tid:3240745] Invalid RTN jz 0x7fb24ad838a0
 [tid:3240745] Invalid RTN xor esi, esi
 [tid:3240745] Invalid RTN mov r8d, 0x4
 [tid:3240745] Invalid RTN jmp 0x7fb24ad837af
 [tid:3240745] Invalid RTN shr eax, 0x5
 [tid:3240745] Invalid RTN and eax, 0x7
 [tid:3240745] Invalid RTN cmp eax, 0x1
 [tid:3240745] Invalid RTN setz r9b
 [tid:3240745] Invalid RTN cmp edx, 0x1
 [tid:3240745] Invalid RTN jz 0x7fb24ad83790
 [tid:3240745] Invalid RTN cmp edx, 0x2
 [tid:3240745] Invalid RTN jnz 0x7fb24ad83869
 [tid:3240745] Invalid RTN test r9b, r9b
 [tid:3240745] Invalid RTN jz 0x7fb24ad83869
 [tid:3240745] Invalid RTN test r9b, r9b
 [tid:3240745] Invalid RTN jz 0x7fb24ad837c1
 [tid:3240745] Invalid RTN cmp ebp, 0x3
 [tid:3240745] Invalid RTN jz 0x7fb24ad837d7
 [tid:3240745] Invalid RTN add esi, 0x1
 [tid:3240745] Invalid RTN mov eax, r8d
 [tid:3240745] Invalid RTN mov ecx, esi
 [tid:3240745] Invalid RTN cpuid 
 [tid:3240745] Invalid RTN lea eax, ptr [rdi-0xb9]
 [tid:3240745] Invalid RTN sub eax, ebp
 [tid:3240745] Invalid RTN jz 0x7fb24ad8382e
 [tid:3240745] Invalid RTN cmp eax, 0x1
 [tid:3240745] Invalid RTN jz 0x7fb24ad838ac
 [tid:3240745] Invalid RTN cmp eax, 0x2
 [tid:3240745] Invalid RTN jnz 0x7fb24ad838b9
 [tid:3240745] Invalid RTN mov eax, ebx
 [tid:3240745] Invalid RTN mov edx, ebx
 [tid:3240745] Invalid RTN add ecx, 0x1
 [tid:3240745] Invalid RTN shr ebx, 0xc
 [tid:3240745] Invalid RTN shr eax, 0x16
 [tid:3240745] Invalid RTN and edx, 0xfff
 [tid:3240745] Invalid RTN add edx, 0x1
 [tid:3240745] Invalid RTN add eax, 0x1
 [tid:3240745] Invalid RTN imul eax, edx
 [tid:3240745] Invalid RTN mov edx, ebx
 [tid:3240745] Invalid RTN and edx, 0x3ff
 [tid:3240745] Invalid RTN add edx, 0x1
 [tid:3240745] Invalid RTN imul eax, ecx
 [tid:3240745] Invalid RTN imul eax, edx
 [tid:3240745] Invalid RTN jmp 0x7fb24ad8374e
 [tid:3240745] Invalid RTN add rsp, 0x8
 [tid:3240745] Invalid RTN pop rbx
 [tid:3240745] Invalid RTN pop rbp
 [tid:3240745] Invalid RTN pop r12
 [tid:3240745] Invalid RTN pop r13
 [tid:3240745] Invalid RTN ret 
 [tid:3240745] Invalid RTN test rax, rax
 [tid:3240745] Invalid RTN jnz 0x7fb24ad8396a
 [tid:3240745] Invalid RTN lea r9, ptr [rbp+0x74]
 [tid:3240745] Invalid RTN lea r8, ptr [rbp+0x70]
 [tid:3240745] Invalid RTN mov rcx, r13
 [tid:3240745] Invalid RTN mov rdx, r12
 [tid:3240745] Invalid RTN mov esi, r14d
 [tid:3240745] Invalid RTN mov edi, r15d
 [tid:3240745] Invalid RTN call 0x7fb24ad83660
 [tid:3240745] Invalid RTN mov rbx, qword ptr [rsp+0x18]
 [tid:3240745] Invalid RTN xor rbx, qword ptr fs:[0x28]
 [tid:3240745] Invalid RTN jnz 0x7fb24ad83a42
 [tid:3240745] Invalid RTN add rsp, 0x28
 [tid:3240745] Invalid RTN pop rbx
 [tid:3240745] Invalid RTN pop rbp
 [tid:3240745] Invalid RTN pop r12
 [tid:3240745] Invalid RTN pop r13
 [tid:3240745] Invalid RTN pop r14
 [tid:3240745] Invalid RTN pop r15
 [tid:3240745] Invalid RTN ret 
 [tid:3240745] Invalid RTN mov edi, 0xbf
 [tid:3240745] Invalid RTN mov r12, rax
 [tid:3240745] Invalid RTN call 0x7fb24ad83900
 [tid:3240745] Invalid RTN mov edx, eax
 [tid:3240745] Invalid RTN and edx, 0x1f
 [tid:3240745] Invalid RTN jz 0x7fb24ad838a0
 [tid:3240745] Invalid RTN shr eax, 0x5
 [tid:3240745] Invalid RTN and eax, 0x7
 [tid:3240745] Invalid RTN cmp eax, 0x1
 [tid:3240745] Invalid RTN setz r9b
 [tid:3240745] Invalid RTN cmp edx, 0x1
 [tid:3240745] Invalid RTN jz 0x7fb24ad83790
 [tid:3240745] Invalid RTN cmp edx, 0x2
 [tid:3240745] Invalid RTN jnz 0x7fb24ad83869
 [tid:3240745] Invalid RTN test r9b, r9b
 [tid:3240745] Invalid RTN jz 0x7fb24ad83869
 [tid:3240745] Invalid RTN test ebp, ebp
 [tid:3240745] Invalid RTN jnz 0x7fb24ad8379a
 [tid:3240745] Invalid RTN lea eax, ptr [rdi-0xb9]
 [tid:3240745] Invalid RTN sub eax, ebp
 [tid:3240745] Invalid RTN jz 0x7fb24ad8382e
 [tid:3240745] Invalid RTN add esi, 0x1
 [tid:3240745] Invalid RTN mov eax, r8d
 [tid:3240745] Invalid RTN mov ecx, esi
 [tid:3240745] Invalid RTN cpuid 
 [tid:3240745] Invalid RTN cmp eax, 0x2
 [tid:3240745] Invalid RTN jnz 0x7fb24ad83877
 [tid:3240745] Invalid RTN cmp ebp, 0x6
 [tid:3240745] Invalid RTN jz 0x7fb24ad837d7
 [tid:3240745] Invalid RTN cmp eax, 0x3
 [tid:3240745] Invalid RTN jnz 0x7fb24ad83885
 [tid:3240745] Invalid RTN mov edi, 0xc2
 [tid:3240745] Invalid RTN mov r14, rax
 [tid:3240745] Invalid RTN call 0x7fb24ad83900
 [tid:3240745] Invalid RTN cmp eax, 0x4
 [tid:3240745] Invalid RTN jnz 0x7fb24ad8379a
 [tid:3240745] Invalid RTN cmp ebp, 0xc
 [tid:3240745] Invalid RTN jz 0x7fb24ad837d7
 [tid:3240745] Invalid RTN jmp 0x7fb24ad8379a
 [tid:3240745] Invalid RTN cmp eax, 0x3
 [tid:3240745] Invalid RTN jnz 0x7fb24ad83885
 [tid:3240745] Invalid RTN cmp ebp, 0x9
 [tid:3240745] Invalid RTN jz 0x7fb24ad837d7
 [tid:3240745] Invalid RTN cmp eax, 0x4
 [tid:3240745] Invalid RTN jnz 0x7fb24ad8379a
 [tid:3240745] Invalid RTN lea rdx, ptr [rsp+0xc]
 [tid:3240745] Invalid RTN lea rsi, ptr [rsp+0x18]
 [tid:3240745] Invalid RTN mov rcx, r14
 [tid:3240745] Invalid RTN mov qword ptr [rsp+0x10], rax
 [tid:3240745] Invalid RTN lea rdi, ptr [rsp+0x10]
 [tid:3240745] Invalid RTN mov qword ptr [rsp+0x18], rax
 [tid:3240745] Invalid RTN call 0x7fb24ad82dc0
 [tid:3240745] Invalid RTN push r15
 [tid:3240745] Invalid RTN mov r9, qword ptr [rsi]
 [tid:3240745] Invalid RTN push r14
 [tid:3240745] Invalid RTN mov r14, rdi
 [tid:3240745] Invalid RTN push r13
 [tid:3240745] Invalid RTN mov r13, rdx
 [tid:3240745] Invalid RTN push r12
 [tid:3240745] Invalid RTN push rbp
 [tid:3240745] Invalid RTN push rbx
 [tid:3240745] Invalid RTN mov r10, qword ptr [rdi]
 [tid:3240745] Invalid RTN mov r15d, dword ptr [rdx]
 [tid:3240745] Invalid RTN mov qword ptr [rsp-0x20], rcx
 [tid:3240745] Invalid RTN test r10, r10
 [tid:3240745] Invalid RTN jle 0x7fb24ad83080
 [tid:3240745] Invalid RTN mov dword ptr [rsp-0x10], 0x3
 [tid:3240745] Invalid RTN mov dword ptr [rsp-0x24], 0x0
 [tid:3240745] Invalid RTN mov r11, qword ptr [rip+0x2eb05a]
 [tid:3240745] Invalid RTN test byte ptr [r11+0x8b], 0x10
 [tid:3240745] Invalid RTN jz 0x7fb24ad82f17
 [tid:3240745] Invalid RTN mov eax, dword ptr [r11+0x6c]
 [tid:3240745] Invalid RTN mov edx, dword ptr [r11+0x70]
 [tid:3240745] Invalid RTN mov ebx, dword ptr [r11+0x74]
 [tid:3240745] Invalid RTN mov ebp, dword ptr [r11+0x68]
 [tid:3240745] Invalid RTN mov dword ptr [rsp-0x8], eax
 [tid:3240745] Invalid RTN mov dword ptr [rsp-0xc], edx
 [tid:3240745] Invalid RTN mov dword ptr [rsp-0x4], ebx
 [tid:3240745] Invalid RTN cmp eax, 0x3
 [tid:3240745] Invalid RTN jle 0x7fb24ad82ec0
 [tid:3240745] Invalid RTN mov r12d, dword ptr [rsp-0x24]
 [tid:3240745] Invalid RTN mov r8d, 0x3
 [tid:3240745] Invalid RTN test r12d, r12d
 [tid:3240745] Invalid RTN jnz 0x7fb24ad830a0
 [tid:3240745] Invalid RTN mov byte ptr [rsp-0x11], 0x1
 [tid:3240745] Invalid RTN xor ecx, ecx
 [tid:3240745] Invalid RTN mov r12d, 0x4
 [tid:3240745] Invalid RTN mov dword ptr [rsp-0x18], 0x0
 [tid:3240745] Invalid RTN nop word ptr [rax+rax*1]
 [tid:3240745] Invalid RTN lea edi, ptr [rcx+0x1]
 [tid:3240745] Invalid RTN mov eax, r12d
 [tid:3240745] Invalid RTN cpuid 
 [tid:3240745] Invalid RTN cmp ebp, 0x1
 [tid:3240745] Invalid RTN jz 0x7fb24ad82f30
 [tid:3240745] Invalid RTN mov ecx, eax
 [tid:3240745] Invalid RTN shr ecx, 0x5
 [tid:3240745] Invalid RTN and ecx, 0x7
 [tid:3240745] Invalid RTN cmp ecx, 0x2
 [tid:3240745] Invalid RTN jz 0x7fb24ad82f45
 [tid:3240745] Invalid RTN cmp ecx, 0x3
 [tid:3240745] Invalid RTN jnz 0x7fb24ad82eb8
 [tid:3240745] Invalid RTN test al, 0x1f
 [tid:3240745] Invalid RTN jz 0x7fb24ad82ecd
 [tid:3240745] Invalid RTN mov ecx, eax
 [tid:3240745] Invalid RTN shr ecx, 0x5
 [tid:3240745] Invalid RTN and ecx, 0x7
 [tid:3240745] Invalid RTN cmp ecx, 0x2
 [tid:3240745] Invalid RTN jnz 0x7fb24ad82e82
 [tid:3240745] Invalid RTN test r8b, 0x1
 [tid:3240745] Invalid RTN jz 0x7fb24ad82eb8
 [tid:3240745] Invalid RTN cmp ecx, 0x3
 [tid:3240745] Invalid RTN jnz 0x7fb24ad82eb8
 [tid:3240745] Invalid RTN test r8b, 0x2
 [tid:3240745] Invalid RTN jz 0x7fb24ad82eb8
 [tid:3240745] Invalid RTN shr eax, 0xe
 [tid:3240745] Invalid RTN shr edx, 0x1
 [tid:3240745] Invalid RTN and r8d, 0xfffffffd
 [tid:3240745] Invalid RTN and eax, 0x3ff
 [tid:3240745] Invalid RTN mov dword ptr [rsp-0x24], eax
 [tid:3240745] Invalid RTN mov eax, edx
 [tid:3240745] Invalid RTN and eax, 0x1
 [tid:3240745] Invalid RTN mov byte ptr [rsp-0x11], al
 [tid:3240745] Invalid RTN test r8d, r8d
 [tid:3240745] Invalid RTN jz 0x7fb24ad82f68
 [tid:3240745] Invalid RTN mov ecx, edi
 [tid:3240745] Invalid RTN jmp 0x7fb24ad82e60
 [tid:3240745] Invalid RTN lea edi, ptr [rcx+0x1]
 [tid:3240745] Invalid RTN mov eax, r12d
 [tid:3240745] Invalid RTN cpuid 
 [tid:3240745] Invalid RTN shr eax, 0xe
 [tid:3240745] Invalid RTN and r8d, 0xfffffffe
 [tid:3240745] Invalid RTN and eax, 0x3ff
 [tid:3240745] Invalid RTN mov dword ptr [rsp-0x18], eax
 [tid:3240745] Invalid RTN test r8d, r8d
 [tid:3240745] Invalid RTN jnz 0x7fb24ad82eb8
 [tid:3240745] Invalid RTN cmp dword ptr [rsp-0xc], 0x6
 [tid:3240745] Invalid RTN setz r12b
 [tid:3240745] Invalid RTN cmp ebp, 0x3
 [tid:3240745] Invalid RTN setz al
 [tid:3240745] Invalid RTN test al, r12b
 [tid:3240745] Invalid RTN jnz 0x7fb24ad8303b
 [tid:3240745] Invalid RTN cmp dword ptr [rsp-0x8], 0xa
 [tid:3240745] Invalid RTN jle 0x7fb24ad8303b
 [tid:3240745] Invalid RTN cmp dword ptr [rsp-0xc], 0x6
 [tid:3240745] Invalid RTN setz r12b
 [tid:3240745] Invalid RTN cmp ebp, 0x3
 [tid:3240745] Invalid RTN setz al
 [tid:3240745] Invalid RTN test al, r12b
 [tid:3240745] Invalid RTN jnz 0x7fb24ad8303b
 [tid:3240745] Invalid RTN cmp dword ptr [rsp-0x8], 0xa
 [tid:3240745] Invalid RTN jle 0x7fb24ad8303b
 [tid:3240745] Invalid RTN mov r11d, dword ptr [rsp-0x18]
 [tid:3240745] Invalid RTN mov edi, dword ptr [rsp-0x10]
 [tid:3240745] Invalid RTN mov ebx, dword ptr [rsp-0x24]
 [tid:3240745] Invalid RTN test r11d, r11d
 [tid:3240745] Invalid RTN setnle dl
 [tid:3240745] Invalid RTN xor eax, eax
 [tid:3240745] Invalid RTN cmp edi, 0x3
 [tid:3240745] Invalid RTN setz al
 [tid:3240745] Invalid RTN and eax, edx
 [tid:3240745] Invalid RTN mov r8d, eax
 [tid:3240745] Invalid RTN or r8d, 0x2
 [tid:3240745] Invalid RTN test ebx, ebx
 [tid:3240745] Invalid RTN jle 0x7fb24ad83138
 [tid:3240745] Invalid RTN mov eax, 0xb
 [tid:3240745] Invalid RTN xor ecx, ecx
 [tid:3240745] Invalid RTN cpuid 
 [tid:3240745] Invalid RTN movzx ebx, bl
 [tid:3240745] Invalid RTN and ecx, 0xff00
 [tid:3240745] Invalid RTN jz 0x7fb24ad8303b
 [tid:3240745] Invalid RTN test ebx, ebx
 [tid:3240745] Invalid RTN jz 0x7fb24ad8303b
 [tid:3240745] Invalid RTN mov edx, 0x1
 [tid:3240745] Invalid RTN mov r11d, 0xb
 [tid:3240745] Invalid RTN jmp 0x7fb24ad8300a
 [tid:3240745] Invalid RTN cmp ecx, 0x100
 [tid:3240745] Invalid RTN jnz 0x7fb24ad82fe0
 [tid:3240745] Invalid RTN test r8b, 0x1
 [tid:3240745] Invalid RTN jz 0x7fb24ad82fec
 [tid:3240745] Invalid RTN bsr ecx, dword ptr [rsp-0x18]
 [tid:3240745] Invalid RTN mov eax, 0xffffffff
 [tid:3240745] Invalid RTN add ecx, 0x1
 [tid:3240745] Invalid RTN sub ebx, 0x1
 [tid:3240745] Invalid RTN and r8d, 0xfffffffe
 [tid:3240745] Invalid RTN shl eax, cl
 [tid:3240745] Invalid RTN not eax
 [tid:3240745] Invalid RTN and ebx, eax
 [tid:3240745] Invalid RTN mov dword ptr [rsp-0x18], ebx
 [tid:3240745] Invalid RTN test r8d, r8d
 [tid:3240745] Invalid RTN jnz 0x7fb24ad82fec
 [tid:3240745] Invalid RTN lea edi, ptr [rdx+0x1]
 [tid:3240745] Invalid RTN mov eax, r11d
 [tid:3240745] Invalid RTN mov ecx, edx
 [tid:3240745] Invalid RTN cpuid 
 [tid:3240745] Invalid RTN and ecx, 0xff00
 [tid:3240745] Invalid RTN and ebx, 0xff
 [tid:3240745] Invalid RTN jz 0x7fb24ad8303b
 [tid:3240745] Invalid RTN test ecx, ecx
 [tid:3240745] Invalid RTN jz 0x7fb24ad8303b
 [tid:3240745] Invalid RTN mov edx, edi
 [tid:3240745] Invalid RTN cmp ecx, 0x100
 [tid:3240745] Invalid RTN jnz 0x7fb24ad82fe0
 [tid:3240745] Invalid RTN cmp ecx, 0x200
 [tid:3240745] Invalid RTN jz 0x7fb24ad830b8
 [tid:3240745] Invalid RTN lea edi, ptr [rdx+0x1]
 [tid:3240745] Invalid RTN mov eax, r11d
 [tid:3240745] Invalid RTN mov ecx, edx
 [tid:3240745] Invalid RTN cpuid 
 [tid:3240745] Invalid RTN test r8b, 0x2
 [tid:3240745] Invalid RTN jz 0x7fb24ad82fec
 [tid:3240745] Invalid RTN sub ebx, 0x1
 [tid:3240745] Invalid RTN cmp dword ptr [rsp-0x10], 0x2
 [tid:3240745] Invalid RTN jz 0x7fb24ad831c0
 [tid:3240745] Invalid RTN bsr ecx, dword ptr [rsp-0x24]
 [tid:3240745] Invalid RTN mov eax, 0xffffffff
 [tid:3240745] Invalid RTN add ecx, 0x1
 [tid:3240745] Invalid RTN shl eax, cl
 [tid:3240745] Invalid RTN not eax
 [tid:3240745] Invalid RTN and eax, ebx
 [tid:3240745] Invalid RTN mov dword ptr [rsp-0x24], eax
 [tid:3240745] Invalid RTN and r8d, 0xfffffffd
 [tid:3240745] Invalid RTN jmp 0x7fb24ad83036
 [tid:3240745] Invalid RTN test r8d, r8d
 [tid:3240745] Invalid RTN jnz 0x7fb24ad82fec
 [tid:3240745] Invalid RTN mov r8d, dword ptr [rsp-0x18]
 [tid:3240745] Invalid RTN test r8d, r8d
 [tid:3240745] Invalid RTN jz 0x7fb24ad830f0
 [tid:3240745] Invalid RTN mov ecx, dword ptr [rsp-0x24]
 [tid:3240745] Invalid RTN add dword ptr [rsp-0x18], 0x1
 [tid:3240745] Invalid RTN test ecx, ecx
 [tid:3240745] Invalid RTN jle 0x7fb24ad83160
 [tid:3240745] Invalid RTN cmp dword ptr [rsp-0x10], 0x2
 [tid:3240745] Invalid RTN jz 0x7fb24ad83167
 [tid:3240745] Invalid RTN mov eax, dword ptr [rsp-0x24]
 [tid:3240745] Invalid RTN add eax, 0x1
 [tid:3240745] Invalid RTN mov r15d, eax
 [tid:3240745] Invalid RTN mov eax, 0x1
 [tid:3240745] Invalid RTN jmp 0x7fb24ad82edb
 [tid:3240745] Invalid RTN test r9, r9
 [tid:3240745] Invalid RTN jle 0x7fb24ad82ef2
 [tid:3240745] Invalid RTN test al, al
 [tid:3240745] Invalid RTN jz 0x7fb24ad82ef2
 [tid:3240745] Invalid RTN mov rax, r9
 [tid:3240745] Invalid RTN mov ecx, r15d
 [tid:3240745] Invalid RTN cqo 
 [tid:3240745] Invalid RTN idiv rcx
 [tid:3240745] Invalid RTN mov r9, rax
 [tid:3240745] Invalid RTN cmp byte ptr [rsp-0x11], 0x0
 [tid:3240745] Invalid RTN jnz 0x7fb24ad82f17
 [tid:3240745] Invalid RTN mov rdi, qword ptr [rsp-0x20]
 [tid:3240745] Invalid RTN movsxd rbx, dword ptr [rsp-0x18]
 [tid:3240745] Invalid RTN mov rax, rdi
 [tid:3240745] Invalid RTN test ebx, ebx
 [tid:3240745] Invalid RTN jz 0x7fb24ad82f0f
 [tid:3240745] Invalid RTN cqo 
 [tid:3240745] Invalid RTN idiv rbx
 [tid:3240745] Invalid RTN add r9, rax
 [tid:3240745] Invalid RTN add r10, qword ptr [rsp-0x20]
 [tid:3240745] Invalid RTN pop rbx
 [tid:3240745] Invalid RTN pop rbp
 [tid:3240745] Invalid RTN mov qword ptr [r14], r10
 [tid:3240745] Invalid RTN pop r12
 [tid:3240745] Invalid RTN mov qword ptr [rsi], r9
 [tid:3240745] Invalid RTN mov dword ptr [r13], r15d
 [tid:3240745] Invalid RTN pop r13
 [tid:3240745] Invalid RTN pop r14
 [tid:3240745] Invalid RTN pop r15
 [tid:3240745] Invalid RTN ret 
 [tid:3240745] Invalid RTN test r13, r13
 [tid:3240745] Invalid RTN jnz 0x7fb24ad83abd
 [tid:3240745] Invalid RTN jmp 0x7fb24ad83ac0
 [tid:3240745] Invalid RTN test r12, r12
 [tid:3240745] Invalid RTN jle 0x7fb24ad83af0
 [tid:3240745] Invalid RTN mov rax, r12
 [tid:3240745] Invalid RTN mov qword ptr [rip+0x2ea879], r12
 [tid:3240745] Invalid RTN xor r12b, r12b
 [tid:3240745] Invalid RTN sar rax, 0x1
 [tid:3240745] Invalid RTN mov qword ptr [rip+0x2ea87c], r12
 [tid:3240745] Invalid RTN mov qword ptr [rip+0x2ea86d], rax
 [tid:3240745] Invalid RTN mov rax, r12
 [tid:3240745] Invalid RTN sar rax, 0x1
 [tid:3240745] Invalid RTN mov qword ptr [rip+0x2ea870], rax
 [tid:3240745] Invalid RTN test rbp, rbp
 [tid:3240745] Invalid RTN jnz 0x7fb24ad83beb
 [tid:3240745] Invalid RTN mov rax, qword ptr [rsp+0x10]
 [tid:3240745] Invalid RTN test rax, rax
 [tid:3240745] Invalid RTN jle 0x7fb24ad83bf7
 [tid:3240745] Invalid RTN mov rdx, rax
 [tid:3240745] Invalid RTN mov qword ptr [rip+0x2ea817], rax
 [tid:3240745] Invalid RTN xor al, al
 [tid:3240745] Invalid RTN sar rdx, 0x1
 [tid:3240745] Invalid RTN mov qword ptr [rip+0x2ea81b], rax
 [tid:3240745] Invalid RTN mov qword ptr [rip+0x2ea80c], rdx
 [tid:3240745] Invalid RTN mov rdx, rax
 [tid:3240745] Invalid RTN sar rdx, 0x1
 [tid:3240745] Invalid RTN mov qword ptr [rip+0x2ea80f], rdx
 [tid:3240745] Invalid RTN mov rdx, qword ptr [rsp+0x18]
 [tid:3240745] Invalid RTN lea rdx, ptr [rdx+rdx*2]
 [tid:3240745] Invalid RTN test rdx, rdx
 [tid:3240745] Invalid RTN lea rbp, ptr [rdx+0x3]
 [tid:3240745] Invalid RTN cmovns rbp, rdx
 [tid:3240745] Invalid RTN sar rax, 0x2
 [tid:3240745] Invalid RTN sar rbp, 0x2
 [tid:3240745] Invalid RTN cmp rax, rbp
 [tid:3240745] Invalid RTN cmovb rax, rbp
 [tid:3240745] Invalid RTN mov ecx, dword ptr [rbx+0xb0]
 [tid:3240745] Invalid RTN mov rdx, qword ptr [rbx+0x1a0]
 [tid:3240745] Invalid RTN test ch, 0x2
 [tid:3240745] Invalid RTN cmovz rax, rbp
 [tid:3240745] Invalid RTN test rdx, rdx
 [tid:3240745] Invalid RTN cmovnz rax, rdx
 [tid:3240745] Invalid RTN and ecx, 0x10000
 [tid:3240745] Invalid RTN mov edx, dword ptr [rbx+0x17c]
 [tid:3240745] Invalid RTN mov qword ptr [rip+0x2ed6b6], rax
 [tid:3240745] Invalid RTN jz 0x7fb24ad83c30
 [tid:3240745] Invalid RTN test dh, 0x40
 [tid:3240745] Invalid RTN jnz 0x7fb24ad83c30
 [tid:3240745] Invalid RTN mov eax, 0x4000
 [tid:3240745] Invalid RTN mov edx, 0x200
 [tid:3240745] Invalid RTN test byte ptr [rbx+0xb8], 0x10
 [tid:3240745] Invalid RTN mov ecx, 0x840
 [tid:3240745] Invalid RTN cmovnz rax, rcx
 [tid:3240745] Invalid RTN mov rcx, qword ptr [rbx+0x1a8]
 [tid:3240745] Invalid RTN cmp rcx, rdx
 [tid:3240745] Invalid RTN cmovnbe rax, rcx
 [tid:3240745] Invalid RTN mov qword ptr [rip+0x2ea760], rax
 [tid:3240745] Invalid RTN mov rax, qword ptr [rbx+0x1b0]
 [tid:3240745] Invalid RTN mov qword ptr [rip+0x2ea74a], rax
 [tid:3240745] Invalid RTN add rsp, 0x20
 [tid:3240745] Invalid RTN xor eax, eax
 [tid:3240745] Invalid RTN pop rbx
 [tid:3240745] Invalid RTN pop rbp
 [tid:3240745] Invalid RTN pop r12
 [tid:3240745] Invalid RTN pop r13
 [tid:3240745] Invalid RTN pop r14
 [tid:3240745] Invalid RTN ret 
 [tid:3240745] Invalid RTN and edx, 0x100
 [tid:3240745] Invalid RTN cmp edx, 0x1
 [tid:3240745] Invalid RTN sbb rax, rax
 [tid:3240745] Invalid RTN and rax, 0xffffffffffffe800
 [tid:3240745] Invalid RTN add rax, 0x2000
 [tid:3240745] Invalid RTN cmp edx, 0x1
 [tid:3240745] Invalid RTN sbb rdx, rdx
 [tid:3240745] Invalid RTN and rdx, 0xffffffffffffff80
 [tid:3240745] Invalid RTN add rdx, 0x100
 [tid:3240745] Invalid RTN jmp 0x7fb24ad83b9b
 [tid:3240745] Invalid RTN test byte ptr [rbx+0xb8], 0x10
 [tid:3240745] Invalid RTN mov ecx, 0x840
 [tid:3240745] Invalid RTN cmovnz rax, rcx
 [tid:3240745] Invalid RTN mov rcx, qword ptr [rbx+0x1a8]
 [tid:3240745] Invalid RTN cmp rcx, rdx
 [tid:3240745] Invalid RTN cmovnbe rax, rcx
 [tid:3240745] Invalid RTN mov qword ptr [rip+0x2ea760], rax
 [tid:3240745] Invalid RTN mov rax, qword ptr [rbx+0x1b0]
 [tid:3240745] Invalid RTN mov qword ptr [rip+0x2ea74a], rax
 [tid:3240745] Invalid RTN add rsp, 0x20
 [tid:3240745] Invalid RTN xor eax, eax
 [tid:3240745] Invalid RTN pop rbx
 [tid:3240745] Invalid RTN pop rbp
 [tid:3240745] Invalid RTN pop r12
 [tid:3240745] Invalid RTN pop r13
 [tid:3240745] Invalid RTN pop r14
 [tid:3240745] Invalid RTN ret 
 [tid:3240745] Invalid RTN nop edx, edi
 [tid:3240745] Invalid RTN mov rcx, qword ptr [rip+0x32f8fd]
 [tid:3240745] Invalid RTN lea rax, ptr [rip-0x7bac2]
 [tid:3240745] Invalid RTN mov edx, dword ptr [rcx+0x17c]
 [tid:3240745] Invalid RTN test dh, 0x30
 [tid:3240745] Invalid RTN jnz 0x7fb24ad3e5e3
 [tid:3240745] Invalid RTN mov esi, dword ptr [rcx+0xb0]
 [tid:3240745] Invalid RTN test esi, 0x10000
 [tid:3240745] Invalid RTN jnz 0x7fb24ad3e5e8
 [tid:3240745] Invalid RTN test dh, 0x1
 [tid:3240745] Invalid RTN jz 0x7fb24ad3e5c0
 [tid:3240745] Invalid RTN test dh, 0x40
 [tid:3240745] Invalid RTN jnz 0x7fb24ad3e57b
 [tid:3240745] Invalid RTN lea rax, ptr [rip+0x3d90c]
 [tid:3240745] Invalid RTN test esi, esi
 [tid:3240745] Invalid RTN jns 0x7fb24ad3e5e3
 [tid:3240745] Invalid RTN and esi, 0x200
 [tid:3240745] Invalid RTN lea rdx, ptr [rip+0x3e32b]
 [tid:3240745] Invalid RTN lea rax, ptr [rip+0x3e394]
 [tid:3240745] Invalid RTN cmovz rax, rdx
 [tid:3240745] Invalid RTN ret 
 [tid:3240745] Invalid RTN test dh, 0x1
 [tid:3240745] Invalid RTN jz 0x7fb24ad3e5c0
 [tid:3240745] Invalid RTN test esi, esi
 [tid:3240745] Invalid RTN js 0x7fb24ad3e638
 [tid:3240745] Invalid RTN test esi, 0x800
 [tid:3240745] Invalid RTN jz 0x7fb24ad3e5b0
 [tid:3240745] Invalid RTN and esi, 0x200
 [tid:3240745] Invalid RTN lea rdx, ptr [rip+0x184ab]
 [tid:3240745] Invalid RTN lea rax, ptr [rip+0x18514]
 [tid:3240745] Invalid RTN cmovz rax, rdx
 [tid:3240745] Invalid RTN ret 
 [tid:3240745] Invalid RTN nop edx, edi
 [tid:3240745] Invalid RTN mov rdx, qword ptr [rip+0x3306dd]
 [tid:3240745] Invalid RTN mov ecx, dword ptr [rdx+0xb0]
 [tid:3240745] Invalid RTN mov esi, dword ptr [rdx+0x17c]
 [tid:3240745] Invalid RTN test cl, 0x20
 [tid:3240745] Invalid RTN jz 0x7fb24ad3d794
 [tid:3240745] Invalid RTN test esi, 0x100
 [tid:3240745] Invalid RTN jnz 0x7fb24ad3d7c0
 [tid:3240745] Invalid RTN and esi, 0x10
 [tid:3240745] Invalid RTN lea rax, ptr [rip-0x6a40e]
 [tid:3240745] Invalid RTN jnz 0x7fb24ad3d7b9
 [tid:3240745] Invalid RTN test ecx, ecx
 [tid:3240745] Invalid RTN js 0x7fb24ad3d7e0
 [tid:3240745] Invalid RTN lea rax, ptr [rip+0x16115]
 [tid:3240745] Invalid RTN and ch, 0x8
 [tid:3240745] Invalid RTN jnz 0x7fb24ad3d7b9
 [tid:3240745] Invalid RTN lea rax, ptr [rip+0xd729]
 [tid:3240745] Invalid RTN test esi, 0x800
 [tid:3240745] Invalid RTN jnz 0x7fb24ad3d794
 [tid:3240745] Invalid RTN lea rax, ptr [rip+0x1efe9]
 [tid:3240745] Invalid RTN test ecx, 0x40000000
 [tid:3240745] Invalid RTN jz 0x7fb24ad3d7c4
 [tid:3240745] Invalid RTN jmp 0x7fb24ad3d7b9
 [tid:3240745] Invalid RTN ret 
 [tid:3240745] Invalid RTN nop edx, edi
 [tid:3240745] Invalid RTN mov rdx, qword ptr [rip+0x32f31d]
 [tid:3240745] Invalid RTN mov ecx, dword ptr [rdx+0xb0]
 [tid:3240745] Invalid RTN test cl, 0x20
 [tid:3240745] Invalid RTN jz 0x7fb24ad3eb78
 [tid:3240745] Invalid RTN mov esi, dword ptr [rdx+0x17c]
 [tid:3240745] Invalid RTN test esi, 0x100
 [tid:3240745] Invalid RTN jz 0x7fb24ad3eb78
 [tid:3240745] Invalid RTN test ecx, ecx
 [tid:3240745] Invalid RTN js 0x7fb24ad3ebb0
 [tid:3240745] Invalid RTN lea rax, ptr [rip+0x19e09]
 [tid:3240745] Invalid RTN test ecx, 0x40000000
 [tid:3240745] Invalid RTN jz 0x7fb24ad3eb58
 [tid:3240745] Invalid RTN jmp 0x7fb24ad3ebab
 [tid:3240745] Invalid RTN ret 
 [tid:3240745] Invalid RTN nop edx, edi
 [tid:3240745] Invalid RTN mov rdx, qword ptr [rip+0x330efd]
 [tid:3240745] Invalid RTN mov ecx, dword ptr [rdx+0xb0]
 [tid:3240745] Invalid RTN mov esi, dword ptr [rdx+0x17c]
 [tid:3240745] Invalid RTN test cl, 0x20
 [tid:3240745] Invalid RTN jz 0x7fb24ad3cf74
 [tid:3240745] Invalid RTN test esi, 0x100
 [tid:3240745] Invalid RTN jnz 0x7fb24ad3cfa0
 [tid:3240745] Invalid RTN and esi, 0x10
 [tid:3240745] Invalid RTN lea rax, ptr [rip-0x75dae]
 [tid:3240745] Invalid RTN jnz 0x7fb24ad3cf99
 [tid:3240745] Invalid RTN test ecx, ecx
 [tid:3240745] Invalid RTN js 0x7fb24ad3cfc0
 [tid:3240745] Invalid RTN lea rax, ptr [rip+0x137d5]
 [tid:3240745] Invalid RTN and ch, 0x8
 [tid:3240745] Invalid RTN jnz 0x7fb24ad3cf99
 [tid:3240745] Invalid RTN lea rax, ptr [rip+0xae89]
 [tid:3240745] Invalid RTN test esi, 0x800
 [tid:3240745] Invalid RTN jnz 0x7fb24ad3cf74
 [tid:3240745] Invalid RTN lea rax, ptr [rip+0x1c419]
 [tid:3240745] Invalid RTN test ecx, 0x40000000
 [tid:3240745] Invalid RTN jz 0x7fb24ad3cfa4
 [tid:3240745] Invalid RTN jmp 0x7fb24ad3cf99
 [tid:3240745] Invalid RTN ret 
 [tid:3240745] Invalid RTN nop edx, edi
 [tid:3240745] Invalid RTN mov rcx, qword ptr [rip+0x33064d]
 [tid:3240745] Invalid RTN lea rax, ptr [rip-0x69252]
 [tid:3240745] Invalid RTN mov edx, dword ptr [rcx+0xb0]
 [tid:3240745] Invalid RTN mov esi, edx
 [tid:3240745] Invalid RTN and esi, 0x120
 [tid:3240745] Invalid RTN cmp esi, 0x120
 [tid:3240745] Invalid RTN jz 0x7fb24ad3d830
 [tid:3240745] Invalid RTN ret 
 [tid:3240745] Invalid RTN mov ecx, dword ptr [rcx+0x17c]
 [tid:3240745] Invalid RTN test ch, 0x1
 [tid:3240745] Invalid RTN jz 0x7fb24ad3d828
 [tid:3240745] Invalid RTN test edx, edx
 [tid:3240745] Invalid RTN js 0x7fb24ad3d868
 [tid:3240745] Invalid RTN lea rax, ptr [rip+0x16d1a]
 [tid:3240745] Invalid RTN and dh, 0x8
 [tid:3240745] Invalid RTN jnz 0x7fb24ad3d828
 [tid:3240745] Invalid RTN lea rax, ptr [rip+0x1fc71]
 [tid:3240745] Invalid RTN test edx, 0x40000000
 [tid:3240745] Invalid RTN jz 0x7fb24ad3d83f
 [tid:3240745] Invalid RTN ret 
 [tid:3240745] Invalid RTN nop edx, edi
 [tid:3240745] Invalid RTN sub rsp, 0x28
 [tid:3240745] Invalid RTN mov esi, 0x32
 [tid:3240745] Invalid RTN lea rax, ptr [rip+0x9e3e4]
 [tid:3240745] Invalid RTN mov edx, 0x5f
 [tid:3240745] Invalid RTN mov qword ptr [rsp], rax
 [tid:3240745] Invalid RTN lea rcx, ptr [rip+0x9e3d9]
 [tid:3240745] Invalid RTN mov rax, 0x103ae75f6
 [tid:3240745] Invalid RTN mov qword ptr [rsp+0x8], rax
 [tid:3240745] Invalid RTN mov eax, 0x50e3a8
 [tid:3240745] Invalid RTN shl rax, 0x4
 [tid:3240745] Invalid RTN add rcx, 0x1
 [tid:3240745] Invalid RTN add rax, rdx
 [tid:3240745] Invalid RTN mov rdx, rax
 [tid:3240745] Invalid RTN shr rdx, 0x18
 [tid:3240745] Invalid RTN and edx, 0xf0
 [tid:3240745] Invalid RTN xor rax, rdx
 [tid:3240745] Invalid RTN test sil, sil
 [tid:3240745] Invalid RTN jz 0x7fb24ad958f8
 [tid:3240745] Invalid RTN movzx edx, sil
 [tid:3240745] Invalid RTN movzx esi, byte ptr [rcx+0x1]
 [tid:3240745] Invalid RTN jmp 0x7fb24ad958c8
 [tid:3240745] Invalid RTN shl rax, 0x4
 [tid:3240745] Invalid RTN add rcx, 0x1
 [tid:3240745] Invalid RTN add rax, rdx
 [tid:3240745] Invalid RTN mov rdx, rax
 [tid:3240745] Invalid RTN shr rdx, 0x18
 [tid:3240745] Invalid RTN and edx, 0xf0
 [tid:3240745] Invalid RTN xor rax, rdx
 [tid:3240745] Invalid RTN test sil, sil
 [tid:3240745] Invalid RTN jz 0x7fb24ad958f8
 [tid:3240745] Invalid RTN movzx edx, sil
 [tid:3240745] Invalid RTN movzx esi, byte ptr [rcx+0x1]
 [tid:3240745] Invalid RTN jmp 0x7fb24ad958c8
 [tid:3240745] Invalid RTN and eax, 0xfffffff
 [tid:3240745] Invalid RTN cmp rax, 0x3ae75f6
 [tid:3240745] Invalid RTN jnz 0x7fb24ad95930
 [tid:3240745] Invalid RTN mov rsi, rsp
 [tid:3240745] Invalid RTN lea rdi, ptr [rip+0x9fd82]
 [tid:3240745] Invalid RTN mov qword ptr [rsp+0x10], 0x0
 [tid:3240745] Invalid RTN call 0x7fb24ae17710
 [tid:3240745] Invalid RTN nop edx, edi
 [tid:3240745] Invalid RTN sub rsp, 0x38
 [tid:3240745] Invalid RTN mov r8, rsi
 [tid:3240745] Invalid RTN mov rax, qword ptr fs:[0x28]
 [tid:3240745] Invalid RTN mov qword ptr [rsp+0x28], rax
 [tid:3240745] Invalid RTN xor eax, eax
 [tid:3240745] Invalid RTN mov rax, qword ptr [rip+0x256726]
 [tid:3240745] Invalid RTN mov rsi, qword ptr [rax+0x248]
 [tid:3240745] Invalid RTN test rsi, rsi
 [tid:3240745] Invalid RTN jz 0x7fb24ae1779a
 [tid:3240745] Invalid RTN lea rdx, ptr [rsp+0x10]
 [tid:3240745] Invalid RTN pxor xmm0, xmm0
 [tid:3240745] Invalid RTN xor r9d, r9d
 [tid:3240745] Invalid RTN mov qword ptr [rsp+0x20], 0x0
 [tid:3240745] Invalid RTN movaps xmmword ptr [rsp+0x10], xmm0
 [tid:3240745] Invalid RTN lea rcx, ptr [rsi+0x398]
 [tid:3240745] Invalid RTN mov qword ptr [rsp+0x8], rdx
 [tid:3240745] Invalid RTN lea rdx, ptr [rsp+0x8]
 [tid:3240745] Invalid RTN mov byte ptr [rsp+0x14], 0x20
 [tid:3240745] Invalid RTN push 0x0
 [tid:3240745] Invalid RTN push 0x0
 [tid:3240745] Invalid RTN call qword ptr [rax+0x268]
 [tid:3240745] Invalid RTN mov rsi, qword ptr [rsp+0x18]
 [tid:3240745] Invalid RTN pop rdx
 [tid:3240745] Invalid RTN pop rcx
 [tid:3240745] Invalid RTN test rsi, rsi
 [tid:3240745] Invalid RTN jz 0x7fb24ae1779a
 [tid:3240745] Invalid RTN cmp word ptr [rsi+0x6], 0xfff1
 [tid:3240745] Invalid RTN jz 0x7fb24ae177b8
 [tid:3240745] Invalid RTN test rax, rax
 [tid:3240745] Invalid RTN jz 0x7fb24ae177b8
 [tid:3240745] Invalid RTN mov rax, qword ptr [rax]
 [tid:3240745] Invalid RTN add rax, qword ptr [rsi+0x8]
 [tid:3240745] Invalid RTN mov rsi, rax
 [tid:3240745] Invalid RTN mov rcx, qword ptr [rsp+0x28]
 [tid:3240745] Invalid RTN xor rcx, qword ptr fs:[0x28]
 [tid:3240745] Invalid RTN mov rax, rsi
 [tid:3240745] Invalid RTN jnz 0x7fb24ae177bc
 [tid:3240745] Invalid RTN add rsp, 0x38
 [tid:3240745] Invalid RTN ret 
 [tid:3240745] Invalid RTN lea rdx, ptr [rip-0xa4]
 [tid:3240745] Invalid RTN test rax, rax
 [tid:3240745] Invalid RTN cmovz rax, rdx
 [tid:3240745] Invalid RTN add rsp, 0x28
 [tid:3240745] Invalid RTN ret 
 [tid:3240745] Invalid RTN nop edx, edi
 [tid:3240745] Invalid RTN mov rcx, qword ptr [rip+0x32db4d]
 [tid:3240745] Invalid RTN lea rax, ptr [rip-0x7cc52]
 [tid:3240745] Invalid RTN mov edx, dword ptr [rcx+0xb0]
 [tid:3240745] Invalid RTN mov esi, edx
 [tid:3240745] Invalid RTN and esi, 0x120
 [tid:3240745] Invalid RTN cmp esi, 0x120
 [tid:3240745] Invalid RTN jz 0x7fb24ad40330
 [tid:3240745] Invalid RTN ret 
 [tid:3240745] Invalid RTN mov ecx, dword ptr [rcx+0x17c]
 [tid:3240745] Invalid RTN test ch, 0x1
 [tid:3240745] Invalid RTN jz 0x7fb24ad40328
 [tid:3240745] Invalid RTN mov esi, edx
 [tid:3240745] Invalid RTN and esi, 0x800
 [tid:3240745] Invalid RTN test edx, edx
 [tid:3240745] Invalid RTN js 0x7fb24ad40370
 [tid:3240745] Invalid RTN lea rax, ptr [rip+0xeb32]
 [tid:3240745] Invalid RTN test esi, esi
 [tid:3240745] Invalid RTN jnz 0x7fb24ad40328
 [tid:3240745] Invalid RTN and edx, 0x40000000
 [tid:3240745] Invalid RTN jz 0x7fb24ad40347
 [tid:3240745] Invalid RTN test esi, esi
 [tid:3240745] Invalid RTN lea rdx, ptr [rip+0x175df]
 [tid:3240745] Invalid RTN lea rax, ptr [rip+0x1f3b8]
 [tid:3240745] Invalid RTN cmovz rax, rdx
 [tid:3240745] Invalid RTN ret 
 [tid:3240745] Invalid RTN nop edx, edi
 [tid:3240745] Invalid RTN mov rcx, qword ptr [rip+0x2e990d]
 [tid:3240745] Invalid RTN lea rax, ptr [rip-0xae102]
 [tid:3240745] Invalid RTN mov edx, dword ptr [rcx+0xb0]
 [tid:3240745] Invalid RTN mov esi, edx
 [tid:3240745] Invalid RTN and esi, 0x120
 [tid:3240745] Invalid RTN cmp esi, 0x120
 [tid:3240745] Invalid RTN jz 0x7fb24ad84570
 [tid:3240745] Invalid RTN ret 
 [tid:3240745] Invalid RTN mov ecx, dword ptr [rcx+0x17c]
 [tid:3240745] Invalid RTN test ch, 0x1
 [tid:3240745] Invalid RTN jz 0x7fb24ad84568
 [tid:3240745] Invalid RTN mov esi, edx
 [tid:3240745] Invalid RTN and esi, 0x800
 [tid:3240745] Invalid RTN test edx, edx
 [tid:3240745] Invalid RTN js 0x7fb24ad845b0
 [tid:3240745] Invalid RTN lea rax, ptr [rip-0x2e7ae]
 [tid:3240745] Invalid RTN test esi, esi
 [tid:3240745] Invalid RTN jnz 0x7fb24ad84568
 [tid:3240745] Invalid RTN and edx, 0x40000000
 [tid:3240745] Invalid RTN jz 0x7fb24ad84587
 [tid:3240745] Invalid RTN test esi, esi
 [tid:3240745] Invalid RTN lea rdx, ptr [rip-0x257c1]
 [tid:3240745] Invalid RTN lea rax, ptr [rip-0x24ce8]
 [tid:3240745] Invalid RTN cmovz rax, rdx
 [tid:3240745] Invalid RTN ret 
 [tid:3240745] Invalid RTN nop edx, edi
 [tid:3240745] Invalid RTN mov rcx, qword ptr [rip+0x2e9fed]
 [tid:3240745] Invalid RTN lea rax, ptr [rip-0xaefe2]
 [tid:3240745] Invalid RTN mov edx, dword ptr [rcx+0xb0]
 [tid:3240745] Invalid RTN mov esi, edx
 [tid:3240745] Invalid RTN and esi, 0x120
 [tid:3240745] Invalid RTN cmp esi, 0x120
 [tid:3240745] Invalid RTN jz 0x7fb24ad83e90
 [tid:3240745] Invalid RTN ret 
 [tid:3240745] Invalid RTN mov ecx, dword ptr [rcx+0x17c]
 [tid:3240745] Invalid RTN test ch, 0x1
 [tid:3240745] Invalid RTN jz 0x7fb24ad83e88
 [tid:3240745] Invalid RTN test edx, edx
 [tid:3240745] Invalid RTN js 0x7fb24ad83ec8
 [tid:3240745] Invalid RTN lea rax, ptr [rip-0x2f466]
 [tid:3240745] Invalid RTN and dh, 0x8
 [tid:3240745] Invalid RTN jnz 0x7fb24ad83e88
 [tid:3240745] Invalid RTN lea rax, ptr [rip-0x2648f]
 [tid:3240745] Invalid RTN test edx, 0x40000000
 [tid:3240745] Invalid RTN jz 0x7fb24ad83e9f
 [tid:3240745] Invalid RTN ret 
 [tid:3240745] Invalid RTN nop edx, edi
 [tid:3240745] Invalid RTN mov rcx, qword ptr [rip+0x32f6cd]
 [tid:3240745] Invalid RTN lea rax, ptr [rip-0x7bd22]
 [tid:3240745] Invalid RTN mov edx, dword ptr [rcx+0x17c]
 [tid:3240745] Invalid RTN test dh, 0x30
 [tid:3240745] Invalid RTN jnz 0x7fb24ad3e813
 [tid:3240745] Invalid RTN mov esi, dword ptr [rcx+0xb0]
 [tid:3240745] Invalid RTN test esi, 0x10000
 [tid:3240745] Invalid RTN jnz 0x7fb24ad3e818
 [tid:3240745] Invalid RTN test dh, 0x1
 [tid:3240745] Invalid RTN jz 0x7fb24ad3e7f0
 [tid:3240745] Invalid RTN test dh, 0x40
 [tid:3240745] Invalid RTN jnz 0x7fb24ad3e7ab
 [tid:3240745] Invalid RTN lea rax, ptr [rip+0x3d6bc]
 [tid:3240745] Invalid RTN test esi, esi
 [tid:3240745] Invalid RTN jns 0x7fb24ad3e813
 [tid:3240745] Invalid RTN and esi, 0x200
 [tid:3240745] Invalid RTN lea rdx, ptr [rip+0x3e0db]
 [tid:3240745] Invalid RTN lea rax, ptr [rip+0x3e144]
 [tid:3240745] Invalid RTN cmovz rax, rdx
 [tid:3240745] Invalid RTN ret 
 [tid:3240745] Invalid RTN test dh, 0x1
 [tid:3240745] Invalid RTN jz 0x7fb24ad3e7f0
 [tid:3240745] Invalid RTN test esi, esi
 [tid:3240745] Invalid RTN js 0x7fb24ad3e868
 [tid:3240745] Invalid RTN test esi, 0x800
 [tid:3240745] Invalid RTN jz 0x7fb24ad3e7e0
 [tid:3240745] Invalid RTN and esi, 0x200
 [tid:3240745] Invalid RTN lea rdx, ptr [rip+0x1825b]
 [tid:3240745] Invalid RTN lea rax, ptr [rip+0x182c4]
 [tid:3240745] Invalid RTN cmovz rax, rdx
 [tid:3240745] Invalid RTN ret 
 [tid:3240745] Invalid RTN nop edx, edi
 [tid:3240745] Invalid RTN mov rax, qword ptr [rip+0x32f99d]
 [tid:3240745] Invalid RTN mov ecx, dword ptr [rax+0xb0]
 [tid:3240745] Invalid RTN mov edx, dword ptr [rax+0x94]
 [tid:3240745] Invalid RTN test cl, 0x20
 [tid:3240745] Invalid RTN jz 0x7fb24ad3e510
 [tid:3240745] Invalid RTN test edx, 0x400000
 [tid:3240745] Invalid RTN jz 0x7fb24ad3e510
 [tid:3240745] Invalid RTN test ch, 0x1
 [tid:3240745] Invalid RTN jz 0x7fb24ad3e510
 [tid:3240745] Invalid RTN mov esi, dword ptr [rax+0x17c]
 [tid:3240745] Invalid RTN test esi, 0x100
 [tid:3240745] Invalid RTN jz 0x7fb24ad3e510
 [tid:3240745] Invalid RTN test ecx, ecx
 [tid:3240745] Invalid RTN js 0x7fb24ad3e530
 [tid:3240745] Invalid RTN lea rax, ptr [rip+0xf84e]
 [tid:3240745] Invalid RTN and ch, 0x8
 [tid:3240745] Invalid RTN jnz 0x7fb24ad3e525
 [tid:3240745] Invalid RTN lea rax, ptr [rip+0x18289]
 [tid:3240745] Invalid RTN test ecx, 0x40000000
 [tid:3240745] Invalid RTN jz 0x7fb24ad3e4eb
 [tid:3240745] Invalid RTN jmp 0x7fb24ad3e525
 [tid:3240745] Invalid RTN ret 
 [tid:3240745] Invalid RTN nop edx, edi
 [tid:3240745] Invalid RTN mov rdx, qword ptr [rip+0x33077d]
 [tid:3240745] Invalid RTN mov ecx, dword ptr [rdx+0xb0]
 [tid:3240745] Invalid RTN test cl, 0x20
 [tid:3240745] Invalid RTN jz 0x7fb24ad3d718
 [tid:3240745] Invalid RTN mov esi, dword ptr [rdx+0x17c]
 [tid:3240745] Invalid RTN test esi, 0x100
 [tid:3240745] Invalid RTN jz 0x7fb24ad3d718
 [tid:3240745] Invalid RTN test ecx, ecx
 [tid:3240745] Invalid RTN js 0x7fb24ad3d750
 [tid:3240745] Invalid RTN mov eax, ecx
 [tid:3240745] Invalid RTN and eax, 0x40000100
 [tid:3240745] Invalid RTN cmp eax, 0x40000100
 [tid:3240745] Invalid RTN jnz 0x7fb24ad3d6f8
 [tid:3240745] Invalid RTN lea rax, ptr [rip+0x1e9db]
 [tid:3240745] Invalid RTN test esi, 0x10000
 [tid:3240745] Invalid RTN jnz 0x7fb24ad3d6f8
 [tid:3240745] Invalid RTN jmp 0x7fb24ad3d74b
 [tid:3240745] Invalid RTN lea rax, ptr [rip+0x15b61]
 [tid:3240745] Invalid RTN and ch, 0x8
 [tid:3240745] Invalid RTN jnz 0x7fb24ad3d74b
 [tid:3240745] Invalid RTN and esi, 0x800
 [tid:3240745] Invalid RTN lea rax, ptr [rip+0xd19f]
 [tid:3240745] Invalid RTN jz 0x7fb24ad3d74b
 [tid:3240745] Invalid RTN nop dword ptr [rax+rax*1]
 [tid:3240745] Invalid RTN mov ecx, dword ptr [rdx+0x94]
 [tid:3240745] Invalid RTN test ecx, 0x100000
 [tid:3240745] Invalid RTN jz 0x7fb24ad3d736
 [tid:3240745] Invalid RTN ret 
 [tid:3240745] Invalid RTN nop edx, edi
 [tid:3240745] Invalid RTN mov rdx, qword ptr [rip+0x330ded]
 [tid:3240745] Invalid RTN mov ecx, dword ptr [rdx+0xb0]
 [tid:3240745] Invalid RTN mov esi, dword ptr [rdx+0x17c]
 [tid:3240745] Invalid RTN test cl, 0x20
 [tid:3240745] Invalid RTN jz 0x7fb24ad3d084
 [tid:3240745] Invalid RTN test esi, 0x100
 [tid:3240745] Invalid RTN jnz 0x7fb24ad3d0b0
 [tid:3240745] Invalid RTN and esi, 0x10
 [tid:3240745] Invalid RTN lea rax, ptr [rip-0x7211e]
 [tid:3240745] Invalid RTN jnz 0x7fb24ad3d0a9
 [tid:3240745] Invalid RTN test ecx, ecx
 [tid:3240745] Invalid RTN js 0x7fb24ad3d0d0
 [tid:3240745] Invalid RTN lea rax, ptr [rip+0x14195]
 [tid:3240745] Invalid RTN and ch, 0x8
 [tid:3240745] Invalid RTN jnz 0x7fb24ad3d0a9
 [tid:3240745] Invalid RTN lea rax, ptr [rip+0xb829]
 [tid:3240745] Invalid RTN test esi, 0x800
 [tid:3240745] Invalid RTN jnz 0x7fb24ad3d084
 [tid:3240745] Invalid RTN mov eax, ecx
 [tid:3240745] Invalid RTN and eax, 0x40000100
 [tid:3240745] Invalid RTN cmp eax, 0x40000100
 [tid:3240745] Invalid RTN jnz 0x7fb24ad3d0b4
 [tid:3240745] Invalid RTN lea rax, ptr [rip+0x1cebb]
 [tid:3240745] Invalid RTN test esi, 0x10000
 [tid:3240745] Invalid RTN jnz 0x7fb24ad3d0b4
 [tid:3240745] Invalid RTN jmp 0x7fb24ad3d0a9
 [tid:3240745] Invalid RTN lea rax, ptr [rip+0x14195]
 [tid:3240745] Invalid RTN and ch, 0x8
 [tid:3240745] Invalid RTN jnz 0x7fb24ad3d0a9
 [tid:3240745] Invalid RTN lea rax, ptr [rip+0xb829]
 [tid:3240745] Invalid RTN test esi, 0x800
 [tid:3240745] Invalid RTN jnz 0x7fb24ad3d084
 [tid:3240745] Invalid RTN ret 
 [tid:3240745] Invalid RTN nop edx, edi
 [tid:3240745] Invalid RTN mov rdx, qword ptr [rip+0x32f7cd]
 [tid:3240745] Invalid RTN lea rax, ptr [rip-0x7b152]
 [tid:3240745] Invalid RTN mov ecx, dword ptr [rdx+0x17c]
 [tid:3240745] Invalid RTN test ch, 0x10
 [tid:3240745] Invalid RTN jnz 0x7fb24ad3e6f4
 [tid:3240745] Invalid RTN mov edx, dword ptr [rdx+0xb0]
 [tid:3240745] Invalid RTN test edx, 0x10000
 [tid:3240745] Invalid RTN jnz 0x7fb24ad3e6f8
 [tid:3240745] Invalid RTN mov eax, edx
 [tid:3240745] Invalid RTN and eax, 0x200
 [tid:3240745] Invalid RTN test dl, 0x20
 [tid:3240745] Invalid RTN jz 0x7fb24ad3e6e0
 [tid:3240745] Invalid RTN test ch, 0x40
 [tid:3240745] Invalid RTN jnz 0x7fb24ad3e6ab
 [tid:3240745] Invalid RTN lea rax, ptr [rip+0x3df4c]
 [tid:3240745] Invalid RTN test edx, edx
 [tid:3240745] Invalid RTN jns 0x7fb24ad3e6f4
 [tid:3240745] Invalid RTN mov ecx, edx
 [tid:3240745] Invalid RTN and ecx, 0x40000100
 [tid:3240745] Invalid RTN cmp ecx, 0x40000100
 [tid:3240745] Invalid RTN jnz 0x7fb24ad3e6f4
 [tid:3240745] Invalid RTN mov eax, edx
 [tid:3240745] Invalid RTN and eax, 0x200
 [tid:3240745] Invalid RTN test dl, 0x20
 [tid:3240745] Invalid RTN jz 0x7fb24ad3e6e0
 [tid:3240745] Invalid RTN test edx, edx
 [tid:3240745] Invalid RTN js 0x7fb24ad3e748
 [tid:3240745] Invalid RTN and dh, 0x8
 [tid:3240745] Invalid RTN jnz 0x7fb24ad3e730
 [tid:3240745] Invalid RTN mov esi, edx
 [tid:3240745] Invalid RTN and esi, 0x40000100
 [tid:3240745] Invalid RTN cmp esi, 0x40000100
 [tid:3240745] Invalid RTN jnz 0x7fb24ad3e6bf
 [tid:3240745] Invalid RTN test eax, eax
 [tid:3240745] Invalid RTN lea rdx, ptr [rip+0x18f9b]
 [tid:3240745] Invalid RTN lea rax, ptr [rip+0x19094]
 [tid:3240745] Invalid RTN cmovz rax, rdx
 [tid:3240745] Invalid RTN ret 
 [tid:3240745] Invalid RTN nop edx, edi
 [tid:3240745] Invalid RTN mov rcx, qword ptr [rip+0x2ea06d]
 [tid:3240745] Invalid RTN lea rax, ptr [rip-0xaf0f2]
 [tid:3240745] Invalid RTN mov edx, dword ptr [rcx+0xb0]
 [tid:3240745] Invalid RTN mov esi, edx
 [tid:3240745] Invalid RTN and esi, 0x120
 [tid:3240745] Invalid RTN cmp esi, 0x120
 [tid:3240745] Invalid RTN jz 0x7fb24ad83e10
 [tid:3240745] Invalid RTN ret 
 [tid:3240745] Invalid RTN mov ecx, dword ptr [rcx+0x17c]
 [tid:3240745] Invalid RTN test ch, 0x1
 [tid:3240745] Invalid RTN jz 0x7fb24ad83e08
 [tid:3240745] Invalid RTN test edx, edx
 [tid:3240745] Invalid RTN js 0x7fb24ad83e48
 [tid:3240745] Invalid RTN lea rax, ptr [rip-0x2f626]
 [tid:3240745] Invalid RTN and dh, 0x8
 [tid:3240745] Invalid RTN jnz 0x7fb24ad83e08
 [tid:3240745] Invalid RTN lea rax, ptr [rip-0x2666f]
 [tid:3240745] Invalid RTN test edx, 0x40000000
 [tid:3240745] Invalid RTN jz 0x7fb24ad83e1f
 [tid:3240745] Invalid RTN ret 
 [tid:3240745] Invalid RTN nop edx, edi
 [tid:3240745] Invalid RTN mov rcx, qword ptr [rip+0x33088d]
 [tid:3240745] Invalid RTN lea rax, ptr [rip-0x69232]
 [tid:3240745] Invalid RTN mov edx, dword ptr [rcx+0xb0]
 [tid:3240745] Invalid RTN mov esi, edx
 [tid:3240745] Invalid RTN and esi, 0x120
 [tid:3240745] Invalid RTN cmp esi, 0x120
 [tid:3240745] Invalid RTN jz 0x7fb24ad3d5f0
 [tid:3240745] Invalid RTN ret 
 [tid:3240745] Invalid RTN mov ecx, dword ptr [rcx+0x17c]
 [tid:3240745] Invalid RTN test ch, 0x1
 [tid:3240745] Invalid RTN jz 0x7fb24ad3d5e8
 [tid:3240745] Invalid RTN test edx, edx
 [tid:3240745] Invalid RTN js 0x7fb24ad3d628
 [tid:3240745] Invalid RTN lea rax, ptr [rip+0x16c5a]
 [tid:3240745] Invalid RTN and dh, 0x8
 [tid:3240745] Invalid RTN jnz 0x7fb24ad3d5e8
 [tid:3240745] Invalid RTN lea rax, ptr [rip+0x1fbf1]
 [tid:3240745] Invalid RTN test edx, 0x40000000
 [tid:3240745] Invalid RTN jz 0x7fb24ad3d5ff
 [tid:3240745] Invalid RTN ret 
 [tid:3240745] Invalid RTN nop edx, edi
 [tid:3240745] Invalid RTN mov rax, qword ptr [rip+0x330cad]
 [tid:3240745] Invalid RTN lea rdx, ptr [rip+0x453ce]
 [tid:3240745] Invalid RTN test byte ptr [rax+0x96], 0x10
 [tid:3240745] Invalid RTN lea rax, ptr [rip+0x45530]
 [tid:3240745] Invalid RTN cmovnz rax, rdx
 [tid:3240745] Invalid RTN ret 
 [tid:3240745] Invalid RTN nop edx, edi
 [tid:3240745] Invalid RTN mov rdx, qword ptr [rip+0x32f27d]
 [tid:3240745] Invalid RTN mov ecx, dword ptr [rdx+0xb0]
 [tid:3240745] Invalid RTN test cl, 0x20
 [tid:3240745] Invalid RTN jz 0x7fb24ad3ec18
 [tid:3240745] Invalid RTN mov esi, dword ptr [rdx+0x17c]
 [tid:3240745] Invalid RTN test esi, 0x100
 [tid:3240745] Invalid RTN jz 0x7fb24ad3ec18
 [tid:3240745] Invalid RTN test ecx, ecx
 [tid:3240745] Invalid RTN js 0x7fb24ad3ec50
 [tid:3240745] Invalid RTN lea rax, ptr [rip+0x1be69]
 [tid:3240745] Invalid RTN test ecx, 0x40000000
 [tid:3240745] Invalid RTN jz 0x7fb24ad3ebf8
 [tid:3240745] Invalid RTN jmp 0x7fb24ad3ec4b
 [tid:3240745] Invalid RTN ret 
 [tid:3240745] Invalid RTN nop edx, edi
 [tid:3240745] Invalid RTN mov rdx, qword ptr [rip+0x330d3d]
 [tid:3240745] Invalid RTN mov ecx, dword ptr [rdx+0xb0]
 [tid:3240745] Invalid RTN mov esi, dword ptr [rdx+0x17c]
 [tid:3240745] Invalid RTN test cl, 0x20
 [tid:3240745] Invalid RTN jz 0x7fb24ad3d134
 [tid:3240745] Invalid RTN test esi, 0x100
 [tid:3240745] Invalid RTN jnz 0x7fb24ad3d160
 [tid:3240745] Invalid RTN and esi, 0x10
 [tid:3240745] Invalid RTN lea rax, ptr [rip-0x71e2e]
 [tid:3240745] Invalid RTN jnz 0x7fb24ad3d159
 [tid:3240745] Invalid RTN test ecx, ecx
 [tid:3240745] Invalid RTN js 0x7fb24ad3d180
 [tid:3240745] Invalid RTN lea rax, ptr [rip+0x14645]
 [tid:3240745] Invalid RTN and ch, 0x8
 [tid:3240745] Invalid RTN jnz 0x7fb24ad3d159
 [tid:3240745] Invalid RTN lea rax, ptr [rip+0xbcd9]
 [tid:3240745] Invalid RTN test esi, 0x800
 [tid:3240745] Invalid RTN jnz 0x7fb24ad3d134
 [tid:3240745] Invalid RTN lea rax, ptr [rip+0x1d379]
 [tid:3240745] Invalid RTN test ecx, 0x40000000
 [tid:3240745] Invalid RTN jz 0x7fb24ad3d164
 [tid:3240745] Invalid RTN jmp 0x7fb24ad3d159
 [tid:3240745] Invalid RTN ret 
 [tid:3240745] Invalid RTN nop edx, edi
 [tid:3240745] Invalid RTN mov rcx, qword ptr [rip+0x32f03d]
 [tid:3240745] Invalid RTN lea rax, ptr [rip-0x7c382]
 [tid:3240745] Invalid RTN mov edx, dword ptr [rcx+0x17c]
 [tid:3240745] Invalid RTN test dh, 0x30
 [tid:3240745] Invalid RTN jnz 0x7fb24ad3eea3
 [tid:3240745] Invalid RTN mov esi, dword ptr [rcx+0xb0]
 [tid:3240745] Invalid RTN test esi, 0x10000
 [tid:3240745] Invalid RTN jnz 0x7fb24ad3eea8
 [tid:3240745] Invalid RTN test dh, 0x1
 [tid:3240745] Invalid RTN jz 0x7fb24ad3ee80
 [tid:3240745] Invalid RTN test dh, 0x40
 [tid:3240745] Invalid RTN jnz 0x7fb24ad3ee3b
 [tid:3240745] Invalid RTN lea rax, ptr [rip+0x3d04c]
 [tid:3240745] Invalid RTN test esi, esi
 [tid:3240745] Invalid RTN jns 0x7fb24ad3eea3
 [tid:3240745] Invalid RTN and esi, 0x200
 [tid:3240745] Invalid RTN lea rdx, ptr [rip+0x3da6b]
 [tid:3240745] Invalid RTN lea rax, ptr [rip+0x3dad4]
 [tid:3240745] Invalid RTN cmovz rax, rdx
 [tid:3240745] Invalid RTN ret 
 [tid:3240745] Invalid RTN test dh, 0x1
 [tid:3240745] Invalid RTN jz 0x7fb24ad3ee80
 [tid:3240745] Invalid RTN test esi, esi
 [tid:3240745] Invalid RTN js 0x7fb24ad3eef8
 [tid:3240745] Invalid RTN test esi, 0x800
 [tid:3240745] Invalid RTN jz 0x7fb24ad3ee70
 [tid:3240745] Invalid RTN and esi, 0x200
 [tid:3240745] Invalid RTN lea rdx, ptr [rip+0x17beb]
 [tid:3240745] Invalid RTN lea rax, ptr [rip+0x17c54]
 [tid:3240745] Invalid RTN cmovz rax, rdx
 [tid:3240745] Invalid RTN ret 
 [tid:3240745] Invalid RTN nop edx, edi
 [tid:3240745] Invalid RTN mov rdx, qword ptr [rip+0x2e856d]
 [tid:3240745] Invalid RTN mov ecx, dword ptr [rdx+0xb0]
 [tid:3240745] Invalid RTN mov eax, ecx
 [tid:3240745] Invalid RTN and eax, 0x120
 [tid:3240745] Invalid RTN cmp eax, 0x120
 [tid:3240745] Invalid RTN jz 0x7fb24ad85920
 [tid:3240745] Invalid RTN test byte ptr [rdx+0x96], 0x8
 [tid:3240745] Invalid RTN lea rax, ptr [rip+0xefd3]
 [tid:3240745] Invalid RTN lea rdx, ptr [rip-0xaf9d4]
 [tid:3240745] Invalid RTN cmovnz rax, rdx
 [tid:3240745] Invalid RTN ret 
 [tid:3240745] Invalid RTN mov esi, dword ptr [rdx+0x17c]
 [tid:3240745] Invalid RTN test esi, 0x100
 [tid:3240745] Invalid RTN jz 0x7fb24ad858ff
 [tid:3240745] Invalid RTN test ecx, ecx
 [tid:3240745] Invalid RTN js 0x7fb24ad85950
 [tid:3240745] Invalid RTN lea rax, ptr [rip-0x30199]
 [tid:3240745] Invalid RTN and ch, 0x8
 [tid:3240745] Invalid RTN jnz 0x7fb24ad85918
 [tid:3240745] Invalid RTN lea rax, ptr [rip-0x27157]
 [tid:3240745] Invalid RTN test ecx, 0x40000000
 [tid:3240745] Invalid RTN jz 0x7fb24ad85932
 [tid:3240745] Invalid RTN ret 
 [tid:3240745] Invalid RTN nop edx, edi
 [tid:3240745] Invalid RTN mov rdx, qword ptr [rip+0x2e97bd]
 [tid:3240745] Invalid RTN lea rax, ptr [rip-0xc1212]
 [tid:3240745] Invalid RTN mov ecx, dword ptr [rdx+0xb0]
 [tid:3240745] Invalid RTN test cl, 0x20
 [tid:3240745] Invalid RTN jz 0x7fb24ad846dd
 [tid:3240745] Invalid RTN mov edx, dword ptr [rdx+0x17c]
 [tid:3240745] Invalid RTN test dh, 0x1
 [tid:3240745] Invalid RTN jz 0x7fb24ad846dd
 [tid:3240745] Invalid RTN test ecx, ecx
 [tid:3240745] Invalid RTN js 0x7fb24ad846e0
 [tid:3240745] Invalid RTN and dh, 0x40
 [tid:3240745] Invalid RTN lea rax, ptr [rip-0x755a]
 [tid:3240745] Invalid RTN lea rdx, ptr [rip-0x2d061]
 [tid:3240745] Invalid RTN cmovnz rax, rdx
 [tid:3240745] Invalid RTN ret 
 [tid:3240745] Invalid RTN nop edx, edi
 [tid:3240745] Invalid RTN mov rax, qword ptr [rip+0x3305cd]
 [tid:3240745] Invalid RTN lea rdx, ptr [rip+0x4508e]
 [tid:3240745] Invalid RTN test byte ptr [rax+0x96], 0x10
 [tid:3240745] Invalid RTN lea rax, ptr [rip+0x451b0]
 [tid:3240745] Invalid RTN cmovnz rax, rdx
 [tid:3240745] Invalid RTN ret 
 [tid:3240745] Invalid RTN nop edx, edi
 [tid:3240745] Invalid RTN mov rax, qword ptr [rip+0x330e6d]
 [tid:3240745] Invalid RTN mov edx, dword ptr [rax+0xb0]
 [tid:3240745] Invalid RTN mov ecx, dword ptr [rax+0x17c]
 [tid:3240745] Invalid RTN mov eax, edx
 [tid:3240745] Invalid RTN and eax, 0x120
 [tid:3240745] Invalid RTN cmp eax, 0x120
 [tid:3240745] Invalid RTN jz 0x7fb24ad3d020
 [tid:3240745] Invalid RTN and ecx, 0x40
 [tid:3240745] Invalid RTN lea rax, ptr [rip-0x7392f]
 [tid:3240745] Invalid RTN lea rdx, ptr [rip+0x2435a]
 [tid:3240745] Invalid RTN cmovnz rax, rdx
 [tid:3240745] Invalid RTN ret 
 [tid:3240745] Invalid RTN test ch, 0x1
 [tid:3240745] Invalid RTN jz 0x7fb24ad3d005
 [tid:3240745] Invalid RTN test edx, edx
 [tid:3240745] Invalid RTN js 0x7fb24ad3d048
 [tid:3240745] Invalid RTN lea rax, ptr [rip+0x13df0]
 [tid:3240745] Invalid RTN and dh, 0x8
 [tid:3240745] Invalid RTN jnz 0x7fb24ad3d01a
 [tid:3240745] Invalid RTN lea rax, ptr [rip+0x1caf1]
 [tid:3240745] Invalid RTN test edx, 0x40000000
 [tid:3240745] Invalid RTN jz 0x7fb24ad3d029
 [tid:3240745] Invalid RTN ret 
 [tid:3240745] Invalid RTN nop edx, edi
 [tid:3240745] Invalid RTN mov rcx, qword ptr [rip+0x33090d]
 [tid:3240745] Invalid RTN lea rax, ptr [rip-0x71c12]
 [tid:3240745] Invalid RTN mov edx, dword ptr [rcx+0xb0]
 [tid:3240745] Invalid RTN mov esi, edx
 [tid:3240745] Invalid RTN and esi, 0x120
 [tid:3240745] Invalid RTN cmp esi, 0x120
 [tid:3240745] Invalid RTN jz 0x7fb24ad3d570
 [tid:3240745] Invalid RTN ret 
 [tid:3240745] Invalid RTN mov ecx, dword ptr [rcx+0x17c]
 [tid:3240745] Invalid RTN test ch, 0x1
 [tid:3240745] Invalid RTN jz 0x7fb24ad3d568
 [tid:3240745] Invalid RTN test edx, edx
 [tid:3240745] Invalid RTN js 0x7fb24ad3d5a8
 [tid:3240745] Invalid RTN lea rax, ptr [rip+0x145da]
 [tid:3240745] Invalid RTN and dh, 0x8
 [tid:3240745] Invalid RTN jnz 0x7fb24ad3d568
 [tid:3240745] Invalid RTN lea rax, ptr [rip+0x1d391]
 [tid:3240745] Invalid RTN test edx, 0x40000000
 [tid:3240745] Invalid RTN jz 0x7fb24ad3d57f
 [tid:3240745] Invalid RTN ret 
 [tid:3240745] Invalid RTN nop edx, edi
 [tid:3240745] Invalid RTN mov rcx, qword ptr [rip+0x328fdd]
 [tid:3240745] Invalid RTN lea rax, ptr [rip-0x81de2]
 [tid:3240745] Invalid RTN mov edx, dword ptr [rcx+0xb0]
 [tid:3240745] Invalid RTN mov esi, edx
 [tid:3240745] Invalid RTN and esi, 0x120
 [tid:3240745] Invalid RTN cmp esi, 0x120
 [tid:3240745] Invalid RTN jz 0x7fb24ad44ea0
 [tid:3240745] Invalid RTN ret 
 [tid:3240745] Invalid RTN mov ecx, dword ptr [rcx+0x17c]
 [tid:3240745] Invalid RTN test ch, 0x1
 [tid:3240745] Invalid RTN jz 0x7fb24ad44e98
 [tid:3240745] Invalid RTN test edx, edx
 [tid:3240745] Invalid RTN js 0x7fb24ad44ed8
 [tid:3240745] Invalid RTN lea rax, ptr [rip+0x99ba]
 [tid:3240745] Invalid RTN and dh, 0x8
 [tid:3240745] Invalid RTN jnz 0x7fb24ad44e98
 [tid:3240745] Invalid RTN lea rax, ptr [rip+0x12421]
 [tid:3240745] Invalid RTN test edx, 0x40000000
 [tid:3240745] Invalid RTN jz 0x7fb24ad44eaf
 [tid:3240745] Invalid RTN ret 
 [tid:3240745] Invalid RTN nop edx, edi
 [tid:3240745] Invalid RTN mov rdx, qword ptr [rip+0x32f1dd]
 [tid:3240745] Invalid RTN mov ecx, dword ptr [rdx+0xb0]
 [tid:3240745] Invalid RTN test cl, 0x20
 [tid:3240745] Invalid RTN jz 0x7fb24ad3ecb8
 [tid:3240745] Invalid RTN mov esi, dword ptr [rdx+0x17c]
 [tid:3240745] Invalid RTN test esi, 0x100
 [tid:3240745] Invalid RTN jz 0x7fb24ad3ecb8
 [tid:3240745] Invalid RTN test ecx, ecx
 [tid:3240745] Invalid RTN js 0x7fb24ad3ecf0
 [tid:3240745] Invalid RTN lea rax, ptr [rip+0x19cd9]
 [tid:3240745] Invalid RTN test ecx, 0x40000000
 [tid:3240745] Invalid RTN jz 0x7fb24ad3ec98
 [tid:3240745] Invalid RTN jmp 0x7fb24ad3eceb
 [tid:3240745] Invalid RTN ret 
 [tid:3240745] Invalid RTN nop edx, edi
 [tid:3240745] Invalid RTN mov rcx, qword ptr [rip+0x32fa2d]
 [tid:3240745] Invalid RTN lea rax, ptr [rip-0x7c162]
 [tid:3240745] Invalid RTN mov edx, dword ptr [rcx+0xb0]
 [tid:3240745] Invalid RTN mov esi, edx
 [tid:3240745] Invalid RTN and esi, 0x120
 [tid:3240745] Invalid RTN cmp esi, 0x120
 [tid:3240745] Invalid RTN jz 0x7fb24ad3e450
 [tid:3240745] Invalid RTN ret 
 [tid:3240745] Invalid RTN mov ecx, dword ptr [rcx+0x17c]
 [tid:3240745] Invalid RTN test ch, 0x1
 [tid:3240745] Invalid RTN jz 0x7fb24ad3e448
 [tid:3240745] Invalid RTN mov esi, edx
 [tid:3240745] Invalid RTN and esi, 0x800
 [tid:3240745] Invalid RTN test edx, edx
 [tid:3240745] Invalid RTN js 0x7fb24ad3e490
 [tid:3240745] Invalid RTN lea rax, ptr [rip+0xf612]
 [tid:3240745] Invalid RTN test esi, esi
 [tid:3240745] Invalid RTN jnz 0x7fb24ad3e448
 [tid:3240745] Invalid RTN and edx, 0x40000000
 [tid:3240745] Invalid RTN jz 0x7fb24ad3e467
 [tid:3240745] Invalid RTN test esi, esi
 [tid:3240745] Invalid RTN lea rdx, ptr [rip+0x1801f]
 [tid:3240745] Invalid RTN lea rax, ptr [rip+0x20f98]
 [tid:3240745] Invalid RTN cmovz rax, rdx
 [tid:3240745] Invalid RTN ret 
 [tid:3240745] Invalid RTN nop edx, edi
 [tid:3240745] Invalid RTN mov rdx, qword ptr [rip+0x2e9e9d]
 [tid:3240745] Invalid RTN mov ecx, dword ptr [rdx+0xb0]
 [tid:3240745] Invalid RTN mov eax, ecx
 [tid:3240745] Invalid RTN and eax, 0x120
 [tid:3240745] Invalid RTN cmp eax, 0x120
 [tid:3240745] Invalid RTN jz 0x7fb24ad83ff0
 [tid:3240745] Invalid RTN test byte ptr [rdx+0x96], 0x8
 [tid:3240745] Invalid RTN lea rax, ptr [rip-0xae47d]
 [tid:3240745] Invalid RTN lea rdx, ptr [rip-0xae244]
 [tid:3240745] Invalid RTN cmovnz rax, rdx
 [tid:3240745] Invalid RTN ret 
 [tid:3240745] Invalid RTN mov esi, dword ptr [rdx+0x17c]
 [tid:3240745] Invalid RTN test esi, 0x100
 [tid:3240745] Invalid RTN jz 0x7fb24ad83fcf
 [tid:3240745] Invalid RTN test ecx, ecx
 [tid:3240745] Invalid RTN js 0x7fb24ad84020
 [tid:3240745] Invalid RTN lea rax, ptr [rip-0x2f0a9]
 [tid:3240745] Invalid RTN and ch, 0x8
 [tid:3240745] Invalid RTN jnz 0x7fb24ad83fe8
 [tid:3240745] Invalid RTN lea rax, ptr [rip-0x26047]
 [tid:3240745] Invalid RTN test ecx, 0x40000000
 [tid:3240745] Invalid RTN jz 0x7fb24ad84002
 [tid:3240745] Invalid RTN ret 
 [tid:3240745] Invalid RTN nop edx, edi
 [tid:3240745] Invalid RTN mov rax, qword ptr [rip+0x33030d]
 [tid:3240745] Invalid RTN lea rdx, ptr [rip+0x44f1e]
 [tid:3240745] Invalid RTN test byte ptr [rax+0x96], 0x10
 [tid:3240745] Invalid RTN lea rax, ptr [rip+0x45030]
 [tid:3240745] Invalid RTN cmovnz rax, rdx
 [tid:3240745] Invalid RTN ret 
 [tid:3240745] Invalid RTN nop edx, edi
 [tid:3240745] Invalid RTN mov rdx, qword ptr [rip+0x32f3ad]
 [tid:3240745] Invalid RTN mov ecx, dword ptr [rdx+0xb0]
 [tid:3240745] Invalid RTN mov esi, dword ptr [rdx+0x17c]
 [tid:3240745] Invalid RTN test cl, 0x20
 [tid:3240745] Invalid RTN jz 0x7fb24ad3eac4
 [tid:3240745] Invalid RTN test esi, 0x100
 [tid:3240745] Invalid RTN jnz 0x7fb24ad3eaf0
 [tid:3240745] Invalid RTN and esi, 0x10
 [tid:3240745] Invalid RTN lea rax, ptr [rip-0x7aa4e]
 [tid:3240745] Invalid RTN jnz 0x7fb24ad3eae9
 [tid:3240745] Invalid RTN test ecx, ecx
 [tid:3240745] Invalid RTN js 0x7fb24ad3eb10
 [tid:3240745] Invalid RTN lea rax, ptr [rip+0x108a5]
 [tid:3240745] Invalid RTN and ch, 0x8
 [tid:3240745] Invalid RTN jnz 0x7fb24ad3eae9
 [tid:3240745] Invalid RTN lea rax, ptr [rip+0x7f99]
 [tid:3240745] Invalid RTN test esi, 0x800
 [tid:3240745] Invalid RTN jnz 0x7fb24ad3eac4
 [tid:3240745] Invalid RTN lea rax, ptr [rip+0x19419]
 [tid:3240745] Invalid RTN test ecx, 0x40000000
 [tid:3240745] Invalid RTN jz 0x7fb24ad3eaf4
 [tid:3240745] Invalid RTN jmp 0x7fb24ad3eae9
 [tid:3240745] Invalid RTN ret 
 [tid:3240745] Invalid RTN nop edx, edi
 [tid:3240745] Invalid RTN mov rdx, qword ptr [rip+0x32f43d]
 [tid:3240745] Invalid RTN mov ecx, dword ptr [rdx+0xb0]
 [tid:3240745] Invalid RTN mov esi, dword ptr [rdx+0x17c]
 [tid:3240745] Invalid RTN test cl, 0x20
 [tid:3240745] Invalid RTN jz 0x7fb24ad3ea34
 [tid:3240745] Invalid RTN test esi, 0x100
 [tid:3240745] Invalid RTN jnz 0x7fb24ad3ea60
 [tid:3240745] Invalid RTN and esi, 0x10
 [tid:3240745] Invalid RTN lea rax, ptr [rip-0x7b07e]
 [tid:3240745] Invalid RTN jnz 0x7fb24ad3ea59
 [tid:3240745] Invalid RTN test ecx, ecx
 [tid:3240745] Invalid RTN js 0x7fb24ad3ea80
 [tid:3240745] Invalid RTN lea rax, ptr [rip+0x10575]
 [tid:3240745] Invalid RTN and ch, 0x8
 [tid:3240745] Invalid RTN jnz 0x7fb24ad3ea59
 [tid:3240745] Invalid RTN lea rax, ptr [rip+0x7c79]
 [tid:3240745] Invalid RTN test esi, 0x800
 [tid:3240745] Invalid RTN jnz 0x7fb24ad3ea34
 [tid:3240745] Invalid RTN lea rax, ptr [rip+0x19059]
 [tid:3240745] Invalid RTN test ecx, 0x40000000
 [tid:3240745] Invalid RTN jz 0x7fb24ad3ea64
 [tid:3240745] Invalid RTN jmp 0x7fb24ad3ea59
 [tid:3240745] Invalid RTN ret 
 [tid:3240745] Invalid RTN nop edx, edi
 [tid:3240745] Invalid RTN mov rcx, qword ptr [rip+0x32dabd]
 [tid:3240745] Invalid RTN lea rax, ptr [rip-0x76a92]
 [tid:3240745] Invalid RTN mov edx, dword ptr [rcx+0xb0]
 [tid:3240745] Invalid RTN mov esi, edx
 [tid:3240745] Invalid RTN and esi, 0x120
 [tid:3240745] Invalid RTN cmp esi, 0x120
 [tid:3240745] Invalid RTN jz 0x7fb24ad403c0
 [tid:3240745] Invalid RTN ret 
 [tid:3240745] Invalid RTN mov ecx, dword ptr [rcx+0x17c]
 [tid:3240745] Invalid RTN test ch, 0x1
 [tid:3240745] Invalid RTN jz 0x7fb24ad403b8
 [tid:3240745] Invalid RTN test edx, edx
 [tid:3240745] Invalid RTN js 0x7fb24ad403f8
 [tid:3240745] Invalid RTN lea rax, ptr [rip+0x10c8a]
 [tid:3240745] Invalid RTN and dh, 0x8
 [tid:3240745] Invalid RTN jnz 0x7fb24ad403b8
 [tid:3240745] Invalid RTN lea rax, ptr [rip+0x19981]
 [tid:3240745] Invalid RTN test edx, 0x40000000
 [tid:3240745] Invalid RTN jz 0x7fb24ad403cf
 [tid:3240745] Invalid RTN ret 
 [tid:3240745] Invalid RTN nop edx, edi
 [tid:3240745] Invalid RTN mov rdx, qword ptr [rip+0x32f13d]
 [tid:3240745] Invalid RTN mov ecx, dword ptr [rdx+0xb0]
 [tid:3240745] Invalid RTN test cl, 0x20
 [tid:3240745] Invalid RTN jz 0x7fb24ad3ed58
 [tid:3240745] Invalid RTN mov esi, dword ptr [rdx+0x17c]
 [tid:3240745] Invalid RTN test esi, 0x100
 [tid:3240745] Invalid RTN jz 0x7fb24ad3ed58
 [tid:3240745] Invalid RTN test ecx, ecx
 [tid:3240745] Invalid RTN js 0x7fb24ad3ed90
 [tid:3240745] Invalid RTN lea rax, ptr [rip+0x1bd39]
 [tid:3240745] Invalid RTN test ecx, 0x40000000
 [tid:3240745] Invalid RTN jz 0x7fb24ad3ed38
 [tid:3240745] Invalid RTN jmp 0x7fb24ad3ed8b
 [tid:3240745] Invalid RTN ret 
 [tid:3240745] Invalid RTN nop edx, edi
 [tid:3240745] Invalid RTN sub rsp, 0x28
 [tid:3240745] Invalid RTN mov esi, 0x32
 [tid:3240745] Invalid RTN lea rax, ptr [rip+0x9e2f4]
 [tid:3240745] Invalid RTN mov edx, 0x5f
 [tid:3240745] Invalid RTN mov qword ptr [rsp], rax
 [tid:3240745] Invalid RTN lea rcx, ptr [rip+0x9e2e9]
 [tid:3240745] Invalid RTN mov rax, 0x103ae75f6
 [tid:3240745] Invalid RTN mov qword ptr [rsp+0x8], rax
 [tid:3240745] Invalid RTN mov eax, 0x50e3a8
 [tid:3240745] Invalid RTN shl rax, 0x4
 [tid:3240745] Invalid RTN add rcx, 0x1
 [tid:3240745] Invalid RTN add rax, rdx
 [tid:3240745] Invalid RTN mov rdx, rax
 [tid:3240745] Invalid RTN shr rdx, 0x18
 [tid:3240745] Invalid RTN and edx, 0xf0
 [tid:3240745] Invalid RTN xor rax, rdx
 [tid:3240745] Invalid RTN test sil, sil
 [tid:3240745] Invalid RTN jz 0x7fb24ad959e8
 [tid:3240745] Invalid RTN movzx edx, sil
 [tid:3240745] Invalid RTN movzx esi, byte ptr [rcx+0x1]
 [tid:3240745] Invalid RTN jmp 0x7fb24ad959b8
 [tid:3240745] Invalid RTN shl rax, 0x4
 [tid:3240745] Invalid RTN add rcx, 0x1
 [tid:3240745] Invalid RTN add rax, rdx
 [tid:3240745] Invalid RTN mov rdx, rax
 [tid:3240745] Invalid RTN shr rdx, 0x18
 [tid:3240745] Invalid RTN and edx, 0xf0
 [tid:3240745] Invalid RTN xor rax, rdx
 [tid:3240745] Invalid RTN test sil, sil
 [tid:3240745] Invalid RTN jz 0x7fb24ad959e8
 [tid:3240745] Invalid RTN movzx edx, sil
 [tid:3240745] Invalid RTN movzx esi, byte ptr [rcx+0x1]
 [tid:3240745] Invalid RTN jmp 0x7fb24ad959b8
 [tid:3240745] Invalid RTN and eax, 0xfffffff
 [tid:3240745] Invalid RTN cmp rax, 0x3ae75f6
 [tid:3240745] Invalid RTN jnz 0x7fb24ad95a20
 [tid:3240745] Invalid RTN mov rsi, rsp
 [tid:3240745] Invalid RTN lea rdi, ptr [rip+0x9fc9e]
 [tid:3240745] Invalid RTN mov qword ptr [rsp+0x10], 0x0
 [tid:3240745] Invalid RTN call 0x7fb24ae17710
 [tid:3240745] Invalid RTN lea rdx, ptr [rip-0xc4]
 [tid:3240745] Invalid RTN test rax, rax
 [tid:3240745] Invalid RTN cmovz rax, rdx
 [tid:3240745] Invalid RTN add rsp, 0x28
 [tid:3240745] Invalid RTN ret 
 [tid:3240745] Invalid RTN nop edx, edi
 [tid:3240745] Invalid RTN jmp 0x7fb24ace5430
 [tid:3240745] Invalid RTN nop edx, edi
 [tid:3240745] Invalid RTN mov rax, qword ptr [rip+0x388985]
 [tid:3240745] Invalid RTN mov rcx, qword ptr [rip+0x3889be]
 [tid:3240745] Invalid RTN mov rax, qword ptr fs:[rax]
 [tid:3240745] Invalid RTN mov rax, qword ptr [rax]
 [tid:3240745] Invalid RTN mov rsi, qword ptr [rax+0x40]
 [tid:3240745] Invalid RTN lea rdx, ptr [rsi+0x100]
 [tid:3240745] Invalid RTN mov qword ptr fs:[rcx], rdx
 [tid:3240745] Invalid RTN mov rdi, qword ptr [rax+0x48]
 [tid:3240745] Invalid RTN mov rcx, qword ptr [rip+0x388a85]
 [tid:3240745] Invalid RTN lea rdx, ptr [rdi+0x200]
 [tid:3240745] Invalid RTN mov qword ptr fs:[rcx], rdx
 [tid:3240745] Invalid RTN mov rax, qword ptr [rax+0x58]
 [tid:3240745] Invalid RTN mov rdx, qword ptr [rip+0x388aaf]
 [tid:3240745] Invalid RTN add rax, 0x200
 [tid:3240745] Invalid RTN mov qword ptr fs:[rdx], rax
 [tid:3240745] Invalid RTN ret 
 [tid:3240745] Exe register_tm_clones
 [tid:3240745] INSTSELECTOR: instruction to be included lea rdi, ptr [rip+0x2017b9]
 [tid:3240745] ins:lea rdi, ptr [rip+0x2017b9]
 [tid:3240745] reg:rdi
 [tid:3240745] Exe register_tm_clones
 [tid:3240745] INSTSELECTOR: instruction to be included lea rsi, ptr [rip+0x2017b2]
 [tid:3240745] ins:lea rsi, ptr [rip+0x2017b2]
 [tid:3240745] reg:rsi
 [tid:3240745] Exe register_tm_clones
 [tid:3240745] INSTSELECTOR: instruction to be included sub rsi, rdi
 [tid:3240745] ins:sub rsi, rdi
 [tid:3240745] reg:rsi
 [tid:3240745] Exe register_tm_clones
 [tid:3240745] INSTSELECTOR: instruction to be included sar rsi, 0x3
 [tid:3240745] ins:sar rsi, 0x3
 [tid:3240745] reg:rsi
 [tid:3240745] Exe register_tm_clones
 [tid:3240745] INSTSELECTOR: instruction to be included mov rax, rsi
 [tid:3240745] ins:mov rax, rsi
 [tid:3240745] reg:rax
 [tid:3240745] Exe register_tm_clones
 [tid:3240745] INSTSELECTOR: instruction to be included shr rax, 0x3f
 [tid:3240745] ins:shr rax, 0x3f
 [tid:3240745] reg:rax
 [tid:3240745] Exe register_tm_clones
 [tid:3240745] INSTSELECTOR: instruction to be included add rsi, rax
 [tid:3240745] ins:add rsi, rax
 [tid:3240745] reg:rsi
 [tid:3240745] Exe register_tm_clones
 [tid:3240745] INSTSELECTOR: instruction to be included sar rsi, 0x1
 [tid:3240745] ins:sar rsi, 0x1
 [tid:3240745] reg:rsi
 [tid:3240745] Exe register_tm_clones
 [tid:3240745] Exe register_tm_clones
 [tid:3240745] INSTSELECTOR: instruction to be included mov rax, qword ptr [rip+0x2016fd]
 [tid:3240745] ins:mov rax, qword ptr [rip+0x2016fd]
 [tid:3240745] reg:rax
 [tid:3240745] Exe register_tm_clones
 [tid:3240745] INSTSELECTOR: instruction to be included test rax, rax
 [tid:3240745] ins:test rax, rax
 [tid:3240745] reg:rflags
 [tid:3240745] Exe register_tm_clones
 [tid:3240745] Exe register_tm_clones
 [tid:3240745] Exe register_tm_clones
 [tid:3240745] Exe main
 [tid:3240745] INSTSELECTOR: instruction to be included push rbp
 [tid:3240745] ins:push rbp
 [tid:3240745] reg:rsp
 [tid:3240745] Exe main
 [tid:3240745] INSTSELECTOR: instruction to be included mov rbp, rsp
 [tid:3240745] ins:mov rbp, rsp
 [tid:3240745] reg:rbp
 [tid:3240745] Exe main
 [tid:3240745] INSTSELECTOR: instruction to be included sub rsp, 0x110
 [tid:3240745] ins:sub rsp, 0x110
 [tid:3240745] reg:rsp
 [tid:3240745] Exe main
 [tid:3240745] Exe main
 [tid:3240745] Exe main
 [tid:3240745] Exe main
 [tid:3240745] INSTSELECTOR: instruction to be included mov eax, 0xffffffff
 [tid:3240745] ins:mov eax, 0xffffffff
 [tid:3240745] reg:eax
 [tid:3240745] Exe main
 [tid:3240745] Exe main
 [tid:3240745] INSTSELECTOR: instruction to be included lea rdi, ptr [rip+0xe80]
 [tid:3240745] ins:lea rdi, ptr [rip+0xe80]
 [tid:3240745] reg:rdi
 [tid:3240745] Exe main
 [tid:3240745] INSTSELECTOR: instruction to be included lea rsi, ptr [rip+0xec4]
 [tid:3240745] ins:lea rsi, ptr [rip+0xec4]
 [tid:3240745] reg:rsi
 [tid:3240745] Exe main
 [tid:3240745] Exe main
 [tid:3240745] Exe main
 [tid:3240745] INSTSELECTOR: instruction to be included xor eax, eax
 [tid:3240745] ins:xor eax, eax
 [tid:3240745] reg:eax
 [tid:3240745] Exe main
 [tid:3240745] INSTSELECTOR: instruction to be included test al, 0x1
 [tid:3240745] ins:test al, 0x1
 [tid:3240745] reg:rflags
 [tid:3240745] Exe main
 [tid:3240745] Exe main
 [tid:3240745] Exe main
 [tid:3240745] INSTSELECTOR: instruction to be included mov edi, 0x28
 [tid:3240745] ins:mov edi, 0x28
 [tid:3240745] reg:edi
 [tid:3240745] Exe main
 [tid:3240745] Exe main
 [tid:3240745] Exe main
 [tid:3240745] Exe main
 [tid:3240745] INSTSELECTOR: instruction to be included cmp rax, 0x0
 [tid:3240745] ins:cmp rax, 0x0
 [tid:3240745] reg:rflags
 [tid:3240745] Exe main
 [tid:3240745] Exe main
 [tid:3240745] INSTSELECTOR: instruction to be included lea rdi, ptr [rip+0xe95]
 [tid:3240745] ins:lea rdi, ptr [rip+0xe95]
 [tid:3240745] reg:rdi
 [tid:3240745] Exe main
 [tid:3240745] Exe main
 [tid:3240745] INSTSELECTOR: instruction to be included mov rdi, qword ptr [rbp-0xe0]
 [tid:3240745] ins:mov rdi, qword ptr [rbp-0xe0]
 [tid:3240745] reg:rdi
 [tid:3240745] Exe main
 [tid:3240745] INSTSELECTOR: instruction to be included xor esi, esi
 [tid:3240745] ins:xor esi, esi
 [tid:3240745] reg:esi
 [tid:3240745] Exe main
 [tid:3240745] INSTSELECTOR: instruction to be included mov edx, 0x28
 [tid:3240745] ins:mov edx, 0x28
 [tid:3240745] reg:edx
 [tid:3240745] Exe main
 [tid:3240745] Exe main
 [tid:3240745] INSTSELECTOR: instruction to be included mov edi, 0x10
 [tid:3240745] ins:mov edi, 0x10
 [tid:3240745] reg:edi
 [tid:3240745] Exe main
 [tid:3240745] Exe main
 [tid:3240745] INSTSELECTOR: instruction to be included mov rcx, rax
 [tid:3240745] ins:mov rcx, rax
 [tid:3240745] reg:rcx
 [tid:3240745] Exe main
 [tid:3240745] INSTSELECTOR: instruction to be included mov rax, qword ptr [rbp-0x18]
 [tid:3240745] ins:mov rax, qword ptr [rbp-0x18]
 [tid:3240745] reg:rax
 [tid:3240745] Exe main
 [tid:3240745] Exe main
 [tid:3240745] INSTSELECTOR: instruction to be included mov rax, qword ptr [rbp-0x18]
 [tid:3240745] ins:mov rax, qword ptr [rbp-0x18]
 [tid:3240745] reg:rax
 [tid:3240745] Exe main
 [tid:3240745] INSTSELECTOR: instruction to be included mov rax, qword ptr [rax+0x8]
 [tid:3240745] ins:mov rax, qword ptr [rax+0x8]
 [tid:3240745] reg:rax
 [tid:3240745] Exe main
 [tid:3240745] Exe main
 [tid:3240745] INSTSELECTOR: instruction to be included cmp rax, 0x0
 [tid:3240745] ins:cmp rax, 0x0
 [tid:3240745] reg:rflags
 [tid:3240745] Exe main
 [tid:3240745] Exe main
 [tid:3240745] INSTSELECTOR: instruction to be included lea rdi, ptr [rip+0xe5c]
 [tid:3240745] ins:lea rdi, ptr [rip+0xe5c]
 [tid:3240745] reg:rdi
 [tid:3240745] Exe main
 [tid:3240745] Exe main
 [tid:3240745] INSTSELECTOR: instruction to be included mov rdi, qword ptr [rbp-0xe8]
 [tid:3240745] ins:mov rdi, qword ptr [rbp-0xe8]
 [tid:3240745] reg:rdi
 [tid:3240745] Exe main
 [tid:3240745] INSTSELECTOR: instruction to be included xor esi, esi
 [tid:3240745] ins:xor esi, esi
 [tid:3240745] reg:esi
 [tid:3240745] Exe main
 [tid:3240745] INSTSELECTOR: instruction to be included mov edx, 0x10
 [tid:3240745] ins:mov edx, 0x10
 [tid:3240745] reg:edx
 [tid:3240745] Exe main
 [tid:3240745] Exe main
 [tid:3240745] INSTSELECTOR: instruction to be included mov rax, qword ptr [rbp-0x18]
 [tid:3240745] ins:mov rax, qword ptr [rbp-0x18]
 [tid:3240745] reg:rax
 [tid:3240745] Exe main
 [tid:3240745] INSTSELECTOR: instruction to be included mov rax, qword ptr [rax+0x8]
 [tid:3240745] ins:mov rax, qword ptr [rax+0x8]
 [tid:3240745] reg:rax
 [tid:3240745] Exe main
 [tid:3240745] Exe main
 [tid:3240745] INSTSELECTOR: instruction to be included mov edi, 0x10
 [tid:3240745] ins:mov edi, 0x10
 [tid:3240745] reg:edi
 [tid:3240745] Exe main
 [tid:3240745] Exe main
 [tid:3240745] INSTSELECTOR: instruction to be included mov rcx, rax
 [tid:3240745] ins:mov rcx, rax
 [tid:3240745] reg:rcx
 [tid:3240745] Exe main
 [tid:3240745] INSTSELECTOR: instruction to be included mov rax, qword ptr [rbp-0x30]
 [tid:3240745] ins:mov rax, qword ptr [rbp-0x30]
 [tid:3240745] reg:rax
 [tid:3240745] Exe main
 [tid:3240745] Exe main
 [tid:3240745] INSTSELECTOR: instruction to be included mov rax, qword ptr [rbp-0x30]
 [tid:3240745] ins:mov rax, qword ptr [rbp-0x30]
 [tid:3240745] reg:rax
 [tid:3240745] Exe main
 [tid:3240745] INSTSELECTOR: instruction to be included mov rax, qword ptr [rax+0x8]
 [tid:3240745] ins:mov rax, qword ptr [rax+0x8]
 [tid:3240745] reg:rax
 [tid:3240745] Exe main
 [tid:3240745] Exe main
 [tid:3240745] INSTSELECTOR: instruction to be included cmp rax, 0x0
 [tid:3240745] ins:cmp rax, 0x0
 [tid:3240745] reg:rflags
 [tid:3240745] Exe main
 [tid:3240745] Exe main
 [tid:3240745] INSTSELECTOR: instruction to be included lea rdi, ptr [rip+0xe1c]
 [tid:3240745] ins:lea rdi, ptr [rip+0xe1c]
 [tid:3240745] reg:rdi
 [tid:3240745] Exe main
 [tid:3240745] Exe main
 [tid:3240745] INSTSELECTOR: instruction to be included mov rdi, qword ptr [rbp-0xf0]
 [tid:3240745] ins:mov rdi, qword ptr [rbp-0xf0]
 [tid:3240745] reg:rdi
 [tid:3240745] Exe main
 [tid:3240745] INSTSELECTOR: instruction to be included xor esi, esi
 [tid:3240745] ins:xor esi, esi
 [tid:3240745] reg:esi
 [tid:3240745] Exe main
 [tid:3240745] INSTSELECTOR: instruction to be included mov edx, 0x1
 [tid:3240745] ins:mov edx, 0x1
 [tid:3240745] reg:edx
 [tid:3240745] Exe main
 [tid:3240745] Exe main
 [tid:3240745] INSTSELECTOR: instruction to be included mov rax, qword ptr [rbp-0x18]
 [tid:3240745] ins:mov rax, qword ptr [rbp-0x18]
 [tid:3240745] reg:rax
 [tid:3240745] Exe main
 [tid:3240745] Exe main
 [tid:3240745] INSTSELECTOR: instruction to be included mov rcx, qword ptr [rbp-0x18]
 [tid:3240745] ins:mov rcx, qword ptr [rbp-0x18]
 [tid:3240745] reg:rcx
 [tid:3240745] Exe main
 [tid:3240745] Exe main
 [tid:3240745] INSTSELECTOR: instruction to be included mov rax, qword ptr [rbp-0x18]
 [tid:3240745] ins:mov rax, qword ptr [rbp-0x18]
 [tid:3240745] reg:rax
 [tid:3240745] Exe main
 [tid:3240745] Exe main
 [tid:3240745] INSTSELECTOR: instruction to be included mov rdx, qword ptr [rbp-0x38]
 [tid:3240745] ins:mov rdx, qword ptr [rbp-0x38]
 [tid:3240745] reg:rdx
 [tid:3240745] Exe main
 [tid:3240745] INSTSELECTOR: instruction to be included lea rdi, ptr [rbp-0xc0]
 [tid:3240745] ins:lea rdi, ptr [rbp-0xc0]
 [tid:3240745] reg:rdi
 [tid:3240745] Exe main
 [tid:3240745] INSTSELECTOR: instruction to be included mov esi, 0x80
 [tid:3240745] ins:mov esi, 0x80
 [tid:3240745] reg:esi
 [tid:3240745] Exe main
 [tid:3240745] Exe main
 [tid:3240745] INSTSELECTOR: instruction to be included cmp rax, 0x0
 [tid:3240745] ins:cmp rax, 0x0
 [tid:3240745] reg:rflags
 [tid:3240745] Exe main
 [tid:3240745] Exe main
 [tid:3240745] INSTSELECTOR: instruction to be included lea rdi, ptr [rbp-0xc0]
 [tid:3240745] ins:lea rdi, ptr [rbp-0xc0]
 [tid:3240745] reg:rdi
 [tid:3240745] Exe main
 [tid:3240745] INSTSELECTOR: instruction to be included lea rsi, ptr [rip+0xddb]
 [tid:3240745] ins:lea rsi, ptr [rip+0xddb]
 [tid:3240745] reg:rsi
 [tid:3240745] Exe main
 [tid:3240745] INSTSELECTOR: instruction to be included lea rdx, ptr [rbp-0xd4]
 [tid:3240745] ins:lea rdx, ptr [rbp-0xd4]
 [tid:3240745] reg:rdx
 [tid:3240745] Exe main
 [tid:3240745] INSTSELECTOR: instruction to be included lea rcx, ptr [rbp-0xc4]
 [tid:3240745] ins:lea rcx, ptr [rbp-0xc4]
 [tid:3240745] reg:rcx
 [tid:3240745] Exe main
 [tid:3240745] INSTSELECTOR: instruction to be included mov al, 0x0
 [tid:3240745] ins:mov al, 0x0
 [tid:3240745] reg:al
 [tid:3240745] Exe main
 [tid:3240745] Exe main
 [tid:3240745] INSTSELECTOR: instruction to be included mov edi, 0x28
 [tid:3240745] ins:mov edi, 0x28
 [tid:3240745] reg:edi
 [tid:3240745] Exe main
 [tid:3240745] Exe main
 [tid:3240745] Exe main
 [tid:3240745] Exe main
 [tid:3240745] INSTSELECTOR: instruction to be included cmp rax, 0x0
 [tid:3240745] ins:cmp rax, 0x0
 [tid:3240745] reg:rflags
 [tid:3240745] Exe main
 [tid:3240745] Exe main
 [tid:3240745] INSTSELECTOR: instruction to be included lea rdi, ptr [rip+0xd4e]
 [tid:3240745] ins:lea rdi, ptr [rip+0xd4e]
 [tid:3240745] reg:rdi
 [tid:3240745] Exe main
 [tid:3240745] Exe main
 [tid:3240745] INSTSELECTOR: instruction to be included mov rdi, qword ptr [rbp-0xf8]
 [tid:3240745] ins:mov rdi, qword ptr [rbp-0xf8]
 [tid:3240745] reg:rdi
 [tid:3240745] Exe main
 [tid:3240745] INSTSELECTOR: instruction to be included xor esi, esi
 [tid:3240745] ins:xor esi, esi
 [tid:3240745] reg:esi
 [tid:3240745] Exe main
 [tid:3240745] INSTSELECTOR: instruction to be included mov edx, 0x28
 [tid:3240745] ins:mov edx, 0x28
 [tid:3240745] reg:edx
 [tid:3240745] Exe main
 [tid:3240745] Exe main
 [tid:3240745] INSTSELECTOR: instruction to be included mov edi, 0x10
 [tid:3240745] ins:mov edi, 0x10
 [tid:3240745] reg:edi
 [tid:3240745] Exe main
 [tid:3240745] Exe main
 [tid:3240745] INSTSELECTOR: instruction to be included mov rcx, rax
 [tid:3240745] ins:mov rcx, rax
 [tid:3240745] reg:rcx
 [tid:3240745] Exe main
 [tid:3240745] INSTSELECTOR: instruction to be included mov rax, qword ptr [rbp-0x20]
 [tid:3240745] ins:mov rax, qword ptr [rbp-0x20]
 [tid:3240745] reg:rax
 [tid:3240745] Exe main
 [tid:3240745] Exe main
 [tid:3240745] INSTSELECTOR: instruction to be included mov rax, qword ptr [rbp-0x20]
 [tid:3240745] ins:mov rax, qword ptr [rbp-0x20]
 [tid:3240745] reg:rax
 [tid:3240745] Exe main
 [tid:3240745] INSTSELECTOR: instruction to be included mov rax, qword ptr [rax+0x8]
 [tid:3240745] ins:mov rax, qword ptr [rax+0x8]
 [tid:3240745] reg:rax
 [tid:3240745] Exe main
 [tid:3240745] Exe main
 [tid:3240745] INSTSELECTOR: instruction to be included cmp rax, 0x0
 [tid:3240745] ins:cmp rax, 0x0
 [tid:3240745] reg:rflags
 [tid:3240745] Exe main
 [tid:3240745] Exe main
 [tid:3240745] INSTSELECTOR: instruction to be included lea rdi, ptr [rip+0xd15]
 [tid:3240745] ins:lea rdi, ptr [rip+0xd15]
 [tid:3240745] reg:rdi
 [tid:3240745] Exe main
 [tid:3240745] Exe main
 [tid:3240745] INSTSELECTOR: instruction to be included mov rdi, qword ptr [rbp-0x100]
 [tid:3240745] ins:mov rdi, qword ptr [rbp-0x100]
 [tid:3240745] reg:rdi
 [tid:3240745] Exe main
 [tid:3240745] INSTSELECTOR: instruction to be included xor esi, esi
 [tid:3240745] ins:xor esi, esi
 [tid:3240745] reg:esi
 [tid:3240745] Exe main
 [tid:3240745] INSTSELECTOR: instruction to be included mov edx, 0x10
 [tid:3240745] ins:mov edx, 0x10
 [tid:3240745] reg:edx
 [tid:3240745] Exe main
 [tid:3240745] Exe main
 [tid:3240745] INSTSELECTOR: instruction to be included mov rax, qword ptr [rbp-0x20]
 [tid:3240745] ins:mov rax, qword ptr [rbp-0x20]
 [tid:3240745] reg:rax
 [tid:3240745] Exe main
 [tid:3240745] INSTSELECTOR: instruction to be included mov rax, qword ptr [rax+0x8]
 [tid:3240745] ins:mov rax, qword ptr [rax+0x8]
 [tid:3240745] reg:rax
 [tid:3240745] Exe main
 [tid:3240745] Exe main
 [tid:3240745] INSTSELECTOR: instruction to be included mov edi, 0x10
 [tid:3240745] ins:mov edi, 0x10
 [tid:3240745] reg:edi
 [tid:3240745] Exe main
 [tid:3240745] Exe main
 [tid:3240745] INSTSELECTOR: instruction to be included mov rcx, rax
 [tid:3240745] ins:mov rcx, rax
 [tid:3240745] reg:rcx
 [tid:3240745] Exe main
 [tid:3240745] INSTSELECTOR: instruction to be included mov rax, qword ptr [rbp-0x30]
 [tid:3240745] ins:mov rax, qword ptr [rbp-0x30]
 [tid:3240745] reg:rax
 [tid:3240745] Exe main
 [tid:3240745] Exe main
 [tid:3240745] INSTSELECTOR: instruction to be included mov rax, qword ptr [rbp-0x30]
 [tid:3240745] ins:mov rax, qword ptr [rbp-0x30]
 [tid:3240745] reg:rax
 [tid:3240745] Exe main
 [tid:3240745] INSTSELECTOR: instruction to be included mov rax, qword ptr [rax+0x8]
 [tid:3240745] ins:mov rax, qword ptr [rax+0x8]
 [tid:3240745] reg:rax
 [tid:3240745] Exe main
 [tid:3240745] Exe main
 [tid:3240745] INSTSELECTOR: instruction to be included cmp rax, 0x0
 [tid:3240745] ins:cmp rax, 0x0
 [tid:3240745] reg:rflags
 [tid:3240745] Exe main
 [tid:3240745] Exe main
 [tid:3240745] INSTSELECTOR: instruction to be included lea rdi, ptr [rip+0xcd5]
 [tid:3240745] ins:lea rdi, ptr [rip+0xcd5]
 [tid:3240745] reg:rdi
 [tid:3240745] Exe main
 [tid:3240745] Exe main
 [tid:3240745] INSTSELECTOR: instruction to be included mov rdi, qword ptr [rbp-0x108]
 [tid:3240745] ins:mov rdi, qword ptr [rbp-0x108]
 [tid:3240745] reg:rdi
 [tid:3240745] Exe main
 [tid:3240745] INSTSELECTOR: instruction to be included xor esi, esi
 [tid:3240745] ins:xor esi, esi
 [tid:3240745] reg:esi
 [tid:3240745] Exe main
 [tid:3240745] INSTSELECTOR: instruction to be included mov edx, 0x1
 [tid:3240745] ins:mov edx, 0x1
 [tid:3240745] reg:edx
 [tid:3240745] Exe main
 [tid:3240745] Exe main
 [tid:3240745] INSTSELECTOR: instruction to be included mov eax, dword ptr [rbp-0xc4]
 [tid:3240745] ins:mov eax, dword ptr [rbp-0xc4]
 [tid:3240745] reg:eax
 [tid:3240745] Exe main
 [tid:3240745] INSTSELECTOR: instruction to be included mov ecx, eax
 [tid:3240745] ins:mov ecx, eax
 [tid:3240745] reg:ecx
 [tid:3240745] Exe main
 [tid:3240745] INSTSELECTOR: instruction to be included mov rax, qword ptr [rbp-0x20]
 [tid:3240745] ins:mov rax, qword ptr [rbp-0x20]
 [tid:3240745] reg:rax
 [tid:3240745] Exe main
 [tid:3240745] Exe main
 [tid:3240745] INSTSELECTOR: instruction to be included mov rax, qword ptr [rbp-0xd0]
 [tid:3240745] ins:mov rax, qword ptr [rbp-0xd0]
 [tid:3240745] reg:rax
 [tid:3240745] Exe main
 [tid:3240745] INSTSELECTOR: instruction to be included mov edi, eax
 [tid:3240745] ins:mov edi, eax
 [tid:3240745] reg:edi
 [tid:3240745] Exe main
 [tid:3240745] Exe main
 [tid:3240745] INSTSELECTOR: instruction to be included mov eax, eax
 [tid:3240745] ins:mov eax, eax
 [tid:3240745] reg:eax
 [tid:3240745] Exe main
 [tid:3240745] INSTSELECTOR: instruction to be included mov ecx, eax
 [tid:3240745] ins:mov ecx, eax
 [tid:3240745] reg:ecx
 [tid:3240745] Exe main
 [tid:3240745] INSTSELECTOR: instruction to be included mov rax, qword ptr [rbp-0x20]
 [tid:3240745] ins:mov rax, qword ptr [rbp-0x20]
 [tid:3240745] reg:rax
 [tid:3240745] Exe main
 [tid:3240745] INSTSELECTOR: instruction to be included mov rax, qword ptr [rax+0x8]
 [tid:3240745] ins:mov rax, qword ptr [rax+0x8]
 [tid:3240745] reg:rax
 [tid:3240745] Exe main
 [tid:3240745] Exe main
 [tid:3240745] INSTSELECTOR: instruction to be included mov eax, dword ptr [rbp-0xc4]
 [tid:3240745] ins:mov eax, dword ptr [rbp-0xc4]
 [tid:3240745] reg:eax
 [tid:3240745] Exe main
 [tid:3240745] INSTSELECTOR: instruction to be included mov edi, eax
 [tid:3240745] ins:mov edi, eax
 [tid:3240745] reg:edi
 [tid:3240745] Exe main
 [tid:3240745] INSTSELECTOR: instruction to be included mov rsi, qword ptr [rbp-0x18]
 [tid:3240745] ins:mov rsi, qword ptr [rbp-0x18]
 [tid:3240745] reg:rsi
 [tid:3240745] Exe main
 [tid:3240745] Exe pat_search
 [tid:3240745] INSTSELECTOR: instruction to be included push rbp
 [tid:3240745] ins:push rbp
 [tid:3240745] reg:rsp
 [tid:3240745] Exe pat_search
 [tid:3240745] INSTSELECTOR: instruction to be included mov rbp, rsp
 [tid:3240745] ins:mov rbp, rsp
 [tid:3240745] reg:rbp
 [tid:3240745] Exe pat_search
 [tid:3240745] INSTSELECTOR: instruction to be included sub rsp, 0x60
 [tid:3240745] ins:sub rsp, 0x60
 [tid:3240745] reg:rsp
 [tid:3240745] Exe pat_search
 [tid:3240745] Exe pat_search
 [tid:3240745] Exe pat_search
 [tid:3240745] Exe pat_search
 [tid:3240745] INSTSELECTOR: instruction to be included mov rax, qword ptr [rbp-0x18]
 [tid:3240745] ins:mov rax, qword ptr [rbp-0x18]
 [tid:3240745] reg:rax
 [tid:3240745] Exe pat_search
 [tid:3240745] Exe pat_search
 [tid:3240745] INSTSELECTOR: instruction to be included cmp rax, 0x0
 [tid:3240745] ins:cmp rax, 0x0
 [tid:3240745] reg:rflags
 [tid:3240745] Exe pat_search
 [tid:3240745] Exe pat_search
 [tid:3240745] Exe pat_search
 [tid:3240745] Exe pat_search
 [tid:3240745] Exe pat_search
 [tid:3240745] INSTSELECTOR: instruction to be included mov rdx, qword ptr [rbp-0x28]
 [tid:3240745] ins:mov rdx, qword ptr [rbp-0x28]
 [tid:3240745] reg:rdx
 [tid:3240745] Exe pat_search
 [tid:3240745] Exe pat_search
 [tid:3240745] INSTSELECTOR: instruction to be included mov rax, qword ptr [rdx]
 [tid:3240745] ins:mov rax, qword ptr [rdx]
 [tid:3240745] reg:rax
 [tid:3240745] Exe pat_search
 [tid:3240745] INSTSELECTOR: instruction to be included mov rcx, qword ptr [rbp-0x10]
 [tid:3240745] ins:mov rcx, qword ptr [rbp-0x10]
 [tid:3240745] reg:rcx
 [tid:3240745] Exe pat_search
 [tid:3240745] INSTSELECTOR: instruction to be included mov rdx, qword ptr [rdx+0x8]
 [tid:3240745] ins:mov rdx, qword ptr [rdx+0x8]
 [tid:3240745] reg:rdx
 [tid:3240745] Exe pat_search
 [tid:3240745] INSTSELECTOR: instruction to be included and rcx, qword ptr [rdx]
 [tid:3240745] ins:and rcx, qword ptr [rdx]
 [tid:3240745] reg:rcx
 [tid:3240745] Exe pat_search
 [tid:3240745] INSTSELECTOR: instruction to be included cmp rax, rcx
 [tid:3240745] ins:cmp rax, rcx
 [tid:3240745] reg:rflags
 [tid:3240745] Exe pat_search
 [tid:3240745] Exe pat_search
 [tid:3240745] INSTSELECTOR: instruction to be included mov rax, qword ptr [rbp-0x38]
 [tid:3240745] ins:mov rax, qword ptr [rbp-0x38]
 [tid:3240745] reg:rax
 [tid:3240745] Exe pat_search
 [tid:3240745] Exe pat_search
 [tid:3240745] INSTSELECTOR: instruction to be included mov rax, qword ptr [rbp-0x28]
 [tid:3240745] ins:mov rax, qword ptr [rbp-0x28]
 [tid:3240745] reg:rax
 [tid:3240745] Exe pat_search
 [tid:3240745] INSTSELECTOR: instruction to be included movsx eax, byte ptr [rax+0x11]
 [tid:3240745] ins:movsx eax, byte ptr [rax+0x11]
 [tid:3240745] reg:eax
 [tid:3240745] Exe pat_search
 [tid:3240745] Exe pat_search
 [tid:3240745] INSTSELECTOR: instruction to be included mov rax, qword ptr [rbp-0x28]
 [tid:3240745] ins:mov rax, qword ptr [rbp-0x28]
 [tid:3240745] reg:rax
 [tid:3240745] Exe pat_search
 [tid:3240745] INSTSELECTOR: instruction to be included movsx edi, byte ptr [rax+0x11]
 [tid:3240745] ins:movsx edi, byte ptr [rax+0x11]
 [tid:3240745] reg:edi
 [tid:3240745] Exe pat_search
 [tid:3240745] INSTSELECTOR: instruction to be included mov rsi, qword ptr [rbp-0x10]
 [tid:3240745] ins:mov rsi, qword ptr [rbp-0x10]
 [tid:3240745] reg:rsi
 [tid:3240745] Exe pat_search
 [tid:3240745] Exe bit
 [tid:3240745] INSTSELECTOR: instruction to be included push rbp
 [tid:3240745] ins:push rbp
 [tid:3240745] reg:rsp
 [tid:3240745] Exe bit
 [tid:3240745] INSTSELECTOR: instruction to be included mov rbp, rsp
 [tid:3240745] ins:mov rbp, rsp
 [tid:3240745] reg:rbp
 [tid:3240745] Exe bit
 [tid:3240745] INSTSELECTOR: instruction to be included mov rax, rsi
 [tid:3240745] ins:mov rax, rsi
 [tid:3240745] reg:rax
 [tid:3240745] Exe bit
 [tid:3240745] Exe bit
 [tid:3240745] Exe bit
 [tid:3240745] INSTSELECTOR: instruction to be included mov ecx, 0x1f
 [tid:3240745] ins:mov ecx, 0x1f
 [tid:3240745] reg:ecx
 [tid:3240745] Exe bit
 [tid:3240745] INSTSELECTOR: instruction to be included sub ecx, dword ptr [rbp-0x4]
 [tid:3240745] ins:sub ecx, dword ptr [rbp-0x4]
 [tid:3240745] reg:ecx
 [tid:3240745] Exe bit
 [tid:3240745] INSTSELECTOR: instruction to be included mov edx, 0x1
 [tid:3240745] ins:mov edx, 0x1
 [tid:3240745] reg:edx
 [tid:3240745] Exe bit
 [tid:3240745] INSTSELECTOR: instruction to be included shl edx, cl
 [tid:3240745] ins:shl edx, cl
 [tid:3240745] reg:edx
 [tid:3240745] Exe bit
 [tid:3240745] INSTSELECTOR: instruction to be included mov ecx, edx
 [tid:3240745] ins:mov ecx, edx
 [tid:3240745] reg:ecx
 [tid:3240745] Exe bit
 [tid:3240745] INSTSELECTOR: instruction to be included movsxd rcx, ecx
 [tid:3240745] ins:movsxd rcx, ecx
 [tid:3240745] reg:rcx
 [tid:3240745] Exe bit
 [tid:3240745] INSTSELECTOR: instruction to be included and rax, rcx
 [tid:3240745] ins:and rax, rcx
 [tid:3240745] reg:rax
 [tid:3240745] Exe bit
 [tid:3240745] INSTSELECTOR: instruction to be included pop rbp
 [tid:3240745] ins:pop rbp
 [tid:3240745] reg:rsp
 [tid:3240745] Exe bit
 [tid:3240745] Exe pat_search
 [tid:3240745] INSTSELECTOR: instruction to be included cmp rax, 0x0
 [tid:3240745] ins:cmp rax, 0x0
 [tid:3240745] reg:rflags
 [tid:3240745] Exe pat_search
 [tid:3240745] Exe pat_search
 [tid:3240745] INSTSELECTOR: instruction to be included mov rax, qword ptr [rbp-0x28]
 [tid:3240745] ins:mov rax, qword ptr [rbp-0x28]
 [tid:3240745] reg:rax
 [tid:3240745] Exe pat_search
 [tid:3240745] INSTSELECTOR: instruction to be included mov rax, qword ptr [rax+0x20]
 [tid:3240745] ins:mov rax, qword ptr [rax+0x20]
 [tid:3240745] reg:rax
 [tid:3240745] Exe pat_search
 [tid:3240745] Exe pat_search
 [tid:3240745] Exe pat_search
 [tid:3240745] INSTSELECTOR: instruction to be included mov rax, qword ptr [rbp-0x28]
 [tid:3240745] ins:mov rax, qword ptr [rbp-0x28]
 [tid:3240745] reg:rax
 [tid:3240745] Exe pat_search
 [tid:3240745] INSTSELECTOR: instruction to be included mov rax, qword ptr [rax+0x18]
 [tid:3240745] ins:mov rax, qword ptr [rax+0x18]
 [tid:3240745] reg:rax
 [tid:3240745] Exe pat_search
 [tid:3240745] Exe pat_search
 [tid:3240745] INSTSELECTOR: instruction to be included mov rax, qword ptr [rbp-0x40]
 [tid:3240745] ins:mov rax, qword ptr [rbp-0x40]
 [tid:3240745] reg:rax
 [tid:3240745] Exe pat_search
 [tid:3240745] Exe pat_search
 [tid:3240745] Exe pat_search
 [tid:3240745] INSTSELECTOR: instruction to be included mov rax, qword ptr [rbp-0x48]
 [tid:3240745] ins:mov rax, qword ptr [rbp-0x48]
 [tid:3240745] reg:rax
 [tid:3240745] Exe pat_search
 [tid:3240745] INSTSELECTOR: instruction to be included mov ecx, dword ptr [rbp-0x2c]
 [tid:3240745] ins:mov ecx, dword ptr [rbp-0x2c]
 [tid:3240745] reg:ecx
 [tid:3240745] Exe pat_search
 [tid:3240745] INSTSELECTOR: instruction to be included movsx edx, byte ptr [rax+0x11]
 [tid:3240745] ins:movsx edx, byte ptr [rax+0x11]
 [tid:3240745] reg:edx
 [tid:3240745] Exe pat_search
 [tid:3240745] INSTSELECTOR: instruction to be included cmp ecx, edx
 [tid:3240745] ins:cmp ecx, edx
 [tid:3240745] reg:rflags
 [tid:3240745] NORMAL FLAG REG: inst cmp ecx, edx
 [tid:3240745] Exe pat_search
 [tid:3240745] Exe pat_search
 [tid:3240745] Exe pat_search
 [tid:3240745] INSTSELECTOR: instruction to be included mov rdx, qword ptr [rbp-0x50]
 [tid:3240745] ins:mov rdx, qword ptr [rbp-0x50]
 [tid:3240745] reg:rdx
 [tid:3240745] Exe pat_search
 [tid:3240745] Exe pat_search
 [tid:3240745] INSTSELECTOR: instruction to be included mov rax, qword ptr [rdx]
 [tid:3240745] ins:mov rax, qword ptr [rdx]
 [tid:3240745] reg:rax
 [tid:3240745] Exe pat_search
 [tid:3240745] INSTSELECTOR: instruction to be included mov rcx, qword ptr [rbp-0x10]
 [tid:3240745] ins:mov rcx, qword ptr [rbp-0x10]
 [tid:3240745] reg:rcx
 [tid:3240745] Exe pat_search
 [tid:3240745] INSTSELECTOR: instruction to be included mov rdx, qword ptr [rdx+0x8]
 [tid:3240745] ins:mov rdx, qword ptr [rdx+0x8]
 [tid:3240745] reg:rdx
 [tid:3240745] Exe pat_search
 [tid:3240745] INSTSELECTOR: instruction to be included and rcx, qword ptr [rdx]
 [tid:3240745] ins:and rcx, qword ptr [rdx]
 [tid:3240745] reg:rcx
 [tid:3240745] Exe pat_search
 [tid:3240745] INSTSELECTOR: instruction to be included cmp rax, rcx
 [tid:3240745] ins:cmp rax, rcx
 [tid:3240745] reg:rflags
 [tid:3240745] Exe pat_search
 [tid:3240745] Exe pat_search
 [tid:3240745] INSTSELECTOR: instruction to be included mov rax, qword ptr [rbp-0x58]
 [tid:3240745] ins:mov rax, qword ptr [rbp-0x58]
 [tid:3240745] reg:rax
 [tid:3240745] Exe pat_search
 [tid:3240745] Exe pat_search
 [tid:3240745] Exe pat_search
 [tid:3240745] INSTSELECTOR: instruction to be included mov rax, qword ptr [rbp-0x60]
 [tid:3240745] ins:mov rax, qword ptr [rbp-0x60]
 [tid:3240745] reg:rax
 [tid:3240745] Exe pat_search
 [tid:3240745] Exe pat_search
 [tid:3240745] INSTSELECTOR: instruction to be included mov rax, qword ptr [rbp-0x8]
 [tid:3240745] ins:mov rax, qword ptr [rbp-0x8]
 [tid:3240745] reg:rax
 [tid:3240745] Exe pat_search
 [tid:3240745] INSTSELECTOR: instruction to be included add rsp, 0x60
 [tid:3240745] ins:add rsp, 0x60
 [tid:3240745] reg:rsp
 [tid:3240745] Exe pat_search
 [tid:3240745] INSTSELECTOR: instruction to be included pop rbp
 [tid:3240745] ins:pop rbp
 [tid:3240745] reg:rbp
 [tid:3240745] Exe pat_search
 [tid:3240745] Exe main
 [tid:3240745] Exe main
 [tid:3240745] INSTSELECTOR: instruction to be included mov rax, qword ptr [rax]
 [tid:3240745] ins:mov rax, qword ptr [rax]
 [tid:3240745] reg:rax
 [tid:3240745] Exe main
 [tid:3240745] INSTSELECTOR: instruction to be included mov ecx, dword ptr [rbp-0xc4]
 [tid:3240745] ins:mov ecx, dword ptr [rbp-0xc4]
 [tid:3240745] reg:ecx
 [tid:3240745] Exe main
 [tid:3240745] Exe main
 [tid:3240745] INSTSELECTOR: instruction to be included mov ecx, ecx
 [tid:3240745] ins:mov ecx, ecx
 [tid:3240745] reg:ecx
 [tid:3240745] Exe main
 [tid:3240745] INSTSELECTOR: instruction to be included cmp rax, rcx
 [tid:3240745] ins:cmp rax, rcx
 [tid:3240745] reg:rflags
 [tid:3240745] Exe main
 [tid:3240745] Exe main
 [tid:3240745] INSTSELECTOR: instruction to be included mov esi, dword ptr [rbp-0x10c]
 [tid:3240745] ins:mov esi, dword ptr [rbp-0x10c]
 [tid:3240745] reg:esi
 [tid:3240745] Exe main
 [tid:3240745] INSTSELECTOR: instruction to be included movss xmm0, dword ptr [rbp-0xd4]
 [tid:3240745] ins:movss xmm0, dword ptr [rbp-0xd4]
 [tid:3240745] reg:xmm0
 [tid:3240745] Exe main
 [tid:3240745] INSTSELECTOR: instruction to be included cvtss2sd xmm0, xmm0
 [tid:3240745] ins:cvtss2sd xmm0, xmm0
 [tid:3240745] reg:xmm0
 [tid:3240745] Exe main
 [tid:3240745] INSTSELECTOR: instruction to be included lea rdi, ptr [rip+0xc6f]
 [tid:3240745] ins:lea rdi, ptr [rip+0xc6f]
 [tid:3240745] reg:rdi
 [tid:3240745] Exe main
 [tid:3240745] INSTSELECTOR: instruction to be included mov al, 0x1
 [tid:3240745] ins:mov al, 0x1
 [tid:3240745] reg:al
 [tid:3240745] Exe main
 [tid:3240745] Exe main
 [tid:3240745] INSTSELECTOR: instruction to be included mov rdi, qword ptr [rbp-0x20]
 [tid:3240745] ins:mov rdi, qword ptr [rbp-0x20]
 [tid:3240745] reg:rdi
 [tid:3240745] Exe main
 [tid:3240745] INSTSELECTOR: instruction to be included mov rsi, qword ptr [rbp-0x18]
 [tid:3240745] ins:mov rsi, qword ptr [rbp-0x18]
 [tid:3240745] reg:rsi
 [tid:3240745] Exe main
 [tid:3240745] Exe pat_insert
 [tid:3240745] INSTSELECTOR: instruction to be included push rbp
 [tid:3240745] ins:push rbp
 [tid:3240745] reg:rsp
 [tid:3240745] Exe pat_insert
 [tid:3240745] INSTSELECTOR: instruction to be included mov rbp, rsp
 [tid:3240745] ins:mov rbp, rsp
 [tid:3240745] reg:rbp
 [tid:3240745] Exe pat_insert
 [tid:3240745] INSTSELECTOR: instruction to be included sub rsp, 0xc0
 [tid:3240745] ins:sub rsp, 0xc0
 [tid:3240745] reg:rsp
 [tid:3240745] Exe pat_insert
 [tid:3240745] Exe pat_insert
 [tid:3240745] Exe pat_insert
 [tid:3240745] INSTSELECTOR: instruction to be included cmp rsi, 0x0
 [tid:3240745] ins:cmp rsi, 0x0
 [tid:3240745] reg:rflags
 [tid:3240745] Exe pat_insert
 [tid:3240745] Exe pat_insert
 [tid:3240745] INSTSELECTOR: instruction to be included mov rax, qword ptr [rbp-0x10]
 [tid:3240745] ins:mov rax, qword ptr [rbp-0x10]
 [tid:3240745] reg:rax
 [tid:3240745] Exe pat_insert
 [tid:3240745] Exe pat_insert
 [tid:3240745] INSTSELECTOR: instruction to be included cmp rax, 0x0
 [tid:3240745] ins:cmp rax, 0x0
 [tid:3240745] reg:rflags
 [tid:3240745] Exe pat_insert
 [tid:3240745] Exe pat_insert
 [tid:3240745] INSTSELECTOR: instruction to be included mov rax, qword ptr [rbp-0x40]
 [tid:3240745] ins:mov rax, qword ptr [rbp-0x40]
 [tid:3240745] reg:rax
 [tid:3240745] Exe pat_insert
 [tid:3240745] INSTSELECTOR: instruction to be included mov rax, qword ptr [rax+0x8]
 [tid:3240745] ins:mov rax, qword ptr [rax+0x8]
 [tid:3240745] reg:rax
 [tid:3240745] Exe pat_insert
 [tid:3240745] Exe pat_insert
 [tid:3240745] INSTSELECTOR: instruction to be included cmp rax, 0x0
 [tid:3240745] ins:cmp rax, 0x0
 [tid:3240745] reg:rflags
 [tid:3240745] Exe pat_insert
 [tid:3240745] Exe pat_insert
 [tid:3240745] INSTSELECTOR: instruction to be included mov rax, qword ptr [rbp-0x40]
 [tid:3240745] ins:mov rax, qword ptr [rbp-0x40]
 [tid:3240745] reg:rax
 [tid:3240745] Exe pat_insert
 [tid:3240745] INSTSELECTOR: instruction to be included mov rcx, qword ptr [rbp-0x48]
 [tid:3240745] ins:mov rcx, qword ptr [rbp-0x48]
 [tid:3240745] reg:rcx
 [tid:3240745] Exe pat_insert
 [tid:3240745] INSTSELECTOR: instruction to be included mov rcx, qword ptr [rcx]
 [tid:3240745] ins:mov rcx, qword ptr [rcx]
 [tid:3240745] reg:rcx
 [tid:3240745] Exe pat_insert
 [tid:3240745] INSTSELECTOR: instruction to be included and rcx, qword ptr [rax]
 [tid:3240745] ins:and rcx, qword ptr [rax]
 [tid:3240745] reg:rcx
 [tid:3240745] Exe pat_insert
 [tid:3240745] Exe pat_insert
 [tid:3240745] INSTSELECTOR: instruction to be included mov rax, qword ptr [rbp-0x18]
 [tid:3240745] ins:mov rax, qword ptr [rbp-0x18]
 [tid:3240745] reg:rax
 [tid:3240745] Exe pat_insert
 [tid:3240745] Exe pat_insert
 [tid:3240745] INSTSELECTOR: instruction to be included mov rax, qword ptr [rbp-0x20]
 [tid:3240745] ins:mov rax, qword ptr [rbp-0x20]
 [tid:3240745] reg:rax
 [tid:3240745] Exe pat_insert
 [tid:3240745] INSTSELECTOR: instruction to be included movsx eax, byte ptr [rax+0x11]
 [tid:3240745] ins:movsx eax, byte ptr [rax+0x11]
 [tid:3240745] reg:eax
 [tid:3240745] Exe pat_insert
 [tid:3240745] Exe pat_insert
 [tid:3240745] INSTSELECTOR: instruction to be included mov rax, qword ptr [rbp-0x20]
 [tid:3240745] ins:mov rax, qword ptr [rbp-0x20]
 [tid:3240745] reg:rax
 [tid:3240745] Exe pat_insert
 [tid:3240745] INSTSELECTOR: instruction to be included movsx edi, byte ptr [rax+0x11]
 [tid:3240745] ins:movsx edi, byte ptr [rax+0x11]
 [tid:3240745] reg:edi
 [tid:3240745] Exe pat_insert
 [tid:3240745] INSTSELECTOR: instruction to be included mov rax, qword ptr [rbp-0x10]
 [tid:3240745] ins:mov rax, qword ptr [rbp-0x10]
 [tid:3240745] reg:rax
 [tid:3240745] Exe pat_insert
 [tid:3240745] INSTSELECTOR: instruction to be included mov rsi, qword ptr [rax]
 [tid:3240745] ins:mov rsi, qword ptr [rax]
 [tid:3240745] reg:rsi
 [tid:3240745] Exe pat_insert
 [tid:3240745] Exe pat_insert
 [tid:3240745] INSTSELECTOR: instruction to be included cmp rax, 0x0
 [tid:3240745] ins:cmp rax, 0x0
 [tid:3240745] reg:rflags
 [tid:3240745] Exe pat_insert
 [tid:3240745] Exe pat_insert
 [tid:3240745] INSTSELECTOR: instruction to be included mov rax, qword ptr [rbp-0x20]
 [tid:3240745] ins:mov rax, qword ptr [rbp-0x20]
 [tid:3240745] reg:rax
 [tid:3240745] Exe pat_insert
 [tid:3240745] INSTSELECTOR: instruction to be included mov rax, qword ptr [rax+0x20]
 [tid:3240745] ins:mov rax, qword ptr [rax+0x20]
 [tid:3240745] reg:rax
 [tid:3240745] Exe pat_insert
 [tid:3240745] Exe pat_insert
 [tid:3240745] Exe pat_insert
 [tid:3240745] INSTSELECTOR: instruction to be included mov rax, qword ptr [rbp-0x20]
 [tid:3240745] ins:mov rax, qword ptr [rbp-0x20]
 [tid:3240745] reg:rax
 [tid:3240745] Exe pat_insert
 [tid:3240745] INSTSELECTOR: instruction to be included mov rax, qword ptr [rax+0x18]
 [tid:3240745] ins:mov rax, qword ptr [rax+0x18]
 [tid:3240745] reg:rax
 [tid:3240745] Exe pat_insert
 [tid:3240745] Exe pat_insert
 [tid:3240745] INSTSELECTOR: instruction to be included mov rax, qword ptr [rbp-0x50]
 [tid:3240745] ins:mov rax, qword ptr [rbp-0x50]
 [tid:3240745] reg:rax
 [tid:3240745] Exe pat_insert
 [tid:3240745] Exe pat_insert
 [tid:3240745] Exe pat_insert
 [tid:3240745] INSTSELECTOR: instruction to be included mov rax, qword ptr [rbp-0x58]
 [tid:3240745] ins:mov rax, qword ptr [rbp-0x58]
 [tid:3240745] reg:rax
 [tid:3240745] Exe pat_insert
 [tid:3240745] INSTSELECTOR: instruction to be included mov ecx, dword ptr [rbp-0x34]
 [tid:3240745] ins:mov ecx, dword ptr [rbp-0x34]
 [tid:3240745] reg:ecx
 [tid:3240745] Exe pat_insert
 [tid:3240745] INSTSELECTOR: instruction to be included movsx edx, byte ptr [rax+0x11]
 [tid:3240745] ins:movsx edx, byte ptr [rax+0x11]
 [tid:3240745] reg:edx
 [tid:3240745] Exe pat_insert
 [tid:3240745] INSTSELECTOR: instruction to be included cmp ecx, edx
 [tid:3240745] ins:cmp ecx, edx
 [tid:3240745] reg:rflags
 [tid:3240745] NORMAL FLAG REG: inst cmp ecx, edx
 [tid:3240745] Exe pat_insert
 [tid:3240745] Exe pat_insert
 [tid:3240745] Exe pat_insert
 [tid:3240745] INSTSELECTOR: instruction to be included mov rcx, qword ptr [rbp-0x60]
 [tid:3240745] ins:mov rcx, qword ptr [rbp-0x60]
 [tid:3240745] reg:rcx
 [tid:3240745] Exe pat_insert
 [tid:3240745] INSTSELECTOR: instruction to be included mov rax, qword ptr [rbp-0x10]
 [tid:3240745] ins:mov rax, qword ptr [rbp-0x10]
 [tid:3240745] reg:rax
 [tid:3240745] Exe pat_insert
 [tid:3240745] INSTSELECTOR: instruction to be included mov rax, qword ptr [rax]
 [tid:3240745] ins:mov rax, qword ptr [rax]
 [tid:3240745] reg:rax
 [tid:3240745] Exe pat_insert
 [tid:3240745] INSTSELECTOR: instruction to be included cmp rax, qword ptr [rcx]
 [tid:3240745] ins:cmp rax, qword ptr [rcx]
 [tid:3240745] reg:rflags
 [tid:3240745] Exe pat_insert
 [tid:3240745] Exe pat_insert
 [tid:3240745] Exe pat_insert
 [tid:3240745] INSTSELECTOR: instruction to be included mov ecx, dword ptr [rbp-0x34]
 [tid:3240745] ins:mov ecx, dword ptr [rbp-0x34]
 [tid:3240745] reg:ecx
 [tid:3240745] Exe pat_insert
 [tid:3240745] Exe pat_insert
 [tid:3240745] INSTSELECTOR: instruction to be included mov rax, qword ptr [rbp-0x20]
 [tid:3240745] ins:mov rax, qword ptr [rbp-0x20]
 [tid:3240745] reg:rax
 [tid:3240745] Exe pat_insert
 [tid:3240745] Exe pat_insert
 [tid:3240745] INSTSELECTOR: instruction to be included movzx eax, byte ptr [rax+0x10]
 [tid:3240745] ins:movzx eax, byte ptr [rax+0x10]
 [tid:3240745] reg:eax
 [tid:3240745] Exe pat_insert
 [tid:3240745] INSTSELECTOR: instruction to be included cmp ecx, eax
 [tid:3240745] ins:cmp ecx, eax
 [tid:3240745] reg:rflags
 [tid:3240745] NORMAL FLAG REG: inst cmp ecx, eax
 [tid:3240745] Exe pat_insert
 [tid:3240745] Exe pat_insert
 [tid:3240745] Exe pat_insert
 [tid:3240745] Exe pat_insert
 [tid:3240745] INSTSELECTOR: instruction to be included mov ecx, dword ptr [rbp-0x34]
 [tid:3240745] ins:mov ecx, dword ptr [rbp-0x34]
 [tid:3240745] reg:ecx
 [tid:3240745] Exe pat_insert
 [tid:3240745] Exe pat_insert
 [tid:3240745] INSTSELECTOR: instruction to be included xor eax, eax
 [tid:3240745] ins:xor eax, eax
 [tid:3240745] reg:eax
 [tid:3240745] Exe pat_insert
 [tid:3240745] INSTSELECTOR: instruction to be included cmp ecx, 0x20
 [tid:3240745] ins:cmp ecx, 0x20
 [tid:3240745] reg:rflags
 [tid:3240745] NORMAL FLAG REG: inst cmp ecx, 0x20
 [tid:3240745] Exe pat_insert
 [tid:3240745] Exe pat_insert
 [tid:3240745] Exe pat_insert
 [tid:3240745] INSTSELECTOR: instruction to be included mov edi, dword ptr [rbp-0xb0]
 [tid:3240745] ins:mov edi, dword ptr [rbp-0xb0]
 [tid:3240745] reg:edi
 [tid:3240745] Exe pat_insert
 [tid:3240745] INSTSELECTOR: instruction to be included mov rax, qword ptr [rbp-0x10]
 [tid:3240745] ins:mov rax, qword ptr [rbp-0x10]
 [tid:3240745] reg:rax
 [tid:3240745] Exe pat_insert
 [tid:3240745] INSTSELECTOR: instruction to be included mov rsi, qword ptr [rax]
 [tid:3240745] ins:mov rsi, qword ptr [rax]
 [tid:3240745] reg:rsi
 [tid:3240745] Exe pat_insert
 [tid:3240745] Exe pat_insert
 [tid:3240745] Exe pat_insert
 [tid:3240745] INSTSELECTOR: instruction to be included mov edi, dword ptr [rbp-0x34]
 [tid:3240745] ins:mov edi, dword ptr [rbp-0x34]
 [tid:3240745] reg:edi
 [tid:3240745] Exe pat_insert
 [tid:3240745] INSTSELECTOR: instruction to be included mov rax, qword ptr [rbp-0x20]
 [tid:3240745] ins:mov rax, qword ptr [rbp-0x20]
 [tid:3240745] reg:rax
 [tid:3240745] Exe pat_insert
 [tid:3240745] INSTSELECTOR: instruction to be included mov rsi, qword ptr [rax]
 [tid:3240745] ins:mov rsi, qword ptr [rax]
 [tid:3240745] reg:rsi
 [tid:3240745] Exe pat_insert
 [tid:3240745] Exe pat_insert
 [tid:3240745] INSTSELECTOR: instruction to be included mov rcx, rax
 [tid:3240745] ins:mov rcx, rax
 [tid:3240745] reg:rcx
 [tid:3240745] Exe pat_insert
 [tid:3240745] INSTSELECTOR: instruction to be included mov rax, qword ptr [rbp-0xb8]
 [tid:3240745] ins:mov rax, qword ptr [rbp-0xb8]
 [tid:3240745] reg:rax
 [tid:3240745] Exe pat_insert
 [tid:3240745] INSTSELECTOR: instruction to be included cmp rax, rcx
 [tid:3240745] ins:cmp rax, rcx
 [tid:3240745] reg:rflags
 [tid:3240745] NORMAL FLAG REG: inst cmp rax, rcx
 [tid:3240745] Exe pat_insert
 [tid:3240745] INSTSELECTOR: instruction to be included setz al
 [tid:3240745] ins:setz al
 [tid:3240745] reg:al
 [tid:3240745] Exe pat_insert
 [tid:3240745] Exe pat_insert
 [tid:3240745] INSTSELECTOR: instruction to be included mov al, byte ptr [rbp-0xa9]
 [tid:3240745] ins:mov al, byte ptr [rbp-0xa9]
 [tid:3240745] reg:al
 [tid:3240745] Exe pat_insert
 [tid:3240745] INSTSELECTOR: instruction to be included test al, 0x1
 [tid:3240745] ins:test al, 0x1
 [tid:3240745] reg:rflags
 [tid:3240745] Exe pat_insert
 [tid:3240745] Exe pat_insert
 [tid:3240745] Exe pat_insert
 [tid:3240745] Exe pat_insert
 [tid:3240745] INSTSELECTOR: instruction to be included mov eax, dword ptr [rbp-0x34]
 [tid:3240745] ins:mov eax, dword ptr [rbp-0x34]
 [tid:3240745] reg:eax
 [tid:3240745] Exe pat_insert
 [tid:3240745] INSTSELECTOR: instruction to be included add eax, 0x1
 [tid:3240745] ins:add eax, 0x1
 [tid:3240745] reg:eax
 [tid:3240745] Exe pat_insert
 [tid:3240745] Exe pat_insert
 [tid:3240745] Exe pat_insert
 [tid:3240745] INSTSELECTOR: instruction to be included mov ecx, dword ptr [rbp-0x34]
 [tid:3240745] ins:mov ecx, dword ptr [rbp-0x34]
 [tid:3240745] reg:ecx
 [tid:3240745] Exe pat_insert
 [tid:3240745] Exe pat_insert
 [tid:3240745] INSTSELECTOR: instruction to be included xor eax, eax
 [tid:3240745] ins:xor eax, eax
 [tid:3240745] reg:eax
 [tid:3240745] Exe pat_insert
 [tid:3240745] INSTSELECTOR: instruction to be included cmp ecx, 0x20
 [tid:3240745] ins:cmp ecx, 0x20
 [tid:3240745] reg:rflags
 [tid:3240745] NORMAL FLAG REG: inst cmp ecx, 0x20
 [tid:3240745] Exe pat_insert
 [tid:3240745] Exe pat_insert
 [tid:3240745] Exe pat_insert
 [tid:3240745] INSTSELECTOR: instruction to be included mov edi, dword ptr [rbp-0xb0]
 [tid:3240745] ins:mov edi, dword ptr [rbp-0xb0]
 [tid:3240745] reg:edi
 [tid:3240745] Exe pat_insert
 [tid:3240745] INSTSELECTOR: instruction to be included mov rax, qword ptr [rbp-0x10]
 [tid:3240745] ins:mov rax, qword ptr [rbp-0x10]
 [tid:3240745] reg:rax
 [tid:3240745] Exe pat_insert
 [tid:3240745] INSTSELECTOR: instruction to be included mov rsi, qword ptr [rax]
 [tid:3240745] ins:mov rsi, qword ptr [rax]
 [tid:3240745] reg:rsi
 [tid:3240745] Exe pat_insert
 [tid:3240745] Exe pat_insert
 [tid:3240745] INSTSELECTOR: instruction to be included mov rax, qword ptr [rbp-0x18]
 [tid:3240745] ins:mov rax, qword ptr [rbp-0x18]
 [tid:3240745] reg:rax
 [tid:3240745] Exe pat_insert
 [tid:3240745] INSTSELECTOR: instruction to be included movsx edi, byte ptr [rax+0x11]
 [tid:3240745] ins:movsx edi, byte ptr [rax+0x11]
 [tid:3240745] reg:edi
 [tid:3240745] Exe pat_insert
 [tid:3240745] INSTSELECTOR: instruction to be included mov rax, qword ptr [rbp-0x10]
 [tid:3240745] ins:mov rax, qword ptr [rbp-0x10]
 [tid:3240745] reg:rax
 [tid:3240745] Exe pat_insert
 [tid:3240745] INSTSELECTOR: instruction to be included mov rsi, qword ptr [rax]
 [tid:3240745] ins:mov rsi, qword ptr [rax]
 [tid:3240745] reg:rsi
 [tid:3240745] Exe pat_insert
 [tid:3240745] Exe pat_insert
 [tid:3240745] INSTSELECTOR: instruction to be included cmp rax, 0x0
 [tid:3240745] ins:cmp rax, 0x0
 [tid:3240745] reg:rflags
 [tid:3240745] Exe pat_insert
 [tid:3240745] Exe pat_insert
 [tid:3240745] INSTSELECTOR: instruction to be included mov rcx, qword ptr [rbp-0x18]
 [tid:3240745] ins:mov rcx, qword ptr [rbp-0x18]
 [tid:3240745] reg:rcx
 [tid:3240745] Exe pat_insert
 [tid:3240745] INSTSELECTOR: instruction to be included mov rdi, qword ptr [rcx+0x20]
 [tid:3240745] ins:mov rdi, qword ptr [rcx+0x20]
 [tid:3240745] reg:rdi
 [tid:3240745] Exe pat_insert
 [tid:3240745] INSTSELECTOR: instruction to be included mov rsi, qword ptr [rbp-0x10]
 [tid:3240745] ins:mov rsi, qword ptr [rbp-0x10]
 [tid:3240745] reg:rsi
 [tid:3240745] Exe pat_insert
 [tid:3240745] INSTSELECTOR: instruction to be included mov edx, dword ptr [rbp-0x34]
 [tid:3240745] ins:mov edx, dword ptr [rbp-0x34]
 [tid:3240745] reg:edx
 [tid:3240745] Exe pat_insert
 [tid:3240745] Exe pat_insert
 [tid:3240745] INSTSELECTOR: instruction to be included mov rcx, qword ptr [rbp-0x18]
 [tid:3240745] ins:mov rcx, qword ptr [rbp-0x18]
 [tid:3240745] reg:rcx
 [tid:3240745] Exe pat_insert
 [tid:3240745] INSTSELECTOR: instruction to be included mov rdi, qword ptr [rcx+0x18]
 [tid:3240745] ins:mov rdi, qword ptr [rcx+0x18]
 [tid:3240745] reg:rdi
 [tid:3240745] Exe pat_insert
 [tid:3240745] INSTSELECTOR: instruction to be included mov rsi, qword ptr [rbp-0x10]
 [tid:3240745] ins:mov rsi, qword ptr [rbp-0x10]
 [tid:3240745] reg:rsi
 [tid:3240745] Exe pat_insert
 [tid:3240745] INSTSELECTOR: instruction to be included mov edx, dword ptr [rbp-0x34]
 [tid:3240745] ins:mov edx, dword ptr [rbp-0x34]
 [tid:3240745] reg:edx
 [tid:3240745] Exe pat_insert
 [tid:3240745] Exe insertR
 [tid:3240745] INSTSELECTOR: instruction to be included push rbp
 [tid:3240745] ins:push rbp
 [tid:3240745] reg:rsp
 [tid:3240745] Exe insertR
 [tid:3240745] INSTSELECTOR: instruction to be included mov rbp, rsp
 [tid:3240745] ins:mov rbp, rsp
 [tid:3240745] reg:rbp
 [tid:3240745] Exe insertR
 [tid:3240745] INSTSELECTOR: instruction to be included sub rsp, 0x50
 [tid:3240745] ins:sub rsp, 0x50
 [tid:3240745] reg:rsp
 [tid:3240745] Exe insertR
 [tid:3240745] Exe insertR
 [tid:3240745] Exe insertR
 [tid:3240745] Exe insertR
 [tid:3240745] Exe insertR
 [tid:3240745] Exe insertR
 [tid:3240745] INSTSELECTOR: instruction to be included mov rax, qword ptr [rbp-0x10]
 [tid:3240745] ins:mov rax, qword ptr [rbp-0x10]
 [tid:3240745] reg:rax
 [tid:3240745] Exe insertR
 [tid:3240745] INSTSELECTOR: instruction to be included movsx eax, byte ptr [rax+0x11]
 [tid:3240745] ins:movsx eax, byte ptr [rax+0x11]
 [tid:3240745] reg:eax
 [tid:3240745] Exe insertR
 [tid:3240745] Exe insertR
 [tid:3240745] INSTSELECTOR: instruction to be included cmp eax, dword ptr [rbp-0x1c]
 [tid:3240745] ins:cmp eax, dword ptr [rbp-0x1c]
 [tid:3240745] reg:rflags
 [tid:3240745] Exe insertR
 [tid:3240745] Exe insertR
 [tid:3240745] INSTSELECTOR: instruction to be included mov eax, dword ptr [rbp-0x2c]
 [tid:3240745] ins:mov eax, dword ptr [rbp-0x2c]
 [tid:3240745] reg:eax
 [tid:3240745] Exe insertR
 [tid:3240745] INSTSELECTOR: instruction to be included mov rcx, qword ptr [rbp-0x38]
 [tid:3240745] ins:mov rcx, qword ptr [rbp-0x38]
 [tid:3240745] reg:rcx
 [tid:3240745] Exe insertR
 [tid:3240745] INSTSELECTOR: instruction to be included movsx ecx, byte ptr [rcx+0x11]
 [tid:3240745] ins:movsx ecx, byte ptr [rcx+0x11]
 [tid:3240745] reg:ecx
 [tid:3240745] Exe insertR
 [tid:3240745] INSTSELECTOR: instruction to be included cmp eax, ecx
 [tid:3240745] ins:cmp eax, ecx
 [tid:3240745] reg:rflags
 [tid:3240745] Exe insertR
 [tid:3240745] Exe insertR
 [tid:3240745] INSTSELECTOR: instruction to be included mov eax, dword ptr [rbp-0x1c]
 [tid:3240745] ins:mov eax, dword ptr [rbp-0x1c]
 [tid:3240745] reg:eax
 [tid:3240745] Exe insertR
 [tid:3240745] INSTSELECTOR: instruction to be included mov cl, al
 [tid:3240745] ins:mov cl, al
 [tid:3240745] reg:cl
 [tid:3240745] Exe insertR
 [tid:3240745] INSTSELECTOR: instruction to be included mov rax, qword ptr [rbp-0x18]
 [tid:3240745] ins:mov rax, qword ptr [rbp-0x18]
 [tid:3240745] reg:rax
 [tid:3240745] Exe insertR
 [tid:3240745] Exe insertR
 [tid:3240745] INSTSELECTOR: instruction to be included mov edi, dword ptr [rbp-0x1c]
 [tid:3240745] ins:mov edi, dword ptr [rbp-0x1c]
 [tid:3240745] reg:edi
 [tid:3240745] Exe insertR
 [tid:3240745] INSTSELECTOR: instruction to be included mov rax, qword ptr [rbp-0x18]
 [tid:3240745] ins:mov rax, qword ptr [rbp-0x18]
 [tid:3240745] reg:rax
 [tid:3240745] Exe insertR
 [tid:3240745] INSTSELECTOR: instruction to be included mov rsi, qword ptr [rax]
 [tid:3240745] ins:mov rsi, qword ptr [rax]
 [tid:3240745] reg:rsi
 [tid:3240745] Exe insertR
 [tid:3240745] Exe insertR
 [tid:3240745] INSTSELECTOR: instruction to be included cmp rax, 0x0
 [tid:3240745] ins:cmp rax, 0x0
 [tid:3240745] reg:rflags
 [tid:3240745] Exe insertR
 [tid:3240745] Exe insertR
 [tid:3240745] INSTSELECTOR: instruction to be included mov rax, qword ptr [rbp-0x10]
 [tid:3240745] ins:mov rax, qword ptr [rbp-0x10]
 [tid:3240745] reg:rax
 [tid:3240745] Exe insertR
 [tid:3240745] Exe insertR
 [tid:3240745] Exe insertR
 [tid:3240745] INSTSELECTOR: instruction to be included mov rcx, qword ptr [rbp-0x40]
 [tid:3240745] ins:mov rcx, qword ptr [rbp-0x40]
 [tid:3240745] reg:rcx
 [tid:3240745] Exe insertR
 [tid:3240745] INSTSELECTOR: instruction to be included mov rax, qword ptr [rbp-0x18]
 [tid:3240745] ins:mov rax, qword ptr [rbp-0x18]
 [tid:3240745] reg:rax
 [tid:3240745] Exe insertR
 [tid:3240745] Exe insertR
 [tid:3240745] INSTSELECTOR: instruction to be included mov edi, dword ptr [rbp-0x1c]
 [tid:3240745] ins:mov edi, dword ptr [rbp-0x1c]
 [tid:3240745] reg:edi
 [tid:3240745] Exe insertR
 [tid:3240745] INSTSELECTOR: instruction to be included mov rax, qword ptr [rbp-0x18]
 [tid:3240745] ins:mov rax, qword ptr [rbp-0x18]
 [tid:3240745] reg:rax
 [tid:3240745] Exe insertR
 [tid:3240745] INSTSELECTOR: instruction to be included mov rsi, qword ptr [rax]
 [tid:3240745] ins:mov rsi, qword ptr [rax]
 [tid:3240745] reg:rsi
 [tid:3240745] Exe insertR
 [tid:3240745] Exe insertR
 [tid:3240745] INSTSELECTOR: instruction to be included cmp rax, 0x0
 [tid:3240745] ins:cmp rax, 0x0
 [tid:3240745] reg:rflags
 [tid:3240745] Exe insertR
 [tid:3240745] Exe insertR
 [tid:3240745] INSTSELECTOR: instruction to be included mov rax, qword ptr [rbp-0x18]
 [tid:3240745] ins:mov rax, qword ptr [rbp-0x18]
 [tid:3240745] reg:rax
 [tid:3240745] Exe insertR
 [tid:3240745] Exe insertR
 [tid:3240745] Exe insertR
 [tid:3240745] INSTSELECTOR: instruction to be included mov rcx, qword ptr [rbp-0x48]
 [tid:3240745] ins:mov rcx, qword ptr [rbp-0x48]
 [tid:3240745] reg:rcx
 [tid:3240745] Exe insertR
 [tid:3240745] INSTSELECTOR: instruction to be included mov rax, qword ptr [rbp-0x18]
 [tid:3240745] ins:mov rax, qword ptr [rbp-0x18]
 [tid:3240745] reg:rax
 [tid:3240745] Exe insertR
 [tid:3240745] Exe insertR
 [tid:3240745] INSTSELECTOR: instruction to be included mov rax, qword ptr [rbp-0x18]
 [tid:3240745] ins:mov rax, qword ptr [rbp-0x18]
 [tid:3240745] reg:rax
 [tid:3240745] Exe insertR
 [tid:3240745] Exe insertR
 [tid:3240745] Exe insertR
 [tid:3240745] INSTSELECTOR: instruction to be included mov rax, qword ptr [rbp-0x8]
 [tid:3240745] ins:mov rax, qword ptr [rbp-0x8]
 [tid:3240745] reg:rax
 [tid:3240745] Exe insertR
 [tid:3240745] INSTSELECTOR: instruction to be included add rsp, 0x50
 [tid:3240745] ins:add rsp, 0x50
 [tid:3240745] reg:rsp
 [tid:3240745] Exe insertR
 [tid:3240745] INSTSELECTOR: instruction to be included pop rbp
 [tid:3240745] ins:pop rbp
 [tid:3240745] reg:rsp
 [tid:3240745] Exe insertR
 [tid:3240745] Exe pat_insert
 [tid:3240745] INSTSELECTOR: instruction to be included mov rcx, rax
 [tid:3240745] ins:mov rcx, rax
 [tid:3240745] reg:rcx
 [tid:3240745] Exe pat_insert
 [tid:3240745] INSTSELECTOR: instruction to be included mov rax, qword ptr [rbp-0x18]
 [tid:3240745] ins:mov rax, qword ptr [rbp-0x18]
 [tid:3240745] reg:rax
 [tid:3240745] Exe pat_insert
 [tid:3240745] Exe pat_insert
 [tid:3240745] INSTSELECTOR: instruction to be included mov rax, qword ptr [rbp-0x10]
 [tid:3240745] ins:mov rax, qword ptr [rbp-0x10]
 [tid:3240745] reg:rax
 [tid:3240745] Exe pat_insert
 [tid:3240745] Exe pat_insert
 [tid:3240745] INSTSELECTOR: instruction to be included mov rax, qword ptr [rbp-0x8]
 [tid:3240745] ins:mov rax, qword ptr [rbp-0x8]
 [tid:3240745] reg:rax
 [tid:3240745] Exe pat_insert
 [tid:3240745] INSTSELECTOR: instruction to be included add rsp, 0xc0
 [tid:3240745] ins:add rsp, 0xc0
 [tid:3240745] reg:rsp
 [tid:3240745] Exe pat_insert
 [tid:3240745] INSTSELECTOR: instruction to be included pop rbp
 [tid:3240745] ins:pop rbp
 [tid:3240745] reg:rbp
 [tid:3240745] Exe pat_insert
 [tid:3240745] Exe main
 [tid:3240745] Exe main
 [tid:3240745] INSTSELECTOR: instruction to be included cmp qword ptr [rbp-0x20], 0x0
 [tid:3240745] ins:cmp qword ptr [rbp-0x20], 0x0
 [tid:3240745] reg:rflags
 [tid:3240745] Exe main
 [tid:3240745] Exe main
 [tid:3240745] INSTSELECTOR: instruction to be included mov rax, qword ptr [rip+0x20136d]
 [tid:3240745] ins:mov rax, qword ptr [rip+0x20136d]
 [tid:3240745] reg:rax
 [tid:3240745] Exe main
 [tid:3240745] INSTSELECTOR: instruction to be included mov rdi, qword ptr [rax]
 [tid:3240745] ins:mov rdi, qword ptr [rax]
 [tid:3240745] reg:rdi
 [tid:3240745] Exe main
 [tid:3240745] INSTSELECTOR: instruction to be included lea rsi, ptr [rip+0xc41]
 [tid:3240745] ins:lea rsi, ptr [rip+0xc41]
 [tid:3240745] reg:rsi
 [tid:3240745] Exe main
 [tid:3240745] INSTSELECTOR: instruction to be included mov al, 0x0
 [tid:3240745] ins:mov al, 0x0
 [tid:3240745] reg:al
 [tid:3240745] Exe main
 [tid:3240745] Exe main
 [tid:3240745] Exe main
 [tid:3240745] INSTSELECTOR: instruction to be included mov rdx, qword ptr [rbp-0x38]
 [tid:3240745] ins:mov rdx, qword ptr [rbp-0x38]
 [tid:3240745] reg:rdx
 [tid:3240745] Exe main
 [tid:3240745] INSTSELECTOR: instruction to be included lea rdi, ptr [rbp-0xc0]
 [tid:3240745] ins:lea rdi, ptr [rbp-0xc0]
 [tid:3240745] reg:rdi
 [tid:3240745] Exe main
 [tid:3240745] INSTSELECTOR: instruction to be included mov esi, 0x80
 [tid:3240745] ins:mov esi, 0x80
 [tid:3240745] reg:esi
 [tid:3240745] Exe main
 [tid:3240745] Exe main
 [tid:3240745] INSTSELECTOR: instruction to be included cmp rax, 0x0
 [tid:3240745] ins:cmp rax, 0x0
 [tid:3240745] reg:rflags
 [tid:3240745] Exe main
 [tid:3240745] Exe main
 [tid:3240745] INSTSELECTOR: instruction to be included lea rdi, ptr [rbp-0xc0]
 [tid:3240745] ins:lea rdi, ptr [rbp-0xc0]
 [tid:3240745] reg:rdi
 [tid:3240745] Exe main
 [tid:3240745] INSTSELECTOR: instruction to be included lea rsi, ptr [rip+0xddb]
 [tid:3240745] ins:lea rsi, ptr [rip+0xddb]
 [tid:3240745] reg:rsi
 [tid:3240745] Exe main
 [tid:3240745] INSTSELECTOR: instruction to be included lea rdx, ptr [rbp-0xd4]
 [tid:3240745] ins:lea rdx, ptr [rbp-0xd4]
 [tid:3240745] reg:rdx
 [tid:3240745] Exe main
 [tid:3240745] INSTSELECTOR: instruction to be included lea rcx, ptr [rbp-0xc4]
 [tid:3240745] ins:lea rcx, ptr [rbp-0xc4]
 [tid:3240745] reg:rcx
 [tid:3240745] Exe main
 [tid:3240745] INSTSELECTOR: instruction to be included mov al, 0x0
 [tid:3240745] ins:mov al, 0x0
 [tid:3240745] reg:al
 [tid:3240745] Exe main
 [tid:3240745] Exe main
 [tid:3240745] INSTSELECTOR: instruction to be included mov eax, eax
 [tid:3240745] ins:mov eax, eax
 [tid:3240745] reg:eax
 [tid:3240745] Exe main
 [tid:3240745] INSTSELECTOR: instruction to be included mov ecx, eax
 [tid:3240745] ins:mov ecx, eax
 [tid:3240745] reg:ecx
 [tid:3240745] Exe main
 [tid:3240745] INSTSELECTOR: instruction to be included mov rax, qword ptr [rbp-0x20]
 [tid:3240745] ins:mov rax, qword ptr [rbp-0x20]
 [tid:3240745] reg:rax
 [tid:3240745] Exe main
 [tid:3240745] INSTSELECTOR: instruction to be included mov rax, qword ptr [rax+0x8]
 [tid:3240745] ins:mov rax, qword ptr [rax+0x8]
 [tid:3240745] reg:rax
 [tid:3240745] Exe main
 [tid:3240745] Exe main
 [tid:3240745] INSTSELECTOR: instruction to be included mov eax, dword ptr [rbp-0xc4]
 [tid:3240745] ins:mov eax, dword ptr [rbp-0xc4]
 [tid:3240745] reg:eax
 [tid:3240745] Exe main
 [tid:3240745] INSTSELECTOR: instruction to be included mov edi, eax
 [tid:3240745] ins:mov edi, eax
 [tid:3240745] reg:edi
 [tid:3240745] Exe main
 [tid:3240745] INSTSELECTOR: instruction to be included mov rsi, qword ptr [rbp-0x18]
 [tid:3240745] ins:mov rsi, qword ptr [rbp-0x18]
 [tid:3240745] reg:rsi
 [tid:3240745] Exe main
 [tid:3240745] Exe pat_search
 [tid:3240745] INSTSELECTOR: instruction to be included mov rax, qword ptr [rbp-0x28]
 [tid:3240745] ins:mov rax, qword ptr [rbp-0x28]
 [tid:3240745] reg:rax
 [tid:3240745] Exe pat_search
 [tid:3240745] INSTSELECTOR: instruction to be included movsx eax, byte ptr [rax+0x11]
 [tid:3240745] ins:movsx eax, byte ptr [rax+0x11]
 [tid:3240745] reg:eax
 [tid:3240745] Exe pat_search
 [tid:3240745] Exe pat_search
 [tid:3240745] INSTSELECTOR: instruction to be included mov rax, qword ptr [rbp-0x28]
 [tid:3240745] ins:mov rax, qword ptr [rbp-0x28]
 [tid:3240745] reg:rax
 [tid:3240745] Exe pat_search
 [tid:3240745] INSTSELECTOR: instruction to be included movsx edi, byte ptr [rax+0x11]
 [tid:3240745] ins:movsx edi, byte ptr [rax+0x11]
 [tid:3240745] reg:edi
 [tid:3240745] Exe pat_search
 [tid:3240745] INSTSELECTOR: instruction to be included mov rsi, qword ptr [rbp-0x10]
 [tid:3240745] ins:mov rsi, qword ptr [rbp-0x10]
 [tid:3240745] reg:rsi
 [tid:3240745] Exe pat_search
 [tid:3240745] Exe pat_insert
 [tid:3240745] INSTSELECTOR: instruction to be included mov rax, qword ptr [rbp-0x20]
 [tid:3240745] ins:mov rax, qword ptr [rbp-0x20]
 [tid:3240745] reg:rax
 [tid:3240745] Exe pat_insert
 [tid:3240745] INSTSELECTOR: instruction to be included movsx eax, byte ptr [rax+0x11]
 [tid:3240745] ins:movsx eax, byte ptr [rax+0x11]
 [tid:3240745] reg:eax
 [tid:3240745] Exe pat_insert
 [tid:3240745] Exe pat_insert
 [tid:3240745] INSTSELECTOR: instruction to be included mov rax, qword ptr [rbp-0x20]
 [tid:3240745] ins:mov rax, qword ptr [rbp-0x20]
 [tid:3240745] reg:rax
 [tid:3240745] Exe pat_insert
 [tid:3240745] INSTSELECTOR: instruction to be included movsx edi, byte ptr [rax+0x11]
 [tid:3240745] ins:movsx edi, byte ptr [rax+0x11]
 [tid:3240745] reg:edi
 [tid:3240745] Exe pat_insert
 [tid:3240745] INSTSELECTOR: instruction to be included mov rax, qword ptr [rbp-0x10]
 [tid:3240745] ins:mov rax, qword ptr [rbp-0x10]
 [tid:3240745] reg:rax
 [tid:3240745] Exe pat_insert
 [tid:3240745] INSTSELECTOR: instruction to be included mov rsi, qword ptr [rax]
 [tid:3240745] ins:mov rsi, qword ptr [rax]
 [tid:3240745] reg:rsi
 [tid:3240745] Exe pat_insert
 [tid:3240745] Exe insertR
 [tid:3240745] INSTSELECTOR: instruction to be included mov eax, dword ptr [rbp-0x1c]
 [tid:3240745] ins:mov eax, dword ptr [rbp-0x1c]
 [tid:3240745] reg:eax
 [tid:3240745] Exe insertR
 [tid:3240745] INSTSELECTOR: instruction to be included mov cl, al
 [tid:3240745] ins:mov cl, al
 [tid:3240745] reg:cl
 [tid:3240745] Exe insertR
 [tid:3240745] INSTSELECTOR: instruction to be included mov rax, qword ptr [rbp-0x18]
 [tid:3240745] ins:mov rax, qword ptr [rbp-0x18]
 [tid:3240745] reg:rax
 [tid:3240745] Exe insertR
 [tid:3240745] Exe insertR
 [tid:3240745] INSTSELECTOR: instruction to be included mov edi, dword ptr [rbp-0x1c]
 [tid:3240745] ins:mov edi, dword ptr [rbp-0x1c]
 [tid:3240745] reg:edi
 [tid:3240745] Exe insertR
 [tid:3240745] INSTSELECTOR: instruction to be included mov rax, qword ptr [rbp-0x18]
 [tid:3240745] ins:mov rax, qword ptr [rbp-0x18]
 [tid:3240745] reg:rax
 [tid:3240745] Exe insertR
 [tid:3240745] INSTSELECTOR: instruction to be included mov rsi, qword ptr [rax]
 [tid:3240745] ins:mov rsi, qword ptr [rax]
 [tid:3240745] reg:rsi
 [tid:3240745] Exe insertR
 [tid:3240745] Exe pat_search
 [tid:3240745] INSTSELECTOR: instruction to be included mov rax, qword ptr [rbp-0x40]
 [tid:3240745] ins:mov rax, qword ptr [rbp-0x40]
 [tid:3240745] reg:rax
 [tid:3240745] Exe pat_search
 [tid:3240745] Exe pat_search
 [tid:3240745] Exe pat_search
 [tid:3240745] INSTSELECTOR: instruction to be included mov rax, qword ptr [rbp-0x48]
 [tid:3240745] ins:mov rax, qword ptr [rbp-0x48]
 [tid:3240745] reg:rax
 [tid:3240745] Exe pat_search
 [tid:3240745] INSTSELECTOR: instruction to be included mov ecx, dword ptr [rbp-0x2c]
 [tid:3240745] ins:mov ecx, dword ptr [rbp-0x2c]
 [tid:3240745] reg:ecx
 [tid:3240745] Exe pat_search
 [tid:3240745] INSTSELECTOR: instruction to be included movsx edx, byte ptr [rax+0x11]
 [tid:3240745] ins:movsx edx, byte ptr [rax+0x11]
 [tid:3240745] reg:edx
 [tid:3240745] Exe pat_search
 [tid:3240745] INSTSELECTOR: instruction to be included cmp ecx, edx
 [tid:3240745] ins:cmp ecx, edx
 [tid:3240745] reg:rflags
 [tid:3240745] NORMAL FLAG REG: inst cmp ecx, edx
 [tid:3240745] Exe pat_search
 [tid:3240745] Exe pat_search
 [tid:3240745] Exe pat_search
 [tid:3240745] INSTSELECTOR: instruction to be included mov rdx, qword ptr [rbp-0x50]
 [tid:3240745] ins:mov rdx, qword ptr [rbp-0x50]
 [tid:3240745] reg:rdx
 [tid:3240745] Exe pat_search
 [tid:3240745] Exe pat_search
 [tid:3240745] INSTSELECTOR: instruction to be included mov rax, qword ptr [rdx]
 [tid:3240745] ins:mov rax, qword ptr [rdx]
 [tid:3240745] reg:rax
 [tid:3240745] Exe pat_search
 [tid:3240745] INSTSELECTOR: instruction to be included mov rcx, qword ptr [rbp-0x10]
 [tid:3240745] ins:mov rcx, qword ptr [rbp-0x10]
 [tid:3240745] reg:rcx
 [tid:3240745] Exe pat_search
 [tid:3240745] INSTSELECTOR: instruction to be included mov rdx, qword ptr [rdx+0x8]
 [tid:3240745] ins:mov rdx, qword ptr [rdx+0x8]
 [tid:3240745] reg:rdx
 [tid:3240745] Exe pat_search
 [tid:3240745] INSTSELECTOR: instruction to be included and rcx, qword ptr [rdx]
 [tid:3240745] ins:and rcx, qword ptr [rdx]
 [tid:3240745] reg:rcx
 [tid:3240745] Exe pat_search
 [tid:3240745] INSTSELECTOR: instruction to be included cmp rax, rcx
 [tid:3240745] ins:cmp rax, rcx
 [tid:3240745] reg:rflags
 [tid:3240745] Exe pat_search
 [tid:3240745] Exe pat_search
 [tid:3240745] INSTSELECTOR: instruction to be included mov rax, qword ptr [rbp-0x58]
 [tid:3240745] ins:mov rax, qword ptr [rbp-0x58]
 [tid:3240745] reg:rax
 [tid:3240745] Exe pat_search
 [tid:3240745] Exe pat_search
 [tid:3240745] Exe main
 [tid:3240745] INSTSELECTOR: instruction to be included lea rdi, ptr [rip+0xc6b]
 [tid:3240745] ins:lea rdi, ptr [rip+0xc6b]
 [tid:3240745] reg:rdi
 [tid:3240745] Exe main
 [tid:3240745] INSTSELECTOR: instruction to be included mov al, 0x0
 [tid:3240745] ins:mov al, 0x0
 [tid:3240745] reg:al
 [tid:3240745] Exe main
 [tid:3240745] Exe main
 [tid:3240745] Exe main
 [tid:3240745] INSTSELECTOR: instruction to be included cmp qword ptr [rbp-0x20], 0x0
 [tid:3240745] ins:cmp qword ptr [rbp-0x20], 0x0
 [tid:3240745] reg:rflags
 [tid:3240745] Exe main
 [tid:3240745] Exe main
 [tid:3240745] INSTSELECTOR: instruction to be included mov rax, qword ptr [rip+0x20136d]
 [tid:3240745] ins:mov rax, qword ptr [rip+0x20136d]
 [tid:3240745] reg:rax
 [tid:3240745] Exe main
 [tid:3240745] INSTSELECTOR: instruction to be included mov rdi, qword ptr [rax]
 [tid:3240745] ins:mov rdi, qword ptr [rax]
 [tid:3240745] reg:rdi
 [tid:3240745] Exe main
 [tid:3240745] INSTSELECTOR: instruction to be included lea rsi, ptr [rip+0xc41]
 [tid:3240745] ins:lea rsi, ptr [rip+0xc41]
 [tid:3240745] reg:rsi
 [tid:3240745] Exe main
 [tid:3240745] INSTSELECTOR: instruction to be included mov al, 0x0
 [tid:3240745] ins:mov al, 0x0
 [tid:3240745] reg:al
 [tid:3240745] Exe main
 [tid:3240745] Exe pat_search
 [tid:3240745] INSTSELECTOR: instruction to be included mov rax, qword ptr [rbp-0x20]
 [tid:3240745] ins:mov rax, qword ptr [rbp-0x20]
 [tid:3240745] reg:rax
 [tid:3240745] Exe pat_search
 [tid:3240745] Exe pat_search
 [tid:3240745] INSTSELECTOR: instruction to be included mov rax, qword ptr [rbp-0x60]
 [tid:3240745] ins:mov rax, qword ptr [rbp-0x60]
 [tid:3240745] reg:rax
 [tid:3240745] Exe pat_search
 [tid:3240745] Exe pat_search
 [tid:3240745] INSTSELECTOR: instruction to be included mov rax, qword ptr [rbp-0x8]
 [tid:3240745] ins:mov rax, qword ptr [rbp-0x8]
 [tid:3240745] reg:rax
 [tid:3240745] Exe pat_search
 [tid:3240745] INSTSELECTOR: instruction to be included add rsp, 0x60
 [tid:3240745] ins:add rsp, 0x60
 [tid:3240745] reg:rsp
 [tid:3240745] Exe pat_search
 [tid:3240745] INSTSELECTOR: instruction to be included pop rbp
 [tid:3240745] ins:pop rbp
 [tid:3240745] reg:rbp
 [tid:3240745] Exe pat_search
 [tid:3240745] Exe pat_insert
 [tid:3240745] INSTSELECTOR: instruction to be included mov rax, qword ptr [rbp-0x50]
 [tid:3240745] ins:mov rax, qword ptr [rbp-0x50]
 [tid:3240745] reg:rax
 [tid:3240745] Exe pat_insert
 [tid:3240745] Exe pat_insert
 [tid:3240745] Exe pat_insert
 [tid:3240745] INSTSELECTOR: instruction to be included mov rax, qword ptr [rbp-0x58]
 [tid:3240745] ins:mov rax, qword ptr [rbp-0x58]
 [tid:3240745] reg:rax
 [tid:3240745] Exe pat_insert
 [tid:3240745] INSTSELECTOR: instruction to be included mov ecx, dword ptr [rbp-0x34]
 [tid:3240745] ins:mov ecx, dword ptr [rbp-0x34]
 [tid:3240745] reg:ecx
 [tid:3240745] Exe pat_insert
 [tid:3240745] INSTSELECTOR: instruction to be included movsx edx, byte ptr [rax+0x11]
 [tid:3240745] ins:movsx edx, byte ptr [rax+0x11]
 [tid:3240745] reg:edx
 [tid:3240745] Exe pat_insert
 [tid:3240745] INSTSELECTOR: instruction to be included cmp ecx, edx
 [tid:3240745] ins:cmp ecx, edx
 [tid:3240745] reg:rflags
 [tid:3240745] NORMAL FLAG REG: inst cmp ecx, edx
 [tid:3240745] Exe pat_insert
 [tid:3240745] Exe pat_insert
 [tid:3240745] Exe pat_insert
 [tid:3240745] INSTSELECTOR: instruction to be included mov rcx, qword ptr [rbp-0x60]
 [tid:3240745] ins:mov rcx, qword ptr [rbp-0x60]
 [tid:3240745] reg:rcx
 [tid:3240745] Exe pat_insert
 [tid:3240745] INSTSELECTOR: instruction to be included mov rax, qword ptr [rbp-0x10]
 [tid:3240745] ins:mov rax, qword ptr [rbp-0x10]
 [tid:3240745] reg:rax
 [tid:3240745] Exe pat_insert
 [tid:3240745] INSTSELECTOR: instruction to be included mov rax, qword ptr [rax]
 [tid:3240745] ins:mov rax, qword ptr [rax]
 [tid:3240745] reg:rax
 [tid:3240745] Exe pat_insert
 [tid:3240745] INSTSELECTOR: instruction to be included cmp rax, qword ptr [rcx]
 [tid:3240745] ins:cmp rax, qword ptr [rcx]
 [tid:3240745] reg:rflags
 [tid:3240745] Exe pat_insert
 [tid:3240745] Exe pat_insert
 [tid:3240745] Exe pat_insert
 [tid:3240745] INSTSELECTOR: instruction to be included mov ecx, dword ptr [rbp-0x34]
 [tid:3240745] ins:mov ecx, dword ptr [rbp-0x34]
 [tid:3240745] reg:ecx
 [tid:3240745] Exe pat_insert
 [tid:3240745] Exe pat_insert
 [tid:3240745] INSTSELECTOR: instruction to be included mov rax, qword ptr [rbp-0x20]
 [tid:3240745] ins:mov rax, qword ptr [rbp-0x20]
 [tid:3240745] reg:rax
 [tid:3240745] Exe pat_insert
 [tid:3240745] Exe pat_insert
 [tid:3240745] INSTSELECTOR: instruction to be included movzx eax, byte ptr [rax+0x10]
 [tid:3240745] ins:movzx eax, byte ptr [rax+0x10]
 [tid:3240745] reg:eax
 [tid:3240745] Exe pat_insert
 [tid:3240745] INSTSELECTOR: instruction to be included cmp ecx, eax
 [tid:3240745] ins:cmp ecx, eax
 [tid:3240745] reg:rflags
 [tid:3240745] NORMAL FLAG REG: inst cmp ecx, eax
 [tid:3240745] Exe pat_insert
 [tid:3240745] Exe pat_insert
 [tid:3240745] Exe insertR
 [tid:3240745] INSTSELECTOR: instruction to be included mov edi, dword ptr [rbp-0x2c]
 [tid:3240745] ins:mov edi, dword ptr [rbp-0x2c]
 [tid:3240745] reg:edi
 [tid:3240745] Exe insertR
 [tid:3240745] INSTSELECTOR: instruction to be included mov rax, qword ptr [rbp-0x18]
 [tid:3240745] ins:mov rax, qword ptr [rbp-0x18]
 [tid:3240745] reg:rax
 [tid:3240745] Exe insertR
 [tid:3240745] INSTSELECTOR: instruction to be included mov rsi, qword ptr [rax]
 [tid:3240745] ins:mov rsi, qword ptr [rax]
 [tid:3240745] reg:rsi
 [tid:3240745] Exe insertR
 [tid:3240745] Exe insertR
 [tid:3240745] INSTSELECTOR: instruction to be included cmp rax, 0x0
 [tid:3240745] ins:cmp rax, 0x0
 [tid:3240745] reg:rflags
 [tid:3240745] Exe insertR
 [tid:3240745] Exe insertR
 [tid:3240745] INSTSELECTOR: instruction to be included mov rcx, qword ptr [rbp-0x10]
 [tid:3240745] ins:mov rcx, qword ptr [rbp-0x10]
 [tid:3240745] reg:rcx
 [tid:3240745] Exe insertR
 [tid:3240745] INSTSELECTOR: instruction to be included mov rdi, qword ptr [rcx+0x20]
 [tid:3240745] ins:mov rdi, qword ptr [rcx+0x20]
 [tid:3240745] reg:rdi
 [tid:3240745] Exe insertR
 [tid:3240745] INSTSELECTOR: instruction to be included mov rsi, qword ptr [rbp-0x18]
 [tid:3240745] ins:mov rsi, qword ptr [rbp-0x18]
 [tid:3240745] reg:rsi
 [tid:3240745] Exe insertR
 [tid:3240745] INSTSELECTOR: instruction to be included mov edx, dword ptr [rbp-0x1c]
 [tid:3240745] ins:mov edx, dword ptr [rbp-0x1c]
 [tid:3240745] reg:edx
 [tid:3240745] Exe insertR
 [tid:3240745] Exe insertR
 [tid:3240745] INSTSELECTOR: instruction to be included mov rcx, rax
 [tid:3240745] ins:mov rcx, rax
 [tid:3240745] reg:rcx
 [tid:3240745] Exe insertR
 [tid:3240745] INSTSELECTOR: instruction to be included mov rax, qword ptr [rbp-0x10]
 [tid:3240745] ins:mov rax, qword ptr [rbp-0x10]
 [tid:3240745] reg:rax
 [tid:3240745] Exe insertR
 [tid:3240745] Exe insertR
 [tid:3240745] Exe insertR
 [tid:3240745] INSTSELECTOR: instruction to be included mov rax, qword ptr [rbp-0x10]
 [tid:3240745] ins:mov rax, qword ptr [rbp-0x10]
 [tid:3240745] reg:rax
 [tid:3240745] Exe insertR
 [tid:3240745] Exe insertR
 [tid:3240745] INSTSELECTOR: instruction to be included mov rax, qword ptr [rbp-0x8]
 [tid:3240745] ins:mov rax, qword ptr [rbp-0x8]
 [tid:3240745] reg:rax
 [tid:3240745] Exe insertR
 [tid:3240745] INSTSELECTOR: instruction to be included add rsp, 0x50
 [tid:3240745] ins:add rsp, 0x50
 [tid:3240745] reg:rsp
 [tid:3240745] Exe insertR
 [tid:3240745] INSTSELECTOR: instruction to be included pop rbp
 [tid:3240745] ins:pop rbp
 [tid:3240745] reg:rsp
 [tid:3240745] Exe insertR
 [tid:3240745] Exe insertR
 [tid:3240745] INSTSELECTOR: instruction to be included mov rax, qword ptr [rbp-0x18]
 [tid:3240745] ins:mov rax, qword ptr [rbp-0x18]
 [tid:3240745] reg:rax
 [tid:3240745] Exe insertR
 [tid:3240745] Exe insertR
 [tid:3240745] INSTSELECTOR: instruction to be included mov rcx, qword ptr [rbp-0x40]
 [tid:3240745] ins:mov rcx, qword ptr [rbp-0x40]
 [tid:3240745] reg:rcx
 [tid:3240745] Exe insertR
 [tid:3240745] INSTSELECTOR: instruction to be included mov rax, qword ptr [rbp-0x18]
 [tid:3240745] ins:mov rax, qword ptr [rbp-0x18]
 [tid:3240745] reg:rax
 [tid:3240745] Exe insertR
 [tid:3240745] Exe insertR
 [tid:3240745] INSTSELECTOR: instruction to be included mov edi, dword ptr [rbp-0x1c]
 [tid:3240745] ins:mov edi, dword ptr [rbp-0x1c]
 [tid:3240745] reg:edi
 [tid:3240745] Exe insertR
 [tid:3240745] INSTSELECTOR: instruction to be included mov rax, qword ptr [rbp-0x18]
 [tid:3240745] ins:mov rax, qword ptr [rbp-0x18]
 [tid:3240745] reg:rax
 [tid:3240745] Exe insertR
 [tid:3240745] INSTSELECTOR: instruction to be included mov rsi, qword ptr [rax]
 [tid:3240745] ins:mov rsi, qword ptr [rax]
 [tid:3240745] reg:rsi
 [tid:3240745] Exe insertR
 [tid:3240745] Exe insertR
 [tid:3240745] INSTSELECTOR: instruction to be included mov rax, qword ptr [rbp-0x10]
 [tid:3240745] ins:mov rax, qword ptr [rbp-0x10]
 [tid:3240745] reg:rax
 [tid:3240745] Exe insertR
 [tid:3240745] Exe insertR
 [tid:3240745] INSTSELECTOR: instruction to be included mov rcx, qword ptr [rbp-0x48]
 [tid:3240745] ins:mov rcx, qword ptr [rbp-0x48]
 [tid:3240745] reg:rcx
 [tid:3240745] Exe insertR
 [tid:3240745] INSTSELECTOR: instruction to be included mov rax, qword ptr [rbp-0x18]
 [tid:3240745] ins:mov rax, qword ptr [rbp-0x18]
 [tid:3240745] reg:rax
 [tid:3240745] Exe insertR
 [tid:3240745] Exe insertR
 [tid:3240745] INSTSELECTOR: instruction to be included mov rax, qword ptr [rbp-0x18]
 [tid:3240745] ins:mov rax, qword ptr [rbp-0x18]
 [tid:3240745] reg:rax
 [tid:3240745] Exe insertR
 [tid:3240745] Exe insertR
 [tid:3240745] Exe main
 [tid:3240745] INSTSELECTOR: instruction to be included mov eax, dword ptr [rbp-0xc4]
 [tid:3240745] ins:mov eax, dword ptr [rbp-0xc4]
 [tid:3240745] reg:eax
 [tid:3240745] Exe main
 [tid:3240745] INSTSELECTOR: instruction to be included mov ecx, eax
 [tid:3240745] ins:mov ecx, eax
 [tid:3240745] reg:ecx
 [tid:3240745] Exe main
 [tid:3240745] INSTSELECTOR: instruction to be included mov rax, qword ptr [rbp-0x20]
 [tid:3240745] ins:mov rax, qword ptr [rbp-0x20]
 [tid:3240745] reg:rax
 [tid:3240745] Exe main
 [tid:3240745] Exe main
 [tid:3240745] INSTSELECTOR: instruction to be included mov rax, qword ptr [rbp-0xd0]
 [tid:3240745] ins:mov rax, qword ptr [rbp-0xd0]
 [tid:3240745] reg:rax
 [tid:3240745] Exe main
 [tid:3240745] INSTSELECTOR: instruction to be included mov edi, eax
 [tid:3240745] ins:mov edi, eax
 [tid:3240745] reg:edi
 [tid:3240745] Exe main
 [tid:3240745] Exe insertR
 [tid:3240745] INSTSELECTOR: instruction to be included mov rcx, qword ptr [rbp-0x10]
 [tid:3240745] ins:mov rcx, qword ptr [rbp-0x10]
 [tid:3240745] reg:rcx
 [tid:3240745] Exe insertR
 [tid:3240745] INSTSELECTOR: instruction to be included mov rdi, qword ptr [rcx+0x18]
 [tid:3240745] ins:mov rdi, qword ptr [rcx+0x18]
 [tid:3240745] reg:rdi
 [tid:3240745] Exe insertR
 [tid:3240745] INSTSELECTOR: instruction to be included mov rsi, qword ptr [rbp-0x18]
 [tid:3240745] ins:mov rsi, qword ptr [rbp-0x18]
 [tid:3240745] reg:rsi
 [tid:3240745] Exe insertR
 [tid:3240745] INSTSELECTOR: instruction to be included mov edx, dword ptr [rbp-0x1c]
 [tid:3240745] ins:mov edx, dword ptr [rbp-0x1c]
 [tid:3240745] reg:edx
 [tid:3240745] Exe insertR
 [tid:3240745] Exe insertR
 [tid:3240745] INSTSELECTOR: instruction to be included mov rcx, rax
 [tid:3240745] ins:mov rcx, rax
 [tid:3240745] reg:rcx
 [tid:3240745] Exe insertR
 [tid:3240745] INSTSELECTOR: instruction to be included mov rax, qword ptr [rbp-0x10]
 [tid:3240745] ins:mov rax, qword ptr [rbp-0x10]
 [tid:3240745] reg:rax
 [tid:3240745] Exe insertR
 [tid:3240745] Exe insertR
 [tid:3240745] INSTSELECTOR: instruction to be included mov rax, qword ptr [rbp-0x10]
 [tid:3240745] ins:mov rax, qword ptr [rbp-0x10]
 [tid:3240745] reg:rax
 [tid:3240745] Exe insertR
 [tid:3240745] Exe insertR
 [tid:3240745] INSTSELECTOR: instruction to be included mov rax, qword ptr [rbp-0x8]
 [tid:3240745] ins:mov rax, qword ptr [rbp-0x8]
 [tid:3240745] reg:rax
 [tid:3240745] Exe insertR
 [tid:3240745] INSTSELECTOR: instruction to be included add rsp, 0x50
 [tid:3240745] ins:add rsp, 0x50
 [tid:3240745] reg:rsp
 [tid:3240745] Exe insertR
 [tid:3240745] INSTSELECTOR: instruction to be included pop rbp
 [tid:3240745] ins:pop rbp
 [tid:3240745] reg:rsp
 [tid:3240745] Exe insertR
 [tid:3240745] Exe insertR
 [tid:3240745] INSTSELECTOR: instruction to be included mov rcx, rax
 [tid:3240745] ins:mov rcx, rax
 [tid:3240745] reg:rcx
 [tid:3240745] Exe insertR
 [tid:3240745] INSTSELECTOR: instruction to be included mov rax, qword ptr [rbp-0x10]
 [tid:3240745] ins:mov rax, qword ptr [rbp-0x10]
 [tid:3240745] reg:rax
 [tid:3240745] Exe insertR
 [tid:3240745] Exe insertR
 [tid:3240745] Exe main
 [tid:3240745] INSTSELECTOR: instruction to be included mov rax, qword ptr [rbp-0x20]
 [tid:3240745] ins:mov rax, qword ptr [rbp-0x20]
 [tid:3240745] reg:rax
 [tid:3240745] Exe main
 [tid:3240745] INSTSELECTOR: instruction to be included mov rax, qword ptr [rax+0x8]
 [tid:3240745] ins:mov rax, qword ptr [rax+0x8]
 [tid:3240745] reg:rax
 [tid:3240745] Exe main
 [tid:3240745] Exe main
 [tid:3240745] INSTSELECTOR: instruction to be included mov edi, 0x10
 [tid:3240745] ins:mov edi, 0x10
 [tid:3240745] reg:edi
 [tid:3240745] Exe main
 [tid:3240745] Exe pat_insert
 [tid:3240745] INSTSELECTOR: instruction to be included mov rcx, rax
 [tid:3240745] ins:mov rcx, rax
 [tid:3240745] reg:rcx
 [tid:3240745] Exe pat_insert
 [tid:3240745] INSTSELECTOR: instruction to be included mov rax, qword ptr [rbp-0x18]
 [tid:3240745] ins:mov rax, qword ptr [rbp-0x18]
 [tid:3240745] reg:rax
 [tid:3240745] Exe pat_insert
 [tid:3240745] Exe pat_insert
 [tid:3240745] INSTSELECTOR: instruction to be included mov rax, qword ptr [rbp-0x10]
 [tid:3240745] ins:mov rax, qword ptr [rbp-0x10]
 [tid:3240745] reg:rax
 [tid:3240745] Exe pat_insert
 [tid:3240745] Exe pat_insert
 [tid:3240745] INSTSELECTOR: instruction to be included mov rax, qword ptr [rbp-0x8]
 [tid:3240745] ins:mov rax, qword ptr [rbp-0x8]
 [tid:3240745] reg:rax
 [tid:3240745] Exe pat_insert
 [tid:3240745] INSTSELECTOR: instruction to be included add rsp, 0xc0
 [tid:3240745] ins:add rsp, 0xc0
 [tid:3240745] reg:rsp
 [tid:3240745] Exe pat_insert
 [tid:3240745] INSTSELECTOR: instruction to be included pop rbp
 [tid:3240745] ins:pop rbp
 [tid:3240745] reg:rsp
 [tid:3240745] Exe pat_insert
 [tid:3240745] Exe pat_search
 [tid:3240745] Exe pat_search
 [tid:3240745] Exe pat_search
 [tid:3240745] INSTSELECTOR: instruction to be included mov rdx, qword ptr [rbp-0x50]
 [tid:3240745] ins:mov rdx, qword ptr [rbp-0x50]
 [tid:3240745] reg:rdx
 [tid:3240745] Exe pat_search
 [tid:3240745] Exe pat_search
 [tid:3240745] INSTSELECTOR: instruction to be included mov rax, qword ptr [rdx]
 [tid:3240745] ins:mov rax, qword ptr [rdx]
 [tid:3240745] reg:rax
 [tid:3240745] Exe pat_search
 [tid:3240745] INSTSELECTOR: instruction to be included mov rcx, qword ptr [rbp-0x10]
 [tid:3240745] ins:mov rcx, qword ptr [rbp-0x10]
 [tid:3240745] reg:rcx
 [tid:3240745] Exe pat_search
 [tid:3240745] INSTSELECTOR: instruction to be included mov rdx, qword ptr [rdx+0x8]
 [tid:3240745] ins:mov rdx, qword ptr [rdx+0x8]
 [tid:3240745] reg:rdx
 [tid:3240745] Exe pat_search
 [tid:3240745] INSTSELECTOR: instruction to be included and rcx, qword ptr [rdx]
 [tid:3240745] ins:and rcx, qword ptr [rdx]
 [tid:3240745] reg:rcx
 [tid:3240745] Exe pat_search
 [tid:3240745] INSTSELECTOR: instruction to be included cmp rax, rcx
 [tid:3240745] ins:cmp rax, rcx
 [tid:3240745] reg:rflags
 [tid:3240745] Exe pat_search
 [tid:3240745] Exe pat_search
 [tid:3240745] INSTSELECTOR: instruction to be included mov rax, qword ptr [rbp-0x58]
 [tid:3240745] ins:mov rax, qword ptr [rbp-0x58]
 [tid:3240745] reg:rax
 [tid:3240745] Exe pat_search
 [tid:3240745] Exe pat_search
 [tid:3240745] Exe main
 [tid:3240745] INSTSELECTOR: instruction to be included mov edi, 0x1
 [tid:3240745] ins:mov edi, 0x1
 [tid:3240745] reg:edi
 [tid:3240745] Exe main
 [tid:3240745] Exe deregister_tm_clones
 [tid:3240745] INSTSELECTOR: instruction to be included lea rdi, ptr [rip+0x2017e9]
 [tid:3240745] ins:lea rdi, ptr [rip+0x2017e9]
 [tid:3240745] reg:rdi
 [tid:3240745] Exe deregister_tm_clones
 [tid:3240745] INSTSELECTOR: instruction to be included lea rax, ptr [rip+0x2017e2]
 [tid:3240745] ins:lea rax, ptr [rip+0x2017e2]
 [tid:3240745] reg:rax
 [tid:3240745] Exe deregister_tm_clones
 [tid:3240745] INSTSELECTOR: instruction to be included cmp rax, rdi
 [tid:3240745] ins:cmp rax, rdi
 [tid:3240745] reg:rflags
 [tid:3240745] Exe deregister_tm_clones
 [tid:3240745] Exe deregister_tm_clones
 [tid:3240745] INSTSELECTOR: instruction to be included mov rax, qword ptr [rip+0x201726]
 [tid:3240745] ins:mov rax, qword ptr [rip+0x201726]
 [tid:3240745] reg:rax
 [tid:3240745] Exe deregister_tm_clones
 [tid:3240745] INSTSELECTOR: instruction to be included test rax, rax
 [tid:3240745] ins:test rax, rax
 [tid:3240745] reg:rflags
 [tid:3240745] Exe deregister_tm_clones
 [tid:3240745] Exe deregister_tm_clones
 [tid:3240745] Exe deregister_tm_clones
