Starting FI array task...
Array task ID: 3
Executable: exec_basicmath_small_inline_inline
Node: hop054.orc.gmu.edu
Start time: Tue May 12 11:46:37 EDT 2026

DEBUG: Running /home/rmengle/pin/source/tools/pinfi/example/paired_executables/basicmath_small/execs/leader-inline/exec_basicmath_small_inline_inline
DEBUG INSTCOUNT: /home/rmengle/pin/pin -t /home/rmengle/pin/source/tools/pinfi/obj-intel64/instcount.so -o pin.instcount.txt -- /home/rmengle/pin/source/tools/pinfi/example/paired_executables/basicmath_small/execs/leader-inline/exec_basicmath_small_inline_inline
DEBUG: Created /projects/lyang28/rmengle/exec_basicmath_small_inline_inline/pin.instcount.txt
Run Number: #1
DEBUG FI: /home/rmengle/pin/pin -t /home/rmengle/pin/source/tools/pinfi/obj-intel64/faultinjection.so -fioption AllInst -- /home/rmengle/pin/source/tools/pinfi/example/paired_executables/basicmath_small/execs/leader-inline/exec_basicmath_small_inline_inline
Run Number: #2
DEBUG FI: /home/rmengle/pin/pin -t /home/rmengle/pin/source/tools/pinfi/obj-intel64/faultinjection.so -fioption AllInst -- /home/rmengle/pin/source/tools/pinfi/example/paired_executables/basicmath_small/execs/leader-inline/exec_basicmath_small_inline_inline
Run Number: #3
DEBUG FI: /home/rmengle/pin/pin -t /home/rmengle/pin/source/tools/pinfi/obj-intel64/faultinjection.so -fioption AllInst -- /home/rmengle/pin/source/tools/pinfi/example/paired_executables/basicmath_small/execs/leader-inline/exec_basicmath_small_inline_inline
Run Number: #4
DEBUG FI: /home/rmengle/pin/pin -t /home/rmengle/pin/source/tools/pinfi/obj-intel64/faultinjection.so -fioption AllInst -- /home/rmengle/pin/source/tools/pinfi/example/paired_executables/basicmath_small/execs/leader-inline/exec_basicmath_small_inline_inline
Run Number: #5
DEBUG FI: /home/rmengle/pin/pin -t /home/rmengle/pin/source/tools/pinfi/obj-intel64/faultinjection.so -fioption AllInst -- /home/rmengle/pin/source/tools/pinfi/example/paired_executables/basicmath_small/execs/leader-inline/exec_basicmath_small_inline_inline
Run Number: #6
DEBUG FI: /home/rmengle/pin/pin -t /home/rmengle/pin/source/tools/pinfi/obj-intel64/faultinjection.so -fioption AllInst -- /home/rmengle/pin/source/tools/pinfi/example/paired_executables/basicmath_small/execs/leader-inline/exec_basicmath_small_inline_inline
Run Number: #7
DEBUG FI: /home/rmengle/pin/pin -t /home/rmengle/pin/source/tools/pinfi/obj-intel64/faultinjection.so -fioption AllInst -- /home/rmengle/pin/source/tools/pinfi/example/paired_executables/basicmath_small/execs/leader-inline/exec_basicmath_small_inline_inline
Run Number: #8
DEBUG FI: /home/rmengle/pin/pin -t /home/rmengle/pin/source/tools/pinfi/obj-intel64/faultinjection.so -fioption AllInst -- /home/rmengle/pin/source/tools/pinfi/example/paired_executables/basicmath_small/execs/leader-inline/exec_basicmath_small_inline_inline
Run Number: #9
DEBUG FI: /home/rmengle/pin/pin -t /home/rmengle/pin/source/tools/pinfi/obj-intel64/faultinjection.so -fioption AllInst -- /home/rmengle/pin/source/tools/pinfi/example/paired_executables/basicmath_small/execs/leader-inline/exec_basicmath_small_inline_inline
Run Number: #10
DEBUG FI: /home/rmengle/pin/pin -t /home/rmengle/pin/source/tools/pinfi/obj-intel64/faultinjection.so -fioption AllInst -- /home/rmengle/pin/source/tools/pinfi/example/paired_executables/basicmath_small/execs/leader-inline/exec_basicmath_small_inline_inline
Run Number: #11
DEBUG FI: /home/rmengle/pin/pin -t /home/rmengle/pin/source/tools/pinfi/obj-intel64/faultinjection.so -fioption AllInst -- /home/rmengle/pin/source/tools/pinfi/example/paired_executables/basicmath_small/execs/leader-inline/exec_basicmath_small_inline_inline
Run Number: #12
DEBUG FI: /home/rmengle/pin/pin -t /home/rmengle/pin/source/tools/pinfi/obj-intel64/faultinjection.so -fioption AllInst -- /home/rmengle/pin/source/tools/pinfi/example/paired_executables/basicmath_small/execs/leader-inline/exec_basicmath_small_inline_inline
Run Number: #13
DEBUG FI: /home/rmengle/pin/pin -t /home/rmengle/pin/source/tools/pinfi/obj-intel64/faultinjection.so -fioption AllInst -- /home/rmengle/pin/source/tools/pinfi/example/paired_executables/basicmath_small/execs/leader-inline/exec_basicmath_small_inline_inline
Run Number: #14
DEBUG FI: /home/rmengle/pin/pin -t /home/rmengle/pin/source/tools/pinfi/obj-intel64/faultinjection.so -fioption AllInst -- /home/rmengle/pin/source/tools/pinfi/example/paired_executables/basicmath_small/execs/leader-inline/exec_basicmath_small_inline_inline
Run Number: #15
DEBUG FI: /home/rmengle/pin/pin -t /home/rmengle/pin/source/tools/pinfi/obj-intel64/faultinjection.so -fioption AllInst -- /home/rmengle/pin/source/tools/pinfi/example/paired_executables/basicmath_small/execs/leader-inline/exec_basicmath_small_inline_inline
Run Number: #16
DEBUG FI: /home/rmengle/pin/pin -t /home/rmengle/pin/source/tools/pinfi/obj-intel64/faultinjection.so -fioption AllInst -- /home/rmengle/pin/source/tools/pinfi/example/paired_executables/basicmath_small/execs/leader-inline/exec_basicmath_small_inline_inline
Run Number: #17
DEBUG FI: /home/rmengle/pin/pin -t /home/rmengle/pin/source/tools/pinfi/obj-intel64/faultinjection.so -fioption AllInst -- /home/rmengle/pin/source/tools/pinfi/example/paired_executables/basicmath_small/execs/leader-inline/exec_basicmath_small_inline_inline
Run Number: #18
DEBUG FI: /home/rmengle/pin/pin -t /home/rmengle/pin/source/tools/pinfi/obj-intel64/faultinjection.so -fioption AllInst -- /home/rmengle/pin/source/tools/pinfi/example/paired_executables/basicmath_small/execs/leader-inline/exec_basicmath_small_inline_inline
Run Number: #19
DEBUG FI: /home/rmengle/pin/pin -t /home/rmengle/pin/source/tools/pinfi/obj-intel64/faultinjection.so -fioption AllInst -- /home/rmengle/pin/source/tools/pinfi/example/paired_executables/basicmath_small/execs/leader-inline/exec_basicmath_small_inline_inline
Run Number: #20
DEBUG FI: /home/rmengle/pin/pin -t /home/rmengle/pin/source/tools/pinfi/obj-intel64/faultinjection.so -fioption AllInst -- /home/rmengle/pin/source/tools/pinfi/example/paired_executables/basicmath_small/execs/leader-inline/exec_basicmath_small_inline_inline
Run Number: #21
DEBUG FI: /home/rmengle/pin/pin -t /home/rmengle/pin/source/tools/pinfi/obj-intel64/faultinjection.so -fioption AllInst -- /home/rmengle/pin/source/tools/pinfi/example/paired_executables/basicmath_small/execs/leader-inline/exec_basicmath_small_inline_inline
Run Number: #22
DEBUG FI: /home/rmengle/pin/pin -t /home/rmengle/pin/source/tools/pinfi/obj-intel64/faultinjection.so -fioption AllInst -- /home/rmengle/pin/source/tools/pinfi/example/paired_executables/basicmath_small/execs/leader-inline/exec_basicmath_small_inline_inline
Run Number: #23
DEBUG FI: /home/rmengle/pin/pin -t /home/rmengle/pin/source/tools/pinfi/obj-intel64/faultinjection.so -fioption AllInst -- /home/rmengle/pin/source/tools/pinfi/example/paired_executables/basicmath_small/execs/leader-inline/exec_basicmath_small_inline_inline
Run Number: #24
DEBUG FI: /home/rmengle/pin/pin -t /home/rmengle/pin/source/tools/pinfi/obj-intel64/faultinjection.so -fioption AllInst -- /home/rmengle/pin/source/tools/pinfi/example/paired_executables/basicmath_small/execs/leader-inline/exec_basicmath_small_inline_inline
Run Number: #25
DEBUG FI: /home/rmengle/pin/pin -t /home/rmengle/pin/source/tools/pinfi/obj-intel64/faultinjection.so -fioption AllInst -- /home/rmengle/pin/source/tools/pinfi/example/paired_executables/basicmath_small/execs/leader-inline/exec_basicmath_small_inline_inline
Run Number: #26
DEBUG FI: /home/rmengle/pin/pin -t /home/rmengle/pin/source/tools/pinfi/obj-intel64/faultinjection.so -fioption AllInst -- /home/rmengle/pin/source/tools/pinfi/example/paired_executables/basicmath_small/execs/leader-inline/exec_basicmath_small_inline_inline
Run Number: #27
DEBUG FI: /home/rmengle/pin/pin -t /home/rmengle/pin/source/tools/pinfi/obj-intel64/faultinjection.so -fioption AllInst -- /home/rmengle/pin/source/tools/pinfi/example/paired_executables/basicmath_small/execs/leader-inline/exec_basicmath_small_inline_inline
Run Number: #28
DEBUG FI: /home/rmengle/pin/pin -t /home/rmengle/pin/source/tools/pinfi/obj-intel64/faultinjection.so -fioption AllInst -- /home/rmengle/pin/source/tools/pinfi/example/paired_executables/basicmath_small/execs/leader-inline/exec_basicmath_small_inline_inline
Run Number: #29
DEBUG FI: /home/rmengle/pin/pin -t /home/rmengle/pin/source/tools/pinfi/obj-intel64/faultinjection.so -fioption AllInst -- /home/rmengle/pin/source/tools/pinfi/example/paired_executables/basicmath_small/execs/leader-inline/exec_basicmath_small_inline_inline
Run Number: #30
DEBUG FI: /home/rmengle/pin/pin -t /home/rmengle/pin/source/tools/pinfi/obj-intel64/faultinjection.so -fioption AllInst -- /home/rmengle/pin/source/tools/pinfi/example/paired_executables/basicmath_small/execs/leader-inline/exec_basicmath_small_inline_inline
Run Number: #31
DEBUG FI: /home/rmengle/pin/pin -t /home/rmengle/pin/source/tools/pinfi/obj-intel64/faultinjection.so -fioption AllInst -- /home/rmengle/pin/source/tools/pinfi/example/paired_executables/basicmath_small/execs/leader-inline/exec_basicmath_small_inline_inline
Run Number: #32
DEBUG FI: /home/rmengle/pin/pin -t /home/rmengle/pin/source/tools/pinfi/obj-intel64/faultinjection.so -fioption AllInst -- /home/rmengle/pin/source/tools/pinfi/example/paired_executables/basicmath_small/execs/leader-inline/exec_basicmath_small_inline_inline
Run Number: #33
DEBUG FI: /home/rmengle/pin/pin -t /home/rmengle/pin/source/tools/pinfi/obj-intel64/faultinjection.so -fioption AllInst -- /home/rmengle/pin/source/tools/pinfi/example/paired_executables/basicmath_small/execs/leader-inline/exec_basicmath_small_inline_inline
Run Number: #34
DEBUG FI: /home/rmengle/pin/pin -t /home/rmengle/pin/source/tools/pinfi/obj-intel64/faultinjection.so -fioption AllInst -- /home/rmengle/pin/source/tools/pinfi/example/paired_executables/basicmath_small/execs/leader-inline/exec_basicmath_small_inline_inline
Run Number: #35
DEBUG FI: /home/rmengle/pin/pin -t /home/rmengle/pin/source/tools/pinfi/obj-intel64/faultinjection.so -fioption AllInst -- /home/rmengle/pin/source/tools/pinfi/example/paired_executables/basicmath_small/execs/leader-inline/exec_basicmath_small_inline_inline
Run Number: #36
DEBUG FI: /home/rmengle/pin/pin -t /home/rmengle/pin/source/tools/pinfi/obj-intel64/faultinjection.so -fioption AllInst -- /home/rmengle/pin/source/tools/pinfi/example/paired_executables/basicmath_small/execs/leader-inline/exec_basicmath_small_inline_inline
Run Number: #37
DEBUG FI: /home/rmengle/pin/pin -t /home/rmengle/pin/source/tools/pinfi/obj-intel64/faultinjection.so -fioption AllInst -- /home/rmengle/pin/source/tools/pinfi/example/paired_executables/basicmath_small/execs/leader-inline/exec_basicmath_small_inline_inline
Run Number: #38
DEBUG FI: /home/rmengle/pin/pin -t /home/rmengle/pin/source/tools/pinfi/obj-intel64/faultinjection.so -fioption AllInst -- /home/rmengle/pin/source/tools/pinfi/example/paired_executables/basicmath_small/execs/leader-inline/exec_basicmath_small_inline_inline
Run Number: #39
DEBUG FI: /home/rmengle/pin/pin -t /home/rmengle/pin/source/tools/pinfi/obj-intel64/faultinjection.so -fioption AllInst -- /home/rmengle/pin/source/tools/pinfi/example/paired_executables/basicmath_small/execs/leader-inline/exec_basicmath_small_inline_inline
Run Number: #40
DEBUG FI: /home/rmengle/pin/pin -t /home/rmengle/pin/source/tools/pinfi/obj-intel64/faultinjection.so -fioption AllInst -- /home/rmengle/pin/source/tools/pinfi/example/paired_executables/basicmath_small/execs/leader-inline/exec_basicmath_small_inline_inline
Run Number: #41
DEBUG FI: /home/rmengle/pin/pin -t /home/rmengle/pin/source/tools/pinfi/obj-intel64/faultinjection.so -fioption AllInst -- /home/rmengle/pin/source/tools/pinfi/example/paired_executables/basicmath_small/execs/leader-inline/exec_basicmath_small_inline_inline
Run Number: #42
DEBUG FI: /home/rmengle/pin/pin -t /home/rmengle/pin/source/tools/pinfi/obj-intel64/faultinjection.so -fioption AllInst -- /home/rmengle/pin/source/tools/pinfi/example/paired_executables/basicmath_small/execs/leader-inline/exec_basicmath_small_inline_inline
Run Number: #43
DEBUG FI: /home/rmengle/pin/pin -t /home/rmengle/pin/source/tools/pinfi/obj-intel64/faultinjection.so -fioption AllInst -- /home/rmengle/pin/source/tools/pinfi/example/paired_executables/basicmath_small/execs/leader-inline/exec_basicmath_small_inline_inline
Run Number: #44
DEBUG FI: /home/rmengle/pin/pin -t /home/rmengle/pin/source/tools/pinfi/obj-intel64/faultinjection.so -fioption AllInst -- /home/rmengle/pin/source/tools/pinfi/example/paired_executables/basicmath_small/execs/leader-inline/exec_basicmath_small_inline_inline
Run Number: #45
DEBUG FI: /home/rmengle/pin/pin -t /home/rmengle/pin/source/tools/pinfi/obj-intel64/faultinjection.so -fioption AllInst -- /home/rmengle/pin/source/tools/pinfi/example/paired_executables/basicmath_small/execs/leader-inline/exec_basicmath_small_inline_inline
Run Number: #46
DEBUG FI: /home/rmengle/pin/pin -t /home/rmengle/pin/source/tools/pinfi/obj-intel64/faultinjection.so -fioption AllInst -- /home/rmengle/pin/source/tools/pinfi/example/paired_executables/basicmath_small/execs/leader-inline/exec_basicmath_small_inline_inline
Run Number: #47
DEBUG FI: /home/rmengle/pin/pin -t /home/rmengle/pin/source/tools/pinfi/obj-intel64/faultinjection.so -fioption AllInst -- /home/rmengle/pin/source/tools/pinfi/example/paired_executables/basicmath_small/execs/leader-inline/exec_basicmath_small_inline_inline
Run Number: #48
DEBUG FI: /home/rmengle/pin/pin -t /home/rmengle/pin/source/tools/pinfi/obj-intel64/faultinjection.so -fioption AllInst -- /home/rmengle/pin/source/tools/pinfi/example/paired_executables/basicmath_small/execs/leader-inline/exec_basicmath_small_inline_inline
Run Number: #49
DEBUG FI: /home/rmengle/pin/pin -t /home/rmengle/pin/source/tools/pinfi/obj-intel64/faultinjection.so -fioption AllInst -- /home/rmengle/pin/source/tools/pinfi/example/paired_executables/basicmath_small/execs/leader-inline/exec_basicmath_small_inline_inline
Run Number: #50
DEBUG FI: /home/rmengle/pin/pin -t /home/rmengle/pin/source/tools/pinfi/obj-intel64/faultinjection.so -fioption AllInst -- /home/rmengle/pin/source/tools/pinfi/example/paired_executables/basicmath_small/execs/leader-inline/exec_basicmath_small_inline_inline
Run Number: #51
DEBUG FI: /home/rmengle/pin/pin -t /home/rmengle/pin/source/tools/pinfi/obj-intel64/faultinjection.so -fioption AllInst -- /home/rmengle/pin/source/tools/pinfi/example/paired_executables/basicmath_small/execs/leader-inline/exec_basicmath_small_inline_inline
Run Number: #52
DEBUG FI: /home/rmengle/pin/pin -t /home/rmengle/pin/source/tools/pinfi/obj-intel64/faultinjection.so -fioption AllInst -- /home/rmengle/pin/source/tools/pinfi/example/paired_executables/basicmath_small/execs/leader-inline/exec_basicmath_small_inline_inline
Run Number: #53
DEBUG FI: /home/rmengle/pin/pin -t /home/rmengle/pin/source/tools/pinfi/obj-intel64/faultinjection.so -fioption AllInst -- /home/rmengle/pin/source/tools/pinfi/example/paired_executables/basicmath_small/execs/leader-inline/exec_basicmath_small_inline_inline
Run Number: #54
DEBUG FI: /home/rmengle/pin/pin -t /home/rmengle/pin/source/tools/pinfi/obj-intel64/faultinjection.so -fioption AllInst -- /home/rmengle/pin/source/tools/pinfi/example/paired_executables/basicmath_small/execs/leader-inline/exec_basicmath_small_inline_inline
Run Number: #55
DEBUG FI: /home/rmengle/pin/pin -t /home/rmengle/pin/source/tools/pinfi/obj-intel64/faultinjection.so -fioption AllInst -- /home/rmengle/pin/source/tools/pinfi/example/paired_executables/basicmath_small/execs/leader-inline/exec_basicmath_small_inline_inline
Run Number: #56
DEBUG FI: /home/rmengle/pin/pin -t /home/rmengle/pin/source/tools/pinfi/obj-intel64/faultinjection.so -fioption AllInst -- /home/rmengle/pin/source/tools/pinfi/example/paired_executables/basicmath_small/execs/leader-inline/exec_basicmath_small_inline_inline
Run Number: #57
DEBUG FI: /home/rmengle/pin/pin -t /home/rmengle/pin/source/tools/pinfi/obj-intel64/faultinjection.so -fioption AllInst -- /home/rmengle/pin/source/tools/pinfi/example/paired_executables/basicmath_small/execs/leader-inline/exec_basicmath_small_inline_inline
Run Number: #58
DEBUG FI: /home/rmengle/pin/pin -t /home/rmengle/pin/source/tools/pinfi/obj-intel64/faultinjection.so -fioption AllInst -- /home/rmengle/pin/source/tools/pinfi/example/paired_executables/basicmath_small/execs/leader-inline/exec_basicmath_small_inline_inline
Run Number: #59
DEBUG FI: /home/rmengle/pin/pin -t /home/rmengle/pin/source/tools/pinfi/obj-intel64/faultinjection.so -fioption AllInst -- /home/rmengle/pin/source/tools/pinfi/example/paired_executables/basicmath_small/execs/leader-inline/exec_basicmath_small_inline_inline
Run Number: #60
DEBUG FI: /home/rmengle/pin/pin -t /home/rmengle/pin/source/tools/pinfi/obj-intel64/faultinjection.so -fioption AllInst -- /home/rmengle/pin/source/tools/pinfi/example/paired_executables/basicmath_small/execs/leader-inline/exec_basicmath_small_inline_inline
Run Number: #61
DEBUG FI: /home/rmengle/pin/pin -t /home/rmengle/pin/source/tools/pinfi/obj-intel64/faultinjection.so -fioption AllInst -- /home/rmengle/pin/source/tools/pinfi/example/paired_executables/basicmath_small/execs/leader-inline/exec_basicmath_small_inline_inline
Run Number: #62
DEBUG FI: /home/rmengle/pin/pin -t /home/rmengle/pin/source/tools/pinfi/obj-intel64/faultinjection.so -fioption AllInst -- /home/rmengle/pin/source/tools/pinfi/example/paired_executables/basicmath_small/execs/leader-inline/exec_basicmath_small_inline_inline
Run Number: #63
DEBUG FI: /home/rmengle/pin/pin -t /home/rmengle/pin/source/tools/pinfi/obj-intel64/faultinjection.so -fioption AllInst -- /home/rmengle/pin/source/tools/pinfi/example/paired_executables/basicmath_small/execs/leader-inline/exec_basicmath_small_inline_inline
Run Number: #64
DEBUG FI: /home/rmengle/pin/pin -t /home/rmengle/pin/source/tools/pinfi/obj-intel64/faultinjection.so -fioption AllInst -- /home/rmengle/pin/source/tools/pinfi/example/paired_executables/basicmath_small/execs/leader-inline/exec_basicmath_small_inline_inline
Run Number: #65
DEBUG FI: /home/rmengle/pin/pin -t /home/rmengle/pin/source/tools/pinfi/obj-intel64/faultinjection.so -fioption AllInst -- /home/rmengle/pin/source/tools/pinfi/example/paired_executables/basicmath_small/execs/leader-inline/exec_basicmath_small_inline_inline
Run Number: #66
DEBUG FI: /home/rmengle/pin/pin -t /home/rmengle/pin/source/tools/pinfi/obj-intel64/faultinjection.so -fioption AllInst -- /home/rmengle/pin/source/tools/pinfi/example/paired_executables/basicmath_small/execs/leader-inline/exec_basicmath_small_inline_inline
Run Number: #67
DEBUG FI: /home/rmengle/pin/pin -t /home/rmengle/pin/source/tools/pinfi/obj-intel64/faultinjection.so -fioption AllInst -- /home/rmengle/pin/source/tools/pinfi/example/paired_executables/basicmath_small/execs/leader-inline/exec_basicmath_small_inline_inline
Run Number: #68
DEBUG FI: /home/rmengle/pin/pin -t /home/rmengle/pin/source/tools/pinfi/obj-intel64/faultinjection.so -fioption AllInst -- /home/rmengle/pin/source/tools/pinfi/example/paired_executables/basicmath_small/execs/leader-inline/exec_basicmath_small_inline_inline
Run Number: #69
DEBUG FI: /home/rmengle/pin/pin -t /home/rmengle/pin/source/tools/pinfi/obj-intel64/faultinjection.so -fioption AllInst -- /home/rmengle/pin/source/tools/pinfi/example/paired_executables/basicmath_small/execs/leader-inline/exec_basicmath_small_inline_inline
Run Number: #70
DEBUG FI: /home/rmengle/pin/pin -t /home/rmengle/pin/source/tools/pinfi/obj-intel64/faultinjection.so -fioption AllInst -- /home/rmengle/pin/source/tools/pinfi/example/paired_executables/basicmath_small/execs/leader-inline/exec_basicmath_small_inline_inline
Run Number: #71
DEBUG FI: /home/rmengle/pin/pin -t /home/rmengle/pin/source/tools/pinfi/obj-intel64/faultinjection.so -fioption AllInst -- /home/rmengle/pin/source/tools/pinfi/example/paired_executables/basicmath_small/execs/leader-inline/exec_basicmath_small_inline_inline
Run Number: #72
DEBUG FI: /home/rmengle/pin/pin -t /home/rmengle/pin/source/tools/pinfi/obj-intel64/faultinjection.so -fioption AllInst -- /home/rmengle/pin/source/tools/pinfi/example/paired_executables/basicmath_small/execs/leader-inline/exec_basicmath_small_inline_inline
Run Number: #73
DEBUG FI: /home/rmengle/pin/pin -t /home/rmengle/pin/source/tools/pinfi/obj-intel64/faultinjection.so -fioption AllInst -- /home/rmengle/pin/source/tools/pinfi/example/paired_executables/basicmath_small/execs/leader-inline/exec_basicmath_small_inline_inline
Run Number: #74
DEBUG FI: /home/rmengle/pin/pin -t /home/rmengle/pin/source/tools/pinfi/obj-intel64/faultinjection.so -fioption AllInst -- /home/rmengle/pin/source/tools/pinfi/example/paired_executables/basicmath_small/execs/leader-inline/exec_basicmath_small_inline_inline
Run Number: #75
DEBUG FI: /home/rmengle/pin/pin -t /home/rmengle/pin/source/tools/pinfi/obj-intel64/faultinjection.so -fioption AllInst -- /home/rmengle/pin/source/tools/pinfi/example/paired_executables/basicmath_small/execs/leader-inline/exec_basicmath_small_inline_inline
Run Number: #76
DEBUG FI: /home/rmengle/pin/pin -t /home/rmengle/pin/source/tools/pinfi/obj-intel64/faultinjection.so -fioption AllInst -- /home/rmengle/pin/source/tools/pinfi/example/paired_executables/basicmath_small/execs/leader-inline/exec_basicmath_small_inline_inline
Run Number: #77
DEBUG FI: /home/rmengle/pin/pin -t /home/rmengle/pin/source/tools/pinfi/obj-intel64/faultinjection.so -fioption AllInst -- /home/rmengle/pin/source/tools/pinfi/example/paired_executables/basicmath_small/execs/leader-inline/exec_basicmath_small_inline_inline
Run Number: #78
DEBUG FI: /home/rmengle/pin/pin -t /home/rmengle/pin/source/tools/pinfi/obj-intel64/faultinjection.so -fioption AllInst -- /home/rmengle/pin/source/tools/pinfi/example/paired_executables/basicmath_small/execs/leader-inline/exec_basicmath_small_inline_inline
Run Number: #79
DEBUG FI: /home/rmengle/pin/pin -t /home/rmengle/pin/source/tools/pinfi/obj-intel64/faultinjection.so -fioption AllInst -- /home/rmengle/pin/source/tools/pinfi/example/paired_executables/basicmath_small/execs/leader-inline/exec_basicmath_small_inline_inline
Run Number: #80
DEBUG FI: /home/rmengle/pin/pin -t /home/rmengle/pin/source/tools/pinfi/obj-intel64/faultinjection.so -fioption AllInst -- /home/rmengle/pin/source/tools/pinfi/example/paired_executables/basicmath_small/execs/leader-inline/exec_basicmath_small_inline_inline
Run Number: #81
DEBUG FI: /home/rmengle/pin/pin -t /home/rmengle/pin/source/tools/pinfi/obj-intel64/faultinjection.so -fioption AllInst -- /home/rmengle/pin/source/tools/pinfi/example/paired_executables/basicmath_small/execs/leader-inline/exec_basicmath_small_inline_inline
Run Number: #82
DEBUG FI: /home/rmengle/pin/pin -t /home/rmengle/pin/source/tools/pinfi/obj-intel64/faultinjection.so -fioption AllInst -- /home/rmengle/pin/source/tools/pinfi/example/paired_executables/basicmath_small/execs/leader-inline/exec_basicmath_small_inline_inline
Run Number: #83
DEBUG FI: /home/rmengle/pin/pin -t /home/rmengle/pin/source/tools/pinfi/obj-intel64/faultinjection.so -fioption AllInst -- /home/rmengle/pin/source/tools/pinfi/example/paired_executables/basicmath_small/execs/leader-inline/exec_basicmath_small_inline_inline
Run Number: #84
DEBUG FI: /home/rmengle/pin/pin -t /home/rmengle/pin/source/tools/pinfi/obj-intel64/faultinjection.so -fioption AllInst -- /home/rmengle/pin/source/tools/pinfi/example/paired_executables/basicmath_small/execs/leader-inline/exec_basicmath_small_inline_inline
Run Number: #85
DEBUG FI: /home/rmengle/pin/pin -t /home/rmengle/pin/source/tools/pinfi/obj-intel64/faultinjection.so -fioption AllInst -- /home/rmengle/pin/source/tools/pinfi/example/paired_executables/basicmath_small/execs/leader-inline/exec_basicmath_small_inline_inline
Run Number: #86
DEBUG FI: /home/rmengle/pin/pin -t /home/rmengle/pin/source/tools/pinfi/obj-intel64/faultinjection.so -fioption AllInst -- /home/rmengle/pin/source/tools/pinfi/example/paired_executables/basicmath_small/execs/leader-inline/exec_basicmath_small_inline_inline
Run Number: #87
DEBUG FI: /home/rmengle/pin/pin -t /home/rmengle/pin/source/tools/pinfi/obj-intel64/faultinjection.so -fioption AllInst -- /home/rmengle/pin/source/tools/pinfi/example/paired_executables/basicmath_small/execs/leader-inline/exec_basicmath_small_inline_inline
Run Number: #88
DEBUG FI: /home/rmengle/pin/pin -t /home/rmengle/pin/source/tools/pinfi/obj-intel64/faultinjection.so -fioption AllInst -- /home/rmengle/pin/source/tools/pinfi/example/paired_executables/basicmath_small/execs/leader-inline/exec_basicmath_small_inline_inline
Run Number: #89
DEBUG FI: /home/rmengle/pin/pin -t /home/rmengle/pin/source/tools/pinfi/obj-intel64/faultinjection.so -fioption AllInst -- /home/rmengle/pin/source/tools/pinfi/example/paired_executables/basicmath_small/execs/leader-inline/exec_basicmath_small_inline_inline
Run Number: #90
DEBUG FI: /home/rmengle/pin/pin -t /home/rmengle/pin/source/tools/pinfi/obj-intel64/faultinjection.so -fioption AllInst -- /home/rmengle/pin/source/tools/pinfi/example/paired_executables/basicmath_small/execs/leader-inline/exec_basicmath_small_inline_inline
Run Number: #91
DEBUG FI: /home/rmengle/pin/pin -t /home/rmengle/pin/source/tools/pinfi/obj-intel64/faultinjection.so -fioption AllInst -- /home/rmengle/pin/source/tools/pinfi/example/paired_executables/basicmath_small/execs/leader-inline/exec_basicmath_small_inline_inline
Run Number: #92
DEBUG FI: /home/rmengle/pin/pin -t /home/rmengle/pin/source/tools/pinfi/obj-intel64/faultinjection.so -fioption AllInst -- /home/rmengle/pin/source/tools/pinfi/example/paired_executables/basicmath_small/execs/leader-inline/exec_basicmath_small_inline_inline
Run Number: #93
DEBUG FI: /home/rmengle/pin/pin -t /home/rmengle/pin/source/tools/pinfi/obj-intel64/faultinjection.so -fioption AllInst -- /home/rmengle/pin/source/tools/pinfi/example/paired_executables/basicmath_small/execs/leader-inline/exec_basicmath_small_inline_inline
Run Number: #94
DEBUG FI: /home/rmengle/pin/pin -t /home/rmengle/pin/source/tools/pinfi/obj-intel64/faultinjection.so -fioption AllInst -- /home/rmengle/pin/source/tools/pinfi/example/paired_executables/basicmath_small/execs/leader-inline/exec_basicmath_small_inline_inline
Run Number: #95
DEBUG FI: /home/rmengle/pin/pin -t /home/rmengle/pin/source/tools/pinfi/obj-intel64/faultinjection.so -fioption AllInst -- /home/rmengle/pin/source/tools/pinfi/example/paired_executables/basicmath_small/execs/leader-inline/exec_basicmath_small_inline_inline
Run Number: #96
DEBUG FI: /home/rmengle/pin/pin -t /home/rmengle/pin/source/tools/pinfi/obj-intel64/faultinjection.so -fioption AllInst -- /home/rmengle/pin/source/tools/pinfi/example/paired_executables/basicmath_small/execs/leader-inline/exec_basicmath_small_inline_inline
Run Number: #97
DEBUG FI: /home/rmengle/pin/pin -t /home/rmengle/pin/source/tools/pinfi/obj-intel64/faultinjection.so -fioption AllInst -- /home/rmengle/pin/source/tools/pinfi/example/paired_executables/basicmath_small/execs/leader-inline/exec_basicmath_small_inline_inline
Run Number: #98
DEBUG FI: /home/rmengle/pin/pin -t /home/rmengle/pin/source/tools/pinfi/obj-intel64/faultinjection.so -fioption AllInst -- /home/rmengle/pin/source/tools/pinfi/example/paired_executables/basicmath_small/execs/leader-inline/exec_basicmath_small_inline_inline
Run Number: #99
DEBUG FI: /home/rmengle/pin/pin -t /home/rmengle/pin/source/tools/pinfi/obj-intel64/faultinjection.so -fioption AllInst -- /home/rmengle/pin/source/tools/pinfi/example/paired_executables/basicmath_small/execs/leader-inline/exec_basicmath_small_inline_inline
Run Number: #100
DEBUG FI: /home/rmengle/pin/pin -t /home/rmengle/pin/source/tools/pinfi/obj-intel64/faultinjection.so -fioption AllInst -- /home/rmengle/pin/source/tools/pinfi/example/paired_executables/basicmath_small/execs/leader-inline/exec_basicmath_small_inline_inline
Run Number: #101
DEBUG FI: /home/rmengle/pin/pin -t /home/rmengle/pin/source/tools/pinfi/obj-intel64/faultinjection.so -fioption AllInst -- /home/rmengle/pin/source/tools/pinfi/example/paired_executables/basicmath_small/execs/leader-inline/exec_basicmath_small_inline_inline
Run Number: #102
DEBUG FI: /home/rmengle/pin/pin -t /home/rmengle/pin/source/tools/pinfi/obj-intel64/faultinjection.so -fioption AllInst -- /home/rmengle/pin/source/tools/pinfi/example/paired_executables/basicmath_small/execs/leader-inline/exec_basicmath_small_inline_inline
Run Number: #103
DEBUG FI: /home/rmengle/pin/pin -t /home/rmengle/pin/source/tools/pinfi/obj-intel64/faultinjection.so -fioption AllInst -- /home/rmengle/pin/source/tools/pinfi/example/paired_executables/basicmath_small/execs/leader-inline/exec_basicmath_small_inline_inline
Run Number: #104
DEBUG FI: /home/rmengle/pin/pin -t /home/rmengle/pin/source/tools/pinfi/obj-intel64/faultinjection.so -fioption AllInst -- /home/rmengle/pin/source/tools/pinfi/example/paired_executables/basicmath_small/execs/leader-inline/exec_basicmath_small_inline_inline
Run Number: #105
DEBUG FI: /home/rmengle/pin/pin -t /home/rmengle/pin/source/tools/pinfi/obj-intel64/faultinjection.so -fioption AllInst -- /home/rmengle/pin/source/tools/pinfi/example/paired_executables/basicmath_small/execs/leader-inline/exec_basicmath_small_inline_inline
Run Number: #106
DEBUG FI: /home/rmengle/pin/pin -t /home/rmengle/pin/source/tools/pinfi/obj-intel64/faultinjection.so -fioption AllInst -- /home/rmengle/pin/source/tools/pinfi/example/paired_executables/basicmath_small/execs/leader-inline/exec_basicmath_small_inline_inline
Run Number: #107
DEBUG FI: /home/rmengle/pin/pin -t /home/rmengle/pin/source/tools/pinfi/obj-intel64/faultinjection.so -fioption AllInst -- /home/rmengle/pin/source/tools/pinfi/example/paired_executables/basicmath_small/execs/leader-inline/exec_basicmath_small_inline_inline
Run Number: #108
DEBUG FI: /home/rmengle/pin/pin -t /home/rmengle/pin/source/tools/pinfi/obj-intel64/faultinjection.so -fioption AllInst -- /home/rmengle/pin/source/tools/pinfi/example/paired_executables/basicmath_small/execs/leader-inline/exec_basicmath_small_inline_inline
Run Number: #109
DEBUG FI: /home/rmengle/pin/pin -t /home/rmengle/pin/source/tools/pinfi/obj-intel64/faultinjection.so -fioption AllInst -- /home/rmengle/pin/source/tools/pinfi/example/paired_executables/basicmath_small/execs/leader-inline/exec_basicmath_small_inline_inline
Run Number: #110
DEBUG FI: /home/rmengle/pin/pin -t /home/rmengle/pin/source/tools/pinfi/obj-intel64/faultinjection.so -fioption AllInst -- /home/rmengle/pin/source/tools/pinfi/example/paired_executables/basicmath_small/execs/leader-inline/exec_basicmath_small_inline_inline
Run Number: #111
DEBUG FI: /home/rmengle/pin/pin -t /home/rmengle/pin/source/tools/pinfi/obj-intel64/faultinjection.so -fioption AllInst -- /home/rmengle/pin/source/tools/pinfi/example/paired_executables/basicmath_small/execs/leader-inline/exec_basicmath_small_inline_inline
Run Number: #112
DEBUG FI: /home/rmengle/pin/pin -t /home/rmengle/pin/source/tools/pinfi/obj-intel64/faultinjection.so -fioption AllInst -- /home/rmengle/pin/source/tools/pinfi/example/paired_executables/basicmath_small/execs/leader-inline/exec_basicmath_small_inline_inline
Run Number: #113
DEBUG FI: /home/rmengle/pin/pin -t /home/rmengle/pin/source/tools/pinfi/obj-intel64/faultinjection.so -fioption AllInst -- /home/rmengle/pin/source/tools/pinfi/example/paired_executables/basicmath_small/execs/leader-inline/exec_basicmath_small_inline_inline
Run Number: #114
DEBUG FI: /home/rmengle/pin/pin -t /home/rmengle/pin/source/tools/pinfi/obj-intel64/faultinjection.so -fioption AllInst -- /home/rmengle/pin/source/tools/pinfi/example/paired_executables/basicmath_small/execs/leader-inline/exec_basicmath_small_inline_inline
Run Number: #115
DEBUG FI: /home/rmengle/pin/pin -t /home/rmengle/pin/source/tools/pinfi/obj-intel64/faultinjection.so -fioption AllInst -- /home/rmengle/pin/source/tools/pinfi/example/paired_executables/basicmath_small/execs/leader-inline/exec_basicmath_small_inline_inline
Run Number: #116
DEBUG FI: /home/rmengle/pin/pin -t /home/rmengle/pin/source/tools/pinfi/obj-intel64/faultinjection.so -fioption AllInst -- /home/rmengle/pin/source/tools/pinfi/example/paired_executables/basicmath_small/execs/leader-inline/exec_basicmath_small_inline_inline
Run Number: #117
DEBUG FI: /home/rmengle/pin/pin -t /home/rmengle/pin/source/tools/pinfi/obj-intel64/faultinjection.so -fioption AllInst -- /home/rmengle/pin/source/tools/pinfi/example/paired_executables/basicmath_small/execs/leader-inline/exec_basicmath_small_inline_inline
Run Number: #118
DEBUG FI: /home/rmengle/pin/pin -t /home/rmengle/pin/source/tools/pinfi/obj-intel64/faultinjection.so -fioption AllInst -- /home/rmengle/pin/source/tools/pinfi/example/paired_executables/basicmath_small/execs/leader-inline/exec_basicmath_small_inline_inline
Run Number: #119
DEBUG FI: /home/rmengle/pin/pin -t /home/rmengle/pin/source/tools/pinfi/obj-intel64/faultinjection.so -fioption AllInst -- /home/rmengle/pin/source/tools/pinfi/example/paired_executables/basicmath_small/execs/leader-inline/exec_basicmath_small_inline_inline
Run Number: #120
DEBUG FI: /home/rmengle/pin/pin -t /home/rmengle/pin/source/tools/pinfi/obj-intel64/faultinjection.so -fioption AllInst -- /home/rmengle/pin/source/tools/pinfi/example/paired_executables/basicmath_small/execs/leader-inline/exec_basicmath_small_inline_inline
Run Number: #121
DEBUG FI: /home/rmengle/pin/pin -t /home/rmengle/pin/source/tools/pinfi/obj-intel64/faultinjection.so -fioption AllInst -- /home/rmengle/pin/source/tools/pinfi/example/paired_executables/basicmath_small/execs/leader-inline/exec_basicmath_small_inline_inline
Run Number: #122
DEBUG FI: /home/rmengle/pin/pin -t /home/rmengle/pin/source/tools/pinfi/obj-intel64/faultinjection.so -fioption AllInst -- /home/rmengle/pin/source/tools/pinfi/example/paired_executables/basicmath_small/execs/leader-inline/exec_basicmath_small_inline_inline
Run Number: #123
DEBUG FI: /home/rmengle/pin/pin -t /home/rmengle/pin/source/tools/pinfi/obj-intel64/faultinjection.so -fioption AllInst -- /home/rmengle/pin/source/tools/pinfi/example/paired_executables/basicmath_small/execs/leader-inline/exec_basicmath_small_inline_inline
Run Number: #124
DEBUG FI: /home/rmengle/pin/pin -t /home/rmengle/pin/source/tools/pinfi/obj-intel64/faultinjection.so -fioption AllInst -- /home/rmengle/pin/source/tools/pinfi/example/paired_executables/basicmath_small/execs/leader-inline/exec_basicmath_small_inline_inline
Run Number: #125
DEBUG FI: /home/rmengle/pin/pin -t /home/rmengle/pin/source/tools/pinfi/obj-intel64/faultinjection.so -fioption AllInst -- /home/rmengle/pin/source/tools/pinfi/example/paired_executables/basicmath_small/execs/leader-inline/exec_basicmath_small_inline_inline
Run Number: #126
DEBUG FI: /home/rmengle/pin/pin -t /home/rmengle/pin/source/tools/pinfi/obj-intel64/faultinjection.so -fioption AllInst -- /home/rmengle/pin/source/tools/pinfi/example/paired_executables/basicmath_small/execs/leader-inline/exec_basicmath_small_inline_inline
Run Number: #127
DEBUG FI: /home/rmengle/pin/pin -t /home/rmengle/pin/source/tools/pinfi/obj-intel64/faultinjection.so -fioption AllInst -- /home/rmengle/pin/source/tools/pinfi/example/paired_executables/basicmath_small/execs/leader-inline/exec_basicmath_small_inline_inline
Run Number: #128
DEBUG FI: /home/rmengle/pin/pin -t /home/rmengle/pin/source/tools/pinfi/obj-intel64/faultinjection.so -fioption AllInst -- /home/rmengle/pin/source/tools/pinfi/example/paired_executables/basicmath_small/execs/leader-inline/exec_basicmath_small_inline_inline
Run Number: #129
DEBUG FI: /home/rmengle/pin/pin -t /home/rmengle/pin/source/tools/pinfi/obj-intel64/faultinjection.so -fioption AllInst -- /home/rmengle/pin/source/tools/pinfi/example/paired_executables/basicmath_small/execs/leader-inline/exec_basicmath_small_inline_inline
Run Number: #130
DEBUG FI: /home/rmengle/pin/pin -t /home/rmengle/pin/source/tools/pinfi/obj-intel64/faultinjection.so -fioption AllInst -- /home/rmengle/pin/source/tools/pinfi/example/paired_executables/basicmath_small/execs/leader-inline/exec_basicmath_small_inline_inline
Run Number: #131
DEBUG FI: /home/rmengle/pin/pin -t /home/rmengle/pin/source/tools/pinfi/obj-intel64/faultinjection.so -fioption AllInst -- /home/rmengle/pin/source/tools/pinfi/example/paired_executables/basicmath_small/execs/leader-inline/exec_basicmath_small_inline_inline
Run Number: #132
DEBUG FI: /home/rmengle/pin/pin -t /home/rmengle/pin/source/tools/pinfi/obj-intel64/faultinjection.so -fioption AllInst -- /home/rmengle/pin/source/tools/pinfi/example/paired_executables/basicmath_small/execs/leader-inline/exec_basicmath_small_inline_inline
Run Number: #133
DEBUG FI: /home/rmengle/pin/pin -t /home/rmengle/pin/source/tools/pinfi/obj-intel64/faultinjection.so -fioption AllInst -- /home/rmengle/pin/source/tools/pinfi/example/paired_executables/basicmath_small/execs/leader-inline/exec_basicmath_small_inline_inline
Run Number: #134
DEBUG FI: /home/rmengle/pin/pin -t /home/rmengle/pin/source/tools/pinfi/obj-intel64/faultinjection.so -fioption AllInst -- /home/rmengle/pin/source/tools/pinfi/example/paired_executables/basicmath_small/execs/leader-inline/exec_basicmath_small_inline_inline
Run Number: #135
DEBUG FI: /home/rmengle/pin/pin -t /home/rmengle/pin/source/tools/pinfi/obj-intel64/faultinjection.so -fioption AllInst -- /home/rmengle/pin/source/tools/pinfi/example/paired_executables/basicmath_small/execs/leader-inline/exec_basicmath_small_inline_inline
Run Number: #136
DEBUG FI: /home/rmengle/pin/pin -t /home/rmengle/pin/source/tools/pinfi/obj-intel64/faultinjection.so -fioption AllInst -- /home/rmengle/pin/source/tools/pinfi/example/paired_executables/basicmath_small/execs/leader-inline/exec_basicmath_small_inline_inline
Run Number: #137
DEBUG FI: /home/rmengle/pin/pin -t /home/rmengle/pin/source/tools/pinfi/obj-intel64/faultinjection.so -fioption AllInst -- /home/rmengle/pin/source/tools/pinfi/example/paired_executables/basicmath_small/execs/leader-inline/exec_basicmath_small_inline_inline
Run Number: #138
DEBUG FI: /home/rmengle/pin/pin -t /home/rmengle/pin/source/tools/pinfi/obj-intel64/faultinjection.so -fioption AllInst -- /home/rmengle/pin/source/tools/pinfi/example/paired_executables/basicmath_small/execs/leader-inline/exec_basicmath_small_inline_inline
Run Number: #139
DEBUG FI: /home/rmengle/pin/pin -t /home/rmengle/pin/source/tools/pinfi/obj-intel64/faultinjection.so -fioption AllInst -- /home/rmengle/pin/source/tools/pinfi/example/paired_executables/basicmath_small/execs/leader-inline/exec_basicmath_small_inline_inline
Run Number: #140
DEBUG FI: /home/rmengle/pin/pin -t /home/rmengle/pin/source/tools/pinfi/obj-intel64/faultinjection.so -fioption AllInst -- /home/rmengle/pin/source/tools/pinfi/example/paired_executables/basicmath_small/execs/leader-inline/exec_basicmath_small_inline_inline
Run Number: #141
DEBUG FI: /home/rmengle/pin/pin -t /home/rmengle/pin/source/tools/pinfi/obj-intel64/faultinjection.so -fioption AllInst -- /home/rmengle/pin/source/tools/pinfi/example/paired_executables/basicmath_small/execs/leader-inline/exec_basicmath_small_inline_inline
Run Number: #142
DEBUG FI: /home/rmengle/pin/pin -t /home/rmengle/pin/source/tools/pinfi/obj-intel64/faultinjection.so -fioption AllInst -- /home/rmengle/pin/source/tools/pinfi/example/paired_executables/basicmath_small/execs/leader-inline/exec_basicmath_small_inline_inline
Run Number: #143
DEBUG FI: /home/rmengle/pin/pin -t /home/rmengle/pin/source/tools/pinfi/obj-intel64/faultinjection.so -fioption AllInst -- /home/rmengle/pin/source/tools/pinfi/example/paired_executables/basicmath_small/execs/leader-inline/exec_basicmath_small_inline_inline
Run Number: #144
DEBUG FI: /home/rmengle/pin/pin -t /home/rmengle/pin/source/tools/pinfi/obj-intel64/faultinjection.so -fioption AllInst -- /home/rmengle/pin/source/tools/pinfi/example/paired_executables/basicmath_small/execs/leader-inline/exec_basicmath_small_inline_inline
Run Number: #145
DEBUG FI: /home/rmengle/pin/pin -t /home/rmengle/pin/source/tools/pinfi/obj-intel64/faultinjection.so -fioption AllInst -- /home/rmengle/pin/source/tools/pinfi/example/paired_executables/basicmath_small/execs/leader-inline/exec_basicmath_small_inline_inline
Run Number: #146
DEBUG FI: /home/rmengle/pin/pin -t /home/rmengle/pin/source/tools/pinfi/obj-intel64/faultinjection.so -fioption AllInst -- /home/rmengle/pin/source/tools/pinfi/example/paired_executables/basicmath_small/execs/leader-inline/exec_basicmath_small_inline_inline
Run Number: #147
DEBUG FI: /home/rmengle/pin/pin -t /home/rmengle/pin/source/tools/pinfi/obj-intel64/faultinjection.so -fioption AllInst -- /home/rmengle/pin/source/tools/pinfi/example/paired_executables/basicmath_small/execs/leader-inline/exec_basicmath_small_inline_inline
Run Number: #148
DEBUG FI: /home/rmengle/pin/pin -t /home/rmengle/pin/source/tools/pinfi/obj-intel64/faultinjection.so -fioption AllInst -- /home/rmengle/pin/source/tools/pinfi/example/paired_executables/basicmath_small/execs/leader-inline/exec_basicmath_small_inline_inline
Run Number: #149
DEBUG FI: /home/rmengle/pin/pin -t /home/rmengle/pin/source/tools/pinfi/obj-intel64/faultinjection.so -fioption AllInst -- /home/rmengle/pin/source/tools/pinfi/example/paired_executables/basicmath_small/execs/leader-inline/exec_basicmath_small_inline_inline
Run Number: #150
DEBUG FI: /home/rmengle/pin/pin -t /home/rmengle/pin/source/tools/pinfi/obj-intel64/faultinjection.so -fioption AllInst -- /home/rmengle/pin/source/tools/pinfi/example/paired_executables/basicmath_small/execs/leader-inline/exec_basicmath_small_inline_inline
Run Number: #151
DEBUG FI: /home/rmengle/pin/pin -t /home/rmengle/pin/source/tools/pinfi/obj-intel64/faultinjection.so -fioption AllInst -- /home/rmengle/pin/source/tools/pinfi/example/paired_executables/basicmath_small/execs/leader-inline/exec_basicmath_small_inline_inline
Run Number: #152
DEBUG FI: /home/rmengle/pin/pin -t /home/rmengle/pin/source/tools/pinfi/obj-intel64/faultinjection.so -fioption AllInst -- /home/rmengle/pin/source/tools/pinfi/example/paired_executables/basicmath_small/execs/leader-inline/exec_basicmath_small_inline_inline
Run Number: #153
DEBUG FI: /home/rmengle/pin/pin -t /home/rmengle/pin/source/tools/pinfi/obj-intel64/faultinjection.so -fioption AllInst -- /home/rmengle/pin/source/tools/pinfi/example/paired_executables/basicmath_small/execs/leader-inline/exec_basicmath_small_inline_inline
Run Number: #154
DEBUG FI: /home/rmengle/pin/pin -t /home/rmengle/pin/source/tools/pinfi/obj-intel64/faultinjection.so -fioption AllInst -- /home/rmengle/pin/source/tools/pinfi/example/paired_executables/basicmath_small/execs/leader-inline/exec_basicmath_small_inline_inline
Run Number: #155
DEBUG FI: /home/rmengle/pin/pin -t /home/rmengle/pin/source/tools/pinfi/obj-intel64/faultinjection.so -fioption AllInst -- /home/rmengle/pin/source/tools/pinfi/example/paired_executables/basicmath_small/execs/leader-inline/exec_basicmath_small_inline_inline
Run Number: #156
DEBUG FI: /home/rmengle/pin/pin -t /home/rmengle/pin/source/tools/pinfi/obj-intel64/faultinjection.so -fioption AllInst -- /home/rmengle/pin/source/tools/pinfi/example/paired_executables/basicmath_small/execs/leader-inline/exec_basicmath_small_inline_inline
Run Number: #157
DEBUG FI: /home/rmengle/pin/pin -t /home/rmengle/pin/source/tools/pinfi/obj-intel64/faultinjection.so -fioption AllInst -- /home/rmengle/pin/source/tools/pinfi/example/paired_executables/basicmath_small/execs/leader-inline/exec_basicmath_small_inline_inline
Run Number: #158
DEBUG FI: /home/rmengle/pin/pin -t /home/rmengle/pin/source/tools/pinfi/obj-intel64/faultinjection.so -fioption AllInst -- /home/rmengle/pin/source/tools/pinfi/example/paired_executables/basicmath_small/execs/leader-inline/exec_basicmath_small_inline_inline
Run Number: #159
DEBUG FI: /home/rmengle/pin/pin -t /home/rmengle/pin/source/tools/pinfi/obj-intel64/faultinjection.so -fioption AllInst -- /home/rmengle/pin/source/tools/pinfi/example/paired_executables/basicmath_small/execs/leader-inline/exec_basicmath_small_inline_inline
Run Number: #160
DEBUG FI: /home/rmengle/pin/pin -t /home/rmengle/pin/source/tools/pinfi/obj-intel64/faultinjection.so -fioption AllInst -- /home/rmengle/pin/source/tools/pinfi/example/paired_executables/basicmath_small/execs/leader-inline/exec_basicmath_small_inline_inline
Run Number: #161
DEBUG FI: /home/rmengle/pin/pin -t /home/rmengle/pin/source/tools/pinfi/obj-intel64/faultinjection.so -fioption AllInst -- /home/rmengle/pin/source/tools/pinfi/example/paired_executables/basicmath_small/execs/leader-inline/exec_basicmath_small_inline_inline
Run Number: #162
DEBUG FI: /home/rmengle/pin/pin -t /home/rmengle/pin/source/tools/pinfi/obj-intel64/faultinjection.so -fioption AllInst -- /home/rmengle/pin/source/tools/pinfi/example/paired_executables/basicmath_small/execs/leader-inline/exec_basicmath_small_inline_inline
Run Number: #163
DEBUG FI: /home/rmengle/pin/pin -t /home/rmengle/pin/source/tools/pinfi/obj-intel64/faultinjection.so -fioption AllInst -- /home/rmengle/pin/source/tools/pinfi/example/paired_executables/basicmath_small/execs/leader-inline/exec_basicmath_small_inline_inline
Run Number: #164
DEBUG FI: /home/rmengle/pin/pin -t /home/rmengle/pin/source/tools/pinfi/obj-intel64/faultinjection.so -fioption AllInst -- /home/rmengle/pin/source/tools/pinfi/example/paired_executables/basicmath_small/execs/leader-inline/exec_basicmath_small_inline_inline
Run Number: #165
DEBUG FI: /home/rmengle/pin/pin -t /home/rmengle/pin/source/tools/pinfi/obj-intel64/faultinjection.so -fioption AllInst -- /home/rmengle/pin/source/tools/pinfi/example/paired_executables/basicmath_small/execs/leader-inline/exec_basicmath_small_inline_inline
Run Number: #166
DEBUG FI: /home/rmengle/pin/pin -t /home/rmengle/pin/source/tools/pinfi/obj-intel64/faultinjection.so -fioption AllInst -- /home/rmengle/pin/source/tools/pinfi/example/paired_executables/basicmath_small/execs/leader-inline/exec_basicmath_small_inline_inline
Run Number: #167
DEBUG FI: /home/rmengle/pin/pin -t /home/rmengle/pin/source/tools/pinfi/obj-intel64/faultinjection.so -fioption AllInst -- /home/rmengle/pin/source/tools/pinfi/example/paired_executables/basicmath_small/execs/leader-inline/exec_basicmath_small_inline_inline
Run Number: #168
DEBUG FI: /home/rmengle/pin/pin -t /home/rmengle/pin/source/tools/pinfi/obj-intel64/faultinjection.so -fioption AllInst -- /home/rmengle/pin/source/tools/pinfi/example/paired_executables/basicmath_small/execs/leader-inline/exec_basicmath_small_inline_inline
Run Number: #169
DEBUG FI: /home/rmengle/pin/pin -t /home/rmengle/pin/source/tools/pinfi/obj-intel64/faultinjection.so -fioption AllInst -- /home/rmengle/pin/source/tools/pinfi/example/paired_executables/basicmath_small/execs/leader-inline/exec_basicmath_small_inline_inline
Run Number: #170
DEBUG FI: /home/rmengle/pin/pin -t /home/rmengle/pin/source/tools/pinfi/obj-intel64/faultinjection.so -fioption AllInst -- /home/rmengle/pin/source/tools/pinfi/example/paired_executables/basicmath_small/execs/leader-inline/exec_basicmath_small_inline_inline
Run Number: #171
DEBUG FI: /home/rmengle/pin/pin -t /home/rmengle/pin/source/tools/pinfi/obj-intel64/faultinjection.so -fioption AllInst -- /home/rmengle/pin/source/tools/pinfi/example/paired_executables/basicmath_small/execs/leader-inline/exec_basicmath_small_inline_inline
Run Number: #172
DEBUG FI: /home/rmengle/pin/pin -t /home/rmengle/pin/source/tools/pinfi/obj-intel64/faultinjection.so -fioption AllInst -- /home/rmengle/pin/source/tools/pinfi/example/paired_executables/basicmath_small/execs/leader-inline/exec_basicmath_small_inline_inline
Run Number: #173
DEBUG FI: /home/rmengle/pin/pin -t /home/rmengle/pin/source/tools/pinfi/obj-intel64/faultinjection.so -fioption AllInst -- /home/rmengle/pin/source/tools/pinfi/example/paired_executables/basicmath_small/execs/leader-inline/exec_basicmath_small_inline_inline
Run Number: #174
DEBUG FI: /home/rmengle/pin/pin -t /home/rmengle/pin/source/tools/pinfi/obj-intel64/faultinjection.so -fioption AllInst -- /home/rmengle/pin/source/tools/pinfi/example/paired_executables/basicmath_small/execs/leader-inline/exec_basicmath_small_inline_inline
Run Number: #175
DEBUG FI: /home/rmengle/pin/pin -t /home/rmengle/pin/source/tools/pinfi/obj-intel64/faultinjection.so -fioption AllInst -- /home/rmengle/pin/source/tools/pinfi/example/paired_executables/basicmath_small/execs/leader-inline/exec_basicmath_small_inline_inline
Run Number: #176
DEBUG FI: /home/rmengle/pin/pin -t /home/rmengle/pin/source/tools/pinfi/obj-intel64/faultinjection.so -fioption AllInst -- /home/rmengle/pin/source/tools/pinfi/example/paired_executables/basicmath_small/execs/leader-inline/exec_basicmath_small_inline_inline
Run Number: #177
DEBUG FI: /home/rmengle/pin/pin -t /home/rmengle/pin/source/tools/pinfi/obj-intel64/faultinjection.so -fioption AllInst -- /home/rmengle/pin/source/tools/pinfi/example/paired_executables/basicmath_small/execs/leader-inline/exec_basicmath_small_inline_inline
Run Number: #178
DEBUG FI: /home/rmengle/pin/pin -t /home/rmengle/pin/source/tools/pinfi/obj-intel64/faultinjection.so -fioption AllInst -- /home/rmengle/pin/source/tools/pinfi/example/paired_executables/basicmath_small/execs/leader-inline/exec_basicmath_small_inline_inline
Run Number: #179
DEBUG FI: /home/rmengle/pin/pin -t /home/rmengle/pin/source/tools/pinfi/obj-intel64/faultinjection.so -fioption AllInst -- /home/rmengle/pin/source/tools/pinfi/example/paired_executables/basicmath_small/execs/leader-inline/exec_basicmath_small_inline_inline
Run Number: #180
DEBUG FI: /home/rmengle/pin/pin -t /home/rmengle/pin/source/tools/pinfi/obj-intel64/faultinjection.so -fioption AllInst -- /home/rmengle/pin/source/tools/pinfi/example/paired_executables/basicmath_small/execs/leader-inline/exec_basicmath_small_inline_inline
Run Number: #181
DEBUG FI: /home/rmengle/pin/pin -t /home/rmengle/pin/source/tools/pinfi/obj-intel64/faultinjection.so -fioption AllInst -- /home/rmengle/pin/source/tools/pinfi/example/paired_executables/basicmath_small/execs/leader-inline/exec_basicmath_small_inline_inline
Run Number: #182
DEBUG FI: /home/rmengle/pin/pin -t /home/rmengle/pin/source/tools/pinfi/obj-intel64/faultinjection.so -fioption AllInst -- /home/rmengle/pin/source/tools/pinfi/example/paired_executables/basicmath_small/execs/leader-inline/exec_basicmath_small_inline_inline
Run Number: #183
DEBUG FI: /home/rmengle/pin/pin -t /home/rmengle/pin/source/tools/pinfi/obj-intel64/faultinjection.so -fioption AllInst -- /home/rmengle/pin/source/tools/pinfi/example/paired_executables/basicmath_small/execs/leader-inline/exec_basicmath_small_inline_inline
Run Number: #184
DEBUG FI: /home/rmengle/pin/pin -t /home/rmengle/pin/source/tools/pinfi/obj-intel64/faultinjection.so -fioption AllInst -- /home/rmengle/pin/source/tools/pinfi/example/paired_executables/basicmath_small/execs/leader-inline/exec_basicmath_small_inline_inline
Run Number: #185
DEBUG FI: /home/rmengle/pin/pin -t /home/rmengle/pin/source/tools/pinfi/obj-intel64/faultinjection.so -fioption AllInst -- /home/rmengle/pin/source/tools/pinfi/example/paired_executables/basicmath_small/execs/leader-inline/exec_basicmath_small_inline_inline
Run Number: #186
DEBUG FI: /home/rmengle/pin/pin -t /home/rmengle/pin/source/tools/pinfi/obj-intel64/faultinjection.so -fioption AllInst -- /home/rmengle/pin/source/tools/pinfi/example/paired_executables/basicmath_small/execs/leader-inline/exec_basicmath_small_inline_inline
Run Number: #187
DEBUG FI: /home/rmengle/pin/pin -t /home/rmengle/pin/source/tools/pinfi/obj-intel64/faultinjection.so -fioption AllInst -- /home/rmengle/pin/source/tools/pinfi/example/paired_executables/basicmath_small/execs/leader-inline/exec_basicmath_small_inline_inline
Run Number: #188
DEBUG FI: /home/rmengle/pin/pin -t /home/rmengle/pin/source/tools/pinfi/obj-intel64/faultinjection.so -fioption AllInst -- /home/rmengle/pin/source/tools/pinfi/example/paired_executables/basicmath_small/execs/leader-inline/exec_basicmath_small_inline_inline
Run Number: #189
DEBUG FI: /home/rmengle/pin/pin -t /home/rmengle/pin/source/tools/pinfi/obj-intel64/faultinjection.so -fioption AllInst -- /home/rmengle/pin/source/tools/pinfi/example/paired_executables/basicmath_small/execs/leader-inline/exec_basicmath_small_inline_inline
Run Number: #190
DEBUG FI: /home/rmengle/pin/pin -t /home/rmengle/pin/source/tools/pinfi/obj-intel64/faultinjection.so -fioption AllInst -- /home/rmengle/pin/source/tools/pinfi/example/paired_executables/basicmath_small/execs/leader-inline/exec_basicmath_small_inline_inline
Run Number: #191
DEBUG FI: /home/rmengle/pin/pin -t /home/rmengle/pin/source/tools/pinfi/obj-intel64/faultinjection.so -fioption AllInst -- /home/rmengle/pin/source/tools/pinfi/example/paired_executables/basicmath_small/execs/leader-inline/exec_basicmath_small_inline_inline
Run Number: #192
DEBUG FI: /home/rmengle/pin/pin -t /home/rmengle/pin/source/tools/pinfi/obj-intel64/faultinjection.so -fioption AllInst -- /home/rmengle/pin/source/tools/pinfi/example/paired_executables/basicmath_small/execs/leader-inline/exec_basicmath_small_inline_inline
Run Number: #193
DEBUG FI: /home/rmengle/pin/pin -t /home/rmengle/pin/source/tools/pinfi/obj-intel64/faultinjection.so -fioption AllInst -- /home/rmengle/pin/source/tools/pinfi/example/paired_executables/basicmath_small/execs/leader-inline/exec_basicmath_small_inline_inline
Run Number: #194
DEBUG FI: /home/rmengle/pin/pin -t /home/rmengle/pin/source/tools/pinfi/obj-intel64/faultinjection.so -fioption AllInst -- /home/rmengle/pin/source/tools/pinfi/example/paired_executables/basicmath_small/execs/leader-inline/exec_basicmath_small_inline_inline
Run Number: #195
DEBUG FI: /home/rmengle/pin/pin -t /home/rmengle/pin/source/tools/pinfi/obj-intel64/faultinjection.so -fioption AllInst -- /home/rmengle/pin/source/tools/pinfi/example/paired_executables/basicmath_small/execs/leader-inline/exec_basicmath_small_inline_inline
Run Number: #196
DEBUG FI: /home/rmengle/pin/pin -t /home/rmengle/pin/source/tools/pinfi/obj-intel64/faultinjection.so -fioption AllInst -- /home/rmengle/pin/source/tools/pinfi/example/paired_executables/basicmath_small/execs/leader-inline/exec_basicmath_small_inline_inline
Run Number: #197
DEBUG FI: /home/rmengle/pin/pin -t /home/rmengle/pin/source/tools/pinfi/obj-intel64/faultinjection.so -fioption AllInst -- /home/rmengle/pin/source/tools/pinfi/example/paired_executables/basicmath_small/execs/leader-inline/exec_basicmath_small_inline_inline
Run Number: #198
DEBUG FI: /home/rmengle/pin/pin -t /home/rmengle/pin/source/tools/pinfi/obj-intel64/faultinjection.so -fioption AllInst -- /home/rmengle/pin/source/tools/pinfi/example/paired_executables/basicmath_small/execs/leader-inline/exec_basicmath_small_inline_inline
Run Number: #199
DEBUG FI: /home/rmengle/pin/pin -t /home/rmengle/pin/source/tools/pinfi/obj-intel64/faultinjection.so -fioption AllInst -- /home/rmengle/pin/source/tools/pinfi/example/paired_executables/basicmath_small/execs/leader-inline/exec_basicmath_small_inline_inline
Run Number: #200
DEBUG FI: /home/rmengle/pin/pin -t /home/rmengle/pin/source/tools/pinfi/obj-intel64/faultinjection.so -fioption AllInst -- /home/rmengle/pin/source/tools/pinfi/example/paired_executables/basicmath_small/execs/leader-inline/exec_basicmath_small_inline_inline
Run Number: #201
DEBUG FI: /home/rmengle/pin/pin -t /home/rmengle/pin/source/tools/pinfi/obj-intel64/faultinjection.so -fioption AllInst -- /home/rmengle/pin/source/tools/pinfi/example/paired_executables/basicmath_small/execs/leader-inline/exec_basicmath_small_inline_inline
Run Number: #202
DEBUG FI: /home/rmengle/pin/pin -t /home/rmengle/pin/source/tools/pinfi/obj-intel64/faultinjection.so -fioption AllInst -- /home/rmengle/pin/source/tools/pinfi/example/paired_executables/basicmath_small/execs/leader-inline/exec_basicmath_small_inline_inline
Run Number: #203
DEBUG FI: /home/rmengle/pin/pin -t /home/rmengle/pin/source/tools/pinfi/obj-intel64/faultinjection.so -fioption AllInst -- /home/rmengle/pin/source/tools/pinfi/example/paired_executables/basicmath_small/execs/leader-inline/exec_basicmath_small_inline_inline
Run Number: #204
DEBUG FI: /home/rmengle/pin/pin -t /home/rmengle/pin/source/tools/pinfi/obj-intel64/faultinjection.so -fioption AllInst -- /home/rmengle/pin/source/tools/pinfi/example/paired_executables/basicmath_small/execs/leader-inline/exec_basicmath_small_inline_inline
Run Number: #205
DEBUG FI: /home/rmengle/pin/pin -t /home/rmengle/pin/source/tools/pinfi/obj-intel64/faultinjection.so -fioption AllInst -- /home/rmengle/pin/source/tools/pinfi/example/paired_executables/basicmath_small/execs/leader-inline/exec_basicmath_small_inline_inline
Run Number: #206
DEBUG FI: /home/rmengle/pin/pin -t /home/rmengle/pin/source/tools/pinfi/obj-intel64/faultinjection.so -fioption AllInst -- /home/rmengle/pin/source/tools/pinfi/example/paired_executables/basicmath_small/execs/leader-inline/exec_basicmath_small_inline_inline
Run Number: #207
DEBUG FI: /home/rmengle/pin/pin -t /home/rmengle/pin/source/tools/pinfi/obj-intel64/faultinjection.so -fioption AllInst -- /home/rmengle/pin/source/tools/pinfi/example/paired_executables/basicmath_small/execs/leader-inline/exec_basicmath_small_inline_inline
Run Number: #208
DEBUG FI: /home/rmengle/pin/pin -t /home/rmengle/pin/source/tools/pinfi/obj-intel64/faultinjection.so -fioption AllInst -- /home/rmengle/pin/source/tools/pinfi/example/paired_executables/basicmath_small/execs/leader-inline/exec_basicmath_small_inline_inline
Run Number: #209
DEBUG FI: /home/rmengle/pin/pin -t /home/rmengle/pin/source/tools/pinfi/obj-intel64/faultinjection.so -fioption AllInst -- /home/rmengle/pin/source/tools/pinfi/example/paired_executables/basicmath_small/execs/leader-inline/exec_basicmath_small_inline_inline
Run Number: #210
DEBUG FI: /home/rmengle/pin/pin -t /home/rmengle/pin/source/tools/pinfi/obj-intel64/faultinjection.so -fioption AllInst -- /home/rmengle/pin/source/tools/pinfi/example/paired_executables/basicmath_small/execs/leader-inline/exec_basicmath_small_inline_inline
Run Number: #211
DEBUG FI: /home/rmengle/pin/pin -t /home/rmengle/pin/source/tools/pinfi/obj-intel64/faultinjection.so -fioption AllInst -- /home/rmengle/pin/source/tools/pinfi/example/paired_executables/basicmath_small/execs/leader-inline/exec_basicmath_small_inline_inline
Run Number: #212
DEBUG FI: /home/rmengle/pin/pin -t /home/rmengle/pin/source/tools/pinfi/obj-intel64/faultinjection.so -fioption AllInst -- /home/rmengle/pin/source/tools/pinfi/example/paired_executables/basicmath_small/execs/leader-inline/exec_basicmath_small_inline_inline
Run Number: #213
DEBUG FI: /home/rmengle/pin/pin -t /home/rmengle/pin/source/tools/pinfi/obj-intel64/faultinjection.so -fioption AllInst -- /home/rmengle/pin/source/tools/pinfi/example/paired_executables/basicmath_small/execs/leader-inline/exec_basicmath_small_inline_inline
Run Number: #214
DEBUG FI: /home/rmengle/pin/pin -t /home/rmengle/pin/source/tools/pinfi/obj-intel64/faultinjection.so -fioption AllInst -- /home/rmengle/pin/source/tools/pinfi/example/paired_executables/basicmath_small/execs/leader-inline/exec_basicmath_small_inline_inline
Run Number: #215
DEBUG FI: /home/rmengle/pin/pin -t /home/rmengle/pin/source/tools/pinfi/obj-intel64/faultinjection.so -fioption AllInst -- /home/rmengle/pin/source/tools/pinfi/example/paired_executables/basicmath_small/execs/leader-inline/exec_basicmath_small_inline_inline
Run Number: #216
DEBUG FI: /home/rmengle/pin/pin -t /home/rmengle/pin/source/tools/pinfi/obj-intel64/faultinjection.so -fioption AllInst -- /home/rmengle/pin/source/tools/pinfi/example/paired_executables/basicmath_small/execs/leader-inline/exec_basicmath_small_inline_inline
Run Number: #217
DEBUG FI: /home/rmengle/pin/pin -t /home/rmengle/pin/source/tools/pinfi/obj-intel64/faultinjection.so -fioption AllInst -- /home/rmengle/pin/source/tools/pinfi/example/paired_executables/basicmath_small/execs/leader-inline/exec_basicmath_small_inline_inline
Run Number: #218
DEBUG FI: /home/rmengle/pin/pin -t /home/rmengle/pin/source/tools/pinfi/obj-intel64/faultinjection.so -fioption AllInst -- /home/rmengle/pin/source/tools/pinfi/example/paired_executables/basicmath_small/execs/leader-inline/exec_basicmath_small_inline_inline
Run Number: #219
DEBUG FI: /home/rmengle/pin/pin -t /home/rmengle/pin/source/tools/pinfi/obj-intel64/faultinjection.so -fioption AllInst -- /home/rmengle/pin/source/tools/pinfi/example/paired_executables/basicmath_small/execs/leader-inline/exec_basicmath_small_inline_inline
Run Number: #220
DEBUG FI: /home/rmengle/pin/pin -t /home/rmengle/pin/source/tools/pinfi/obj-intel64/faultinjection.so -fioption AllInst -- /home/rmengle/pin/source/tools/pinfi/example/paired_executables/basicmath_small/execs/leader-inline/exec_basicmath_small_inline_inline
Run Number: #221
DEBUG FI: /home/rmengle/pin/pin -t /home/rmengle/pin/source/tools/pinfi/obj-intel64/faultinjection.so -fioption AllInst -- /home/rmengle/pin/source/tools/pinfi/example/paired_executables/basicmath_small/execs/leader-inline/exec_basicmath_small_inline_inline
Run Number: #222
DEBUG FI: /home/rmengle/pin/pin -t /home/rmengle/pin/source/tools/pinfi/obj-intel64/faultinjection.so -fioption AllInst -- /home/rmengle/pin/source/tools/pinfi/example/paired_executables/basicmath_small/execs/leader-inline/exec_basicmath_small_inline_inline
Run Number: #223
DEBUG FI: /home/rmengle/pin/pin -t /home/rmengle/pin/source/tools/pinfi/obj-intel64/faultinjection.so -fioption AllInst -- /home/rmengle/pin/source/tools/pinfi/example/paired_executables/basicmath_small/execs/leader-inline/exec_basicmath_small_inline_inline
Run Number: #224
DEBUG FI: /home/rmengle/pin/pin -t /home/rmengle/pin/source/tools/pinfi/obj-intel64/faultinjection.so -fioption AllInst -- /home/rmengle/pin/source/tools/pinfi/example/paired_executables/basicmath_small/execs/leader-inline/exec_basicmath_small_inline_inline
Run Number: #225
DEBUG FI: /home/rmengle/pin/pin -t /home/rmengle/pin/source/tools/pinfi/obj-intel64/faultinjection.so -fioption AllInst -- /home/rmengle/pin/source/tools/pinfi/example/paired_executables/basicmath_small/execs/leader-inline/exec_basicmath_small_inline_inline
Run Number: #226
DEBUG FI: /home/rmengle/pin/pin -t /home/rmengle/pin/source/tools/pinfi/obj-intel64/faultinjection.so -fioption AllInst -- /home/rmengle/pin/source/tools/pinfi/example/paired_executables/basicmath_small/execs/leader-inline/exec_basicmath_small_inline_inline
Run Number: #227
DEBUG FI: /home/rmengle/pin/pin -t /home/rmengle/pin/source/tools/pinfi/obj-intel64/faultinjection.so -fioption AllInst -- /home/rmengle/pin/source/tools/pinfi/example/paired_executables/basicmath_small/execs/leader-inline/exec_basicmath_small_inline_inline
Run Number: #228
DEBUG FI: /home/rmengle/pin/pin -t /home/rmengle/pin/source/tools/pinfi/obj-intel64/faultinjection.so -fioption AllInst -- /home/rmengle/pin/source/tools/pinfi/example/paired_executables/basicmath_small/execs/leader-inline/exec_basicmath_small_inline_inline
Run Number: #229
DEBUG FI: /home/rmengle/pin/pin -t /home/rmengle/pin/source/tools/pinfi/obj-intel64/faultinjection.so -fioption AllInst -- /home/rmengle/pin/source/tools/pinfi/example/paired_executables/basicmath_small/execs/leader-inline/exec_basicmath_small_inline_inline
Run Number: #230
DEBUG FI: /home/rmengle/pin/pin -t /home/rmengle/pin/source/tools/pinfi/obj-intel64/faultinjection.so -fioption AllInst -- /home/rmengle/pin/source/tools/pinfi/example/paired_executables/basicmath_small/execs/leader-inline/exec_basicmath_small_inline_inline
Run Number: #231
DEBUG FI: /home/rmengle/pin/pin -t /home/rmengle/pin/source/tools/pinfi/obj-intel64/faultinjection.so -fioption AllInst -- /home/rmengle/pin/source/tools/pinfi/example/paired_executables/basicmath_small/execs/leader-inline/exec_basicmath_small_inline_inline
Run Number: #232
DEBUG FI: /home/rmengle/pin/pin -t /home/rmengle/pin/source/tools/pinfi/obj-intel64/faultinjection.so -fioption AllInst -- /home/rmengle/pin/source/tools/pinfi/example/paired_executables/basicmath_small/execs/leader-inline/exec_basicmath_small_inline_inline
Run Number: #233
DEBUG FI: /home/rmengle/pin/pin -t /home/rmengle/pin/source/tools/pinfi/obj-intel64/faultinjection.so -fioption AllInst -- /home/rmengle/pin/source/tools/pinfi/example/paired_executables/basicmath_small/execs/leader-inline/exec_basicmath_small_inline_inline
Run Number: #234
DEBUG FI: /home/rmengle/pin/pin -t /home/rmengle/pin/source/tools/pinfi/obj-intel64/faultinjection.so -fioption AllInst -- /home/rmengle/pin/source/tools/pinfi/example/paired_executables/basicmath_small/execs/leader-inline/exec_basicmath_small_inline_inline
Run Number: #235
DEBUG FI: /home/rmengle/pin/pin -t /home/rmengle/pin/source/tools/pinfi/obj-intel64/faultinjection.so -fioption AllInst -- /home/rmengle/pin/source/tools/pinfi/example/paired_executables/basicmath_small/execs/leader-inline/exec_basicmath_small_inline_inline
Run Number: #236
DEBUG FI: /home/rmengle/pin/pin -t /home/rmengle/pin/source/tools/pinfi/obj-intel64/faultinjection.so -fioption AllInst -- /home/rmengle/pin/source/tools/pinfi/example/paired_executables/basicmath_small/execs/leader-inline/exec_basicmath_small_inline_inline
Run Number: #237
DEBUG FI: /home/rmengle/pin/pin -t /home/rmengle/pin/source/tools/pinfi/obj-intel64/faultinjection.so -fioption AllInst -- /home/rmengle/pin/source/tools/pinfi/example/paired_executables/basicmath_small/execs/leader-inline/exec_basicmath_small_inline_inline
Run Number: #238
DEBUG FI: /home/rmengle/pin/pin -t /home/rmengle/pin/source/tools/pinfi/obj-intel64/faultinjection.so -fioption AllInst -- /home/rmengle/pin/source/tools/pinfi/example/paired_executables/basicmath_small/execs/leader-inline/exec_basicmath_small_inline_inline
Run Number: #239
DEBUG FI: /home/rmengle/pin/pin -t /home/rmengle/pin/source/tools/pinfi/obj-intel64/faultinjection.so -fioption AllInst -- /home/rmengle/pin/source/tools/pinfi/example/paired_executables/basicmath_small/execs/leader-inline/exec_basicmath_small_inline_inline
Run Number: #240
DEBUG FI: /home/rmengle/pin/pin -t /home/rmengle/pin/source/tools/pinfi/obj-intel64/faultinjection.so -fioption AllInst -- /home/rmengle/pin/source/tools/pinfi/example/paired_executables/basicmath_small/execs/leader-inline/exec_basicmath_small_inline_inline
Run Number: #241
DEBUG FI: /home/rmengle/pin/pin -t /home/rmengle/pin/source/tools/pinfi/obj-intel64/faultinjection.so -fioption AllInst -- /home/rmengle/pin/source/tools/pinfi/example/paired_executables/basicmath_small/execs/leader-inline/exec_basicmath_small_inline_inline
Run Number: #242
DEBUG FI: /home/rmengle/pin/pin -t /home/rmengle/pin/source/tools/pinfi/obj-intel64/faultinjection.so -fioption AllInst -- /home/rmengle/pin/source/tools/pinfi/example/paired_executables/basicmath_small/execs/leader-inline/exec_basicmath_small_inline_inline
Run Number: #243
DEBUG FI: /home/rmengle/pin/pin -t /home/rmengle/pin/source/tools/pinfi/obj-intel64/faultinjection.so -fioption AllInst -- /home/rmengle/pin/source/tools/pinfi/example/paired_executables/basicmath_small/execs/leader-inline/exec_basicmath_small_inline_inline
Run Number: #244
DEBUG FI: /home/rmengle/pin/pin -t /home/rmengle/pin/source/tools/pinfi/obj-intel64/faultinjection.so -fioption AllInst -- /home/rmengle/pin/source/tools/pinfi/example/paired_executables/basicmath_small/execs/leader-inline/exec_basicmath_small_inline_inline
Run Number: #245
DEBUG FI: /home/rmengle/pin/pin -t /home/rmengle/pin/source/tools/pinfi/obj-intel64/faultinjection.so -fioption AllInst -- /home/rmengle/pin/source/tools/pinfi/example/paired_executables/basicmath_small/execs/leader-inline/exec_basicmath_small_inline_inline
Run Number: #246
DEBUG FI: /home/rmengle/pin/pin -t /home/rmengle/pin/source/tools/pinfi/obj-intel64/faultinjection.so -fioption AllInst -- /home/rmengle/pin/source/tools/pinfi/example/paired_executables/basicmath_small/execs/leader-inline/exec_basicmath_small_inline_inline
Run Number: #247
DEBUG FI: /home/rmengle/pin/pin -t /home/rmengle/pin/source/tools/pinfi/obj-intel64/faultinjection.so -fioption AllInst -- /home/rmengle/pin/source/tools/pinfi/example/paired_executables/basicmath_small/execs/leader-inline/exec_basicmath_small_inline_inline
Run Number: #248
DEBUG FI: /home/rmengle/pin/pin -t /home/rmengle/pin/source/tools/pinfi/obj-intel64/faultinjection.so -fioption AllInst -- /home/rmengle/pin/source/tools/pinfi/example/paired_executables/basicmath_small/execs/leader-inline/exec_basicmath_small_inline_inline
Run Number: #249
DEBUG FI: /home/rmengle/pin/pin -t /home/rmengle/pin/source/tools/pinfi/obj-intel64/faultinjection.so -fioption AllInst -- /home/rmengle/pin/source/tools/pinfi/example/paired_executables/basicmath_small/execs/leader-inline/exec_basicmath_small_inline_inline
Run Number: #250
DEBUG FI: /home/rmengle/pin/pin -t /home/rmengle/pin/source/tools/pinfi/obj-intel64/faultinjection.so -fioption AllInst -- /home/rmengle/pin/source/tools/pinfi/example/paired_executables/basicmath_small/execs/leader-inline/exec_basicmath_small_inline_inline
Run Number: #251
DEBUG FI: /home/rmengle/pin/pin -t /home/rmengle/pin/source/tools/pinfi/obj-intel64/faultinjection.so -fioption AllInst -- /home/rmengle/pin/source/tools/pinfi/example/paired_executables/basicmath_small/execs/leader-inline/exec_basicmath_small_inline_inline
Run Number: #252
DEBUG FI: /home/rmengle/pin/pin -t /home/rmengle/pin/source/tools/pinfi/obj-intel64/faultinjection.so -fioption AllInst -- /home/rmengle/pin/source/tools/pinfi/example/paired_executables/basicmath_small/execs/leader-inline/exec_basicmath_small_inline_inline
Run Number: #253
DEBUG FI: /home/rmengle/pin/pin -t /home/rmengle/pin/source/tools/pinfi/obj-intel64/faultinjection.so -fioption AllInst -- /home/rmengle/pin/source/tools/pinfi/example/paired_executables/basicmath_small/execs/leader-inline/exec_basicmath_small_inline_inline
Run Number: #254
DEBUG FI: /home/rmengle/pin/pin -t /home/rmengle/pin/source/tools/pinfi/obj-intel64/faultinjection.so -fioption AllInst -- /home/rmengle/pin/source/tools/pinfi/example/paired_executables/basicmath_small/execs/leader-inline/exec_basicmath_small_inline_inline
Run Number: #255
DEBUG FI: /home/rmengle/pin/pin -t /home/rmengle/pin/source/tools/pinfi/obj-intel64/faultinjection.so -fioption AllInst -- /home/rmengle/pin/source/tools/pinfi/example/paired_executables/basicmath_small/execs/leader-inline/exec_basicmath_small_inline_inline
Run Number: #256
DEBUG FI: /home/rmengle/pin/pin -t /home/rmengle/pin/source/tools/pinfi/obj-intel64/faultinjection.so -fioption AllInst -- /home/rmengle/pin/source/tools/pinfi/example/paired_executables/basicmath_small/execs/leader-inline/exec_basicmath_small_inline_inline
Run Number: #257
DEBUG FI: /home/rmengle/pin/pin -t /home/rmengle/pin/source/tools/pinfi/obj-intel64/faultinjection.so -fioption AllInst -- /home/rmengle/pin/source/tools/pinfi/example/paired_executables/basicmath_small/execs/leader-inline/exec_basicmath_small_inline_inline
Run Number: #258
DEBUG FI: /home/rmengle/pin/pin -t /home/rmengle/pin/source/tools/pinfi/obj-intel64/faultinjection.so -fioption AllInst -- /home/rmengle/pin/source/tools/pinfi/example/paired_executables/basicmath_small/execs/leader-inline/exec_basicmath_small_inline_inline
Run Number: #259
DEBUG FI: /home/rmengle/pin/pin -t /home/rmengle/pin/source/tools/pinfi/obj-intel64/faultinjection.so -fioption AllInst -- /home/rmengle/pin/source/tools/pinfi/example/paired_executables/basicmath_small/execs/leader-inline/exec_basicmath_small_inline_inline
Run Number: #260
DEBUG FI: /home/rmengle/pin/pin -t /home/rmengle/pin/source/tools/pinfi/obj-intel64/faultinjection.so -fioption AllInst -- /home/rmengle/pin/source/tools/pinfi/example/paired_executables/basicmath_small/execs/leader-inline/exec_basicmath_small_inline_inline
Run Number: #261
DEBUG FI: /home/rmengle/pin/pin -t /home/rmengle/pin/source/tools/pinfi/obj-intel64/faultinjection.so -fioption AllInst -- /home/rmengle/pin/source/tools/pinfi/example/paired_executables/basicmath_small/execs/leader-inline/exec_basicmath_small_inline_inline
Run Number: #262
DEBUG FI: /home/rmengle/pin/pin -t /home/rmengle/pin/source/tools/pinfi/obj-intel64/faultinjection.so -fioption AllInst -- /home/rmengle/pin/source/tools/pinfi/example/paired_executables/basicmath_small/execs/leader-inline/exec_basicmath_small_inline_inline
Run Number: #263
DEBUG FI: /home/rmengle/pin/pin -t /home/rmengle/pin/source/tools/pinfi/obj-intel64/faultinjection.so -fioption AllInst -- /home/rmengle/pin/source/tools/pinfi/example/paired_executables/basicmath_small/execs/leader-inline/exec_basicmath_small_inline_inline
Run Number: #264
DEBUG FI: /home/rmengle/pin/pin -t /home/rmengle/pin/source/tools/pinfi/obj-intel64/faultinjection.so -fioption AllInst -- /home/rmengle/pin/source/tools/pinfi/example/paired_executables/basicmath_small/execs/leader-inline/exec_basicmath_small_inline_inline
Run Number: #265
DEBUG FI: /home/rmengle/pin/pin -t /home/rmengle/pin/source/tools/pinfi/obj-intel64/faultinjection.so -fioption AllInst -- /home/rmengle/pin/source/tools/pinfi/example/paired_executables/basicmath_small/execs/leader-inline/exec_basicmath_small_inline_inline
Run Number: #266
DEBUG FI: /home/rmengle/pin/pin -t /home/rmengle/pin/source/tools/pinfi/obj-intel64/faultinjection.so -fioption AllInst -- /home/rmengle/pin/source/tools/pinfi/example/paired_executables/basicmath_small/execs/leader-inline/exec_basicmath_small_inline_inline
Run Number: #267
DEBUG FI: /home/rmengle/pin/pin -t /home/rmengle/pin/source/tools/pinfi/obj-intel64/faultinjection.so -fioption AllInst -- /home/rmengle/pin/source/tools/pinfi/example/paired_executables/basicmath_small/execs/leader-inline/exec_basicmath_small_inline_inline
Run Number: #268
DEBUG FI: /home/rmengle/pin/pin -t /home/rmengle/pin/source/tools/pinfi/obj-intel64/faultinjection.so -fioption AllInst -- /home/rmengle/pin/source/tools/pinfi/example/paired_executables/basicmath_small/execs/leader-inline/exec_basicmath_small_inline_inline
Run Number: #269
DEBUG FI: /home/rmengle/pin/pin -t /home/rmengle/pin/source/tools/pinfi/obj-intel64/faultinjection.so -fioption AllInst -- /home/rmengle/pin/source/tools/pinfi/example/paired_executables/basicmath_small/execs/leader-inline/exec_basicmath_small_inline_inline
Run Number: #270
DEBUG FI: /home/rmengle/pin/pin -t /home/rmengle/pin/source/tools/pinfi/obj-intel64/faultinjection.so -fioption AllInst -- /home/rmengle/pin/source/tools/pinfi/example/paired_executables/basicmath_small/execs/leader-inline/exec_basicmath_small_inline_inline
Run Number: #271
DEBUG FI: /home/rmengle/pin/pin -t /home/rmengle/pin/source/tools/pinfi/obj-intel64/faultinjection.so -fioption AllInst -- /home/rmengle/pin/source/tools/pinfi/example/paired_executables/basicmath_small/execs/leader-inline/exec_basicmath_small_inline_inline
Run Number: #272
DEBUG FI: /home/rmengle/pin/pin -t /home/rmengle/pin/source/tools/pinfi/obj-intel64/faultinjection.so -fioption AllInst -- /home/rmengle/pin/source/tools/pinfi/example/paired_executables/basicmath_small/execs/leader-inline/exec_basicmath_small_inline_inline
Run Number: #273
DEBUG FI: /home/rmengle/pin/pin -t /home/rmengle/pin/source/tools/pinfi/obj-intel64/faultinjection.so -fioption AllInst -- /home/rmengle/pin/source/tools/pinfi/example/paired_executables/basicmath_small/execs/leader-inline/exec_basicmath_small_inline_inline
Run Number: #274
DEBUG FI: /home/rmengle/pin/pin -t /home/rmengle/pin/source/tools/pinfi/obj-intel64/faultinjection.so -fioption AllInst -- /home/rmengle/pin/source/tools/pinfi/example/paired_executables/basicmath_small/execs/leader-inline/exec_basicmath_small_inline_inline
Run Number: #275
DEBUG FI: /home/rmengle/pin/pin -t /home/rmengle/pin/source/tools/pinfi/obj-intel64/faultinjection.so -fioption AllInst -- /home/rmengle/pin/source/tools/pinfi/example/paired_executables/basicmath_small/execs/leader-inline/exec_basicmath_small_inline_inline
Run Number: #276
DEBUG FI: /home/rmengle/pin/pin -t /home/rmengle/pin/source/tools/pinfi/obj-intel64/faultinjection.so -fioption AllInst -- /home/rmengle/pin/source/tools/pinfi/example/paired_executables/basicmath_small/execs/leader-inline/exec_basicmath_small_inline_inline
Run Number: #277
DEBUG FI: /home/rmengle/pin/pin -t /home/rmengle/pin/source/tools/pinfi/obj-intel64/faultinjection.so -fioption AllInst -- /home/rmengle/pin/source/tools/pinfi/example/paired_executables/basicmath_small/execs/leader-inline/exec_basicmath_small_inline_inline
Run Number: #278
DEBUG FI: /home/rmengle/pin/pin -t /home/rmengle/pin/source/tools/pinfi/obj-intel64/faultinjection.so -fioption AllInst -- /home/rmengle/pin/source/tools/pinfi/example/paired_executables/basicmath_small/execs/leader-inline/exec_basicmath_small_inline_inline
Run Number: #279
DEBUG FI: /home/rmengle/pin/pin -t /home/rmengle/pin/source/tools/pinfi/obj-intel64/faultinjection.so -fioption AllInst -- /home/rmengle/pin/source/tools/pinfi/example/paired_executables/basicmath_small/execs/leader-inline/exec_basicmath_small_inline_inline
Run Number: #280
DEBUG FI: /home/rmengle/pin/pin -t /home/rmengle/pin/source/tools/pinfi/obj-intel64/faultinjection.so -fioption AllInst -- /home/rmengle/pin/source/tools/pinfi/example/paired_executables/basicmath_small/execs/leader-inline/exec_basicmath_small_inline_inline
Run Number: #281
DEBUG FI: /home/rmengle/pin/pin -t /home/rmengle/pin/source/tools/pinfi/obj-intel64/faultinjection.so -fioption AllInst -- /home/rmengle/pin/source/tools/pinfi/example/paired_executables/basicmath_small/execs/leader-inline/exec_basicmath_small_inline_inline
Run Number: #282
DEBUG FI: /home/rmengle/pin/pin -t /home/rmengle/pin/source/tools/pinfi/obj-intel64/faultinjection.so -fioption AllInst -- /home/rmengle/pin/source/tools/pinfi/example/paired_executables/basicmath_small/execs/leader-inline/exec_basicmath_small_inline_inline
Run Number: #283
DEBUG FI: /home/rmengle/pin/pin -t /home/rmengle/pin/source/tools/pinfi/obj-intel64/faultinjection.so -fioption AllInst -- /home/rmengle/pin/source/tools/pinfi/example/paired_executables/basicmath_small/execs/leader-inline/exec_basicmath_small_inline_inline
Run Number: #284
DEBUG FI: /home/rmengle/pin/pin -t /home/rmengle/pin/source/tools/pinfi/obj-intel64/faultinjection.so -fioption AllInst -- /home/rmengle/pin/source/tools/pinfi/example/paired_executables/basicmath_small/execs/leader-inline/exec_basicmath_small_inline_inline
Run Number: #285
DEBUG FI: /home/rmengle/pin/pin -t /home/rmengle/pin/source/tools/pinfi/obj-intel64/faultinjection.so -fioption AllInst -- /home/rmengle/pin/source/tools/pinfi/example/paired_executables/basicmath_small/execs/leader-inline/exec_basicmath_small_inline_inline
Run Number: #286
DEBUG FI: /home/rmengle/pin/pin -t /home/rmengle/pin/source/tools/pinfi/obj-intel64/faultinjection.so -fioption AllInst -- /home/rmengle/pin/source/tools/pinfi/example/paired_executables/basicmath_small/execs/leader-inline/exec_basicmath_small_inline_inline
Run Number: #287
DEBUG FI: /home/rmengle/pin/pin -t /home/rmengle/pin/source/tools/pinfi/obj-intel64/faultinjection.so -fioption AllInst -- /home/rmengle/pin/source/tools/pinfi/example/paired_executables/basicmath_small/execs/leader-inline/exec_basicmath_small_inline_inline
Run Number: #288
DEBUG FI: /home/rmengle/pin/pin -t /home/rmengle/pin/source/tools/pinfi/obj-intel64/faultinjection.so -fioption AllInst -- /home/rmengle/pin/source/tools/pinfi/example/paired_executables/basicmath_small/execs/leader-inline/exec_basicmath_small_inline_inline
Run Number: #289
DEBUG FI: /home/rmengle/pin/pin -t /home/rmengle/pin/source/tools/pinfi/obj-intel64/faultinjection.so -fioption AllInst -- /home/rmengle/pin/source/tools/pinfi/example/paired_executables/basicmath_small/execs/leader-inline/exec_basicmath_small_inline_inline
Run Number: #290
DEBUG FI: /home/rmengle/pin/pin -t /home/rmengle/pin/source/tools/pinfi/obj-intel64/faultinjection.so -fioption AllInst -- /home/rmengle/pin/source/tools/pinfi/example/paired_executables/basicmath_small/execs/leader-inline/exec_basicmath_small_inline_inline
Run Number: #291
DEBUG FI: /home/rmengle/pin/pin -t /home/rmengle/pin/source/tools/pinfi/obj-intel64/faultinjection.so -fioption AllInst -- /home/rmengle/pin/source/tools/pinfi/example/paired_executables/basicmath_small/execs/leader-inline/exec_basicmath_small_inline_inline
Run Number: #292
DEBUG FI: /home/rmengle/pin/pin -t /home/rmengle/pin/source/tools/pinfi/obj-intel64/faultinjection.so -fioption AllInst -- /home/rmengle/pin/source/tools/pinfi/example/paired_executables/basicmath_small/execs/leader-inline/exec_basicmath_small_inline_inline
Run Number: #293
DEBUG FI: /home/rmengle/pin/pin -t /home/rmengle/pin/source/tools/pinfi/obj-intel64/faultinjection.so -fioption AllInst -- /home/rmengle/pin/source/tools/pinfi/example/paired_executables/basicmath_small/execs/leader-inline/exec_basicmath_small_inline_inline
Run Number: #294
DEBUG FI: /home/rmengle/pin/pin -t /home/rmengle/pin/source/tools/pinfi/obj-intel64/faultinjection.so -fioption AllInst -- /home/rmengle/pin/source/tools/pinfi/example/paired_executables/basicmath_small/execs/leader-inline/exec_basicmath_small_inline_inline
Run Number: #295
DEBUG FI: /home/rmengle/pin/pin -t /home/rmengle/pin/source/tools/pinfi/obj-intel64/faultinjection.so -fioption AllInst -- /home/rmengle/pin/source/tools/pinfi/example/paired_executables/basicmath_small/execs/leader-inline/exec_basicmath_small_inline_inline
Run Number: #296
DEBUG FI: /home/rmengle/pin/pin -t /home/rmengle/pin/source/tools/pinfi/obj-intel64/faultinjection.so -fioption AllInst -- /home/rmengle/pin/source/tools/pinfi/example/paired_executables/basicmath_small/execs/leader-inline/exec_basicmath_small_inline_inline
Run Number: #297
DEBUG FI: /home/rmengle/pin/pin -t /home/rmengle/pin/source/tools/pinfi/obj-intel64/faultinjection.so -fioption AllInst -- /home/rmengle/pin/source/tools/pinfi/example/paired_executables/basicmath_small/execs/leader-inline/exec_basicmath_small_inline_inline
Run Number: #298
DEBUG FI: /home/rmengle/pin/pin -t /home/rmengle/pin/source/tools/pinfi/obj-intel64/faultinjection.so -fioption AllInst -- /home/rmengle/pin/source/tools/pinfi/example/paired_executables/basicmath_small/execs/leader-inline/exec_basicmath_small_inline_inline
Run Number: #299
DEBUG FI: /home/rmengle/pin/pin -t /home/rmengle/pin/source/tools/pinfi/obj-intel64/faultinjection.so -fioption AllInst -- /home/rmengle/pin/source/tools/pinfi/example/paired_executables/basicmath_small/execs/leader-inline/exec_basicmath_small_inline_inline
Run Number: #300
DEBUG FI: /home/rmengle/pin/pin -t /home/rmengle/pin/source/tools/pinfi/obj-intel64/faultinjection.so -fioption AllInst -- /home/rmengle/pin/source/tools/pinfi/example/paired_executables/basicmath_small/execs/leader-inline/exec_basicmath_small_inline_inline
Run Number: #301
DEBUG FI: /home/rmengle/pin/pin -t /home/rmengle/pin/source/tools/pinfi/obj-intel64/faultinjection.so -fioption AllInst -- /home/rmengle/pin/source/tools/pinfi/example/paired_executables/basicmath_small/execs/leader-inline/exec_basicmath_small_inline_inline
Run Number: #302
DEBUG FI: /home/rmengle/pin/pin -t /home/rmengle/pin/source/tools/pinfi/obj-intel64/faultinjection.so -fioption AllInst -- /home/rmengle/pin/source/tools/pinfi/example/paired_executables/basicmath_small/execs/leader-inline/exec_basicmath_small_inline_inline
Run Number: #303
DEBUG FI: /home/rmengle/pin/pin -t /home/rmengle/pin/source/tools/pinfi/obj-intel64/faultinjection.so -fioption AllInst -- /home/rmengle/pin/source/tools/pinfi/example/paired_executables/basicmath_small/execs/leader-inline/exec_basicmath_small_inline_inline
Run Number: #304
DEBUG FI: /home/rmengle/pin/pin -t /home/rmengle/pin/source/tools/pinfi/obj-intel64/faultinjection.so -fioption AllInst -- /home/rmengle/pin/source/tools/pinfi/example/paired_executables/basicmath_small/execs/leader-inline/exec_basicmath_small_inline_inline
Run Number: #305
DEBUG FI: /home/rmengle/pin/pin -t /home/rmengle/pin/source/tools/pinfi/obj-intel64/faultinjection.so -fioption AllInst -- /home/rmengle/pin/source/tools/pinfi/example/paired_executables/basicmath_small/execs/leader-inline/exec_basicmath_small_inline_inline
Run Number: #306
DEBUG FI: /home/rmengle/pin/pin -t /home/rmengle/pin/source/tools/pinfi/obj-intel64/faultinjection.so -fioption AllInst -- /home/rmengle/pin/source/tools/pinfi/example/paired_executables/basicmath_small/execs/leader-inline/exec_basicmath_small_inline_inline
Run Number: #307
DEBUG FI: /home/rmengle/pin/pin -t /home/rmengle/pin/source/tools/pinfi/obj-intel64/faultinjection.so -fioption AllInst -- /home/rmengle/pin/source/tools/pinfi/example/paired_executables/basicmath_small/execs/leader-inline/exec_basicmath_small_inline_inline
Run Number: #308
DEBUG FI: /home/rmengle/pin/pin -t /home/rmengle/pin/source/tools/pinfi/obj-intel64/faultinjection.so -fioption AllInst -- /home/rmengle/pin/source/tools/pinfi/example/paired_executables/basicmath_small/execs/leader-inline/exec_basicmath_small_inline_inline
Run Number: #309
DEBUG FI: /home/rmengle/pin/pin -t /home/rmengle/pin/source/tools/pinfi/obj-intel64/faultinjection.so -fioption AllInst -- /home/rmengle/pin/source/tools/pinfi/example/paired_executables/basicmath_small/execs/leader-inline/exec_basicmath_small_inline_inline
Run Number: #310
DEBUG FI: /home/rmengle/pin/pin -t /home/rmengle/pin/source/tools/pinfi/obj-intel64/faultinjection.so -fioption AllInst -- /home/rmengle/pin/source/tools/pinfi/example/paired_executables/basicmath_small/execs/leader-inline/exec_basicmath_small_inline_inline
Run Number: #311
DEBUG FI: /home/rmengle/pin/pin -t /home/rmengle/pin/source/tools/pinfi/obj-intel64/faultinjection.so -fioption AllInst -- /home/rmengle/pin/source/tools/pinfi/example/paired_executables/basicmath_small/execs/leader-inline/exec_basicmath_small_inline_inline
Run Number: #312
DEBUG FI: /home/rmengle/pin/pin -t /home/rmengle/pin/source/tools/pinfi/obj-intel64/faultinjection.so -fioption AllInst -- /home/rmengle/pin/source/tools/pinfi/example/paired_executables/basicmath_small/execs/leader-inline/exec_basicmath_small_inline_inline
Run Number: #313
DEBUG FI: /home/rmengle/pin/pin -t /home/rmengle/pin/source/tools/pinfi/obj-intel64/faultinjection.so -fioption AllInst -- /home/rmengle/pin/source/tools/pinfi/example/paired_executables/basicmath_small/execs/leader-inline/exec_basicmath_small_inline_inline
Run Number: #314
DEBUG FI: /home/rmengle/pin/pin -t /home/rmengle/pin/source/tools/pinfi/obj-intel64/faultinjection.so -fioption AllInst -- /home/rmengle/pin/source/tools/pinfi/example/paired_executables/basicmath_small/execs/leader-inline/exec_basicmath_small_inline_inline
Run Number: #315
DEBUG FI: /home/rmengle/pin/pin -t /home/rmengle/pin/source/tools/pinfi/obj-intel64/faultinjection.so -fioption AllInst -- /home/rmengle/pin/source/tools/pinfi/example/paired_executables/basicmath_small/execs/leader-inline/exec_basicmath_small_inline_inline
Run Number: #316
DEBUG FI: /home/rmengle/pin/pin -t /home/rmengle/pin/source/tools/pinfi/obj-intel64/faultinjection.so -fioption AllInst -- /home/rmengle/pin/source/tools/pinfi/example/paired_executables/basicmath_small/execs/leader-inline/exec_basicmath_small_inline_inline
Run Number: #317
DEBUG FI: /home/rmengle/pin/pin -t /home/rmengle/pin/source/tools/pinfi/obj-intel64/faultinjection.so -fioption AllInst -- /home/rmengle/pin/source/tools/pinfi/example/paired_executables/basicmath_small/execs/leader-inline/exec_basicmath_small_inline_inline
Run Number: #318
DEBUG FI: /home/rmengle/pin/pin -t /home/rmengle/pin/source/tools/pinfi/obj-intel64/faultinjection.so -fioption AllInst -- /home/rmengle/pin/source/tools/pinfi/example/paired_executables/basicmath_small/execs/leader-inline/exec_basicmath_small_inline_inline
Run Number: #319
DEBUG FI: /home/rmengle/pin/pin -t /home/rmengle/pin/source/tools/pinfi/obj-intel64/faultinjection.so -fioption AllInst -- /home/rmengle/pin/source/tools/pinfi/example/paired_executables/basicmath_small/execs/leader-inline/exec_basicmath_small_inline_inline
Run Number: #320
DEBUG FI: /home/rmengle/pin/pin -t /home/rmengle/pin/source/tools/pinfi/obj-intel64/faultinjection.so -fioption AllInst -- /home/rmengle/pin/source/tools/pinfi/example/paired_executables/basicmath_small/execs/leader-inline/exec_basicmath_small_inline_inline
Run Number: #321
DEBUG FI: /home/rmengle/pin/pin -t /home/rmengle/pin/source/tools/pinfi/obj-intel64/faultinjection.so -fioption AllInst -- /home/rmengle/pin/source/tools/pinfi/example/paired_executables/basicmath_small/execs/leader-inline/exec_basicmath_small_inline_inline
Run Number: #322
DEBUG FI: /home/rmengle/pin/pin -t /home/rmengle/pin/source/tools/pinfi/obj-intel64/faultinjection.so -fioption AllInst -- /home/rmengle/pin/source/tools/pinfi/example/paired_executables/basicmath_small/execs/leader-inline/exec_basicmath_small_inline_inline
Run Number: #323
DEBUG FI: /home/rmengle/pin/pin -t /home/rmengle/pin/source/tools/pinfi/obj-intel64/faultinjection.so -fioption AllInst -- /home/rmengle/pin/source/tools/pinfi/example/paired_executables/basicmath_small/execs/leader-inline/exec_basicmath_small_inline_inline
Run Number: #324
DEBUG FI: /home/rmengle/pin/pin -t /home/rmengle/pin/source/tools/pinfi/obj-intel64/faultinjection.so -fioption AllInst -- /home/rmengle/pin/source/tools/pinfi/example/paired_executables/basicmath_small/execs/leader-inline/exec_basicmath_small_inline_inline
Run Number: #325
DEBUG FI: /home/rmengle/pin/pin -t /home/rmengle/pin/source/tools/pinfi/obj-intel64/faultinjection.so -fioption AllInst -- /home/rmengle/pin/source/tools/pinfi/example/paired_executables/basicmath_small/execs/leader-inline/exec_basicmath_small_inline_inline
Run Number: #326
DEBUG FI: /home/rmengle/pin/pin -t /home/rmengle/pin/source/tools/pinfi/obj-intel64/faultinjection.so -fioption AllInst -- /home/rmengle/pin/source/tools/pinfi/example/paired_executables/basicmath_small/execs/leader-inline/exec_basicmath_small_inline_inline
Run Number: #327
DEBUG FI: /home/rmengle/pin/pin -t /home/rmengle/pin/source/tools/pinfi/obj-intel64/faultinjection.so -fioption AllInst -- /home/rmengle/pin/source/tools/pinfi/example/paired_executables/basicmath_small/execs/leader-inline/exec_basicmath_small_inline_inline
Run Number: #328
DEBUG FI: /home/rmengle/pin/pin -t /home/rmengle/pin/source/tools/pinfi/obj-intel64/faultinjection.so -fioption AllInst -- /home/rmengle/pin/source/tools/pinfi/example/paired_executables/basicmath_small/execs/leader-inline/exec_basicmath_small_inline_inline
Run Number: #329
DEBUG FI: /home/rmengle/pin/pin -t /home/rmengle/pin/source/tools/pinfi/obj-intel64/faultinjection.so -fioption AllInst -- /home/rmengle/pin/source/tools/pinfi/example/paired_executables/basicmath_small/execs/leader-inline/exec_basicmath_small_inline_inline
Run Number: #330
DEBUG FI: /home/rmengle/pin/pin -t /home/rmengle/pin/source/tools/pinfi/obj-intel64/faultinjection.so -fioption AllInst -- /home/rmengle/pin/source/tools/pinfi/example/paired_executables/basicmath_small/execs/leader-inline/exec_basicmath_small_inline_inline
Run Number: #331
DEBUG FI: /home/rmengle/pin/pin -t /home/rmengle/pin/source/tools/pinfi/obj-intel64/faultinjection.so -fioption AllInst -- /home/rmengle/pin/source/tools/pinfi/example/paired_executables/basicmath_small/execs/leader-inline/exec_basicmath_small_inline_inline
Run Number: #332
DEBUG FI: /home/rmengle/pin/pin -t /home/rmengle/pin/source/tools/pinfi/obj-intel64/faultinjection.so -fioption AllInst -- /home/rmengle/pin/source/tools/pinfi/example/paired_executables/basicmath_small/execs/leader-inline/exec_basicmath_small_inline_inline
Run Number: #333
DEBUG FI: /home/rmengle/pin/pin -t /home/rmengle/pin/source/tools/pinfi/obj-intel64/faultinjection.so -fioption AllInst -- /home/rmengle/pin/source/tools/pinfi/example/paired_executables/basicmath_small/execs/leader-inline/exec_basicmath_small_inline_inline
Run Number: #334
DEBUG FI: /home/rmengle/pin/pin -t /home/rmengle/pin/source/tools/pinfi/obj-intel64/faultinjection.so -fioption AllInst -- /home/rmengle/pin/source/tools/pinfi/example/paired_executables/basicmath_small/execs/leader-inline/exec_basicmath_small_inline_inline
Run Number: #335
DEBUG FI: /home/rmengle/pin/pin -t /home/rmengle/pin/source/tools/pinfi/obj-intel64/faultinjection.so -fioption AllInst -- /home/rmengle/pin/source/tools/pinfi/example/paired_executables/basicmath_small/execs/leader-inline/exec_basicmath_small_inline_inline
Run Number: #336
DEBUG FI: /home/rmengle/pin/pin -t /home/rmengle/pin/source/tools/pinfi/obj-intel64/faultinjection.so -fioption AllInst -- /home/rmengle/pin/source/tools/pinfi/example/paired_executables/basicmath_small/execs/leader-inline/exec_basicmath_small_inline_inline
Run Number: #337
DEBUG FI: /home/rmengle/pin/pin -t /home/rmengle/pin/source/tools/pinfi/obj-intel64/faultinjection.so -fioption AllInst -- /home/rmengle/pin/source/tools/pinfi/example/paired_executables/basicmath_small/execs/leader-inline/exec_basicmath_small_inline_inline
Run Number: #338
DEBUG FI: /home/rmengle/pin/pin -t /home/rmengle/pin/source/tools/pinfi/obj-intel64/faultinjection.so -fioption AllInst -- /home/rmengle/pin/source/tools/pinfi/example/paired_executables/basicmath_small/execs/leader-inline/exec_basicmath_small_inline_inline
Run Number: #339
DEBUG FI: /home/rmengle/pin/pin -t /home/rmengle/pin/source/tools/pinfi/obj-intel64/faultinjection.so -fioption AllInst -- /home/rmengle/pin/source/tools/pinfi/example/paired_executables/basicmath_small/execs/leader-inline/exec_basicmath_small_inline_inline
Run Number: #340
DEBUG FI: /home/rmengle/pin/pin -t /home/rmengle/pin/source/tools/pinfi/obj-intel64/faultinjection.so -fioption AllInst -- /home/rmengle/pin/source/tools/pinfi/example/paired_executables/basicmath_small/execs/leader-inline/exec_basicmath_small_inline_inline
Run Number: #341
DEBUG FI: /home/rmengle/pin/pin -t /home/rmengle/pin/source/tools/pinfi/obj-intel64/faultinjection.so -fioption AllInst -- /home/rmengle/pin/source/tools/pinfi/example/paired_executables/basicmath_small/execs/leader-inline/exec_basicmath_small_inline_inline
Run Number: #342
DEBUG FI: /home/rmengle/pin/pin -t /home/rmengle/pin/source/tools/pinfi/obj-intel64/faultinjection.so -fioption AllInst -- /home/rmengle/pin/source/tools/pinfi/example/paired_executables/basicmath_small/execs/leader-inline/exec_basicmath_small_inline_inline
Run Number: #343
DEBUG FI: /home/rmengle/pin/pin -t /home/rmengle/pin/source/tools/pinfi/obj-intel64/faultinjection.so -fioption AllInst -- /home/rmengle/pin/source/tools/pinfi/example/paired_executables/basicmath_small/execs/leader-inline/exec_basicmath_small_inline_inline
Run Number: #344
DEBUG FI: /home/rmengle/pin/pin -t /home/rmengle/pin/source/tools/pinfi/obj-intel64/faultinjection.so -fioption AllInst -- /home/rmengle/pin/source/tools/pinfi/example/paired_executables/basicmath_small/execs/leader-inline/exec_basicmath_small_inline_inline
Run Number: #345
DEBUG FI: /home/rmengle/pin/pin -t /home/rmengle/pin/source/tools/pinfi/obj-intel64/faultinjection.so -fioption AllInst -- /home/rmengle/pin/source/tools/pinfi/example/paired_executables/basicmath_small/execs/leader-inline/exec_basicmath_small_inline_inline
Run Number: #346
DEBUG FI: /home/rmengle/pin/pin -t /home/rmengle/pin/source/tools/pinfi/obj-intel64/faultinjection.so -fioption AllInst -- /home/rmengle/pin/source/tools/pinfi/example/paired_executables/basicmath_small/execs/leader-inline/exec_basicmath_small_inline_inline
Run Number: #347
DEBUG FI: /home/rmengle/pin/pin -t /home/rmengle/pin/source/tools/pinfi/obj-intel64/faultinjection.so -fioption AllInst -- /home/rmengle/pin/source/tools/pinfi/example/paired_executables/basicmath_small/execs/leader-inline/exec_basicmath_small_inline_inline
Run Number: #348
DEBUG FI: /home/rmengle/pin/pin -t /home/rmengle/pin/source/tools/pinfi/obj-intel64/faultinjection.so -fioption AllInst -- /home/rmengle/pin/source/tools/pinfi/example/paired_executables/basicmath_small/execs/leader-inline/exec_basicmath_small_inline_inline
Run Number: #349
DEBUG FI: /home/rmengle/pin/pin -t /home/rmengle/pin/source/tools/pinfi/obj-intel64/faultinjection.so -fioption AllInst -- /home/rmengle/pin/source/tools/pinfi/example/paired_executables/basicmath_small/execs/leader-inline/exec_basicmath_small_inline_inline
Run Number: #350
DEBUG FI: /home/rmengle/pin/pin -t /home/rmengle/pin/source/tools/pinfi/obj-intel64/faultinjection.so -fioption AllInst -- /home/rmengle/pin/source/tools/pinfi/example/paired_executables/basicmath_small/execs/leader-inline/exec_basicmath_small_inline_inline
Run Number: #351
DEBUG FI: /home/rmengle/pin/pin -t /home/rmengle/pin/source/tools/pinfi/obj-intel64/faultinjection.so -fioption AllInst -- /home/rmengle/pin/source/tools/pinfi/example/paired_executables/basicmath_small/execs/leader-inline/exec_basicmath_small_inline_inline
Run Number: #352
DEBUG FI: /home/rmengle/pin/pin -t /home/rmengle/pin/source/tools/pinfi/obj-intel64/faultinjection.so -fioption AllInst -- /home/rmengle/pin/source/tools/pinfi/example/paired_executables/basicmath_small/execs/leader-inline/exec_basicmath_small_inline_inline
Run Number: #353
DEBUG FI: /home/rmengle/pin/pin -t /home/rmengle/pin/source/tools/pinfi/obj-intel64/faultinjection.so -fioption AllInst -- /home/rmengle/pin/source/tools/pinfi/example/paired_executables/basicmath_small/execs/leader-inline/exec_basicmath_small_inline_inline
Run Number: #354
DEBUG FI: /home/rmengle/pin/pin -t /home/rmengle/pin/source/tools/pinfi/obj-intel64/faultinjection.so -fioption AllInst -- /home/rmengle/pin/source/tools/pinfi/example/paired_executables/basicmath_small/execs/leader-inline/exec_basicmath_small_inline_inline
Run Number: #355
DEBUG FI: /home/rmengle/pin/pin -t /home/rmengle/pin/source/tools/pinfi/obj-intel64/faultinjection.so -fioption AllInst -- /home/rmengle/pin/source/tools/pinfi/example/paired_executables/basicmath_small/execs/leader-inline/exec_basicmath_small_inline_inline
Run Number: #356
DEBUG FI: /home/rmengle/pin/pin -t /home/rmengle/pin/source/tools/pinfi/obj-intel64/faultinjection.so -fioption AllInst -- /home/rmengle/pin/source/tools/pinfi/example/paired_executables/basicmath_small/execs/leader-inline/exec_basicmath_small_inline_inline
Run Number: #357
DEBUG FI: /home/rmengle/pin/pin -t /home/rmengle/pin/source/tools/pinfi/obj-intel64/faultinjection.so -fioption AllInst -- /home/rmengle/pin/source/tools/pinfi/example/paired_executables/basicmath_small/execs/leader-inline/exec_basicmath_small_inline_inline
Run Number: #358
DEBUG FI: /home/rmengle/pin/pin -t /home/rmengle/pin/source/tools/pinfi/obj-intel64/faultinjection.so -fioption AllInst -- /home/rmengle/pin/source/tools/pinfi/example/paired_executables/basicmath_small/execs/leader-inline/exec_basicmath_small_inline_inline
Run Number: #359
DEBUG FI: /home/rmengle/pin/pin -t /home/rmengle/pin/source/tools/pinfi/obj-intel64/faultinjection.so -fioption AllInst -- /home/rmengle/pin/source/tools/pinfi/example/paired_executables/basicmath_small/execs/leader-inline/exec_basicmath_small_inline_inline
Run Number: #360
DEBUG FI: /home/rmengle/pin/pin -t /home/rmengle/pin/source/tools/pinfi/obj-intel64/faultinjection.so -fioption AllInst -- /home/rmengle/pin/source/tools/pinfi/example/paired_executables/basicmath_small/execs/leader-inline/exec_basicmath_small_inline_inline
Run Number: #361
DEBUG FI: /home/rmengle/pin/pin -t /home/rmengle/pin/source/tools/pinfi/obj-intel64/faultinjection.so -fioption AllInst -- /home/rmengle/pin/source/tools/pinfi/example/paired_executables/basicmath_small/execs/leader-inline/exec_basicmath_small_inline_inline
Run Number: #362
DEBUG FI: /home/rmengle/pin/pin -t /home/rmengle/pin/source/tools/pinfi/obj-intel64/faultinjection.so -fioption AllInst -- /home/rmengle/pin/source/tools/pinfi/example/paired_executables/basicmath_small/execs/leader-inline/exec_basicmath_small_inline_inline
Run Number: #363
DEBUG FI: /home/rmengle/pin/pin -t /home/rmengle/pin/source/tools/pinfi/obj-intel64/faultinjection.so -fioption AllInst -- /home/rmengle/pin/source/tools/pinfi/example/paired_executables/basicmath_small/execs/leader-inline/exec_basicmath_small_inline_inline
Run Number: #364
DEBUG FI: /home/rmengle/pin/pin -t /home/rmengle/pin/source/tools/pinfi/obj-intel64/faultinjection.so -fioption AllInst -- /home/rmengle/pin/source/tools/pinfi/example/paired_executables/basicmath_small/execs/leader-inline/exec_basicmath_small_inline_inline
Run Number: #365
DEBUG FI: /home/rmengle/pin/pin -t /home/rmengle/pin/source/tools/pinfi/obj-intel64/faultinjection.so -fioption AllInst -- /home/rmengle/pin/source/tools/pinfi/example/paired_executables/basicmath_small/execs/leader-inline/exec_basicmath_small_inline_inline
Run Number: #366
DEBUG FI: /home/rmengle/pin/pin -t /home/rmengle/pin/source/tools/pinfi/obj-intel64/faultinjection.so -fioption AllInst -- /home/rmengle/pin/source/tools/pinfi/example/paired_executables/basicmath_small/execs/leader-inline/exec_basicmath_small_inline_inline
Run Number: #367
DEBUG FI: /home/rmengle/pin/pin -t /home/rmengle/pin/source/tools/pinfi/obj-intel64/faultinjection.so -fioption AllInst -- /home/rmengle/pin/source/tools/pinfi/example/paired_executables/basicmath_small/execs/leader-inline/exec_basicmath_small_inline_inline
Run Number: #368
DEBUG FI: /home/rmengle/pin/pin -t /home/rmengle/pin/source/tools/pinfi/obj-intel64/faultinjection.so -fioption AllInst -- /home/rmengle/pin/source/tools/pinfi/example/paired_executables/basicmath_small/execs/leader-inline/exec_basicmath_small_inline_inline
Run Number: #369
DEBUG FI: /home/rmengle/pin/pin -t /home/rmengle/pin/source/tools/pinfi/obj-intel64/faultinjection.so -fioption AllInst -- /home/rmengle/pin/source/tools/pinfi/example/paired_executables/basicmath_small/execs/leader-inline/exec_basicmath_small_inline_inline
Run Number: #370
DEBUG FI: /home/rmengle/pin/pin -t /home/rmengle/pin/source/tools/pinfi/obj-intel64/faultinjection.so -fioption AllInst -- /home/rmengle/pin/source/tools/pinfi/example/paired_executables/basicmath_small/execs/leader-inline/exec_basicmath_small_inline_inline
Run Number: #371
DEBUG FI: /home/rmengle/pin/pin -t /home/rmengle/pin/source/tools/pinfi/obj-intel64/faultinjection.so -fioption AllInst -- /home/rmengle/pin/source/tools/pinfi/example/paired_executables/basicmath_small/execs/leader-inline/exec_basicmath_small_inline_inline
Run Number: #372
DEBUG FI: /home/rmengle/pin/pin -t /home/rmengle/pin/source/tools/pinfi/obj-intel64/faultinjection.so -fioption AllInst -- /home/rmengle/pin/source/tools/pinfi/example/paired_executables/basicmath_small/execs/leader-inline/exec_basicmath_small_inline_inline
Run Number: #373
DEBUG FI: /home/rmengle/pin/pin -t /home/rmengle/pin/source/tools/pinfi/obj-intel64/faultinjection.so -fioption AllInst -- /home/rmengle/pin/source/tools/pinfi/example/paired_executables/basicmath_small/execs/leader-inline/exec_basicmath_small_inline_inline
Run Number: #374
DEBUG FI: /home/rmengle/pin/pin -t /home/rmengle/pin/source/tools/pinfi/obj-intel64/faultinjection.so -fioption AllInst -- /home/rmengle/pin/source/tools/pinfi/example/paired_executables/basicmath_small/execs/leader-inline/exec_basicmath_small_inline_inline
Run Number: #375
DEBUG FI: /home/rmengle/pin/pin -t /home/rmengle/pin/source/tools/pinfi/obj-intel64/faultinjection.so -fioption AllInst -- /home/rmengle/pin/source/tools/pinfi/example/paired_executables/basicmath_small/execs/leader-inline/exec_basicmath_small_inline_inline
Run Number: #376
DEBUG FI: /home/rmengle/pin/pin -t /home/rmengle/pin/source/tools/pinfi/obj-intel64/faultinjection.so -fioption AllInst -- /home/rmengle/pin/source/tools/pinfi/example/paired_executables/basicmath_small/execs/leader-inline/exec_basicmath_small_inline_inline
Run Number: #377
DEBUG FI: /home/rmengle/pin/pin -t /home/rmengle/pin/source/tools/pinfi/obj-intel64/faultinjection.so -fioption AllInst -- /home/rmengle/pin/source/tools/pinfi/example/paired_executables/basicmath_small/execs/leader-inline/exec_basicmath_small_inline_inline
Run Number: #378
DEBUG FI: /home/rmengle/pin/pin -t /home/rmengle/pin/source/tools/pinfi/obj-intel64/faultinjection.so -fioption AllInst -- /home/rmengle/pin/source/tools/pinfi/example/paired_executables/basicmath_small/execs/leader-inline/exec_basicmath_small_inline_inline
Run Number: #379
DEBUG FI: /home/rmengle/pin/pin -t /home/rmengle/pin/source/tools/pinfi/obj-intel64/faultinjection.so -fioption AllInst -- /home/rmengle/pin/source/tools/pinfi/example/paired_executables/basicmath_small/execs/leader-inline/exec_basicmath_small_inline_inline
Run Number: #380
DEBUG FI: /home/rmengle/pin/pin -t /home/rmengle/pin/source/tools/pinfi/obj-intel64/faultinjection.so -fioption AllInst -- /home/rmengle/pin/source/tools/pinfi/example/paired_executables/basicmath_small/execs/leader-inline/exec_basicmath_small_inline_inline
Run Number: #381
DEBUG FI: /home/rmengle/pin/pin -t /home/rmengle/pin/source/tools/pinfi/obj-intel64/faultinjection.so -fioption AllInst -- /home/rmengle/pin/source/tools/pinfi/example/paired_executables/basicmath_small/execs/leader-inline/exec_basicmath_small_inline_inline
Run Number: #382
DEBUG FI: /home/rmengle/pin/pin -t /home/rmengle/pin/source/tools/pinfi/obj-intel64/faultinjection.so -fioption AllInst -- /home/rmengle/pin/source/tools/pinfi/example/paired_executables/basicmath_small/execs/leader-inline/exec_basicmath_small_inline_inline
Run Number: #383
DEBUG FI: /home/rmengle/pin/pin -t /home/rmengle/pin/source/tools/pinfi/obj-intel64/faultinjection.so -fioption AllInst -- /home/rmengle/pin/source/tools/pinfi/example/paired_executables/basicmath_small/execs/leader-inline/exec_basicmath_small_inline_inline
Run Number: #384
DEBUG FI: /home/rmengle/pin/pin -t /home/rmengle/pin/source/tools/pinfi/obj-intel64/faultinjection.so -fioption AllInst -- /home/rmengle/pin/source/tools/pinfi/example/paired_executables/basicmath_small/execs/leader-inline/exec_basicmath_small_inline_inline
Run Number: #385
DEBUG FI: /home/rmengle/pin/pin -t /home/rmengle/pin/source/tools/pinfi/obj-intel64/faultinjection.so -fioption AllInst -- /home/rmengle/pin/source/tools/pinfi/example/paired_executables/basicmath_small/execs/leader-inline/exec_basicmath_small_inline_inline
Run Number: #386
DEBUG FI: /home/rmengle/pin/pin -t /home/rmengle/pin/source/tools/pinfi/obj-intel64/faultinjection.so -fioption AllInst -- /home/rmengle/pin/source/tools/pinfi/example/paired_executables/basicmath_small/execs/leader-inline/exec_basicmath_small_inline_inline
Run Number: #387
DEBUG FI: /home/rmengle/pin/pin -t /home/rmengle/pin/source/tools/pinfi/obj-intel64/faultinjection.so -fioption AllInst -- /home/rmengle/pin/source/tools/pinfi/example/paired_executables/basicmath_small/execs/leader-inline/exec_basicmath_small_inline_inline
Run Number: #388
DEBUG FI: /home/rmengle/pin/pin -t /home/rmengle/pin/source/tools/pinfi/obj-intel64/faultinjection.so -fioption AllInst -- /home/rmengle/pin/source/tools/pinfi/example/paired_executables/basicmath_small/execs/leader-inline/exec_basicmath_small_inline_inline
Run Number: #389
DEBUG FI: /home/rmengle/pin/pin -t /home/rmengle/pin/source/tools/pinfi/obj-intel64/faultinjection.so -fioption AllInst -- /home/rmengle/pin/source/tools/pinfi/example/paired_executables/basicmath_small/execs/leader-inline/exec_basicmath_small_inline_inline
Run Number: #390
DEBUG FI: /home/rmengle/pin/pin -t /home/rmengle/pin/source/tools/pinfi/obj-intel64/faultinjection.so -fioption AllInst -- /home/rmengle/pin/source/tools/pinfi/example/paired_executables/basicmath_small/execs/leader-inline/exec_basicmath_small_inline_inline
Run Number: #391
DEBUG FI: /home/rmengle/pin/pin -t /home/rmengle/pin/source/tools/pinfi/obj-intel64/faultinjection.so -fioption AllInst -- /home/rmengle/pin/source/tools/pinfi/example/paired_executables/basicmath_small/execs/leader-inline/exec_basicmath_small_inline_inline
Run Number: #392
DEBUG FI: /home/rmengle/pin/pin -t /home/rmengle/pin/source/tools/pinfi/obj-intel64/faultinjection.so -fioption AllInst -- /home/rmengle/pin/source/tools/pinfi/example/paired_executables/basicmath_small/execs/leader-inline/exec_basicmath_small_inline_inline
Run Number: #393
DEBUG FI: /home/rmengle/pin/pin -t /home/rmengle/pin/source/tools/pinfi/obj-intel64/faultinjection.so -fioption AllInst -- /home/rmengle/pin/source/tools/pinfi/example/paired_executables/basicmath_small/execs/leader-inline/exec_basicmath_small_inline_inline
Run Number: #394
DEBUG FI: /home/rmengle/pin/pin -t /home/rmengle/pin/source/tools/pinfi/obj-intel64/faultinjection.so -fioption AllInst -- /home/rmengle/pin/source/tools/pinfi/example/paired_executables/basicmath_small/execs/leader-inline/exec_basicmath_small_inline_inline
Run Number: #395
DEBUG FI: /home/rmengle/pin/pin -t /home/rmengle/pin/source/tools/pinfi/obj-intel64/faultinjection.so -fioption AllInst -- /home/rmengle/pin/source/tools/pinfi/example/paired_executables/basicmath_small/execs/leader-inline/exec_basicmath_small_inline_inline
Run Number: #396
DEBUG FI: /home/rmengle/pin/pin -t /home/rmengle/pin/source/tools/pinfi/obj-intel64/faultinjection.so -fioption AllInst -- /home/rmengle/pin/source/tools/pinfi/example/paired_executables/basicmath_small/execs/leader-inline/exec_basicmath_small_inline_inline
Run Number: #397
DEBUG FI: /home/rmengle/pin/pin -t /home/rmengle/pin/source/tools/pinfi/obj-intel64/faultinjection.so -fioption AllInst -- /home/rmengle/pin/source/tools/pinfi/example/paired_executables/basicmath_small/execs/leader-inline/exec_basicmath_small_inline_inline
Run Number: #398
DEBUG FI: /home/rmengle/pin/pin -t /home/rmengle/pin/source/tools/pinfi/obj-intel64/faultinjection.so -fioption AllInst -- /home/rmengle/pin/source/tools/pinfi/example/paired_executables/basicmath_small/execs/leader-inline/exec_basicmath_small_inline_inline
Run Number: #399
DEBUG FI: /home/rmengle/pin/pin -t /home/rmengle/pin/source/tools/pinfi/obj-intel64/faultinjection.so -fioption AllInst -- /home/rmengle/pin/source/tools/pinfi/example/paired_executables/basicmath_small/execs/leader-inline/exec_basicmath_small_inline_inline
Run Number: #400
DEBUG FI: /home/rmengle/pin/pin -t /home/rmengle/pin/source/tools/pinfi/obj-intel64/faultinjection.so -fioption AllInst -- /home/rmengle/pin/source/tools/pinfi/example/paired_executables/basicmath_small/execs/leader-inline/exec_basicmath_small_inline_inline
Run Number: #401
DEBUG FI: /home/rmengle/pin/pin -t /home/rmengle/pin/source/tools/pinfi/obj-intel64/faultinjection.so -fioption AllInst -- /home/rmengle/pin/source/tools/pinfi/example/paired_executables/basicmath_small/execs/leader-inline/exec_basicmath_small_inline_inline
Run Number: #402
DEBUG FI: /home/rmengle/pin/pin -t /home/rmengle/pin/source/tools/pinfi/obj-intel64/faultinjection.so -fioption AllInst -- /home/rmengle/pin/source/tools/pinfi/example/paired_executables/basicmath_small/execs/leader-inline/exec_basicmath_small_inline_inline
Run Number: #403
DEBUG FI: /home/rmengle/pin/pin -t /home/rmengle/pin/source/tools/pinfi/obj-intel64/faultinjection.so -fioption AllInst -- /home/rmengle/pin/source/tools/pinfi/example/paired_executables/basicmath_small/execs/leader-inline/exec_basicmath_small_inline_inline
Run Number: #404
DEBUG FI: /home/rmengle/pin/pin -t /home/rmengle/pin/source/tools/pinfi/obj-intel64/faultinjection.so -fioption AllInst -- /home/rmengle/pin/source/tools/pinfi/example/paired_executables/basicmath_small/execs/leader-inline/exec_basicmath_small_inline_inline
Run Number: #405
DEBUG FI: /home/rmengle/pin/pin -t /home/rmengle/pin/source/tools/pinfi/obj-intel64/faultinjection.so -fioption AllInst -- /home/rmengle/pin/source/tools/pinfi/example/paired_executables/basicmath_small/execs/leader-inline/exec_basicmath_small_inline_inline
Run Number: #406
DEBUG FI: /home/rmengle/pin/pin -t /home/rmengle/pin/source/tools/pinfi/obj-intel64/faultinjection.so -fioption AllInst -- /home/rmengle/pin/source/tools/pinfi/example/paired_executables/basicmath_small/execs/leader-inline/exec_basicmath_small_inline_inline
Run Number: #407
DEBUG FI: /home/rmengle/pin/pin -t /home/rmengle/pin/source/tools/pinfi/obj-intel64/faultinjection.so -fioption AllInst -- /home/rmengle/pin/source/tools/pinfi/example/paired_executables/basicmath_small/execs/leader-inline/exec_basicmath_small_inline_inline
Run Number: #408
DEBUG FI: /home/rmengle/pin/pin -t /home/rmengle/pin/source/tools/pinfi/obj-intel64/faultinjection.so -fioption AllInst -- /home/rmengle/pin/source/tools/pinfi/example/paired_executables/basicmath_small/execs/leader-inline/exec_basicmath_small_inline_inline
Run Number: #409
DEBUG FI: /home/rmengle/pin/pin -t /home/rmengle/pin/source/tools/pinfi/obj-intel64/faultinjection.so -fioption AllInst -- /home/rmengle/pin/source/tools/pinfi/example/paired_executables/basicmath_small/execs/leader-inline/exec_basicmath_small_inline_inline
Run Number: #410
DEBUG FI: /home/rmengle/pin/pin -t /home/rmengle/pin/source/tools/pinfi/obj-intel64/faultinjection.so -fioption AllInst -- /home/rmengle/pin/source/tools/pinfi/example/paired_executables/basicmath_small/execs/leader-inline/exec_basicmath_small_inline_inline
Run Number: #411
DEBUG FI: /home/rmengle/pin/pin -t /home/rmengle/pin/source/tools/pinfi/obj-intel64/faultinjection.so -fioption AllInst -- /home/rmengle/pin/source/tools/pinfi/example/paired_executables/basicmath_small/execs/leader-inline/exec_basicmath_small_inline_inline
Run Number: #412
DEBUG FI: /home/rmengle/pin/pin -t /home/rmengle/pin/source/tools/pinfi/obj-intel64/faultinjection.so -fioption AllInst -- /home/rmengle/pin/source/tools/pinfi/example/paired_executables/basicmath_small/execs/leader-inline/exec_basicmath_small_inline_inline
Run Number: #413
DEBUG FI: /home/rmengle/pin/pin -t /home/rmengle/pin/source/tools/pinfi/obj-intel64/faultinjection.so -fioption AllInst -- /home/rmengle/pin/source/tools/pinfi/example/paired_executables/basicmath_small/execs/leader-inline/exec_basicmath_small_inline_inline
Run Number: #414
DEBUG FI: /home/rmengle/pin/pin -t /home/rmengle/pin/source/tools/pinfi/obj-intel64/faultinjection.so -fioption AllInst -- /home/rmengle/pin/source/tools/pinfi/example/paired_executables/basicmath_small/execs/leader-inline/exec_basicmath_small_inline_inline
Run Number: #415
DEBUG FI: /home/rmengle/pin/pin -t /home/rmengle/pin/source/tools/pinfi/obj-intel64/faultinjection.so -fioption AllInst -- /home/rmengle/pin/source/tools/pinfi/example/paired_executables/basicmath_small/execs/leader-inline/exec_basicmath_small_inline_inline
Run Number: #416
DEBUG FI: /home/rmengle/pin/pin -t /home/rmengle/pin/source/tools/pinfi/obj-intel64/faultinjection.so -fioption AllInst -- /home/rmengle/pin/source/tools/pinfi/example/paired_executables/basicmath_small/execs/leader-inline/exec_basicmath_small_inline_inline
Run Number: #417
DEBUG FI: /home/rmengle/pin/pin -t /home/rmengle/pin/source/tools/pinfi/obj-intel64/faultinjection.so -fioption AllInst -- /home/rmengle/pin/source/tools/pinfi/example/paired_executables/basicmath_small/execs/leader-inline/exec_basicmath_small_inline_inline
Run Number: #418
DEBUG FI: /home/rmengle/pin/pin -t /home/rmengle/pin/source/tools/pinfi/obj-intel64/faultinjection.so -fioption AllInst -- /home/rmengle/pin/source/tools/pinfi/example/paired_executables/basicmath_small/execs/leader-inline/exec_basicmath_small_inline_inline
Run Number: #419
DEBUG FI: /home/rmengle/pin/pin -t /home/rmengle/pin/source/tools/pinfi/obj-intel64/faultinjection.so -fioption AllInst -- /home/rmengle/pin/source/tools/pinfi/example/paired_executables/basicmath_small/execs/leader-inline/exec_basicmath_small_inline_inline
Run Number: #420
DEBUG FI: /home/rmengle/pin/pin -t /home/rmengle/pin/source/tools/pinfi/obj-intel64/faultinjection.so -fioption AllInst -- /home/rmengle/pin/source/tools/pinfi/example/paired_executables/basicmath_small/execs/leader-inline/exec_basicmath_small_inline_inline
Run Number: #421
DEBUG FI: /home/rmengle/pin/pin -t /home/rmengle/pin/source/tools/pinfi/obj-intel64/faultinjection.so -fioption AllInst -- /home/rmengle/pin/source/tools/pinfi/example/paired_executables/basicmath_small/execs/leader-inline/exec_basicmath_small_inline_inline
Run Number: #422
DEBUG FI: /home/rmengle/pin/pin -t /home/rmengle/pin/source/tools/pinfi/obj-intel64/faultinjection.so -fioption AllInst -- /home/rmengle/pin/source/tools/pinfi/example/paired_executables/basicmath_small/execs/leader-inline/exec_basicmath_small_inline_inline
Run Number: #423
DEBUG FI: /home/rmengle/pin/pin -t /home/rmengle/pin/source/tools/pinfi/obj-intel64/faultinjection.so -fioption AllInst -- /home/rmengle/pin/source/tools/pinfi/example/paired_executables/basicmath_small/execs/leader-inline/exec_basicmath_small_inline_inline
Run Number: #424
DEBUG FI: /home/rmengle/pin/pin -t /home/rmengle/pin/source/tools/pinfi/obj-intel64/faultinjection.so -fioption AllInst -- /home/rmengle/pin/source/tools/pinfi/example/paired_executables/basicmath_small/execs/leader-inline/exec_basicmath_small_inline_inline
Run Number: #425
DEBUG FI: /home/rmengle/pin/pin -t /home/rmengle/pin/source/tools/pinfi/obj-intel64/faultinjection.so -fioption AllInst -- /home/rmengle/pin/source/tools/pinfi/example/paired_executables/basicmath_small/execs/leader-inline/exec_basicmath_small_inline_inline
Run Number: #426
DEBUG FI: /home/rmengle/pin/pin -t /home/rmengle/pin/source/tools/pinfi/obj-intel64/faultinjection.so -fioption AllInst -- /home/rmengle/pin/source/tools/pinfi/example/paired_executables/basicmath_small/execs/leader-inline/exec_basicmath_small_inline_inline
Run Number: #427
DEBUG FI: /home/rmengle/pin/pin -t /home/rmengle/pin/source/tools/pinfi/obj-intel64/faultinjection.so -fioption AllInst -- /home/rmengle/pin/source/tools/pinfi/example/paired_executables/basicmath_small/execs/leader-inline/exec_basicmath_small_inline_inline
Run Number: #428
DEBUG FI: /home/rmengle/pin/pin -t /home/rmengle/pin/source/tools/pinfi/obj-intel64/faultinjection.so -fioption AllInst -- /home/rmengle/pin/source/tools/pinfi/example/paired_executables/basicmath_small/execs/leader-inline/exec_basicmath_small_inline_inline
Run Number: #429
DEBUG FI: /home/rmengle/pin/pin -t /home/rmengle/pin/source/tools/pinfi/obj-intel64/faultinjection.so -fioption AllInst -- /home/rmengle/pin/source/tools/pinfi/example/paired_executables/basicmath_small/execs/leader-inline/exec_basicmath_small_inline_inline
Run Number: #430
DEBUG FI: /home/rmengle/pin/pin -t /home/rmengle/pin/source/tools/pinfi/obj-intel64/faultinjection.so -fioption AllInst -- /home/rmengle/pin/source/tools/pinfi/example/paired_executables/basicmath_small/execs/leader-inline/exec_basicmath_small_inline_inline
Run Number: #431
DEBUG FI: /home/rmengle/pin/pin -t /home/rmengle/pin/source/tools/pinfi/obj-intel64/faultinjection.so -fioption AllInst -- /home/rmengle/pin/source/tools/pinfi/example/paired_executables/basicmath_small/execs/leader-inline/exec_basicmath_small_inline_inline
Run Number: #432
DEBUG FI: /home/rmengle/pin/pin -t /home/rmengle/pin/source/tools/pinfi/obj-intel64/faultinjection.so -fioption AllInst -- /home/rmengle/pin/source/tools/pinfi/example/paired_executables/basicmath_small/execs/leader-inline/exec_basicmath_small_inline_inline
Run Number: #433
DEBUG FI: /home/rmengle/pin/pin -t /home/rmengle/pin/source/tools/pinfi/obj-intel64/faultinjection.so -fioption AllInst -- /home/rmengle/pin/source/tools/pinfi/example/paired_executables/basicmath_small/execs/leader-inline/exec_basicmath_small_inline_inline
Run Number: #434
DEBUG FI: /home/rmengle/pin/pin -t /home/rmengle/pin/source/tools/pinfi/obj-intel64/faultinjection.so -fioption AllInst -- /home/rmengle/pin/source/tools/pinfi/example/paired_executables/basicmath_small/execs/leader-inline/exec_basicmath_small_inline_inline
Run Number: #435
DEBUG FI: /home/rmengle/pin/pin -t /home/rmengle/pin/source/tools/pinfi/obj-intel64/faultinjection.so -fioption AllInst -- /home/rmengle/pin/source/tools/pinfi/example/paired_executables/basicmath_small/execs/leader-inline/exec_basicmath_small_inline_inline
Run Number: #436
DEBUG FI: /home/rmengle/pin/pin -t /home/rmengle/pin/source/tools/pinfi/obj-intel64/faultinjection.so -fioption AllInst -- /home/rmengle/pin/source/tools/pinfi/example/paired_executables/basicmath_small/execs/leader-inline/exec_basicmath_small_inline_inline
Run Number: #437
DEBUG FI: /home/rmengle/pin/pin -t /home/rmengle/pin/source/tools/pinfi/obj-intel64/faultinjection.so -fioption AllInst -- /home/rmengle/pin/source/tools/pinfi/example/paired_executables/basicmath_small/execs/leader-inline/exec_basicmath_small_inline_inline
Run Number: #438
DEBUG FI: /home/rmengle/pin/pin -t /home/rmengle/pin/source/tools/pinfi/obj-intel64/faultinjection.so -fioption AllInst -- /home/rmengle/pin/source/tools/pinfi/example/paired_executables/basicmath_small/execs/leader-inline/exec_basicmath_small_inline_inline
Run Number: #439
DEBUG FI: /home/rmengle/pin/pin -t /home/rmengle/pin/source/tools/pinfi/obj-intel64/faultinjection.so -fioption AllInst -- /home/rmengle/pin/source/tools/pinfi/example/paired_executables/basicmath_small/execs/leader-inline/exec_basicmath_small_inline_inline
Run Number: #440
DEBUG FI: /home/rmengle/pin/pin -t /home/rmengle/pin/source/tools/pinfi/obj-intel64/faultinjection.so -fioption AllInst -- /home/rmengle/pin/source/tools/pinfi/example/paired_executables/basicmath_small/execs/leader-inline/exec_basicmath_small_inline_inline
Run Number: #441
DEBUG FI: /home/rmengle/pin/pin -t /home/rmengle/pin/source/tools/pinfi/obj-intel64/faultinjection.so -fioption AllInst -- /home/rmengle/pin/source/tools/pinfi/example/paired_executables/basicmath_small/execs/leader-inline/exec_basicmath_small_inline_inline
Run Number: #442
DEBUG FI: /home/rmengle/pin/pin -t /home/rmengle/pin/source/tools/pinfi/obj-intel64/faultinjection.so -fioption AllInst -- /home/rmengle/pin/source/tools/pinfi/example/paired_executables/basicmath_small/execs/leader-inline/exec_basicmath_small_inline_inline
Run Number: #443
DEBUG FI: /home/rmengle/pin/pin -t /home/rmengle/pin/source/tools/pinfi/obj-intel64/faultinjection.so -fioption AllInst -- /home/rmengle/pin/source/tools/pinfi/example/paired_executables/basicmath_small/execs/leader-inline/exec_basicmath_small_inline_inline
Run Number: #444
DEBUG FI: /home/rmengle/pin/pin -t /home/rmengle/pin/source/tools/pinfi/obj-intel64/faultinjection.so -fioption AllInst -- /home/rmengle/pin/source/tools/pinfi/example/paired_executables/basicmath_small/execs/leader-inline/exec_basicmath_small_inline_inline
Run Number: #445
DEBUG FI: /home/rmengle/pin/pin -t /home/rmengle/pin/source/tools/pinfi/obj-intel64/faultinjection.so -fioption AllInst -- /home/rmengle/pin/source/tools/pinfi/example/paired_executables/basicmath_small/execs/leader-inline/exec_basicmath_small_inline_inline
Run Number: #446
DEBUG FI: /home/rmengle/pin/pin -t /home/rmengle/pin/source/tools/pinfi/obj-intel64/faultinjection.so -fioption AllInst -- /home/rmengle/pin/source/tools/pinfi/example/paired_executables/basicmath_small/execs/leader-inline/exec_basicmath_small_inline_inline
Run Number: #447
DEBUG FI: /home/rmengle/pin/pin -t /home/rmengle/pin/source/tools/pinfi/obj-intel64/faultinjection.so -fioption AllInst -- /home/rmengle/pin/source/tools/pinfi/example/paired_executables/basicmath_small/execs/leader-inline/exec_basicmath_small_inline_inline
Run Number: #448
DEBUG FI: /home/rmengle/pin/pin -t /home/rmengle/pin/source/tools/pinfi/obj-intel64/faultinjection.so -fioption AllInst -- /home/rmengle/pin/source/tools/pinfi/example/paired_executables/basicmath_small/execs/leader-inline/exec_basicmath_small_inline_inline
Run Number: #449
DEBUG FI: /home/rmengle/pin/pin -t /home/rmengle/pin/source/tools/pinfi/obj-intel64/faultinjection.so -fioption AllInst -- /home/rmengle/pin/source/tools/pinfi/example/paired_executables/basicmath_small/execs/leader-inline/exec_basicmath_small_inline_inline
Run Number: #450
DEBUG FI: /home/rmengle/pin/pin -t /home/rmengle/pin/source/tools/pinfi/obj-intel64/faultinjection.so -fioption AllInst -- /home/rmengle/pin/source/tools/pinfi/example/paired_executables/basicmath_small/execs/leader-inline/exec_basicmath_small_inline_inline
Run Number: #451
DEBUG FI: /home/rmengle/pin/pin -t /home/rmengle/pin/source/tools/pinfi/obj-intel64/faultinjection.so -fioption AllInst -- /home/rmengle/pin/source/tools/pinfi/example/paired_executables/basicmath_small/execs/leader-inline/exec_basicmath_small_inline_inline
Run Number: #452
DEBUG FI: /home/rmengle/pin/pin -t /home/rmengle/pin/source/tools/pinfi/obj-intel64/faultinjection.so -fioption AllInst -- /home/rmengle/pin/source/tools/pinfi/example/paired_executables/basicmath_small/execs/leader-inline/exec_basicmath_small_inline_inline
Run Number: #453
DEBUG FI: /home/rmengle/pin/pin -t /home/rmengle/pin/source/tools/pinfi/obj-intel64/faultinjection.so -fioption AllInst -- /home/rmengle/pin/source/tools/pinfi/example/paired_executables/basicmath_small/execs/leader-inline/exec_basicmath_small_inline_inline
Run Number: #454
DEBUG FI: /home/rmengle/pin/pin -t /home/rmengle/pin/source/tools/pinfi/obj-intel64/faultinjection.so -fioption AllInst -- /home/rmengle/pin/source/tools/pinfi/example/paired_executables/basicmath_small/execs/leader-inline/exec_basicmath_small_inline_inline
Run Number: #455
DEBUG FI: /home/rmengle/pin/pin -t /home/rmengle/pin/source/tools/pinfi/obj-intel64/faultinjection.so -fioption AllInst -- /home/rmengle/pin/source/tools/pinfi/example/paired_executables/basicmath_small/execs/leader-inline/exec_basicmath_small_inline_inline
Run Number: #456
DEBUG FI: /home/rmengle/pin/pin -t /home/rmengle/pin/source/tools/pinfi/obj-intel64/faultinjection.so -fioption AllInst -- /home/rmengle/pin/source/tools/pinfi/example/paired_executables/basicmath_small/execs/leader-inline/exec_basicmath_small_inline_inline
Run Number: #457
DEBUG FI: /home/rmengle/pin/pin -t /home/rmengle/pin/source/tools/pinfi/obj-intel64/faultinjection.so -fioption AllInst -- /home/rmengle/pin/source/tools/pinfi/example/paired_executables/basicmath_small/execs/leader-inline/exec_basicmath_small_inline_inline
Run Number: #458
DEBUG FI: /home/rmengle/pin/pin -t /home/rmengle/pin/source/tools/pinfi/obj-intel64/faultinjection.so -fioption AllInst -- /home/rmengle/pin/source/tools/pinfi/example/paired_executables/basicmath_small/execs/leader-inline/exec_basicmath_small_inline_inline
Run Number: #459
DEBUG FI: /home/rmengle/pin/pin -t /home/rmengle/pin/source/tools/pinfi/obj-intel64/faultinjection.so -fioption AllInst -- /home/rmengle/pin/source/tools/pinfi/example/paired_executables/basicmath_small/execs/leader-inline/exec_basicmath_small_inline_inline
Run Number: #460
DEBUG FI: /home/rmengle/pin/pin -t /home/rmengle/pin/source/tools/pinfi/obj-intel64/faultinjection.so -fioption AllInst -- /home/rmengle/pin/source/tools/pinfi/example/paired_executables/basicmath_small/execs/leader-inline/exec_basicmath_small_inline_inline
Run Number: #461
DEBUG FI: /home/rmengle/pin/pin -t /home/rmengle/pin/source/tools/pinfi/obj-intel64/faultinjection.so -fioption AllInst -- /home/rmengle/pin/source/tools/pinfi/example/paired_executables/basicmath_small/execs/leader-inline/exec_basicmath_small_inline_inline
Run Number: #462
DEBUG FI: /home/rmengle/pin/pin -t /home/rmengle/pin/source/tools/pinfi/obj-intel64/faultinjection.so -fioption AllInst -- /home/rmengle/pin/source/tools/pinfi/example/paired_executables/basicmath_small/execs/leader-inline/exec_basicmath_small_inline_inline
Run Number: #463
DEBUG FI: /home/rmengle/pin/pin -t /home/rmengle/pin/source/tools/pinfi/obj-intel64/faultinjection.so -fioption AllInst -- /home/rmengle/pin/source/tools/pinfi/example/paired_executables/basicmath_small/execs/leader-inline/exec_basicmath_small_inline_inline
Run Number: #464
DEBUG FI: /home/rmengle/pin/pin -t /home/rmengle/pin/source/tools/pinfi/obj-intel64/faultinjection.so -fioption AllInst -- /home/rmengle/pin/source/tools/pinfi/example/paired_executables/basicmath_small/execs/leader-inline/exec_basicmath_small_inline_inline
Run Number: #465
DEBUG FI: /home/rmengle/pin/pin -t /home/rmengle/pin/source/tools/pinfi/obj-intel64/faultinjection.so -fioption AllInst -- /home/rmengle/pin/source/tools/pinfi/example/paired_executables/basicmath_small/execs/leader-inline/exec_basicmath_small_inline_inline
Run Number: #466
DEBUG FI: /home/rmengle/pin/pin -t /home/rmengle/pin/source/tools/pinfi/obj-intel64/faultinjection.so -fioption AllInst -- /home/rmengle/pin/source/tools/pinfi/example/paired_executables/basicmath_small/execs/leader-inline/exec_basicmath_small_inline_inline
Run Number: #467
DEBUG FI: /home/rmengle/pin/pin -t /home/rmengle/pin/source/tools/pinfi/obj-intel64/faultinjection.so -fioption AllInst -- /home/rmengle/pin/source/tools/pinfi/example/paired_executables/basicmath_small/execs/leader-inline/exec_basicmath_small_inline_inline
Run Number: #468
DEBUG FI: /home/rmengle/pin/pin -t /home/rmengle/pin/source/tools/pinfi/obj-intel64/faultinjection.so -fioption AllInst -- /home/rmengle/pin/source/tools/pinfi/example/paired_executables/basicmath_small/execs/leader-inline/exec_basicmath_small_inline_inline
Run Number: #469
DEBUG FI: /home/rmengle/pin/pin -t /home/rmengle/pin/source/tools/pinfi/obj-intel64/faultinjection.so -fioption AllInst -- /home/rmengle/pin/source/tools/pinfi/example/paired_executables/basicmath_small/execs/leader-inline/exec_basicmath_small_inline_inline
Run Number: #470
DEBUG FI: /home/rmengle/pin/pin -t /home/rmengle/pin/source/tools/pinfi/obj-intel64/faultinjection.so -fioption AllInst -- /home/rmengle/pin/source/tools/pinfi/example/paired_executables/basicmath_small/execs/leader-inline/exec_basicmath_small_inline_inline
Run Number: #471
DEBUG FI: /home/rmengle/pin/pin -t /home/rmengle/pin/source/tools/pinfi/obj-intel64/faultinjection.so -fioption AllInst -- /home/rmengle/pin/source/tools/pinfi/example/paired_executables/basicmath_small/execs/leader-inline/exec_basicmath_small_inline_inline
Run Number: #472
DEBUG FI: /home/rmengle/pin/pin -t /home/rmengle/pin/source/tools/pinfi/obj-intel64/faultinjection.so -fioption AllInst -- /home/rmengle/pin/source/tools/pinfi/example/paired_executables/basicmath_small/execs/leader-inline/exec_basicmath_small_inline_inline
Run Number: #473
DEBUG FI: /home/rmengle/pin/pin -t /home/rmengle/pin/source/tools/pinfi/obj-intel64/faultinjection.so -fioption AllInst -- /home/rmengle/pin/source/tools/pinfi/example/paired_executables/basicmath_small/execs/leader-inline/exec_basicmath_small_inline_inline
Run Number: #474
DEBUG FI: /home/rmengle/pin/pin -t /home/rmengle/pin/source/tools/pinfi/obj-intel64/faultinjection.so -fioption AllInst -- /home/rmengle/pin/source/tools/pinfi/example/paired_executables/basicmath_small/execs/leader-inline/exec_basicmath_small_inline_inline
Run Number: #475
DEBUG FI: /home/rmengle/pin/pin -t /home/rmengle/pin/source/tools/pinfi/obj-intel64/faultinjection.so -fioption AllInst -- /home/rmengle/pin/source/tools/pinfi/example/paired_executables/basicmath_small/execs/leader-inline/exec_basicmath_small_inline_inline
Run Number: #476
DEBUG FI: /home/rmengle/pin/pin -t /home/rmengle/pin/source/tools/pinfi/obj-intel64/faultinjection.so -fioption AllInst -- /home/rmengle/pin/source/tools/pinfi/example/paired_executables/basicmath_small/execs/leader-inline/exec_basicmath_small_inline_inline
Run Number: #477
DEBUG FI: /home/rmengle/pin/pin -t /home/rmengle/pin/source/tools/pinfi/obj-intel64/faultinjection.so -fioption AllInst -- /home/rmengle/pin/source/tools/pinfi/example/paired_executables/basicmath_small/execs/leader-inline/exec_basicmath_small_inline_inline
Run Number: #478
DEBUG FI: /home/rmengle/pin/pin -t /home/rmengle/pin/source/tools/pinfi/obj-intel64/faultinjection.so -fioption AllInst -- /home/rmengle/pin/source/tools/pinfi/example/paired_executables/basicmath_small/execs/leader-inline/exec_basicmath_small_inline_inline
Run Number: #479
DEBUG FI: /home/rmengle/pin/pin -t /home/rmengle/pin/source/tools/pinfi/obj-intel64/faultinjection.so -fioption AllInst -- /home/rmengle/pin/source/tools/pinfi/example/paired_executables/basicmath_small/execs/leader-inline/exec_basicmath_small_inline_inline
Run Number: #480
DEBUG FI: /home/rmengle/pin/pin -t /home/rmengle/pin/source/tools/pinfi/obj-intel64/faultinjection.so -fioption AllInst -- /home/rmengle/pin/source/tools/pinfi/example/paired_executables/basicmath_small/execs/leader-inline/exec_basicmath_small_inline_inline
Run Number: #481
DEBUG FI: /home/rmengle/pin/pin -t /home/rmengle/pin/source/tools/pinfi/obj-intel64/faultinjection.so -fioption AllInst -- /home/rmengle/pin/source/tools/pinfi/example/paired_executables/basicmath_small/execs/leader-inline/exec_basicmath_small_inline_inline
Run Number: #482
DEBUG FI: /home/rmengle/pin/pin -t /home/rmengle/pin/source/tools/pinfi/obj-intel64/faultinjection.so -fioption AllInst -- /home/rmengle/pin/source/tools/pinfi/example/paired_executables/basicmath_small/execs/leader-inline/exec_basicmath_small_inline_inline
Run Number: #483
DEBUG FI: /home/rmengle/pin/pin -t /home/rmengle/pin/source/tools/pinfi/obj-intel64/faultinjection.so -fioption AllInst -- /home/rmengle/pin/source/tools/pinfi/example/paired_executables/basicmath_small/execs/leader-inline/exec_basicmath_small_inline_inline
Run Number: #484
DEBUG FI: /home/rmengle/pin/pin -t /home/rmengle/pin/source/tools/pinfi/obj-intel64/faultinjection.so -fioption AllInst -- /home/rmengle/pin/source/tools/pinfi/example/paired_executables/basicmath_small/execs/leader-inline/exec_basicmath_small_inline_inline
Run Number: #485
DEBUG FI: /home/rmengle/pin/pin -t /home/rmengle/pin/source/tools/pinfi/obj-intel64/faultinjection.so -fioption AllInst -- /home/rmengle/pin/source/tools/pinfi/example/paired_executables/basicmath_small/execs/leader-inline/exec_basicmath_small_inline_inline
Run Number: #486
DEBUG FI: /home/rmengle/pin/pin -t /home/rmengle/pin/source/tools/pinfi/obj-intel64/faultinjection.so -fioption AllInst -- /home/rmengle/pin/source/tools/pinfi/example/paired_executables/basicmath_small/execs/leader-inline/exec_basicmath_small_inline_inline
Run Number: #487
DEBUG FI: /home/rmengle/pin/pin -t /home/rmengle/pin/source/tools/pinfi/obj-intel64/faultinjection.so -fioption AllInst -- /home/rmengle/pin/source/tools/pinfi/example/paired_executables/basicmath_small/execs/leader-inline/exec_basicmath_small_inline_inline
Run Number: #488
DEBUG FI: /home/rmengle/pin/pin -t /home/rmengle/pin/source/tools/pinfi/obj-intel64/faultinjection.so -fioption AllInst -- /home/rmengle/pin/source/tools/pinfi/example/paired_executables/basicmath_small/execs/leader-inline/exec_basicmath_small_inline_inline
Run Number: #489
DEBUG FI: /home/rmengle/pin/pin -t /home/rmengle/pin/source/tools/pinfi/obj-intel64/faultinjection.so -fioption AllInst -- /home/rmengle/pin/source/tools/pinfi/example/paired_executables/basicmath_small/execs/leader-inline/exec_basicmath_small_inline_inline
Run Number: #490
DEBUG FI: /home/rmengle/pin/pin -t /home/rmengle/pin/source/tools/pinfi/obj-intel64/faultinjection.so -fioption AllInst -- /home/rmengle/pin/source/tools/pinfi/example/paired_executables/basicmath_small/execs/leader-inline/exec_basicmath_small_inline_inline
Run Number: #491
DEBUG FI: /home/rmengle/pin/pin -t /home/rmengle/pin/source/tools/pinfi/obj-intel64/faultinjection.so -fioption AllInst -- /home/rmengle/pin/source/tools/pinfi/example/paired_executables/basicmath_small/execs/leader-inline/exec_basicmath_small_inline_inline
Run Number: #492
DEBUG FI: /home/rmengle/pin/pin -t /home/rmengle/pin/source/tools/pinfi/obj-intel64/faultinjection.so -fioption AllInst -- /home/rmengle/pin/source/tools/pinfi/example/paired_executables/basicmath_small/execs/leader-inline/exec_basicmath_small_inline_inline
Run Number: #493
DEBUG FI: /home/rmengle/pin/pin -t /home/rmengle/pin/source/tools/pinfi/obj-intel64/faultinjection.so -fioption AllInst -- /home/rmengle/pin/source/tools/pinfi/example/paired_executables/basicmath_small/execs/leader-inline/exec_basicmath_small_inline_inline
Run Number: #494
DEBUG FI: /home/rmengle/pin/pin -t /home/rmengle/pin/source/tools/pinfi/obj-intel64/faultinjection.so -fioption AllInst -- /home/rmengle/pin/source/tools/pinfi/example/paired_executables/basicmath_small/execs/leader-inline/exec_basicmath_small_inline_inline
Run Number: #495
DEBUG FI: /home/rmengle/pin/pin -t /home/rmengle/pin/source/tools/pinfi/obj-intel64/faultinjection.so -fioption AllInst -- /home/rmengle/pin/source/tools/pinfi/example/paired_executables/basicmath_small/execs/leader-inline/exec_basicmath_small_inline_inline
Run Number: #496
DEBUG FI: /home/rmengle/pin/pin -t /home/rmengle/pin/source/tools/pinfi/obj-intel64/faultinjection.so -fioption AllInst -- /home/rmengle/pin/source/tools/pinfi/example/paired_executables/basicmath_small/execs/leader-inline/exec_basicmath_small_inline_inline
Run Number: #497
DEBUG FI: /home/rmengle/pin/pin -t /home/rmengle/pin/source/tools/pinfi/obj-intel64/faultinjection.so -fioption AllInst -- /home/rmengle/pin/source/tools/pinfi/example/paired_executables/basicmath_small/execs/leader-inline/exec_basicmath_small_inline_inline
Run Number: #498
DEBUG FI: /home/rmengle/pin/pin -t /home/rmengle/pin/source/tools/pinfi/obj-intel64/faultinjection.so -fioption AllInst -- /home/rmengle/pin/source/tools/pinfi/example/paired_executables/basicmath_small/execs/leader-inline/exec_basicmath_small_inline_inline
Run Number: #499
DEBUG FI: /home/rmengle/pin/pin -t /home/rmengle/pin/source/tools/pinfi/obj-intel64/faultinjection.so -fioption AllInst -- /home/rmengle/pin/source/tools/pinfi/example/paired_executables/basicmath_small/execs/leader-inline/exec_basicmath_small_inline_inline
Run Number: #500
DEBUG FI: /home/rmengle/pin/pin -t /home/rmengle/pin/source/tools/pinfi/obj-intel64/faultinjection.so -fioption AllInst -- /home/rmengle/pin/source/tools/pinfi/example/paired_executables/basicmath_small/execs/leader-inline/exec_basicmath_small_inline_inline
Run Number: #501
DEBUG FI: /home/rmengle/pin/pin -t /home/rmengle/pin/source/tools/pinfi/obj-intel64/faultinjection.so -fioption AllInst -- /home/rmengle/pin/source/tools/pinfi/example/paired_executables/basicmath_small/execs/leader-inline/exec_basicmath_small_inline_inline
Run Number: #502
DEBUG FI: /home/rmengle/pin/pin -t /home/rmengle/pin/source/tools/pinfi/obj-intel64/faultinjection.so -fioption AllInst -- /home/rmengle/pin/source/tools/pinfi/example/paired_executables/basicmath_small/execs/leader-inline/exec_basicmath_small_inline_inline
Run Number: #503
DEBUG FI: /home/rmengle/pin/pin -t /home/rmengle/pin/source/tools/pinfi/obj-intel64/faultinjection.so -fioption AllInst -- /home/rmengle/pin/source/tools/pinfi/example/paired_executables/basicmath_small/execs/leader-inline/exec_basicmath_small_inline_inline
Run Number: #504
DEBUG FI: /home/rmengle/pin/pin -t /home/rmengle/pin/source/tools/pinfi/obj-intel64/faultinjection.so -fioption AllInst -- /home/rmengle/pin/source/tools/pinfi/example/paired_executables/basicmath_small/execs/leader-inline/exec_basicmath_small_inline_inline
Run Number: #505
DEBUG FI: /home/rmengle/pin/pin -t /home/rmengle/pin/source/tools/pinfi/obj-intel64/faultinjection.so -fioption AllInst -- /home/rmengle/pin/source/tools/pinfi/example/paired_executables/basicmath_small/execs/leader-inline/exec_basicmath_small_inline_inline
Run Number: #506
DEBUG FI: /home/rmengle/pin/pin -t /home/rmengle/pin/source/tools/pinfi/obj-intel64/faultinjection.so -fioption AllInst -- /home/rmengle/pin/source/tools/pinfi/example/paired_executables/basicmath_small/execs/leader-inline/exec_basicmath_small_inline_inline
Run Number: #507
DEBUG FI: /home/rmengle/pin/pin -t /home/rmengle/pin/source/tools/pinfi/obj-intel64/faultinjection.so -fioption AllInst -- /home/rmengle/pin/source/tools/pinfi/example/paired_executables/basicmath_small/execs/leader-inline/exec_basicmath_small_inline_inline
Run Number: #508
DEBUG FI: /home/rmengle/pin/pin -t /home/rmengle/pin/source/tools/pinfi/obj-intel64/faultinjection.so -fioption AllInst -- /home/rmengle/pin/source/tools/pinfi/example/paired_executables/basicmath_small/execs/leader-inline/exec_basicmath_small_inline_inline
Run Number: #509
DEBUG FI: /home/rmengle/pin/pin -t /home/rmengle/pin/source/tools/pinfi/obj-intel64/faultinjection.so -fioption AllInst -- /home/rmengle/pin/source/tools/pinfi/example/paired_executables/basicmath_small/execs/leader-inline/exec_basicmath_small_inline_inline
Run Number: #510
DEBUG FI: /home/rmengle/pin/pin -t /home/rmengle/pin/source/tools/pinfi/obj-intel64/faultinjection.so -fioption AllInst -- /home/rmengle/pin/source/tools/pinfi/example/paired_executables/basicmath_small/execs/leader-inline/exec_basicmath_small_inline_inline
Run Number: #511
DEBUG FI: /home/rmengle/pin/pin -t /home/rmengle/pin/source/tools/pinfi/obj-intel64/faultinjection.so -fioption AllInst -- /home/rmengle/pin/source/tools/pinfi/example/paired_executables/basicmath_small/execs/leader-inline/exec_basicmath_small_inline_inline
Run Number: #512
DEBUG FI: /home/rmengle/pin/pin -t /home/rmengle/pin/source/tools/pinfi/obj-intel64/faultinjection.so -fioption AllInst -- /home/rmengle/pin/source/tools/pinfi/example/paired_executables/basicmath_small/execs/leader-inline/exec_basicmath_small_inline_inline
Run Number: #513
DEBUG FI: /home/rmengle/pin/pin -t /home/rmengle/pin/source/tools/pinfi/obj-intel64/faultinjection.so -fioption AllInst -- /home/rmengle/pin/source/tools/pinfi/example/paired_executables/basicmath_small/execs/leader-inline/exec_basicmath_small_inline_inline
Run Number: #514
DEBUG FI: /home/rmengle/pin/pin -t /home/rmengle/pin/source/tools/pinfi/obj-intel64/faultinjection.so -fioption AllInst -- /home/rmengle/pin/source/tools/pinfi/example/paired_executables/basicmath_small/execs/leader-inline/exec_basicmath_small_inline_inline
Run Number: #515
DEBUG FI: /home/rmengle/pin/pin -t /home/rmengle/pin/source/tools/pinfi/obj-intel64/faultinjection.so -fioption AllInst -- /home/rmengle/pin/source/tools/pinfi/example/paired_executables/basicmath_small/execs/leader-inline/exec_basicmath_small_inline_inline
Run Number: #516
DEBUG FI: /home/rmengle/pin/pin -t /home/rmengle/pin/source/tools/pinfi/obj-intel64/faultinjection.so -fioption AllInst -- /home/rmengle/pin/source/tools/pinfi/example/paired_executables/basicmath_small/execs/leader-inline/exec_basicmath_small_inline_inline
Run Number: #517
DEBUG FI: /home/rmengle/pin/pin -t /home/rmengle/pin/source/tools/pinfi/obj-intel64/faultinjection.so -fioption AllInst -- /home/rmengle/pin/source/tools/pinfi/example/paired_executables/basicmath_small/execs/leader-inline/exec_basicmath_small_inline_inline
Run Number: #518
DEBUG FI: /home/rmengle/pin/pin -t /home/rmengle/pin/source/tools/pinfi/obj-intel64/faultinjection.so -fioption AllInst -- /home/rmengle/pin/source/tools/pinfi/example/paired_executables/basicmath_small/execs/leader-inline/exec_basicmath_small_inline_inline
Run Number: #519
DEBUG FI: /home/rmengle/pin/pin -t /home/rmengle/pin/source/tools/pinfi/obj-intel64/faultinjection.so -fioption AllInst -- /home/rmengle/pin/source/tools/pinfi/example/paired_executables/basicmath_small/execs/leader-inline/exec_basicmath_small_inline_inline
Run Number: #520
DEBUG FI: /home/rmengle/pin/pin -t /home/rmengle/pin/source/tools/pinfi/obj-intel64/faultinjection.so -fioption AllInst -- /home/rmengle/pin/source/tools/pinfi/example/paired_executables/basicmath_small/execs/leader-inline/exec_basicmath_small_inline_inline
Run Number: #521
DEBUG FI: /home/rmengle/pin/pin -t /home/rmengle/pin/source/tools/pinfi/obj-intel64/faultinjection.so -fioption AllInst -- /home/rmengle/pin/source/tools/pinfi/example/paired_executables/basicmath_small/execs/leader-inline/exec_basicmath_small_inline_inline
Run Number: #522
DEBUG FI: /home/rmengle/pin/pin -t /home/rmengle/pin/source/tools/pinfi/obj-intel64/faultinjection.so -fioption AllInst -- /home/rmengle/pin/source/tools/pinfi/example/paired_executables/basicmath_small/execs/leader-inline/exec_basicmath_small_inline_inline
Run Number: #523
DEBUG FI: /home/rmengle/pin/pin -t /home/rmengle/pin/source/tools/pinfi/obj-intel64/faultinjection.so -fioption AllInst -- /home/rmengle/pin/source/tools/pinfi/example/paired_executables/basicmath_small/execs/leader-inline/exec_basicmath_small_inline_inline
Run Number: #524
DEBUG FI: /home/rmengle/pin/pin -t /home/rmengle/pin/source/tools/pinfi/obj-intel64/faultinjection.so -fioption AllInst -- /home/rmengle/pin/source/tools/pinfi/example/paired_executables/basicmath_small/execs/leader-inline/exec_basicmath_small_inline_inline
Run Number: #525
DEBUG FI: /home/rmengle/pin/pin -t /home/rmengle/pin/source/tools/pinfi/obj-intel64/faultinjection.so -fioption AllInst -- /home/rmengle/pin/source/tools/pinfi/example/paired_executables/basicmath_small/execs/leader-inline/exec_basicmath_small_inline_inline
Run Number: #526
DEBUG FI: /home/rmengle/pin/pin -t /home/rmengle/pin/source/tools/pinfi/obj-intel64/faultinjection.so -fioption AllInst -- /home/rmengle/pin/source/tools/pinfi/example/paired_executables/basicmath_small/execs/leader-inline/exec_basicmath_small_inline_inline
Run Number: #527
DEBUG FI: /home/rmengle/pin/pin -t /home/rmengle/pin/source/tools/pinfi/obj-intel64/faultinjection.so -fioption AllInst -- /home/rmengle/pin/source/tools/pinfi/example/paired_executables/basicmath_small/execs/leader-inline/exec_basicmath_small_inline_inline
Run Number: #528
DEBUG FI: /home/rmengle/pin/pin -t /home/rmengle/pin/source/tools/pinfi/obj-intel64/faultinjection.so -fioption AllInst -- /home/rmengle/pin/source/tools/pinfi/example/paired_executables/basicmath_small/execs/leader-inline/exec_basicmath_small_inline_inline
Run Number: #529
DEBUG FI: /home/rmengle/pin/pin -t /home/rmengle/pin/source/tools/pinfi/obj-intel64/faultinjection.so -fioption AllInst -- /home/rmengle/pin/source/tools/pinfi/example/paired_executables/basicmath_small/execs/leader-inline/exec_basicmath_small_inline_inline
Run Number: #530
DEBUG FI: /home/rmengle/pin/pin -t /home/rmengle/pin/source/tools/pinfi/obj-intel64/faultinjection.so -fioption AllInst -- /home/rmengle/pin/source/tools/pinfi/example/paired_executables/basicmath_small/execs/leader-inline/exec_basicmath_small_inline_inline
Run Number: #531
DEBUG FI: /home/rmengle/pin/pin -t /home/rmengle/pin/source/tools/pinfi/obj-intel64/faultinjection.so -fioption AllInst -- /home/rmengle/pin/source/tools/pinfi/example/paired_executables/basicmath_small/execs/leader-inline/exec_basicmath_small_inline_inline
Run Number: #532
DEBUG FI: /home/rmengle/pin/pin -t /home/rmengle/pin/source/tools/pinfi/obj-intel64/faultinjection.so -fioption AllInst -- /home/rmengle/pin/source/tools/pinfi/example/paired_executables/basicmath_small/execs/leader-inline/exec_basicmath_small_inline_inline
Run Number: #533
DEBUG FI: /home/rmengle/pin/pin -t /home/rmengle/pin/source/tools/pinfi/obj-intel64/faultinjection.so -fioption AllInst -- /home/rmengle/pin/source/tools/pinfi/example/paired_executables/basicmath_small/execs/leader-inline/exec_basicmath_small_inline_inline
Run Number: #534
DEBUG FI: /home/rmengle/pin/pin -t /home/rmengle/pin/source/tools/pinfi/obj-intel64/faultinjection.so -fioption AllInst -- /home/rmengle/pin/source/tools/pinfi/example/paired_executables/basicmath_small/execs/leader-inline/exec_basicmath_small_inline_inline
Run Number: #535
DEBUG FI: /home/rmengle/pin/pin -t /home/rmengle/pin/source/tools/pinfi/obj-intel64/faultinjection.so -fioption AllInst -- /home/rmengle/pin/source/tools/pinfi/example/paired_executables/basicmath_small/execs/leader-inline/exec_basicmath_small_inline_inline
Run Number: #536
DEBUG FI: /home/rmengle/pin/pin -t /home/rmengle/pin/source/tools/pinfi/obj-intel64/faultinjection.so -fioption AllInst -- /home/rmengle/pin/source/tools/pinfi/example/paired_executables/basicmath_small/execs/leader-inline/exec_basicmath_small_inline_inline
Run Number: #537
DEBUG FI: /home/rmengle/pin/pin -t /home/rmengle/pin/source/tools/pinfi/obj-intel64/faultinjection.so -fioption AllInst -- /home/rmengle/pin/source/tools/pinfi/example/paired_executables/basicmath_small/execs/leader-inline/exec_basicmath_small_inline_inline
Run Number: #538
DEBUG FI: /home/rmengle/pin/pin -t /home/rmengle/pin/source/tools/pinfi/obj-intel64/faultinjection.so -fioption AllInst -- /home/rmengle/pin/source/tools/pinfi/example/paired_executables/basicmath_small/execs/leader-inline/exec_basicmath_small_inline_inline
Run Number: #539
DEBUG FI: /home/rmengle/pin/pin -t /home/rmengle/pin/source/tools/pinfi/obj-intel64/faultinjection.so -fioption AllInst -- /home/rmengle/pin/source/tools/pinfi/example/paired_executables/basicmath_small/execs/leader-inline/exec_basicmath_small_inline_inline
Run Number: #540
DEBUG FI: /home/rmengle/pin/pin -t /home/rmengle/pin/source/tools/pinfi/obj-intel64/faultinjection.so -fioption AllInst -- /home/rmengle/pin/source/tools/pinfi/example/paired_executables/basicmath_small/execs/leader-inline/exec_basicmath_small_inline_inline
Run Number: #541
DEBUG FI: /home/rmengle/pin/pin -t /home/rmengle/pin/source/tools/pinfi/obj-intel64/faultinjection.so -fioption AllInst -- /home/rmengle/pin/source/tools/pinfi/example/paired_executables/basicmath_small/execs/leader-inline/exec_basicmath_small_inline_inline
Run Number: #542
DEBUG FI: /home/rmengle/pin/pin -t /home/rmengle/pin/source/tools/pinfi/obj-intel64/faultinjection.so -fioption AllInst -- /home/rmengle/pin/source/tools/pinfi/example/paired_executables/basicmath_small/execs/leader-inline/exec_basicmath_small_inline_inline
Run Number: #543
DEBUG FI: /home/rmengle/pin/pin -t /home/rmengle/pin/source/tools/pinfi/obj-intel64/faultinjection.so -fioption AllInst -- /home/rmengle/pin/source/tools/pinfi/example/paired_executables/basicmath_small/execs/leader-inline/exec_basicmath_small_inline_inline
Run Number: #544
DEBUG FI: /home/rmengle/pin/pin -t /home/rmengle/pin/source/tools/pinfi/obj-intel64/faultinjection.so -fioption AllInst -- /home/rmengle/pin/source/tools/pinfi/example/paired_executables/basicmath_small/execs/leader-inline/exec_basicmath_small_inline_inline
Run Number: #545
DEBUG FI: /home/rmengle/pin/pin -t /home/rmengle/pin/source/tools/pinfi/obj-intel64/faultinjection.so -fioption AllInst -- /home/rmengle/pin/source/tools/pinfi/example/paired_executables/basicmath_small/execs/leader-inline/exec_basicmath_small_inline_inline
Run Number: #546
DEBUG FI: /home/rmengle/pin/pin -t /home/rmengle/pin/source/tools/pinfi/obj-intel64/faultinjection.so -fioption AllInst -- /home/rmengle/pin/source/tools/pinfi/example/paired_executables/basicmath_small/execs/leader-inline/exec_basicmath_small_inline_inline
Run Number: #547
DEBUG FI: /home/rmengle/pin/pin -t /home/rmengle/pin/source/tools/pinfi/obj-intel64/faultinjection.so -fioption AllInst -- /home/rmengle/pin/source/tools/pinfi/example/paired_executables/basicmath_small/execs/leader-inline/exec_basicmath_small_inline_inline
Run Number: #548
DEBUG FI: /home/rmengle/pin/pin -t /home/rmengle/pin/source/tools/pinfi/obj-intel64/faultinjection.so -fioption AllInst -- /home/rmengle/pin/source/tools/pinfi/example/paired_executables/basicmath_small/execs/leader-inline/exec_basicmath_small_inline_inline
Run Number: #549
DEBUG FI: /home/rmengle/pin/pin -t /home/rmengle/pin/source/tools/pinfi/obj-intel64/faultinjection.so -fioption AllInst -- /home/rmengle/pin/source/tools/pinfi/example/paired_executables/basicmath_small/execs/leader-inline/exec_basicmath_small_inline_inline
Run Number: #550
DEBUG FI: /home/rmengle/pin/pin -t /home/rmengle/pin/source/tools/pinfi/obj-intel64/faultinjection.so -fioption AllInst -- /home/rmengle/pin/source/tools/pinfi/example/paired_executables/basicmath_small/execs/leader-inline/exec_basicmath_small_inline_inline
Run Number: #551
DEBUG FI: /home/rmengle/pin/pin -t /home/rmengle/pin/source/tools/pinfi/obj-intel64/faultinjection.so -fioption AllInst -- /home/rmengle/pin/source/tools/pinfi/example/paired_executables/basicmath_small/execs/leader-inline/exec_basicmath_small_inline_inline
Run Number: #552
DEBUG FI: /home/rmengle/pin/pin -t /home/rmengle/pin/source/tools/pinfi/obj-intel64/faultinjection.so -fioption AllInst -- /home/rmengle/pin/source/tools/pinfi/example/paired_executables/basicmath_small/execs/leader-inline/exec_basicmath_small_inline_inline
Run Number: #553
DEBUG FI: /home/rmengle/pin/pin -t /home/rmengle/pin/source/tools/pinfi/obj-intel64/faultinjection.so -fioption AllInst -- /home/rmengle/pin/source/tools/pinfi/example/paired_executables/basicmath_small/execs/leader-inline/exec_basicmath_small_inline_inline
Run Number: #554
DEBUG FI: /home/rmengle/pin/pin -t /home/rmengle/pin/source/tools/pinfi/obj-intel64/faultinjection.so -fioption AllInst -- /home/rmengle/pin/source/tools/pinfi/example/paired_executables/basicmath_small/execs/leader-inline/exec_basicmath_small_inline_inline
Run Number: #555
DEBUG FI: /home/rmengle/pin/pin -t /home/rmengle/pin/source/tools/pinfi/obj-intel64/faultinjection.so -fioption AllInst -- /home/rmengle/pin/source/tools/pinfi/example/paired_executables/basicmath_small/execs/leader-inline/exec_basicmath_small_inline_inline
Run Number: #556
DEBUG FI: /home/rmengle/pin/pin -t /home/rmengle/pin/source/tools/pinfi/obj-intel64/faultinjection.so -fioption AllInst -- /home/rmengle/pin/source/tools/pinfi/example/paired_executables/basicmath_small/execs/leader-inline/exec_basicmath_small_inline_inline
Run Number: #557
DEBUG FI: /home/rmengle/pin/pin -t /home/rmengle/pin/source/tools/pinfi/obj-intel64/faultinjection.so -fioption AllInst -- /home/rmengle/pin/source/tools/pinfi/example/paired_executables/basicmath_small/execs/leader-inline/exec_basicmath_small_inline_inline
Run Number: #558
DEBUG FI: /home/rmengle/pin/pin -t /home/rmengle/pin/source/tools/pinfi/obj-intel64/faultinjection.so -fioption AllInst -- /home/rmengle/pin/source/tools/pinfi/example/paired_executables/basicmath_small/execs/leader-inline/exec_basicmath_small_inline_inline
Run Number: #559
DEBUG FI: /home/rmengle/pin/pin -t /home/rmengle/pin/source/tools/pinfi/obj-intel64/faultinjection.so -fioption AllInst -- /home/rmengle/pin/source/tools/pinfi/example/paired_executables/basicmath_small/execs/leader-inline/exec_basicmath_small_inline_inline
Run Number: #560
DEBUG FI: /home/rmengle/pin/pin -t /home/rmengle/pin/source/tools/pinfi/obj-intel64/faultinjection.so -fioption AllInst -- /home/rmengle/pin/source/tools/pinfi/example/paired_executables/basicmath_small/execs/leader-inline/exec_basicmath_small_inline_inline
Run Number: #561
DEBUG FI: /home/rmengle/pin/pin -t /home/rmengle/pin/source/tools/pinfi/obj-intel64/faultinjection.so -fioption AllInst -- /home/rmengle/pin/source/tools/pinfi/example/paired_executables/basicmath_small/execs/leader-inline/exec_basicmath_small_inline_inline
Run Number: #562
DEBUG FI: /home/rmengle/pin/pin -t /home/rmengle/pin/source/tools/pinfi/obj-intel64/faultinjection.so -fioption AllInst -- /home/rmengle/pin/source/tools/pinfi/example/paired_executables/basicmath_small/execs/leader-inline/exec_basicmath_small_inline_inline
Run Number: #563
DEBUG FI: /home/rmengle/pin/pin -t /home/rmengle/pin/source/tools/pinfi/obj-intel64/faultinjection.so -fioption AllInst -- /home/rmengle/pin/source/tools/pinfi/example/paired_executables/basicmath_small/execs/leader-inline/exec_basicmath_small_inline_inline
Run Number: #564
DEBUG FI: /home/rmengle/pin/pin -t /home/rmengle/pin/source/tools/pinfi/obj-intel64/faultinjection.so -fioption AllInst -- /home/rmengle/pin/source/tools/pinfi/example/paired_executables/basicmath_small/execs/leader-inline/exec_basicmath_small_inline_inline
Run Number: #565
DEBUG FI: /home/rmengle/pin/pin -t /home/rmengle/pin/source/tools/pinfi/obj-intel64/faultinjection.so -fioption AllInst -- /home/rmengle/pin/source/tools/pinfi/example/paired_executables/basicmath_small/execs/leader-inline/exec_basicmath_small_inline_inline
Run Number: #566
DEBUG FI: /home/rmengle/pin/pin -t /home/rmengle/pin/source/tools/pinfi/obj-intel64/faultinjection.so -fioption AllInst -- /home/rmengle/pin/source/tools/pinfi/example/paired_executables/basicmath_small/execs/leader-inline/exec_basicmath_small_inline_inline
Run Number: #567
DEBUG FI: /home/rmengle/pin/pin -t /home/rmengle/pin/source/tools/pinfi/obj-intel64/faultinjection.so -fioption AllInst -- /home/rmengle/pin/source/tools/pinfi/example/paired_executables/basicmath_small/execs/leader-inline/exec_basicmath_small_inline_inline
Run Number: #568
DEBUG FI: /home/rmengle/pin/pin -t /home/rmengle/pin/source/tools/pinfi/obj-intel64/faultinjection.so -fioption AllInst -- /home/rmengle/pin/source/tools/pinfi/example/paired_executables/basicmath_small/execs/leader-inline/exec_basicmath_small_inline_inline
Run Number: #569
DEBUG FI: /home/rmengle/pin/pin -t /home/rmengle/pin/source/tools/pinfi/obj-intel64/faultinjection.so -fioption AllInst -- /home/rmengle/pin/source/tools/pinfi/example/paired_executables/basicmath_small/execs/leader-inline/exec_basicmath_small_inline_inline
Run Number: #570
DEBUG FI: /home/rmengle/pin/pin -t /home/rmengle/pin/source/tools/pinfi/obj-intel64/faultinjection.so -fioption AllInst -- /home/rmengle/pin/source/tools/pinfi/example/paired_executables/basicmath_small/execs/leader-inline/exec_basicmath_small_inline_inline
Run Number: #571
DEBUG FI: /home/rmengle/pin/pin -t /home/rmengle/pin/source/tools/pinfi/obj-intel64/faultinjection.so -fioption AllInst -- /home/rmengle/pin/source/tools/pinfi/example/paired_executables/basicmath_small/execs/leader-inline/exec_basicmath_small_inline_inline
Run Number: #572
DEBUG FI: /home/rmengle/pin/pin -t /home/rmengle/pin/source/tools/pinfi/obj-intel64/faultinjection.so -fioption AllInst -- /home/rmengle/pin/source/tools/pinfi/example/paired_executables/basicmath_small/execs/leader-inline/exec_basicmath_small_inline_inline
Run Number: #573
DEBUG FI: /home/rmengle/pin/pin -t /home/rmengle/pin/source/tools/pinfi/obj-intel64/faultinjection.so -fioption AllInst -- /home/rmengle/pin/source/tools/pinfi/example/paired_executables/basicmath_small/execs/leader-inline/exec_basicmath_small_inline_inline
Run Number: #574
DEBUG FI: /home/rmengle/pin/pin -t /home/rmengle/pin/source/tools/pinfi/obj-intel64/faultinjection.so -fioption AllInst -- /home/rmengle/pin/source/tools/pinfi/example/paired_executables/basicmath_small/execs/leader-inline/exec_basicmath_small_inline_inline
Run Number: #575
DEBUG FI: /home/rmengle/pin/pin -t /home/rmengle/pin/source/tools/pinfi/obj-intel64/faultinjection.so -fioption AllInst -- /home/rmengle/pin/source/tools/pinfi/example/paired_executables/basicmath_small/execs/leader-inline/exec_basicmath_small_inline_inline
Run Number: #576
DEBUG FI: /home/rmengle/pin/pin -t /home/rmengle/pin/source/tools/pinfi/obj-intel64/faultinjection.so -fioption AllInst -- /home/rmengle/pin/source/tools/pinfi/example/paired_executables/basicmath_small/execs/leader-inline/exec_basicmath_small_inline_inline
Run Number: #577
DEBUG FI: /home/rmengle/pin/pin -t /home/rmengle/pin/source/tools/pinfi/obj-intel64/faultinjection.so -fioption AllInst -- /home/rmengle/pin/source/tools/pinfi/example/paired_executables/basicmath_small/execs/leader-inline/exec_basicmath_small_inline_inline
Run Number: #578
DEBUG FI: /home/rmengle/pin/pin -t /home/rmengle/pin/source/tools/pinfi/obj-intel64/faultinjection.so -fioption AllInst -- /home/rmengle/pin/source/tools/pinfi/example/paired_executables/basicmath_small/execs/leader-inline/exec_basicmath_small_inline_inline
Run Number: #579
DEBUG FI: /home/rmengle/pin/pin -t /home/rmengle/pin/source/tools/pinfi/obj-intel64/faultinjection.so -fioption AllInst -- /home/rmengle/pin/source/tools/pinfi/example/paired_executables/basicmath_small/execs/leader-inline/exec_basicmath_small_inline_inline
Run Number: #580
DEBUG FI: /home/rmengle/pin/pin -t /home/rmengle/pin/source/tools/pinfi/obj-intel64/faultinjection.so -fioption AllInst -- /home/rmengle/pin/source/tools/pinfi/example/paired_executables/basicmath_small/execs/leader-inline/exec_basicmath_small_inline_inline
Run Number: #581
DEBUG FI: /home/rmengle/pin/pin -t /home/rmengle/pin/source/tools/pinfi/obj-intel64/faultinjection.so -fioption AllInst -- /home/rmengle/pin/source/tools/pinfi/example/paired_executables/basicmath_small/execs/leader-inline/exec_basicmath_small_inline_inline
Run Number: #582
DEBUG FI: /home/rmengle/pin/pin -t /home/rmengle/pin/source/tools/pinfi/obj-intel64/faultinjection.so -fioption AllInst -- /home/rmengle/pin/source/tools/pinfi/example/paired_executables/basicmath_small/execs/leader-inline/exec_basicmath_small_inline_inline
Run Number: #583
DEBUG FI: /home/rmengle/pin/pin -t /home/rmengle/pin/source/tools/pinfi/obj-intel64/faultinjection.so -fioption AllInst -- /home/rmengle/pin/source/tools/pinfi/example/paired_executables/basicmath_small/execs/leader-inline/exec_basicmath_small_inline_inline
Run Number: #584
DEBUG FI: /home/rmengle/pin/pin -t /home/rmengle/pin/source/tools/pinfi/obj-intel64/faultinjection.so -fioption AllInst -- /home/rmengle/pin/source/tools/pinfi/example/paired_executables/basicmath_small/execs/leader-inline/exec_basicmath_small_inline_inline
Run Number: #585
DEBUG FI: /home/rmengle/pin/pin -t /home/rmengle/pin/source/tools/pinfi/obj-intel64/faultinjection.so -fioption AllInst -- /home/rmengle/pin/source/tools/pinfi/example/paired_executables/basicmath_small/execs/leader-inline/exec_basicmath_small_inline_inline
Run Number: #586
DEBUG FI: /home/rmengle/pin/pin -t /home/rmengle/pin/source/tools/pinfi/obj-intel64/faultinjection.so -fioption AllInst -- /home/rmengle/pin/source/tools/pinfi/example/paired_executables/basicmath_small/execs/leader-inline/exec_basicmath_small_inline_inline
Run Number: #587
DEBUG FI: /home/rmengle/pin/pin -t /home/rmengle/pin/source/tools/pinfi/obj-intel64/faultinjection.so -fioption AllInst -- /home/rmengle/pin/source/tools/pinfi/example/paired_executables/basicmath_small/execs/leader-inline/exec_basicmath_small_inline_inline
Run Number: #588
DEBUG FI: /home/rmengle/pin/pin -t /home/rmengle/pin/source/tools/pinfi/obj-intel64/faultinjection.so -fioption AllInst -- /home/rmengle/pin/source/tools/pinfi/example/paired_executables/basicmath_small/execs/leader-inline/exec_basicmath_small_inline_inline
Run Number: #589
DEBUG FI: /home/rmengle/pin/pin -t /home/rmengle/pin/source/tools/pinfi/obj-intel64/faultinjection.so -fioption AllInst -- /home/rmengle/pin/source/tools/pinfi/example/paired_executables/basicmath_small/execs/leader-inline/exec_basicmath_small_inline_inline
Run Number: #590
DEBUG FI: /home/rmengle/pin/pin -t /home/rmengle/pin/source/tools/pinfi/obj-intel64/faultinjection.so -fioption AllInst -- /home/rmengle/pin/source/tools/pinfi/example/paired_executables/basicmath_small/execs/leader-inline/exec_basicmath_small_inline_inline
Run Number: #591
DEBUG FI: /home/rmengle/pin/pin -t /home/rmengle/pin/source/tools/pinfi/obj-intel64/faultinjection.so -fioption AllInst -- /home/rmengle/pin/source/tools/pinfi/example/paired_executables/basicmath_small/execs/leader-inline/exec_basicmath_small_inline_inline
Run Number: #592
DEBUG FI: /home/rmengle/pin/pin -t /home/rmengle/pin/source/tools/pinfi/obj-intel64/faultinjection.so -fioption AllInst -- /home/rmengle/pin/source/tools/pinfi/example/paired_executables/basicmath_small/execs/leader-inline/exec_basicmath_small_inline_inline
Run Number: #593
DEBUG FI: /home/rmengle/pin/pin -t /home/rmengle/pin/source/tools/pinfi/obj-intel64/faultinjection.so -fioption AllInst -- /home/rmengle/pin/source/tools/pinfi/example/paired_executables/basicmath_small/execs/leader-inline/exec_basicmath_small_inline_inline
Run Number: #594
DEBUG FI: /home/rmengle/pin/pin -t /home/rmengle/pin/source/tools/pinfi/obj-intel64/faultinjection.so -fioption AllInst -- /home/rmengle/pin/source/tools/pinfi/example/paired_executables/basicmath_small/execs/leader-inline/exec_basicmath_small_inline_inline
Run Number: #595
DEBUG FI: /home/rmengle/pin/pin -t /home/rmengle/pin/source/tools/pinfi/obj-intel64/faultinjection.so -fioption AllInst -- /home/rmengle/pin/source/tools/pinfi/example/paired_executables/basicmath_small/execs/leader-inline/exec_basicmath_small_inline_inline
Run Number: #596
DEBUG FI: /home/rmengle/pin/pin -t /home/rmengle/pin/source/tools/pinfi/obj-intel64/faultinjection.so -fioption AllInst -- /home/rmengle/pin/source/tools/pinfi/example/paired_executables/basicmath_small/execs/leader-inline/exec_basicmath_small_inline_inline
Run Number: #597
DEBUG FI: /home/rmengle/pin/pin -t /home/rmengle/pin/source/tools/pinfi/obj-intel64/faultinjection.so -fioption AllInst -- /home/rmengle/pin/source/tools/pinfi/example/paired_executables/basicmath_small/execs/leader-inline/exec_basicmath_small_inline_inline
Run Number: #598
DEBUG FI: /home/rmengle/pin/pin -t /home/rmengle/pin/source/tools/pinfi/obj-intel64/faultinjection.so -fioption AllInst -- /home/rmengle/pin/source/tools/pinfi/example/paired_executables/basicmath_small/execs/leader-inline/exec_basicmath_small_inline_inline
Run Number: #599
DEBUG FI: /home/rmengle/pin/pin -t /home/rmengle/pin/source/tools/pinfi/obj-intel64/faultinjection.so -fioption AllInst -- /home/rmengle/pin/source/tools/pinfi/example/paired_executables/basicmath_small/execs/leader-inline/exec_basicmath_small_inline_inline
Run Number: #600
DEBUG FI: /home/rmengle/pin/pin -t /home/rmengle/pin/source/tools/pinfi/obj-intel64/faultinjection.so -fioption AllInst -- /home/rmengle/pin/source/tools/pinfi/example/paired_executables/basicmath_small/execs/leader-inline/exec_basicmath_small_inline_inline
Run Number: #601
DEBUG FI: /home/rmengle/pin/pin -t /home/rmengle/pin/source/tools/pinfi/obj-intel64/faultinjection.so -fioption AllInst -- /home/rmengle/pin/source/tools/pinfi/example/paired_executables/basicmath_small/execs/leader-inline/exec_basicmath_small_inline_inline
Run Number: #602
DEBUG FI: /home/rmengle/pin/pin -t /home/rmengle/pin/source/tools/pinfi/obj-intel64/faultinjection.so -fioption AllInst -- /home/rmengle/pin/source/tools/pinfi/example/paired_executables/basicmath_small/execs/leader-inline/exec_basicmath_small_inline_inline
Run Number: #603
DEBUG FI: /home/rmengle/pin/pin -t /home/rmengle/pin/source/tools/pinfi/obj-intel64/faultinjection.so -fioption AllInst -- /home/rmengle/pin/source/tools/pinfi/example/paired_executables/basicmath_small/execs/leader-inline/exec_basicmath_small_inline_inline
Run Number: #604
DEBUG FI: /home/rmengle/pin/pin -t /home/rmengle/pin/source/tools/pinfi/obj-intel64/faultinjection.so -fioption AllInst -- /home/rmengle/pin/source/tools/pinfi/example/paired_executables/basicmath_small/execs/leader-inline/exec_basicmath_small_inline_inline
Run Number: #605
DEBUG FI: /home/rmengle/pin/pin -t /home/rmengle/pin/source/tools/pinfi/obj-intel64/faultinjection.so -fioption AllInst -- /home/rmengle/pin/source/tools/pinfi/example/paired_executables/basicmath_small/execs/leader-inline/exec_basicmath_small_inline_inline
Run Number: #606
DEBUG FI: /home/rmengle/pin/pin -t /home/rmengle/pin/source/tools/pinfi/obj-intel64/faultinjection.so -fioption AllInst -- /home/rmengle/pin/source/tools/pinfi/example/paired_executables/basicmath_small/execs/leader-inline/exec_basicmath_small_inline_inline
Run Number: #607
DEBUG FI: /home/rmengle/pin/pin -t /home/rmengle/pin/source/tools/pinfi/obj-intel64/faultinjection.so -fioption AllInst -- /home/rmengle/pin/source/tools/pinfi/example/paired_executables/basicmath_small/execs/leader-inline/exec_basicmath_small_inline_inline
Run Number: #608
DEBUG FI: /home/rmengle/pin/pin -t /home/rmengle/pin/source/tools/pinfi/obj-intel64/faultinjection.so -fioption AllInst -- /home/rmengle/pin/source/tools/pinfi/example/paired_executables/basicmath_small/execs/leader-inline/exec_basicmath_small_inline_inline
Run Number: #609
DEBUG FI: /home/rmengle/pin/pin -t /home/rmengle/pin/source/tools/pinfi/obj-intel64/faultinjection.so -fioption AllInst -- /home/rmengle/pin/source/tools/pinfi/example/paired_executables/basicmath_small/execs/leader-inline/exec_basicmath_small_inline_inline
Run Number: #610
DEBUG FI: /home/rmengle/pin/pin -t /home/rmengle/pin/source/tools/pinfi/obj-intel64/faultinjection.so -fioption AllInst -- /home/rmengle/pin/source/tools/pinfi/example/paired_executables/basicmath_small/execs/leader-inline/exec_basicmath_small_inline_inline
Run Number: #611
DEBUG FI: /home/rmengle/pin/pin -t /home/rmengle/pin/source/tools/pinfi/obj-intel64/faultinjection.so -fioption AllInst -- /home/rmengle/pin/source/tools/pinfi/example/paired_executables/basicmath_small/execs/leader-inline/exec_basicmath_small_inline_inline
Run Number: #612
DEBUG FI: /home/rmengle/pin/pin -t /home/rmengle/pin/source/tools/pinfi/obj-intel64/faultinjection.so -fioption AllInst -- /home/rmengle/pin/source/tools/pinfi/example/paired_executables/basicmath_small/execs/leader-inline/exec_basicmath_small_inline_inline
Run Number: #613
DEBUG FI: /home/rmengle/pin/pin -t /home/rmengle/pin/source/tools/pinfi/obj-intel64/faultinjection.so -fioption AllInst -- /home/rmengle/pin/source/tools/pinfi/example/paired_executables/basicmath_small/execs/leader-inline/exec_basicmath_small_inline_inline
Run Number: #614
DEBUG FI: /home/rmengle/pin/pin -t /home/rmengle/pin/source/tools/pinfi/obj-intel64/faultinjection.so -fioption AllInst -- /home/rmengle/pin/source/tools/pinfi/example/paired_executables/basicmath_small/execs/leader-inline/exec_basicmath_small_inline_inline
Run Number: #615
DEBUG FI: /home/rmengle/pin/pin -t /home/rmengle/pin/source/tools/pinfi/obj-intel64/faultinjection.so -fioption AllInst -- /home/rmengle/pin/source/tools/pinfi/example/paired_executables/basicmath_small/execs/leader-inline/exec_basicmath_small_inline_inline
Run Number: #616
DEBUG FI: /home/rmengle/pin/pin -t /home/rmengle/pin/source/tools/pinfi/obj-intel64/faultinjection.so -fioption AllInst -- /home/rmengle/pin/source/tools/pinfi/example/paired_executables/basicmath_small/execs/leader-inline/exec_basicmath_small_inline_inline
Run Number: #617
DEBUG FI: /home/rmengle/pin/pin -t /home/rmengle/pin/source/tools/pinfi/obj-intel64/faultinjection.so -fioption AllInst -- /home/rmengle/pin/source/tools/pinfi/example/paired_executables/basicmath_small/execs/leader-inline/exec_basicmath_small_inline_inline
Run Number: #618
DEBUG FI: /home/rmengle/pin/pin -t /home/rmengle/pin/source/tools/pinfi/obj-intel64/faultinjection.so -fioption AllInst -- /home/rmengle/pin/source/tools/pinfi/example/paired_executables/basicmath_small/execs/leader-inline/exec_basicmath_small_inline_inline
Run Number: #619
DEBUG FI: /home/rmengle/pin/pin -t /home/rmengle/pin/source/tools/pinfi/obj-intel64/faultinjection.so -fioption AllInst -- /home/rmengle/pin/source/tools/pinfi/example/paired_executables/basicmath_small/execs/leader-inline/exec_basicmath_small_inline_inline
Run Number: #620
DEBUG FI: /home/rmengle/pin/pin -t /home/rmengle/pin/source/tools/pinfi/obj-intel64/faultinjection.so -fioption AllInst -- /home/rmengle/pin/source/tools/pinfi/example/paired_executables/basicmath_small/execs/leader-inline/exec_basicmath_small_inline_inline
Run Number: #621
DEBUG FI: /home/rmengle/pin/pin -t /home/rmengle/pin/source/tools/pinfi/obj-intel64/faultinjection.so -fioption AllInst -- /home/rmengle/pin/source/tools/pinfi/example/paired_executables/basicmath_small/execs/leader-inline/exec_basicmath_small_inline_inline
Run Number: #622
DEBUG FI: /home/rmengle/pin/pin -t /home/rmengle/pin/source/tools/pinfi/obj-intel64/faultinjection.so -fioption AllInst -- /home/rmengle/pin/source/tools/pinfi/example/paired_executables/basicmath_small/execs/leader-inline/exec_basicmath_small_inline_inline
Run Number: #623
DEBUG FI: /home/rmengle/pin/pin -t /home/rmengle/pin/source/tools/pinfi/obj-intel64/faultinjection.so -fioption AllInst -- /home/rmengle/pin/source/tools/pinfi/example/paired_executables/basicmath_small/execs/leader-inline/exec_basicmath_small_inline_inline
Run Number: #624
DEBUG FI: /home/rmengle/pin/pin -t /home/rmengle/pin/source/tools/pinfi/obj-intel64/faultinjection.so -fioption AllInst -- /home/rmengle/pin/source/tools/pinfi/example/paired_executables/basicmath_small/execs/leader-inline/exec_basicmath_small_inline_inline
Run Number: #625
DEBUG FI: /home/rmengle/pin/pin -t /home/rmengle/pin/source/tools/pinfi/obj-intel64/faultinjection.so -fioption AllInst -- /home/rmengle/pin/source/tools/pinfi/example/paired_executables/basicmath_small/execs/leader-inline/exec_basicmath_small_inline_inline
Run Number: #626
DEBUG FI: /home/rmengle/pin/pin -t /home/rmengle/pin/source/tools/pinfi/obj-intel64/faultinjection.so -fioption AllInst -- /home/rmengle/pin/source/tools/pinfi/example/paired_executables/basicmath_small/execs/leader-inline/exec_basicmath_small_inline_inline
Run Number: #627
DEBUG FI: /home/rmengle/pin/pin -t /home/rmengle/pin/source/tools/pinfi/obj-intel64/faultinjection.so -fioption AllInst -- /home/rmengle/pin/source/tools/pinfi/example/paired_executables/basicmath_small/execs/leader-inline/exec_basicmath_small_inline_inline
Run Number: #628
DEBUG FI: /home/rmengle/pin/pin -t /home/rmengle/pin/source/tools/pinfi/obj-intel64/faultinjection.so -fioption AllInst -- /home/rmengle/pin/source/tools/pinfi/example/paired_executables/basicmath_small/execs/leader-inline/exec_basicmath_small_inline_inline
Run Number: #629
DEBUG FI: /home/rmengle/pin/pin -t /home/rmengle/pin/source/tools/pinfi/obj-intel64/faultinjection.so -fioption AllInst -- /home/rmengle/pin/source/tools/pinfi/example/paired_executables/basicmath_small/execs/leader-inline/exec_basicmath_small_inline_inline
Run Number: #630
DEBUG FI: /home/rmengle/pin/pin -t /home/rmengle/pin/source/tools/pinfi/obj-intel64/faultinjection.so -fioption AllInst -- /home/rmengle/pin/source/tools/pinfi/example/paired_executables/basicmath_small/execs/leader-inline/exec_basicmath_small_inline_inline
Run Number: #631
DEBUG FI: /home/rmengle/pin/pin -t /home/rmengle/pin/source/tools/pinfi/obj-intel64/faultinjection.so -fioption AllInst -- /home/rmengle/pin/source/tools/pinfi/example/paired_executables/basicmath_small/execs/leader-inline/exec_basicmath_small_inline_inline
Run Number: #632
DEBUG FI: /home/rmengle/pin/pin -t /home/rmengle/pin/source/tools/pinfi/obj-intel64/faultinjection.so -fioption AllInst -- /home/rmengle/pin/source/tools/pinfi/example/paired_executables/basicmath_small/execs/leader-inline/exec_basicmath_small_inline_inline
Run Number: #633
DEBUG FI: /home/rmengle/pin/pin -t /home/rmengle/pin/source/tools/pinfi/obj-intel64/faultinjection.so -fioption AllInst -- /home/rmengle/pin/source/tools/pinfi/example/paired_executables/basicmath_small/execs/leader-inline/exec_basicmath_small_inline_inline
Run Number: #634
DEBUG FI: /home/rmengle/pin/pin -t /home/rmengle/pin/source/tools/pinfi/obj-intel64/faultinjection.so -fioption AllInst -- /home/rmengle/pin/source/tools/pinfi/example/paired_executables/basicmath_small/execs/leader-inline/exec_basicmath_small_inline_inline
Run Number: #635
DEBUG FI: /home/rmengle/pin/pin -t /home/rmengle/pin/source/tools/pinfi/obj-intel64/faultinjection.so -fioption AllInst -- /home/rmengle/pin/source/tools/pinfi/example/paired_executables/basicmath_small/execs/leader-inline/exec_basicmath_small_inline_inline
Run Number: #636
DEBUG FI: /home/rmengle/pin/pin -t /home/rmengle/pin/source/tools/pinfi/obj-intel64/faultinjection.so -fioption AllInst -- /home/rmengle/pin/source/tools/pinfi/example/paired_executables/basicmath_small/execs/leader-inline/exec_basicmath_small_inline_inline
Run Number: #637
DEBUG FI: /home/rmengle/pin/pin -t /home/rmengle/pin/source/tools/pinfi/obj-intel64/faultinjection.so -fioption AllInst -- /home/rmengle/pin/source/tools/pinfi/example/paired_executables/basicmath_small/execs/leader-inline/exec_basicmath_small_inline_inline
Run Number: #638
DEBUG FI: /home/rmengle/pin/pin -t /home/rmengle/pin/source/tools/pinfi/obj-intel64/faultinjection.so -fioption AllInst -- /home/rmengle/pin/source/tools/pinfi/example/paired_executables/basicmath_small/execs/leader-inline/exec_basicmath_small_inline_inline
Run Number: #639
DEBUG FI: /home/rmengle/pin/pin -t /home/rmengle/pin/source/tools/pinfi/obj-intel64/faultinjection.so -fioption AllInst -- /home/rmengle/pin/source/tools/pinfi/example/paired_executables/basicmath_small/execs/leader-inline/exec_basicmath_small_inline_inline
Run Number: #640
DEBUG FI: /home/rmengle/pin/pin -t /home/rmengle/pin/source/tools/pinfi/obj-intel64/faultinjection.so -fioption AllInst -- /home/rmengle/pin/source/tools/pinfi/example/paired_executables/basicmath_small/execs/leader-inline/exec_basicmath_small_inline_inline
Run Number: #641
DEBUG FI: /home/rmengle/pin/pin -t /home/rmengle/pin/source/tools/pinfi/obj-intel64/faultinjection.so -fioption AllInst -- /home/rmengle/pin/source/tools/pinfi/example/paired_executables/basicmath_small/execs/leader-inline/exec_basicmath_small_inline_inline
Run Number: #642
DEBUG FI: /home/rmengle/pin/pin -t /home/rmengle/pin/source/tools/pinfi/obj-intel64/faultinjection.so -fioption AllInst -- /home/rmengle/pin/source/tools/pinfi/example/paired_executables/basicmath_small/execs/leader-inline/exec_basicmath_small_inline_inline
Run Number: #643
DEBUG FI: /home/rmengle/pin/pin -t /home/rmengle/pin/source/tools/pinfi/obj-intel64/faultinjection.so -fioption AllInst -- /home/rmengle/pin/source/tools/pinfi/example/paired_executables/basicmath_small/execs/leader-inline/exec_basicmath_small_inline_inline
Run Number: #644
DEBUG FI: /home/rmengle/pin/pin -t /home/rmengle/pin/source/tools/pinfi/obj-intel64/faultinjection.so -fioption AllInst -- /home/rmengle/pin/source/tools/pinfi/example/paired_executables/basicmath_small/execs/leader-inline/exec_basicmath_small_inline_inline
Run Number: #645
DEBUG FI: /home/rmengle/pin/pin -t /home/rmengle/pin/source/tools/pinfi/obj-intel64/faultinjection.so -fioption AllInst -- /home/rmengle/pin/source/tools/pinfi/example/paired_executables/basicmath_small/execs/leader-inline/exec_basicmath_small_inline_inline
Run Number: #646
DEBUG FI: /home/rmengle/pin/pin -t /home/rmengle/pin/source/tools/pinfi/obj-intel64/faultinjection.so -fioption AllInst -- /home/rmengle/pin/source/tools/pinfi/example/paired_executables/basicmath_small/execs/leader-inline/exec_basicmath_small_inline_inline
Run Number: #647
DEBUG FI: /home/rmengle/pin/pin -t /home/rmengle/pin/source/tools/pinfi/obj-intel64/faultinjection.so -fioption AllInst -- /home/rmengle/pin/source/tools/pinfi/example/paired_executables/basicmath_small/execs/leader-inline/exec_basicmath_small_inline_inline
Run Number: #648
DEBUG FI: /home/rmengle/pin/pin -t /home/rmengle/pin/source/tools/pinfi/obj-intel64/faultinjection.so -fioption AllInst -- /home/rmengle/pin/source/tools/pinfi/example/paired_executables/basicmath_small/execs/leader-inline/exec_basicmath_small_inline_inline
Run Number: #649
DEBUG FI: /home/rmengle/pin/pin -t /home/rmengle/pin/source/tools/pinfi/obj-intel64/faultinjection.so -fioption AllInst -- /home/rmengle/pin/source/tools/pinfi/example/paired_executables/basicmath_small/execs/leader-inline/exec_basicmath_small_inline_inline
Run Number: #650
DEBUG FI: /home/rmengle/pin/pin -t /home/rmengle/pin/source/tools/pinfi/obj-intel64/faultinjection.so -fioption AllInst -- /home/rmengle/pin/source/tools/pinfi/example/paired_executables/basicmath_small/execs/leader-inline/exec_basicmath_small_inline_inline
Run Number: #651
DEBUG FI: /home/rmengle/pin/pin -t /home/rmengle/pin/source/tools/pinfi/obj-intel64/faultinjection.so -fioption AllInst -- /home/rmengle/pin/source/tools/pinfi/example/paired_executables/basicmath_small/execs/leader-inline/exec_basicmath_small_inline_inline
Run Number: #652
DEBUG FI: /home/rmengle/pin/pin -t /home/rmengle/pin/source/tools/pinfi/obj-intel64/faultinjection.so -fioption AllInst -- /home/rmengle/pin/source/tools/pinfi/example/paired_executables/basicmath_small/execs/leader-inline/exec_basicmath_small_inline_inline
Run Number: #653
DEBUG FI: /home/rmengle/pin/pin -t /home/rmengle/pin/source/tools/pinfi/obj-intel64/faultinjection.so -fioption AllInst -- /home/rmengle/pin/source/tools/pinfi/example/paired_executables/basicmath_small/execs/leader-inline/exec_basicmath_small_inline_inline
Run Number: #654
DEBUG FI: /home/rmengle/pin/pin -t /home/rmengle/pin/source/tools/pinfi/obj-intel64/faultinjection.so -fioption AllInst -- /home/rmengle/pin/source/tools/pinfi/example/paired_executables/basicmath_small/execs/leader-inline/exec_basicmath_small_inline_inline
Run Number: #655
DEBUG FI: /home/rmengle/pin/pin -t /home/rmengle/pin/source/tools/pinfi/obj-intel64/faultinjection.so -fioption AllInst -- /home/rmengle/pin/source/tools/pinfi/example/paired_executables/basicmath_small/execs/leader-inline/exec_basicmath_small_inline_inline
Run Number: #656
DEBUG FI: /home/rmengle/pin/pin -t /home/rmengle/pin/source/tools/pinfi/obj-intel64/faultinjection.so -fioption AllInst -- /home/rmengle/pin/source/tools/pinfi/example/paired_executables/basicmath_small/execs/leader-inline/exec_basicmath_small_inline_inline
Run Number: #657
DEBUG FI: /home/rmengle/pin/pin -t /home/rmengle/pin/source/tools/pinfi/obj-intel64/faultinjection.so -fioption AllInst -- /home/rmengle/pin/source/tools/pinfi/example/paired_executables/basicmath_small/execs/leader-inline/exec_basicmath_small_inline_inline
Run Number: #658
DEBUG FI: /home/rmengle/pin/pin -t /home/rmengle/pin/source/tools/pinfi/obj-intel64/faultinjection.so -fioption AllInst -- /home/rmengle/pin/source/tools/pinfi/example/paired_executables/basicmath_small/execs/leader-inline/exec_basicmath_small_inline_inline
Run Number: #659
DEBUG FI: /home/rmengle/pin/pin -t /home/rmengle/pin/source/tools/pinfi/obj-intel64/faultinjection.so -fioption AllInst -- /home/rmengle/pin/source/tools/pinfi/example/paired_executables/basicmath_small/execs/leader-inline/exec_basicmath_small_inline_inline
Run Number: #660
DEBUG FI: /home/rmengle/pin/pin -t /home/rmengle/pin/source/tools/pinfi/obj-intel64/faultinjection.so -fioption AllInst -- /home/rmengle/pin/source/tools/pinfi/example/paired_executables/basicmath_small/execs/leader-inline/exec_basicmath_small_inline_inline
Run Number: #661
DEBUG FI: /home/rmengle/pin/pin -t /home/rmengle/pin/source/tools/pinfi/obj-intel64/faultinjection.so -fioption AllInst -- /home/rmengle/pin/source/tools/pinfi/example/paired_executables/basicmath_small/execs/leader-inline/exec_basicmath_small_inline_inline
Run Number: #662
DEBUG FI: /home/rmengle/pin/pin -t /home/rmengle/pin/source/tools/pinfi/obj-intel64/faultinjection.so -fioption AllInst -- /home/rmengle/pin/source/tools/pinfi/example/paired_executables/basicmath_small/execs/leader-inline/exec_basicmath_small_inline_inline
Run Number: #663
DEBUG FI: /home/rmengle/pin/pin -t /home/rmengle/pin/source/tools/pinfi/obj-intel64/faultinjection.so -fioption AllInst -- /home/rmengle/pin/source/tools/pinfi/example/paired_executables/basicmath_small/execs/leader-inline/exec_basicmath_small_inline_inline
Run Number: #664
DEBUG FI: /home/rmengle/pin/pin -t /home/rmengle/pin/source/tools/pinfi/obj-intel64/faultinjection.so -fioption AllInst -- /home/rmengle/pin/source/tools/pinfi/example/paired_executables/basicmath_small/execs/leader-inline/exec_basicmath_small_inline_inline
Run Number: #665
DEBUG FI: /home/rmengle/pin/pin -t /home/rmengle/pin/source/tools/pinfi/obj-intel64/faultinjection.so -fioption AllInst -- /home/rmengle/pin/source/tools/pinfi/example/paired_executables/basicmath_small/execs/leader-inline/exec_basicmath_small_inline_inline
Run Number: #666
DEBUG FI: /home/rmengle/pin/pin -t /home/rmengle/pin/source/tools/pinfi/obj-intel64/faultinjection.so -fioption AllInst -- /home/rmengle/pin/source/tools/pinfi/example/paired_executables/basicmath_small/execs/leader-inline/exec_basicmath_small_inline_inline
Run Number: #667
DEBUG FI: /home/rmengle/pin/pin -t /home/rmengle/pin/source/tools/pinfi/obj-intel64/faultinjection.so -fioption AllInst -- /home/rmengle/pin/source/tools/pinfi/example/paired_executables/basicmath_small/execs/leader-inline/exec_basicmath_small_inline_inline
Run Number: #668
DEBUG FI: /home/rmengle/pin/pin -t /home/rmengle/pin/source/tools/pinfi/obj-intel64/faultinjection.so -fioption AllInst -- /home/rmengle/pin/source/tools/pinfi/example/paired_executables/basicmath_small/execs/leader-inline/exec_basicmath_small_inline_inline
Run Number: #669
DEBUG FI: /home/rmengle/pin/pin -t /home/rmengle/pin/source/tools/pinfi/obj-intel64/faultinjection.so -fioption AllInst -- /home/rmengle/pin/source/tools/pinfi/example/paired_executables/basicmath_small/execs/leader-inline/exec_basicmath_small_inline_inline
Run Number: #670
DEBUG FI: /home/rmengle/pin/pin -t /home/rmengle/pin/source/tools/pinfi/obj-intel64/faultinjection.so -fioption AllInst -- /home/rmengle/pin/source/tools/pinfi/example/paired_executables/basicmath_small/execs/leader-inline/exec_basicmath_small_inline_inline
Run Number: #671
DEBUG FI: /home/rmengle/pin/pin -t /home/rmengle/pin/source/tools/pinfi/obj-intel64/faultinjection.so -fioption AllInst -- /home/rmengle/pin/source/tools/pinfi/example/paired_executables/basicmath_small/execs/leader-inline/exec_basicmath_small_inline_inline
Run Number: #672
DEBUG FI: /home/rmengle/pin/pin -t /home/rmengle/pin/source/tools/pinfi/obj-intel64/faultinjection.so -fioption AllInst -- /home/rmengle/pin/source/tools/pinfi/example/paired_executables/basicmath_small/execs/leader-inline/exec_basicmath_small_inline_inline
Run Number: #673
DEBUG FI: /home/rmengle/pin/pin -t /home/rmengle/pin/source/tools/pinfi/obj-intel64/faultinjection.so -fioption AllInst -- /home/rmengle/pin/source/tools/pinfi/example/paired_executables/basicmath_small/execs/leader-inline/exec_basicmath_small_inline_inline
Run Number: #674
DEBUG FI: /home/rmengle/pin/pin -t /home/rmengle/pin/source/tools/pinfi/obj-intel64/faultinjection.so -fioption AllInst -- /home/rmengle/pin/source/tools/pinfi/example/paired_executables/basicmath_small/execs/leader-inline/exec_basicmath_small_inline_inline
Run Number: #675
DEBUG FI: /home/rmengle/pin/pin -t /home/rmengle/pin/source/tools/pinfi/obj-intel64/faultinjection.so -fioption AllInst -- /home/rmengle/pin/source/tools/pinfi/example/paired_executables/basicmath_small/execs/leader-inline/exec_basicmath_small_inline_inline
Run Number: #676
DEBUG FI: /home/rmengle/pin/pin -t /home/rmengle/pin/source/tools/pinfi/obj-intel64/faultinjection.so -fioption AllInst -- /home/rmengle/pin/source/tools/pinfi/example/paired_executables/basicmath_small/execs/leader-inline/exec_basicmath_small_inline_inline
Run Number: #677
DEBUG FI: /home/rmengle/pin/pin -t /home/rmengle/pin/source/tools/pinfi/obj-intel64/faultinjection.so -fioption AllInst -- /home/rmengle/pin/source/tools/pinfi/example/paired_executables/basicmath_small/execs/leader-inline/exec_basicmath_small_inline_inline
Run Number: #678
DEBUG FI: /home/rmengle/pin/pin -t /home/rmengle/pin/source/tools/pinfi/obj-intel64/faultinjection.so -fioption AllInst -- /home/rmengle/pin/source/tools/pinfi/example/paired_executables/basicmath_small/execs/leader-inline/exec_basicmath_small_inline_inline
Run Number: #679
DEBUG FI: /home/rmengle/pin/pin -t /home/rmengle/pin/source/tools/pinfi/obj-intel64/faultinjection.so -fioption AllInst -- /home/rmengle/pin/source/tools/pinfi/example/paired_executables/basicmath_small/execs/leader-inline/exec_basicmath_small_inline_inline
Run Number: #680
DEBUG FI: /home/rmengle/pin/pin -t /home/rmengle/pin/source/tools/pinfi/obj-intel64/faultinjection.so -fioption AllInst -- /home/rmengle/pin/source/tools/pinfi/example/paired_executables/basicmath_small/execs/leader-inline/exec_basicmath_small_inline_inline
Run Number: #681
DEBUG FI: /home/rmengle/pin/pin -t /home/rmengle/pin/source/tools/pinfi/obj-intel64/faultinjection.so -fioption AllInst -- /home/rmengle/pin/source/tools/pinfi/example/paired_executables/basicmath_small/execs/leader-inline/exec_basicmath_small_inline_inline
Run Number: #682
DEBUG FI: /home/rmengle/pin/pin -t /home/rmengle/pin/source/tools/pinfi/obj-intel64/faultinjection.so -fioption AllInst -- /home/rmengle/pin/source/tools/pinfi/example/paired_executables/basicmath_small/execs/leader-inline/exec_basicmath_small_inline_inline
Run Number: #683
DEBUG FI: /home/rmengle/pin/pin -t /home/rmengle/pin/source/tools/pinfi/obj-intel64/faultinjection.so -fioption AllInst -- /home/rmengle/pin/source/tools/pinfi/example/paired_executables/basicmath_small/execs/leader-inline/exec_basicmath_small_inline_inline
Run Number: #684
DEBUG FI: /home/rmengle/pin/pin -t /home/rmengle/pin/source/tools/pinfi/obj-intel64/faultinjection.so -fioption AllInst -- /home/rmengle/pin/source/tools/pinfi/example/paired_executables/basicmath_small/execs/leader-inline/exec_basicmath_small_inline_inline
Run Number: #685
DEBUG FI: /home/rmengle/pin/pin -t /home/rmengle/pin/source/tools/pinfi/obj-intel64/faultinjection.so -fioption AllInst -- /home/rmengle/pin/source/tools/pinfi/example/paired_executables/basicmath_small/execs/leader-inline/exec_basicmath_small_inline_inline
Run Number: #686
DEBUG FI: /home/rmengle/pin/pin -t /home/rmengle/pin/source/tools/pinfi/obj-intel64/faultinjection.so -fioption AllInst -- /home/rmengle/pin/source/tools/pinfi/example/paired_executables/basicmath_small/execs/leader-inline/exec_basicmath_small_inline_inline
Run Number: #687
DEBUG FI: /home/rmengle/pin/pin -t /home/rmengle/pin/source/tools/pinfi/obj-intel64/faultinjection.so -fioption AllInst -- /home/rmengle/pin/source/tools/pinfi/example/paired_executables/basicmath_small/execs/leader-inline/exec_basicmath_small_inline_inline
Run Number: #688
DEBUG FI: /home/rmengle/pin/pin -t /home/rmengle/pin/source/tools/pinfi/obj-intel64/faultinjection.so -fioption AllInst -- /home/rmengle/pin/source/tools/pinfi/example/paired_executables/basicmath_small/execs/leader-inline/exec_basicmath_small_inline_inline
Run Number: #689
DEBUG FI: /home/rmengle/pin/pin -t /home/rmengle/pin/source/tools/pinfi/obj-intel64/faultinjection.so -fioption AllInst -- /home/rmengle/pin/source/tools/pinfi/example/paired_executables/basicmath_small/execs/leader-inline/exec_basicmath_small_inline_inline
Run Number: #690
DEBUG FI: /home/rmengle/pin/pin -t /home/rmengle/pin/source/tools/pinfi/obj-intel64/faultinjection.so -fioption AllInst -- /home/rmengle/pin/source/tools/pinfi/example/paired_executables/basicmath_small/execs/leader-inline/exec_basicmath_small_inline_inline
Run Number: #691
DEBUG FI: /home/rmengle/pin/pin -t /home/rmengle/pin/source/tools/pinfi/obj-intel64/faultinjection.so -fioption AllInst -- /home/rmengle/pin/source/tools/pinfi/example/paired_executables/basicmath_small/execs/leader-inline/exec_basicmath_small_inline_inline
Run Number: #692
DEBUG FI: /home/rmengle/pin/pin -t /home/rmengle/pin/source/tools/pinfi/obj-intel64/faultinjection.so -fioption AllInst -- /home/rmengle/pin/source/tools/pinfi/example/paired_executables/basicmath_small/execs/leader-inline/exec_basicmath_small_inline_inline
Run Number: #693
DEBUG FI: /home/rmengle/pin/pin -t /home/rmengle/pin/source/tools/pinfi/obj-intel64/faultinjection.so -fioption AllInst -- /home/rmengle/pin/source/tools/pinfi/example/paired_executables/basicmath_small/execs/leader-inline/exec_basicmath_small_inline_inline
Run Number: #694
DEBUG FI: /home/rmengle/pin/pin -t /home/rmengle/pin/source/tools/pinfi/obj-intel64/faultinjection.so -fioption AllInst -- /home/rmengle/pin/source/tools/pinfi/example/paired_executables/basicmath_small/execs/leader-inline/exec_basicmath_small_inline_inline
Run Number: #695
DEBUG FI: /home/rmengle/pin/pin -t /home/rmengle/pin/source/tools/pinfi/obj-intel64/faultinjection.so -fioption AllInst -- /home/rmengle/pin/source/tools/pinfi/example/paired_executables/basicmath_small/execs/leader-inline/exec_basicmath_small_inline_inline
Run Number: #696
DEBUG FI: /home/rmengle/pin/pin -t /home/rmengle/pin/source/tools/pinfi/obj-intel64/faultinjection.so -fioption AllInst -- /home/rmengle/pin/source/tools/pinfi/example/paired_executables/basicmath_small/execs/leader-inline/exec_basicmath_small_inline_inline
Run Number: #697
DEBUG FI: /home/rmengle/pin/pin -t /home/rmengle/pin/source/tools/pinfi/obj-intel64/faultinjection.so -fioption AllInst -- /home/rmengle/pin/source/tools/pinfi/example/paired_executables/basicmath_small/execs/leader-inline/exec_basicmath_small_inline_inline
Run Number: #698
DEBUG FI: /home/rmengle/pin/pin -t /home/rmengle/pin/source/tools/pinfi/obj-intel64/faultinjection.so -fioption AllInst -- /home/rmengle/pin/source/tools/pinfi/example/paired_executables/basicmath_small/execs/leader-inline/exec_basicmath_small_inline_inline
Run Number: #699
DEBUG FI: /home/rmengle/pin/pin -t /home/rmengle/pin/source/tools/pinfi/obj-intel64/faultinjection.so -fioption AllInst -- /home/rmengle/pin/source/tools/pinfi/example/paired_executables/basicmath_small/execs/leader-inline/exec_basicmath_small_inline_inline
Run Number: #700
DEBUG FI: /home/rmengle/pin/pin -t /home/rmengle/pin/source/tools/pinfi/obj-intel64/faultinjection.so -fioption AllInst -- /home/rmengle/pin/source/tools/pinfi/example/paired_executables/basicmath_small/execs/leader-inline/exec_basicmath_small_inline_inline
Run Number: #701
DEBUG FI: /home/rmengle/pin/pin -t /home/rmengle/pin/source/tools/pinfi/obj-intel64/faultinjection.so -fioption AllInst -- /home/rmengle/pin/source/tools/pinfi/example/paired_executables/basicmath_small/execs/leader-inline/exec_basicmath_small_inline_inline
Run Number: #702
DEBUG FI: /home/rmengle/pin/pin -t /home/rmengle/pin/source/tools/pinfi/obj-intel64/faultinjection.so -fioption AllInst -- /home/rmengle/pin/source/tools/pinfi/example/paired_executables/basicmath_small/execs/leader-inline/exec_basicmath_small_inline_inline
Run Number: #703
DEBUG FI: /home/rmengle/pin/pin -t /home/rmengle/pin/source/tools/pinfi/obj-intel64/faultinjection.so -fioption AllInst -- /home/rmengle/pin/source/tools/pinfi/example/paired_executables/basicmath_small/execs/leader-inline/exec_basicmath_small_inline_inline
Run Number: #704
DEBUG FI: /home/rmengle/pin/pin -t /home/rmengle/pin/source/tools/pinfi/obj-intel64/faultinjection.so -fioption AllInst -- /home/rmengle/pin/source/tools/pinfi/example/paired_executables/basicmath_small/execs/leader-inline/exec_basicmath_small_inline_inline
Run Number: #705
DEBUG FI: /home/rmengle/pin/pin -t /home/rmengle/pin/source/tools/pinfi/obj-intel64/faultinjection.so -fioption AllInst -- /home/rmengle/pin/source/tools/pinfi/example/paired_executables/basicmath_small/execs/leader-inline/exec_basicmath_small_inline_inline
Run Number: #706
DEBUG FI: /home/rmengle/pin/pin -t /home/rmengle/pin/source/tools/pinfi/obj-intel64/faultinjection.so -fioption AllInst -- /home/rmengle/pin/source/tools/pinfi/example/paired_executables/basicmath_small/execs/leader-inline/exec_basicmath_small_inline_inline
Run Number: #707
DEBUG FI: /home/rmengle/pin/pin -t /home/rmengle/pin/source/tools/pinfi/obj-intel64/faultinjection.so -fioption AllInst -- /home/rmengle/pin/source/tools/pinfi/example/paired_executables/basicmath_small/execs/leader-inline/exec_basicmath_small_inline_inline
Run Number: #708
DEBUG FI: /home/rmengle/pin/pin -t /home/rmengle/pin/source/tools/pinfi/obj-intel64/faultinjection.so -fioption AllInst -- /home/rmengle/pin/source/tools/pinfi/example/paired_executables/basicmath_small/execs/leader-inline/exec_basicmath_small_inline_inline
Run Number: #709
DEBUG FI: /home/rmengle/pin/pin -t /home/rmengle/pin/source/tools/pinfi/obj-intel64/faultinjection.so -fioption AllInst -- /home/rmengle/pin/source/tools/pinfi/example/paired_executables/basicmath_small/execs/leader-inline/exec_basicmath_small_inline_inline
Run Number: #710
DEBUG FI: /home/rmengle/pin/pin -t /home/rmengle/pin/source/tools/pinfi/obj-intel64/faultinjection.so -fioption AllInst -- /home/rmengle/pin/source/tools/pinfi/example/paired_executables/basicmath_small/execs/leader-inline/exec_basicmath_small_inline_inline
Run Number: #711
DEBUG FI: /home/rmengle/pin/pin -t /home/rmengle/pin/source/tools/pinfi/obj-intel64/faultinjection.so -fioption AllInst -- /home/rmengle/pin/source/tools/pinfi/example/paired_executables/basicmath_small/execs/leader-inline/exec_basicmath_small_inline_inline
Run Number: #712
DEBUG FI: /home/rmengle/pin/pin -t /home/rmengle/pin/source/tools/pinfi/obj-intel64/faultinjection.so -fioption AllInst -- /home/rmengle/pin/source/tools/pinfi/example/paired_executables/basicmath_small/execs/leader-inline/exec_basicmath_small_inline_inline
Run Number: #713
DEBUG FI: /home/rmengle/pin/pin -t /home/rmengle/pin/source/tools/pinfi/obj-intel64/faultinjection.so -fioption AllInst -- /home/rmengle/pin/source/tools/pinfi/example/paired_executables/basicmath_small/execs/leader-inline/exec_basicmath_small_inline_inline
Run Number: #714
DEBUG FI: /home/rmengle/pin/pin -t /home/rmengle/pin/source/tools/pinfi/obj-intel64/faultinjection.so -fioption AllInst -- /home/rmengle/pin/source/tools/pinfi/example/paired_executables/basicmath_small/execs/leader-inline/exec_basicmath_small_inline_inline
Run Number: #715
DEBUG FI: /home/rmengle/pin/pin -t /home/rmengle/pin/source/tools/pinfi/obj-intel64/faultinjection.so -fioption AllInst -- /home/rmengle/pin/source/tools/pinfi/example/paired_executables/basicmath_small/execs/leader-inline/exec_basicmath_small_inline_inline
Run Number: #716
DEBUG FI: /home/rmengle/pin/pin -t /home/rmengle/pin/source/tools/pinfi/obj-intel64/faultinjection.so -fioption AllInst -- /home/rmengle/pin/source/tools/pinfi/example/paired_executables/basicmath_small/execs/leader-inline/exec_basicmath_small_inline_inline
Run Number: #717
DEBUG FI: /home/rmengle/pin/pin -t /home/rmengle/pin/source/tools/pinfi/obj-intel64/faultinjection.so -fioption AllInst -- /home/rmengle/pin/source/tools/pinfi/example/paired_executables/basicmath_small/execs/leader-inline/exec_basicmath_small_inline_inline
Run Number: #718
DEBUG FI: /home/rmengle/pin/pin -t /home/rmengle/pin/source/tools/pinfi/obj-intel64/faultinjection.so -fioption AllInst -- /home/rmengle/pin/source/tools/pinfi/example/paired_executables/basicmath_small/execs/leader-inline/exec_basicmath_small_inline_inline
Run Number: #719
DEBUG FI: /home/rmengle/pin/pin -t /home/rmengle/pin/source/tools/pinfi/obj-intel64/faultinjection.so -fioption AllInst -- /home/rmengle/pin/source/tools/pinfi/example/paired_executables/basicmath_small/execs/leader-inline/exec_basicmath_small_inline_inline
Run Number: #720
DEBUG FI: /home/rmengle/pin/pin -t /home/rmengle/pin/source/tools/pinfi/obj-intel64/faultinjection.so -fioption AllInst -- /home/rmengle/pin/source/tools/pinfi/example/paired_executables/basicmath_small/execs/leader-inline/exec_basicmath_small_inline_inline
Run Number: #721
DEBUG FI: /home/rmengle/pin/pin -t /home/rmengle/pin/source/tools/pinfi/obj-intel64/faultinjection.so -fioption AllInst -- /home/rmengle/pin/source/tools/pinfi/example/paired_executables/basicmath_small/execs/leader-inline/exec_basicmath_small_inline_inline
Run Number: #722
DEBUG FI: /home/rmengle/pin/pin -t /home/rmengle/pin/source/tools/pinfi/obj-intel64/faultinjection.so -fioption AllInst -- /home/rmengle/pin/source/tools/pinfi/example/paired_executables/basicmath_small/execs/leader-inline/exec_basicmath_small_inline_inline
Run Number: #723
DEBUG FI: /home/rmengle/pin/pin -t /home/rmengle/pin/source/tools/pinfi/obj-intel64/faultinjection.so -fioption AllInst -- /home/rmengle/pin/source/tools/pinfi/example/paired_executables/basicmath_small/execs/leader-inline/exec_basicmath_small_inline_inline
Run Number: #724
DEBUG FI: /home/rmengle/pin/pin -t /home/rmengle/pin/source/tools/pinfi/obj-intel64/faultinjection.so -fioption AllInst -- /home/rmengle/pin/source/tools/pinfi/example/paired_executables/basicmath_small/execs/leader-inline/exec_basicmath_small_inline_inline
Run Number: #725
DEBUG FI: /home/rmengle/pin/pin -t /home/rmengle/pin/source/tools/pinfi/obj-intel64/faultinjection.so -fioption AllInst -- /home/rmengle/pin/source/tools/pinfi/example/paired_executables/basicmath_small/execs/leader-inline/exec_basicmath_small_inline_inline
Run Number: #726
DEBUG FI: /home/rmengle/pin/pin -t /home/rmengle/pin/source/tools/pinfi/obj-intel64/faultinjection.so -fioption AllInst -- /home/rmengle/pin/source/tools/pinfi/example/paired_executables/basicmath_small/execs/leader-inline/exec_basicmath_small_inline_inline
Run Number: #727
DEBUG FI: /home/rmengle/pin/pin -t /home/rmengle/pin/source/tools/pinfi/obj-intel64/faultinjection.so -fioption AllInst -- /home/rmengle/pin/source/tools/pinfi/example/paired_executables/basicmath_small/execs/leader-inline/exec_basicmath_small_inline_inline
Run Number: #728
DEBUG FI: /home/rmengle/pin/pin -t /home/rmengle/pin/source/tools/pinfi/obj-intel64/faultinjection.so -fioption AllInst -- /home/rmengle/pin/source/tools/pinfi/example/paired_executables/basicmath_small/execs/leader-inline/exec_basicmath_small_inline_inline
Run Number: #729
DEBUG FI: /home/rmengle/pin/pin -t /home/rmengle/pin/source/tools/pinfi/obj-intel64/faultinjection.so -fioption AllInst -- /home/rmengle/pin/source/tools/pinfi/example/paired_executables/basicmath_small/execs/leader-inline/exec_basicmath_small_inline_inline
Run Number: #730
DEBUG FI: /home/rmengle/pin/pin -t /home/rmengle/pin/source/tools/pinfi/obj-intel64/faultinjection.so -fioption AllInst -- /home/rmengle/pin/source/tools/pinfi/example/paired_executables/basicmath_small/execs/leader-inline/exec_basicmath_small_inline_inline
Run Number: #731
DEBUG FI: /home/rmengle/pin/pin -t /home/rmengle/pin/source/tools/pinfi/obj-intel64/faultinjection.so -fioption AllInst -- /home/rmengle/pin/source/tools/pinfi/example/paired_executables/basicmath_small/execs/leader-inline/exec_basicmath_small_inline_inline
Run Number: #732
DEBUG FI: /home/rmengle/pin/pin -t /home/rmengle/pin/source/tools/pinfi/obj-intel64/faultinjection.so -fioption AllInst -- /home/rmengle/pin/source/tools/pinfi/example/paired_executables/basicmath_small/execs/leader-inline/exec_basicmath_small_inline_inline
Run Number: #733
DEBUG FI: /home/rmengle/pin/pin -t /home/rmengle/pin/source/tools/pinfi/obj-intel64/faultinjection.so -fioption AllInst -- /home/rmengle/pin/source/tools/pinfi/example/paired_executables/basicmath_small/execs/leader-inline/exec_basicmath_small_inline_inline
Run Number: #734
DEBUG FI: /home/rmengle/pin/pin -t /home/rmengle/pin/source/tools/pinfi/obj-intel64/faultinjection.so -fioption AllInst -- /home/rmengle/pin/source/tools/pinfi/example/paired_executables/basicmath_small/execs/leader-inline/exec_basicmath_small_inline_inline
Run Number: #735
DEBUG FI: /home/rmengle/pin/pin -t /home/rmengle/pin/source/tools/pinfi/obj-intel64/faultinjection.so -fioption AllInst -- /home/rmengle/pin/source/tools/pinfi/example/paired_executables/basicmath_small/execs/leader-inline/exec_basicmath_small_inline_inline
Run Number: #736
DEBUG FI: /home/rmengle/pin/pin -t /home/rmengle/pin/source/tools/pinfi/obj-intel64/faultinjection.so -fioption AllInst -- /home/rmengle/pin/source/tools/pinfi/example/paired_executables/basicmath_small/execs/leader-inline/exec_basicmath_small_inline_inline
Run Number: #737
DEBUG FI: /home/rmengle/pin/pin -t /home/rmengle/pin/source/tools/pinfi/obj-intel64/faultinjection.so -fioption AllInst -- /home/rmengle/pin/source/tools/pinfi/example/paired_executables/basicmath_small/execs/leader-inline/exec_basicmath_small_inline_inline
Run Number: #738
DEBUG FI: /home/rmengle/pin/pin -t /home/rmengle/pin/source/tools/pinfi/obj-intel64/faultinjection.so -fioption AllInst -- /home/rmengle/pin/source/tools/pinfi/example/paired_executables/basicmath_small/execs/leader-inline/exec_basicmath_small_inline_inline
Run Number: #739
DEBUG FI: /home/rmengle/pin/pin -t /home/rmengle/pin/source/tools/pinfi/obj-intel64/faultinjection.so -fioption AllInst -- /home/rmengle/pin/source/tools/pinfi/example/paired_executables/basicmath_small/execs/leader-inline/exec_basicmath_small_inline_inline
Run Number: #740
DEBUG FI: /home/rmengle/pin/pin -t /home/rmengle/pin/source/tools/pinfi/obj-intel64/faultinjection.so -fioption AllInst -- /home/rmengle/pin/source/tools/pinfi/example/paired_executables/basicmath_small/execs/leader-inline/exec_basicmath_small_inline_inline
Run Number: #741
DEBUG FI: /home/rmengle/pin/pin -t /home/rmengle/pin/source/tools/pinfi/obj-intel64/faultinjection.so -fioption AllInst -- /home/rmengle/pin/source/tools/pinfi/example/paired_executables/basicmath_small/execs/leader-inline/exec_basicmath_small_inline_inline
Run Number: #742
DEBUG FI: /home/rmengle/pin/pin -t /home/rmengle/pin/source/tools/pinfi/obj-intel64/faultinjection.so -fioption AllInst -- /home/rmengle/pin/source/tools/pinfi/example/paired_executables/basicmath_small/execs/leader-inline/exec_basicmath_small_inline_inline
Run Number: #743
DEBUG FI: /home/rmengle/pin/pin -t /home/rmengle/pin/source/tools/pinfi/obj-intel64/faultinjection.so -fioption AllInst -- /home/rmengle/pin/source/tools/pinfi/example/paired_executables/basicmath_small/execs/leader-inline/exec_basicmath_small_inline_inline
Run Number: #744
DEBUG FI: /home/rmengle/pin/pin -t /home/rmengle/pin/source/tools/pinfi/obj-intel64/faultinjection.so -fioption AllInst -- /home/rmengle/pin/source/tools/pinfi/example/paired_executables/basicmath_small/execs/leader-inline/exec_basicmath_small_inline_inline
Run Number: #745
DEBUG FI: /home/rmengle/pin/pin -t /home/rmengle/pin/source/tools/pinfi/obj-intel64/faultinjection.so -fioption AllInst -- /home/rmengle/pin/source/tools/pinfi/example/paired_executables/basicmath_small/execs/leader-inline/exec_basicmath_small_inline_inline
Run Number: #746
DEBUG FI: /home/rmengle/pin/pin -t /home/rmengle/pin/source/tools/pinfi/obj-intel64/faultinjection.so -fioption AllInst -- /home/rmengle/pin/source/tools/pinfi/example/paired_executables/basicmath_small/execs/leader-inline/exec_basicmath_small_inline_inline
Run Number: #747
DEBUG FI: /home/rmengle/pin/pin -t /home/rmengle/pin/source/tools/pinfi/obj-intel64/faultinjection.so -fioption AllInst -- /home/rmengle/pin/source/tools/pinfi/example/paired_executables/basicmath_small/execs/leader-inline/exec_basicmath_small_inline_inline
Run Number: #748
DEBUG FI: /home/rmengle/pin/pin -t /home/rmengle/pin/source/tools/pinfi/obj-intel64/faultinjection.so -fioption AllInst -- /home/rmengle/pin/source/tools/pinfi/example/paired_executables/basicmath_small/execs/leader-inline/exec_basicmath_small_inline_inline
Run Number: #749
DEBUG FI: /home/rmengle/pin/pin -t /home/rmengle/pin/source/tools/pinfi/obj-intel64/faultinjection.so -fioption AllInst -- /home/rmengle/pin/source/tools/pinfi/example/paired_executables/basicmath_small/execs/leader-inline/exec_basicmath_small_inline_inline
Run Number: #750
DEBUG FI: /home/rmengle/pin/pin -t /home/rmengle/pin/source/tools/pinfi/obj-intel64/faultinjection.so -fioption AllInst -- /home/rmengle/pin/source/tools/pinfi/example/paired_executables/basicmath_small/execs/leader-inline/exec_basicmath_small_inline_inline
Run Number: #751
DEBUG FI: /home/rmengle/pin/pin -t /home/rmengle/pin/source/tools/pinfi/obj-intel64/faultinjection.so -fioption AllInst -- /home/rmengle/pin/source/tools/pinfi/example/paired_executables/basicmath_small/execs/leader-inline/exec_basicmath_small_inline_inline
Run Number: #752
DEBUG FI: /home/rmengle/pin/pin -t /home/rmengle/pin/source/tools/pinfi/obj-intel64/faultinjection.so -fioption AllInst -- /home/rmengle/pin/source/tools/pinfi/example/paired_executables/basicmath_small/execs/leader-inline/exec_basicmath_small_inline_inline
Run Number: #753
DEBUG FI: /home/rmengle/pin/pin -t /home/rmengle/pin/source/tools/pinfi/obj-intel64/faultinjection.so -fioption AllInst -- /home/rmengle/pin/source/tools/pinfi/example/paired_executables/basicmath_small/execs/leader-inline/exec_basicmath_small_inline_inline
Run Number: #754
DEBUG FI: /home/rmengle/pin/pin -t /home/rmengle/pin/source/tools/pinfi/obj-intel64/faultinjection.so -fioption AllInst -- /home/rmengle/pin/source/tools/pinfi/example/paired_executables/basicmath_small/execs/leader-inline/exec_basicmath_small_inline_inline
Run Number: #755
DEBUG FI: /home/rmengle/pin/pin -t /home/rmengle/pin/source/tools/pinfi/obj-intel64/faultinjection.so -fioption AllInst -- /home/rmengle/pin/source/tools/pinfi/example/paired_executables/basicmath_small/execs/leader-inline/exec_basicmath_small_inline_inline
Run Number: #756
DEBUG FI: /home/rmengle/pin/pin -t /home/rmengle/pin/source/tools/pinfi/obj-intel64/faultinjection.so -fioption AllInst -- /home/rmengle/pin/source/tools/pinfi/example/paired_executables/basicmath_small/execs/leader-inline/exec_basicmath_small_inline_inline
Run Number: #757
DEBUG FI: /home/rmengle/pin/pin -t /home/rmengle/pin/source/tools/pinfi/obj-intel64/faultinjection.so -fioption AllInst -- /home/rmengle/pin/source/tools/pinfi/example/paired_executables/basicmath_small/execs/leader-inline/exec_basicmath_small_inline_inline
Run Number: #758
DEBUG FI: /home/rmengle/pin/pin -t /home/rmengle/pin/source/tools/pinfi/obj-intel64/faultinjection.so -fioption AllInst -- /home/rmengle/pin/source/tools/pinfi/example/paired_executables/basicmath_small/execs/leader-inline/exec_basicmath_small_inline_inline
Run Number: #759
DEBUG FI: /home/rmengle/pin/pin -t /home/rmengle/pin/source/tools/pinfi/obj-intel64/faultinjection.so -fioption AllInst -- /home/rmengle/pin/source/tools/pinfi/example/paired_executables/basicmath_small/execs/leader-inline/exec_basicmath_small_inline_inline
Run Number: #760
DEBUG FI: /home/rmengle/pin/pin -t /home/rmengle/pin/source/tools/pinfi/obj-intel64/faultinjection.so -fioption AllInst -- /home/rmengle/pin/source/tools/pinfi/example/paired_executables/basicmath_small/execs/leader-inline/exec_basicmath_small_inline_inline
Run Number: #761
DEBUG FI: /home/rmengle/pin/pin -t /home/rmengle/pin/source/tools/pinfi/obj-intel64/faultinjection.so -fioption AllInst -- /home/rmengle/pin/source/tools/pinfi/example/paired_executables/basicmath_small/execs/leader-inline/exec_basicmath_small_inline_inline
Run Number: #762
DEBUG FI: /home/rmengle/pin/pin -t /home/rmengle/pin/source/tools/pinfi/obj-intel64/faultinjection.so -fioption AllInst -- /home/rmengle/pin/source/tools/pinfi/example/paired_executables/basicmath_small/execs/leader-inline/exec_basicmath_small_inline_inline
Run Number: #763
DEBUG FI: /home/rmengle/pin/pin -t /home/rmengle/pin/source/tools/pinfi/obj-intel64/faultinjection.so -fioption AllInst -- /home/rmengle/pin/source/tools/pinfi/example/paired_executables/basicmath_small/execs/leader-inline/exec_basicmath_small_inline_inline
Run Number: #764
DEBUG FI: /home/rmengle/pin/pin -t /home/rmengle/pin/source/tools/pinfi/obj-intel64/faultinjection.so -fioption AllInst -- /home/rmengle/pin/source/tools/pinfi/example/paired_executables/basicmath_small/execs/leader-inline/exec_basicmath_small_inline_inline
Run Number: #765
DEBUG FI: /home/rmengle/pin/pin -t /home/rmengle/pin/source/tools/pinfi/obj-intel64/faultinjection.so -fioption AllInst -- /home/rmengle/pin/source/tools/pinfi/example/paired_executables/basicmath_small/execs/leader-inline/exec_basicmath_small_inline_inline
Run Number: #766
DEBUG FI: /home/rmengle/pin/pin -t /home/rmengle/pin/source/tools/pinfi/obj-intel64/faultinjection.so -fioption AllInst -- /home/rmengle/pin/source/tools/pinfi/example/paired_executables/basicmath_small/execs/leader-inline/exec_basicmath_small_inline_inline
Run Number: #767
DEBUG FI: /home/rmengle/pin/pin -t /home/rmengle/pin/source/tools/pinfi/obj-intel64/faultinjection.so -fioption AllInst -- /home/rmengle/pin/source/tools/pinfi/example/paired_executables/basicmath_small/execs/leader-inline/exec_basicmath_small_inline_inline
Run Number: #768
DEBUG FI: /home/rmengle/pin/pin -t /home/rmengle/pin/source/tools/pinfi/obj-intel64/faultinjection.so -fioption AllInst -- /home/rmengle/pin/source/tools/pinfi/example/paired_executables/basicmath_small/execs/leader-inline/exec_basicmath_small_inline_inline
Run Number: #769
DEBUG FI: /home/rmengle/pin/pin -t /home/rmengle/pin/source/tools/pinfi/obj-intel64/faultinjection.so -fioption AllInst -- /home/rmengle/pin/source/tools/pinfi/example/paired_executables/basicmath_small/execs/leader-inline/exec_basicmath_small_inline_inline
Run Number: #770
DEBUG FI: /home/rmengle/pin/pin -t /home/rmengle/pin/source/tools/pinfi/obj-intel64/faultinjection.so -fioption AllInst -- /home/rmengle/pin/source/tools/pinfi/example/paired_executables/basicmath_small/execs/leader-inline/exec_basicmath_small_inline_inline
Run Number: #771
DEBUG FI: /home/rmengle/pin/pin -t /home/rmengle/pin/source/tools/pinfi/obj-intel64/faultinjection.so -fioption AllInst -- /home/rmengle/pin/source/tools/pinfi/example/paired_executables/basicmath_small/execs/leader-inline/exec_basicmath_small_inline_inline
Run Number: #772
DEBUG FI: /home/rmengle/pin/pin -t /home/rmengle/pin/source/tools/pinfi/obj-intel64/faultinjection.so -fioption AllInst -- /home/rmengle/pin/source/tools/pinfi/example/paired_executables/basicmath_small/execs/leader-inline/exec_basicmath_small_inline_inline
Run Number: #773
DEBUG FI: /home/rmengle/pin/pin -t /home/rmengle/pin/source/tools/pinfi/obj-intel64/faultinjection.so -fioption AllInst -- /home/rmengle/pin/source/tools/pinfi/example/paired_executables/basicmath_small/execs/leader-inline/exec_basicmath_small_inline_inline
Run Number: #774
DEBUG FI: /home/rmengle/pin/pin -t /home/rmengle/pin/source/tools/pinfi/obj-intel64/faultinjection.so -fioption AllInst -- /home/rmengle/pin/source/tools/pinfi/example/paired_executables/basicmath_small/execs/leader-inline/exec_basicmath_small_inline_inline
Run Number: #775
DEBUG FI: /home/rmengle/pin/pin -t /home/rmengle/pin/source/tools/pinfi/obj-intel64/faultinjection.so -fioption AllInst -- /home/rmengle/pin/source/tools/pinfi/example/paired_executables/basicmath_small/execs/leader-inline/exec_basicmath_small_inline_inline
Run Number: #776
DEBUG FI: /home/rmengle/pin/pin -t /home/rmengle/pin/source/tools/pinfi/obj-intel64/faultinjection.so -fioption AllInst -- /home/rmengle/pin/source/tools/pinfi/example/paired_executables/basicmath_small/execs/leader-inline/exec_basicmath_small_inline_inline
Run Number: #777
DEBUG FI: /home/rmengle/pin/pin -t /home/rmengle/pin/source/tools/pinfi/obj-intel64/faultinjection.so -fioption AllInst -- /home/rmengle/pin/source/tools/pinfi/example/paired_executables/basicmath_small/execs/leader-inline/exec_basicmath_small_inline_inline
Run Number: #778
DEBUG FI: /home/rmengle/pin/pin -t /home/rmengle/pin/source/tools/pinfi/obj-intel64/faultinjection.so -fioption AllInst -- /home/rmengle/pin/source/tools/pinfi/example/paired_executables/basicmath_small/execs/leader-inline/exec_basicmath_small_inline_inline
Run Number: #779
DEBUG FI: /home/rmengle/pin/pin -t /home/rmengle/pin/source/tools/pinfi/obj-intel64/faultinjection.so -fioption AllInst -- /home/rmengle/pin/source/tools/pinfi/example/paired_executables/basicmath_small/execs/leader-inline/exec_basicmath_small_inline_inline
Run Number: #780
DEBUG FI: /home/rmengle/pin/pin -t /home/rmengle/pin/source/tools/pinfi/obj-intel64/faultinjection.so -fioption AllInst -- /home/rmengle/pin/source/tools/pinfi/example/paired_executables/basicmath_small/execs/leader-inline/exec_basicmath_small_inline_inline
Run Number: #781
DEBUG FI: /home/rmengle/pin/pin -t /home/rmengle/pin/source/tools/pinfi/obj-intel64/faultinjection.so -fioption AllInst -- /home/rmengle/pin/source/tools/pinfi/example/paired_executables/basicmath_small/execs/leader-inline/exec_basicmath_small_inline_inline
Run Number: #782
DEBUG FI: /home/rmengle/pin/pin -t /home/rmengle/pin/source/tools/pinfi/obj-intel64/faultinjection.so -fioption AllInst -- /home/rmengle/pin/source/tools/pinfi/example/paired_executables/basicmath_small/execs/leader-inline/exec_basicmath_small_inline_inline
Run Number: #783
DEBUG FI: /home/rmengle/pin/pin -t /home/rmengle/pin/source/tools/pinfi/obj-intel64/faultinjection.so -fioption AllInst -- /home/rmengle/pin/source/tools/pinfi/example/paired_executables/basicmath_small/execs/leader-inline/exec_basicmath_small_inline_inline
Run Number: #784
DEBUG FI: /home/rmengle/pin/pin -t /home/rmengle/pin/source/tools/pinfi/obj-intel64/faultinjection.so -fioption AllInst -- /home/rmengle/pin/source/tools/pinfi/example/paired_executables/basicmath_small/execs/leader-inline/exec_basicmath_small_inline_inline
Run Number: #785
DEBUG FI: /home/rmengle/pin/pin -t /home/rmengle/pin/source/tools/pinfi/obj-intel64/faultinjection.so -fioption AllInst -- /home/rmengle/pin/source/tools/pinfi/example/paired_executables/basicmath_small/execs/leader-inline/exec_basicmath_small_inline_inline
Run Number: #786
DEBUG FI: /home/rmengle/pin/pin -t /home/rmengle/pin/source/tools/pinfi/obj-intel64/faultinjection.so -fioption AllInst -- /home/rmengle/pin/source/tools/pinfi/example/paired_executables/basicmath_small/execs/leader-inline/exec_basicmath_small_inline_inline
Run Number: #787
DEBUG FI: /home/rmengle/pin/pin -t /home/rmengle/pin/source/tools/pinfi/obj-intel64/faultinjection.so -fioption AllInst -- /home/rmengle/pin/source/tools/pinfi/example/paired_executables/basicmath_small/execs/leader-inline/exec_basicmath_small_inline_inline
Run Number: #788
DEBUG FI: /home/rmengle/pin/pin -t /home/rmengle/pin/source/tools/pinfi/obj-intel64/faultinjection.so -fioption AllInst -- /home/rmengle/pin/source/tools/pinfi/example/paired_executables/basicmath_small/execs/leader-inline/exec_basicmath_small_inline_inline
Run Number: #789
DEBUG FI: /home/rmengle/pin/pin -t /home/rmengle/pin/source/tools/pinfi/obj-intel64/faultinjection.so -fioption AllInst -- /home/rmengle/pin/source/tools/pinfi/example/paired_executables/basicmath_small/execs/leader-inline/exec_basicmath_small_inline_inline
Run Number: #790
DEBUG FI: /home/rmengle/pin/pin -t /home/rmengle/pin/source/tools/pinfi/obj-intel64/faultinjection.so -fioption AllInst -- /home/rmengle/pin/source/tools/pinfi/example/paired_executables/basicmath_small/execs/leader-inline/exec_basicmath_small_inline_inline
Run Number: #791
DEBUG FI: /home/rmengle/pin/pin -t /home/rmengle/pin/source/tools/pinfi/obj-intel64/faultinjection.so -fioption AllInst -- /home/rmengle/pin/source/tools/pinfi/example/paired_executables/basicmath_small/execs/leader-inline/exec_basicmath_small_inline_inline
Run Number: #792
DEBUG FI: /home/rmengle/pin/pin -t /home/rmengle/pin/source/tools/pinfi/obj-intel64/faultinjection.so -fioption AllInst -- /home/rmengle/pin/source/tools/pinfi/example/paired_executables/basicmath_small/execs/leader-inline/exec_basicmath_small_inline_inline
Run Number: #793
DEBUG FI: /home/rmengle/pin/pin -t /home/rmengle/pin/source/tools/pinfi/obj-intel64/faultinjection.so -fioption AllInst -- /home/rmengle/pin/source/tools/pinfi/example/paired_executables/basicmath_small/execs/leader-inline/exec_basicmath_small_inline_inline
Run Number: #794
DEBUG FI: /home/rmengle/pin/pin -t /home/rmengle/pin/source/tools/pinfi/obj-intel64/faultinjection.so -fioption AllInst -- /home/rmengle/pin/source/tools/pinfi/example/paired_executables/basicmath_small/execs/leader-inline/exec_basicmath_small_inline_inline
Run Number: #795
DEBUG FI: /home/rmengle/pin/pin -t /home/rmengle/pin/source/tools/pinfi/obj-intel64/faultinjection.so -fioption AllInst -- /home/rmengle/pin/source/tools/pinfi/example/paired_executables/basicmath_small/execs/leader-inline/exec_basicmath_small_inline_inline
Run Number: #796
DEBUG FI: /home/rmengle/pin/pin -t /home/rmengle/pin/source/tools/pinfi/obj-intel64/faultinjection.so -fioption AllInst -- /home/rmengle/pin/source/tools/pinfi/example/paired_executables/basicmath_small/execs/leader-inline/exec_basicmath_small_inline_inline
Run Number: #797
DEBUG FI: /home/rmengle/pin/pin -t /home/rmengle/pin/source/tools/pinfi/obj-intel64/faultinjection.so -fioption AllInst -- /home/rmengle/pin/source/tools/pinfi/example/paired_executables/basicmath_small/execs/leader-inline/exec_basicmath_small_inline_inline
Run Number: #798
DEBUG FI: /home/rmengle/pin/pin -t /home/rmengle/pin/source/tools/pinfi/obj-intel64/faultinjection.so -fioption AllInst -- /home/rmengle/pin/source/tools/pinfi/example/paired_executables/basicmath_small/execs/leader-inline/exec_basicmath_small_inline_inline
Run Number: #799
DEBUG FI: /home/rmengle/pin/pin -t /home/rmengle/pin/source/tools/pinfi/obj-intel64/faultinjection.so -fioption AllInst -- /home/rmengle/pin/source/tools/pinfi/example/paired_executables/basicmath_small/execs/leader-inline/exec_basicmath_small_inline_inline
Run Number: #800
DEBUG FI: /home/rmengle/pin/pin -t /home/rmengle/pin/source/tools/pinfi/obj-intel64/faultinjection.so -fioption AllInst -- /home/rmengle/pin/source/tools/pinfi/example/paired_executables/basicmath_small/execs/leader-inline/exec_basicmath_small_inline_inline
Run Number: #801
DEBUG FI: /home/rmengle/pin/pin -t /home/rmengle/pin/source/tools/pinfi/obj-intel64/faultinjection.so -fioption AllInst -- /home/rmengle/pin/source/tools/pinfi/example/paired_executables/basicmath_small/execs/leader-inline/exec_basicmath_small_inline_inline
Run Number: #802
DEBUG FI: /home/rmengle/pin/pin -t /home/rmengle/pin/source/tools/pinfi/obj-intel64/faultinjection.so -fioption AllInst -- /home/rmengle/pin/source/tools/pinfi/example/paired_executables/basicmath_small/execs/leader-inline/exec_basicmath_small_inline_inline
Run Number: #803
DEBUG FI: /home/rmengle/pin/pin -t /home/rmengle/pin/source/tools/pinfi/obj-intel64/faultinjection.so -fioption AllInst -- /home/rmengle/pin/source/tools/pinfi/example/paired_executables/basicmath_small/execs/leader-inline/exec_basicmath_small_inline_inline
Run Number: #804
DEBUG FI: /home/rmengle/pin/pin -t /home/rmengle/pin/source/tools/pinfi/obj-intel64/faultinjection.so -fioption AllInst -- /home/rmengle/pin/source/tools/pinfi/example/paired_executables/basicmath_small/execs/leader-inline/exec_basicmath_small_inline_inline
Run Number: #805
DEBUG FI: /home/rmengle/pin/pin -t /home/rmengle/pin/source/tools/pinfi/obj-intel64/faultinjection.so -fioption AllInst -- /home/rmengle/pin/source/tools/pinfi/example/paired_executables/basicmath_small/execs/leader-inline/exec_basicmath_small_inline_inline
Run Number: #806
DEBUG FI: /home/rmengle/pin/pin -t /home/rmengle/pin/source/tools/pinfi/obj-intel64/faultinjection.so -fioption AllInst -- /home/rmengle/pin/source/tools/pinfi/example/paired_executables/basicmath_small/execs/leader-inline/exec_basicmath_small_inline_inline
Run Number: #807
DEBUG FI: /home/rmengle/pin/pin -t /home/rmengle/pin/source/tools/pinfi/obj-intel64/faultinjection.so -fioption AllInst -- /home/rmengle/pin/source/tools/pinfi/example/paired_executables/basicmath_small/execs/leader-inline/exec_basicmath_small_inline_inline
Run Number: #808
DEBUG FI: /home/rmengle/pin/pin -t /home/rmengle/pin/source/tools/pinfi/obj-intel64/faultinjection.so -fioption AllInst -- /home/rmengle/pin/source/tools/pinfi/example/paired_executables/basicmath_small/execs/leader-inline/exec_basicmath_small_inline_inline
Run Number: #809
DEBUG FI: /home/rmengle/pin/pin -t /home/rmengle/pin/source/tools/pinfi/obj-intel64/faultinjection.so -fioption AllInst -- /home/rmengle/pin/source/tools/pinfi/example/paired_executables/basicmath_small/execs/leader-inline/exec_basicmath_small_inline_inline
Run Number: #810
DEBUG FI: /home/rmengle/pin/pin -t /home/rmengle/pin/source/tools/pinfi/obj-intel64/faultinjection.so -fioption AllInst -- /home/rmengle/pin/source/tools/pinfi/example/paired_executables/basicmath_small/execs/leader-inline/exec_basicmath_small_inline_inline
Run Number: #811
DEBUG FI: /home/rmengle/pin/pin -t /home/rmengle/pin/source/tools/pinfi/obj-intel64/faultinjection.so -fioption AllInst -- /home/rmengle/pin/source/tools/pinfi/example/paired_executables/basicmath_small/execs/leader-inline/exec_basicmath_small_inline_inline
Run Number: #812
DEBUG FI: /home/rmengle/pin/pin -t /home/rmengle/pin/source/tools/pinfi/obj-intel64/faultinjection.so -fioption AllInst -- /home/rmengle/pin/source/tools/pinfi/example/paired_executables/basicmath_small/execs/leader-inline/exec_basicmath_small_inline_inline
Run Number: #813
DEBUG FI: /home/rmengle/pin/pin -t /home/rmengle/pin/source/tools/pinfi/obj-intel64/faultinjection.so -fioption AllInst -- /home/rmengle/pin/source/tools/pinfi/example/paired_executables/basicmath_small/execs/leader-inline/exec_basicmath_small_inline_inline
Run Number: #814
DEBUG FI: /home/rmengle/pin/pin -t /home/rmengle/pin/source/tools/pinfi/obj-intel64/faultinjection.so -fioption AllInst -- /home/rmengle/pin/source/tools/pinfi/example/paired_executables/basicmath_small/execs/leader-inline/exec_basicmath_small_inline_inline
Run Number: #815
DEBUG FI: /home/rmengle/pin/pin -t /home/rmengle/pin/source/tools/pinfi/obj-intel64/faultinjection.so -fioption AllInst -- /home/rmengle/pin/source/tools/pinfi/example/paired_executables/basicmath_small/execs/leader-inline/exec_basicmath_small_inline_inline
Run Number: #816
DEBUG FI: /home/rmengle/pin/pin -t /home/rmengle/pin/source/tools/pinfi/obj-intel64/faultinjection.so -fioption AllInst -- /home/rmengle/pin/source/tools/pinfi/example/paired_executables/basicmath_small/execs/leader-inline/exec_basicmath_small_inline_inline
Run Number: #817
DEBUG FI: /home/rmengle/pin/pin -t /home/rmengle/pin/source/tools/pinfi/obj-intel64/faultinjection.so -fioption AllInst -- /home/rmengle/pin/source/tools/pinfi/example/paired_executables/basicmath_small/execs/leader-inline/exec_basicmath_small_inline_inline
Run Number: #818
DEBUG FI: /home/rmengle/pin/pin -t /home/rmengle/pin/source/tools/pinfi/obj-intel64/faultinjection.so -fioption AllInst -- /home/rmengle/pin/source/tools/pinfi/example/paired_executables/basicmath_small/execs/leader-inline/exec_basicmath_small_inline_inline
Run Number: #819
DEBUG FI: /home/rmengle/pin/pin -t /home/rmengle/pin/source/tools/pinfi/obj-intel64/faultinjection.so -fioption AllInst -- /home/rmengle/pin/source/tools/pinfi/example/paired_executables/basicmath_small/execs/leader-inline/exec_basicmath_small_inline_inline
Run Number: #820
DEBUG FI: /home/rmengle/pin/pin -t /home/rmengle/pin/source/tools/pinfi/obj-intel64/faultinjection.so -fioption AllInst -- /home/rmengle/pin/source/tools/pinfi/example/paired_executables/basicmath_small/execs/leader-inline/exec_basicmath_small_inline_inline
Run Number: #821
DEBUG FI: /home/rmengle/pin/pin -t /home/rmengle/pin/source/tools/pinfi/obj-intel64/faultinjection.so -fioption AllInst -- /home/rmengle/pin/source/tools/pinfi/example/paired_executables/basicmath_small/execs/leader-inline/exec_basicmath_small_inline_inline
Run Number: #822
DEBUG FI: /home/rmengle/pin/pin -t /home/rmengle/pin/source/tools/pinfi/obj-intel64/faultinjection.so -fioption AllInst -- /home/rmengle/pin/source/tools/pinfi/example/paired_executables/basicmath_small/execs/leader-inline/exec_basicmath_small_inline_inline
Run Number: #823
DEBUG FI: /home/rmengle/pin/pin -t /home/rmengle/pin/source/tools/pinfi/obj-intel64/faultinjection.so -fioption AllInst -- /home/rmengle/pin/source/tools/pinfi/example/paired_executables/basicmath_small/execs/leader-inline/exec_basicmath_small_inline_inline
Run Number: #824
DEBUG FI: /home/rmengle/pin/pin -t /home/rmengle/pin/source/tools/pinfi/obj-intel64/faultinjection.so -fioption AllInst -- /home/rmengle/pin/source/tools/pinfi/example/paired_executables/basicmath_small/execs/leader-inline/exec_basicmath_small_inline_inline
Run Number: #825
DEBUG FI: /home/rmengle/pin/pin -t /home/rmengle/pin/source/tools/pinfi/obj-intel64/faultinjection.so -fioption AllInst -- /home/rmengle/pin/source/tools/pinfi/example/paired_executables/basicmath_small/execs/leader-inline/exec_basicmath_small_inline_inline
Run Number: #826
DEBUG FI: /home/rmengle/pin/pin -t /home/rmengle/pin/source/tools/pinfi/obj-intel64/faultinjection.so -fioption AllInst -- /home/rmengle/pin/source/tools/pinfi/example/paired_executables/basicmath_small/execs/leader-inline/exec_basicmath_small_inline_inline
Run Number: #827
DEBUG FI: /home/rmengle/pin/pin -t /home/rmengle/pin/source/tools/pinfi/obj-intel64/faultinjection.so -fioption AllInst -- /home/rmengle/pin/source/tools/pinfi/example/paired_executables/basicmath_small/execs/leader-inline/exec_basicmath_small_inline_inline
Run Number: #828
DEBUG FI: /home/rmengle/pin/pin -t /home/rmengle/pin/source/tools/pinfi/obj-intel64/faultinjection.so -fioption AllInst -- /home/rmengle/pin/source/tools/pinfi/example/paired_executables/basicmath_small/execs/leader-inline/exec_basicmath_small_inline_inline
Run Number: #829
DEBUG FI: /home/rmengle/pin/pin -t /home/rmengle/pin/source/tools/pinfi/obj-intel64/faultinjection.so -fioption AllInst -- /home/rmengle/pin/source/tools/pinfi/example/paired_executables/basicmath_small/execs/leader-inline/exec_basicmath_small_inline_inline
Run Number: #830
DEBUG FI: /home/rmengle/pin/pin -t /home/rmengle/pin/source/tools/pinfi/obj-intel64/faultinjection.so -fioption AllInst -- /home/rmengle/pin/source/tools/pinfi/example/paired_executables/basicmath_small/execs/leader-inline/exec_basicmath_small_inline_inline
Run Number: #831
DEBUG FI: /home/rmengle/pin/pin -t /home/rmengle/pin/source/tools/pinfi/obj-intel64/faultinjection.so -fioption AllInst -- /home/rmengle/pin/source/tools/pinfi/example/paired_executables/basicmath_small/execs/leader-inline/exec_basicmath_small_inline_inline
Run Number: #832
DEBUG FI: /home/rmengle/pin/pin -t /home/rmengle/pin/source/tools/pinfi/obj-intel64/faultinjection.so -fioption AllInst -- /home/rmengle/pin/source/tools/pinfi/example/paired_executables/basicmath_small/execs/leader-inline/exec_basicmath_small_inline_inline
Run Number: #833
DEBUG FI: /home/rmengle/pin/pin -t /home/rmengle/pin/source/tools/pinfi/obj-intel64/faultinjection.so -fioption AllInst -- /home/rmengle/pin/source/tools/pinfi/example/paired_executables/basicmath_small/execs/leader-inline/exec_basicmath_small_inline_inline
Run Number: #834
DEBUG FI: /home/rmengle/pin/pin -t /home/rmengle/pin/source/tools/pinfi/obj-intel64/faultinjection.so -fioption AllInst -- /home/rmengle/pin/source/tools/pinfi/example/paired_executables/basicmath_small/execs/leader-inline/exec_basicmath_small_inline_inline
Run Number: #835
DEBUG FI: /home/rmengle/pin/pin -t /home/rmengle/pin/source/tools/pinfi/obj-intel64/faultinjection.so -fioption AllInst -- /home/rmengle/pin/source/tools/pinfi/example/paired_executables/basicmath_small/execs/leader-inline/exec_basicmath_small_inline_inline
Run Number: #836
DEBUG FI: /home/rmengle/pin/pin -t /home/rmengle/pin/source/tools/pinfi/obj-intel64/faultinjection.so -fioption AllInst -- /home/rmengle/pin/source/tools/pinfi/example/paired_executables/basicmath_small/execs/leader-inline/exec_basicmath_small_inline_inline
Run Number: #837
DEBUG FI: /home/rmengle/pin/pin -t /home/rmengle/pin/source/tools/pinfi/obj-intel64/faultinjection.so -fioption AllInst -- /home/rmengle/pin/source/tools/pinfi/example/paired_executables/basicmath_small/execs/leader-inline/exec_basicmath_small_inline_inline
Run Number: #838
DEBUG FI: /home/rmengle/pin/pin -t /home/rmengle/pin/source/tools/pinfi/obj-intel64/faultinjection.so -fioption AllInst -- /home/rmengle/pin/source/tools/pinfi/example/paired_executables/basicmath_small/execs/leader-inline/exec_basicmath_small_inline_inline
Run Number: #839
DEBUG FI: /home/rmengle/pin/pin -t /home/rmengle/pin/source/tools/pinfi/obj-intel64/faultinjection.so -fioption AllInst -- /home/rmengle/pin/source/tools/pinfi/example/paired_executables/basicmath_small/execs/leader-inline/exec_basicmath_small_inline_inline
Run Number: #840
DEBUG FI: /home/rmengle/pin/pin -t /home/rmengle/pin/source/tools/pinfi/obj-intel64/faultinjection.so -fioption AllInst -- /home/rmengle/pin/source/tools/pinfi/example/paired_executables/basicmath_small/execs/leader-inline/exec_basicmath_small_inline_inline
Run Number: #841
DEBUG FI: /home/rmengle/pin/pin -t /home/rmengle/pin/source/tools/pinfi/obj-intel64/faultinjection.so -fioption AllInst -- /home/rmengle/pin/source/tools/pinfi/example/paired_executables/basicmath_small/execs/leader-inline/exec_basicmath_small_inline_inline
Run Number: #842
DEBUG FI: /home/rmengle/pin/pin -t /home/rmengle/pin/source/tools/pinfi/obj-intel64/faultinjection.so -fioption AllInst -- /home/rmengle/pin/source/tools/pinfi/example/paired_executables/basicmath_small/execs/leader-inline/exec_basicmath_small_inline_inline
Run Number: #843
DEBUG FI: /home/rmengle/pin/pin -t /home/rmengle/pin/source/tools/pinfi/obj-intel64/faultinjection.so -fioption AllInst -- /home/rmengle/pin/source/tools/pinfi/example/paired_executables/basicmath_small/execs/leader-inline/exec_basicmath_small_inline_inline
Run Number: #844
DEBUG FI: /home/rmengle/pin/pin -t /home/rmengle/pin/source/tools/pinfi/obj-intel64/faultinjection.so -fioption AllInst -- /home/rmengle/pin/source/tools/pinfi/example/paired_executables/basicmath_small/execs/leader-inline/exec_basicmath_small_inline_inline
Run Number: #845
DEBUG FI: /home/rmengle/pin/pin -t /home/rmengle/pin/source/tools/pinfi/obj-intel64/faultinjection.so -fioption AllInst -- /home/rmengle/pin/source/tools/pinfi/example/paired_executables/basicmath_small/execs/leader-inline/exec_basicmath_small_inline_inline
Run Number: #846
DEBUG FI: /home/rmengle/pin/pin -t /home/rmengle/pin/source/tools/pinfi/obj-intel64/faultinjection.so -fioption AllInst -- /home/rmengle/pin/source/tools/pinfi/example/paired_executables/basicmath_small/execs/leader-inline/exec_basicmath_small_inline_inline
Run Number: #847
DEBUG FI: /home/rmengle/pin/pin -t /home/rmengle/pin/source/tools/pinfi/obj-intel64/faultinjection.so -fioption AllInst -- /home/rmengle/pin/source/tools/pinfi/example/paired_executables/basicmath_small/execs/leader-inline/exec_basicmath_small_inline_inline
Run Number: #848
DEBUG FI: /home/rmengle/pin/pin -t /home/rmengle/pin/source/tools/pinfi/obj-intel64/faultinjection.so -fioption AllInst -- /home/rmengle/pin/source/tools/pinfi/example/paired_executables/basicmath_small/execs/leader-inline/exec_basicmath_small_inline_inline
Run Number: #849
DEBUG FI: /home/rmengle/pin/pin -t /home/rmengle/pin/source/tools/pinfi/obj-intel64/faultinjection.so -fioption AllInst -- /home/rmengle/pin/source/tools/pinfi/example/paired_executables/basicmath_small/execs/leader-inline/exec_basicmath_small_inline_inline
Run Number: #850
DEBUG FI: /home/rmengle/pin/pin -t /home/rmengle/pin/source/tools/pinfi/obj-intel64/faultinjection.so -fioption AllInst -- /home/rmengle/pin/source/tools/pinfi/example/paired_executables/basicmath_small/execs/leader-inline/exec_basicmath_small_inline_inline
Run Number: #851
DEBUG FI: /home/rmengle/pin/pin -t /home/rmengle/pin/source/tools/pinfi/obj-intel64/faultinjection.so -fioption AllInst -- /home/rmengle/pin/source/tools/pinfi/example/paired_executables/basicmath_small/execs/leader-inline/exec_basicmath_small_inline_inline
Run Number: #852
DEBUG FI: /home/rmengle/pin/pin -t /home/rmengle/pin/source/tools/pinfi/obj-intel64/faultinjection.so -fioption AllInst -- /home/rmengle/pin/source/tools/pinfi/example/paired_executables/basicmath_small/execs/leader-inline/exec_basicmath_small_inline_inline
Run Number: #853
DEBUG FI: /home/rmengle/pin/pin -t /home/rmengle/pin/source/tools/pinfi/obj-intel64/faultinjection.so -fioption AllInst -- /home/rmengle/pin/source/tools/pinfi/example/paired_executables/basicmath_small/execs/leader-inline/exec_basicmath_small_inline_inline
Run Number: #854
DEBUG FI: /home/rmengle/pin/pin -t /home/rmengle/pin/source/tools/pinfi/obj-intel64/faultinjection.so -fioption AllInst -- /home/rmengle/pin/source/tools/pinfi/example/paired_executables/basicmath_small/execs/leader-inline/exec_basicmath_small_inline_inline
Run Number: #855
DEBUG FI: /home/rmengle/pin/pin -t /home/rmengle/pin/source/tools/pinfi/obj-intel64/faultinjection.so -fioption AllInst -- /home/rmengle/pin/source/tools/pinfi/example/paired_executables/basicmath_small/execs/leader-inline/exec_basicmath_small_inline_inline
Run Number: #856
DEBUG FI: /home/rmengle/pin/pin -t /home/rmengle/pin/source/tools/pinfi/obj-intel64/faultinjection.so -fioption AllInst -- /home/rmengle/pin/source/tools/pinfi/example/paired_executables/basicmath_small/execs/leader-inline/exec_basicmath_small_inline_inline
Run Number: #857
DEBUG FI: /home/rmengle/pin/pin -t /home/rmengle/pin/source/tools/pinfi/obj-intel64/faultinjection.so -fioption AllInst -- /home/rmengle/pin/source/tools/pinfi/example/paired_executables/basicmath_small/execs/leader-inline/exec_basicmath_small_inline_inline
Run Number: #858
DEBUG FI: /home/rmengle/pin/pin -t /home/rmengle/pin/source/tools/pinfi/obj-intel64/faultinjection.so -fioption AllInst -- /home/rmengle/pin/source/tools/pinfi/example/paired_executables/basicmath_small/execs/leader-inline/exec_basicmath_small_inline_inline
Run Number: #859
DEBUG FI: /home/rmengle/pin/pin -t /home/rmengle/pin/source/tools/pinfi/obj-intel64/faultinjection.so -fioption AllInst -- /home/rmengle/pin/source/tools/pinfi/example/paired_executables/basicmath_small/execs/leader-inline/exec_basicmath_small_inline_inline
Run Number: #860
DEBUG FI: /home/rmengle/pin/pin -t /home/rmengle/pin/source/tools/pinfi/obj-intel64/faultinjection.so -fioption AllInst -- /home/rmengle/pin/source/tools/pinfi/example/paired_executables/basicmath_small/execs/leader-inline/exec_basicmath_small_inline_inline
Run Number: #861
DEBUG FI: /home/rmengle/pin/pin -t /home/rmengle/pin/source/tools/pinfi/obj-intel64/faultinjection.so -fioption AllInst -- /home/rmengle/pin/source/tools/pinfi/example/paired_executables/basicmath_small/execs/leader-inline/exec_basicmath_small_inline_inline
Run Number: #862
DEBUG FI: /home/rmengle/pin/pin -t /home/rmengle/pin/source/tools/pinfi/obj-intel64/faultinjection.so -fioption AllInst -- /home/rmengle/pin/source/tools/pinfi/example/paired_executables/basicmath_small/execs/leader-inline/exec_basicmath_small_inline_inline
Run Number: #863
DEBUG FI: /home/rmengle/pin/pin -t /home/rmengle/pin/source/tools/pinfi/obj-intel64/faultinjection.so -fioption AllInst -- /home/rmengle/pin/source/tools/pinfi/example/paired_executables/basicmath_small/execs/leader-inline/exec_basicmath_small_inline_inline
Run Number: #864
DEBUG FI: /home/rmengle/pin/pin -t /home/rmengle/pin/source/tools/pinfi/obj-intel64/faultinjection.so -fioption AllInst -- /home/rmengle/pin/source/tools/pinfi/example/paired_executables/basicmath_small/execs/leader-inline/exec_basicmath_small_inline_inline
Run Number: #865
DEBUG FI: /home/rmengle/pin/pin -t /home/rmengle/pin/source/tools/pinfi/obj-intel64/faultinjection.so -fioption AllInst -- /home/rmengle/pin/source/tools/pinfi/example/paired_executables/basicmath_small/execs/leader-inline/exec_basicmath_small_inline_inline
Run Number: #866
DEBUG FI: /home/rmengle/pin/pin -t /home/rmengle/pin/source/tools/pinfi/obj-intel64/faultinjection.so -fioption AllInst -- /home/rmengle/pin/source/tools/pinfi/example/paired_executables/basicmath_small/execs/leader-inline/exec_basicmath_small_inline_inline
Run Number: #867
DEBUG FI: /home/rmengle/pin/pin -t /home/rmengle/pin/source/tools/pinfi/obj-intel64/faultinjection.so -fioption AllInst -- /home/rmengle/pin/source/tools/pinfi/example/paired_executables/basicmath_small/execs/leader-inline/exec_basicmath_small_inline_inline
Run Number: #868
DEBUG FI: /home/rmengle/pin/pin -t /home/rmengle/pin/source/tools/pinfi/obj-intel64/faultinjection.so -fioption AllInst -- /home/rmengle/pin/source/tools/pinfi/example/paired_executables/basicmath_small/execs/leader-inline/exec_basicmath_small_inline_inline
Run Number: #869
DEBUG FI: /home/rmengle/pin/pin -t /home/rmengle/pin/source/tools/pinfi/obj-intel64/faultinjection.so -fioption AllInst -- /home/rmengle/pin/source/tools/pinfi/example/paired_executables/basicmath_small/execs/leader-inline/exec_basicmath_small_inline_inline
Run Number: #870
DEBUG FI: /home/rmengle/pin/pin -t /home/rmengle/pin/source/tools/pinfi/obj-intel64/faultinjection.so -fioption AllInst -- /home/rmengle/pin/source/tools/pinfi/example/paired_executables/basicmath_small/execs/leader-inline/exec_basicmath_small_inline_inline
Run Number: #871
DEBUG FI: /home/rmengle/pin/pin -t /home/rmengle/pin/source/tools/pinfi/obj-intel64/faultinjection.so -fioption AllInst -- /home/rmengle/pin/source/tools/pinfi/example/paired_executables/basicmath_small/execs/leader-inline/exec_basicmath_small_inline_inline
Run Number: #872
DEBUG FI: /home/rmengle/pin/pin -t /home/rmengle/pin/source/tools/pinfi/obj-intel64/faultinjection.so -fioption AllInst -- /home/rmengle/pin/source/tools/pinfi/example/paired_executables/basicmath_small/execs/leader-inline/exec_basicmath_small_inline_inline
Run Number: #873
DEBUG FI: /home/rmengle/pin/pin -t /home/rmengle/pin/source/tools/pinfi/obj-intel64/faultinjection.so -fioption AllInst -- /home/rmengle/pin/source/tools/pinfi/example/paired_executables/basicmath_small/execs/leader-inline/exec_basicmath_small_inline_inline
Run Number: #874
DEBUG FI: /home/rmengle/pin/pin -t /home/rmengle/pin/source/tools/pinfi/obj-intel64/faultinjection.so -fioption AllInst -- /home/rmengle/pin/source/tools/pinfi/example/paired_executables/basicmath_small/execs/leader-inline/exec_basicmath_small_inline_inline
Run Number: #875
DEBUG FI: /home/rmengle/pin/pin -t /home/rmengle/pin/source/tools/pinfi/obj-intel64/faultinjection.so -fioption AllInst -- /home/rmengle/pin/source/tools/pinfi/example/paired_executables/basicmath_small/execs/leader-inline/exec_basicmath_small_inline_inline
Run Number: #876
DEBUG FI: /home/rmengle/pin/pin -t /home/rmengle/pin/source/tools/pinfi/obj-intel64/faultinjection.so -fioption AllInst -- /home/rmengle/pin/source/tools/pinfi/example/paired_executables/basicmath_small/execs/leader-inline/exec_basicmath_small_inline_inline
Run Number: #877
DEBUG FI: /home/rmengle/pin/pin -t /home/rmengle/pin/source/tools/pinfi/obj-intel64/faultinjection.so -fioption AllInst -- /home/rmengle/pin/source/tools/pinfi/example/paired_executables/basicmath_small/execs/leader-inline/exec_basicmath_small_inline_inline
Run Number: #878
DEBUG FI: /home/rmengle/pin/pin -t /home/rmengle/pin/source/tools/pinfi/obj-intel64/faultinjection.so -fioption AllInst -- /home/rmengle/pin/source/tools/pinfi/example/paired_executables/basicmath_small/execs/leader-inline/exec_basicmath_small_inline_inline
Run Number: #879
DEBUG FI: /home/rmengle/pin/pin -t /home/rmengle/pin/source/tools/pinfi/obj-intel64/faultinjection.so -fioption AllInst -- /home/rmengle/pin/source/tools/pinfi/example/paired_executables/basicmath_small/execs/leader-inline/exec_basicmath_small_inline_inline
Run Number: #880
DEBUG FI: /home/rmengle/pin/pin -t /home/rmengle/pin/source/tools/pinfi/obj-intel64/faultinjection.so -fioption AllInst -- /home/rmengle/pin/source/tools/pinfi/example/paired_executables/basicmath_small/execs/leader-inline/exec_basicmath_small_inline_inline
Run Number: #881
DEBUG FI: /home/rmengle/pin/pin -t /home/rmengle/pin/source/tools/pinfi/obj-intel64/faultinjection.so -fioption AllInst -- /home/rmengle/pin/source/tools/pinfi/example/paired_executables/basicmath_small/execs/leader-inline/exec_basicmath_small_inline_inline
Run Number: #882
DEBUG FI: /home/rmengle/pin/pin -t /home/rmengle/pin/source/tools/pinfi/obj-intel64/faultinjection.so -fioption AllInst -- /home/rmengle/pin/source/tools/pinfi/example/paired_executables/basicmath_small/execs/leader-inline/exec_basicmath_small_inline_inline
Run Number: #883
DEBUG FI: /home/rmengle/pin/pin -t /home/rmengle/pin/source/tools/pinfi/obj-intel64/faultinjection.so -fioption AllInst -- /home/rmengle/pin/source/tools/pinfi/example/paired_executables/basicmath_small/execs/leader-inline/exec_basicmath_small_inline_inline
Run Number: #884
DEBUG FI: /home/rmengle/pin/pin -t /home/rmengle/pin/source/tools/pinfi/obj-intel64/faultinjection.so -fioption AllInst -- /home/rmengle/pin/source/tools/pinfi/example/paired_executables/basicmath_small/execs/leader-inline/exec_basicmath_small_inline_inline
Run Number: #885
DEBUG FI: /home/rmengle/pin/pin -t /home/rmengle/pin/source/tools/pinfi/obj-intel64/faultinjection.so -fioption AllInst -- /home/rmengle/pin/source/tools/pinfi/example/paired_executables/basicmath_small/execs/leader-inline/exec_basicmath_small_inline_inline
Run Number: #886
DEBUG FI: /home/rmengle/pin/pin -t /home/rmengle/pin/source/tools/pinfi/obj-intel64/faultinjection.so -fioption AllInst -- /home/rmengle/pin/source/tools/pinfi/example/paired_executables/basicmath_small/execs/leader-inline/exec_basicmath_small_inline_inline
Run Number: #887
DEBUG FI: /home/rmengle/pin/pin -t /home/rmengle/pin/source/tools/pinfi/obj-intel64/faultinjection.so -fioption AllInst -- /home/rmengle/pin/source/tools/pinfi/example/paired_executables/basicmath_small/execs/leader-inline/exec_basicmath_small_inline_inline
Run Number: #888
DEBUG FI: /home/rmengle/pin/pin -t /home/rmengle/pin/source/tools/pinfi/obj-intel64/faultinjection.so -fioption AllInst -- /home/rmengle/pin/source/tools/pinfi/example/paired_executables/basicmath_small/execs/leader-inline/exec_basicmath_small_inline_inline
Run Number: #889
DEBUG FI: /home/rmengle/pin/pin -t /home/rmengle/pin/source/tools/pinfi/obj-intel64/faultinjection.so -fioption AllInst -- /home/rmengle/pin/source/tools/pinfi/example/paired_executables/basicmath_small/execs/leader-inline/exec_basicmath_small_inline_inline
Run Number: #890
DEBUG FI: /home/rmengle/pin/pin -t /home/rmengle/pin/source/tools/pinfi/obj-intel64/faultinjection.so -fioption AllInst -- /home/rmengle/pin/source/tools/pinfi/example/paired_executables/basicmath_small/execs/leader-inline/exec_basicmath_small_inline_inline
Run Number: #891
DEBUG FI: /home/rmengle/pin/pin -t /home/rmengle/pin/source/tools/pinfi/obj-intel64/faultinjection.so -fioption AllInst -- /home/rmengle/pin/source/tools/pinfi/example/paired_executables/basicmath_small/execs/leader-inline/exec_basicmath_small_inline_inline
Run Number: #892
DEBUG FI: /home/rmengle/pin/pin -t /home/rmengle/pin/source/tools/pinfi/obj-intel64/faultinjection.so -fioption AllInst -- /home/rmengle/pin/source/tools/pinfi/example/paired_executables/basicmath_small/execs/leader-inline/exec_basicmath_small_inline_inline
Run Number: #893
DEBUG FI: /home/rmengle/pin/pin -t /home/rmengle/pin/source/tools/pinfi/obj-intel64/faultinjection.so -fioption AllInst -- /home/rmengle/pin/source/tools/pinfi/example/paired_executables/basicmath_small/execs/leader-inline/exec_basicmath_small_inline_inline
Run Number: #894
DEBUG FI: /home/rmengle/pin/pin -t /home/rmengle/pin/source/tools/pinfi/obj-intel64/faultinjection.so -fioption AllInst -- /home/rmengle/pin/source/tools/pinfi/example/paired_executables/basicmath_small/execs/leader-inline/exec_basicmath_small_inline_inline
Run Number: #895
DEBUG FI: /home/rmengle/pin/pin -t /home/rmengle/pin/source/tools/pinfi/obj-intel64/faultinjection.so -fioption AllInst -- /home/rmengle/pin/source/tools/pinfi/example/paired_executables/basicmath_small/execs/leader-inline/exec_basicmath_small_inline_inline
Run Number: #896
DEBUG FI: /home/rmengle/pin/pin -t /home/rmengle/pin/source/tools/pinfi/obj-intel64/faultinjection.so -fioption AllInst -- /home/rmengle/pin/source/tools/pinfi/example/paired_executables/basicmath_small/execs/leader-inline/exec_basicmath_small_inline_inline
Run Number: #897
DEBUG FI: /home/rmengle/pin/pin -t /home/rmengle/pin/source/tools/pinfi/obj-intel64/faultinjection.so -fioption AllInst -- /home/rmengle/pin/source/tools/pinfi/example/paired_executables/basicmath_small/execs/leader-inline/exec_basicmath_small_inline_inline
Run Number: #898
DEBUG FI: /home/rmengle/pin/pin -t /home/rmengle/pin/source/tools/pinfi/obj-intel64/faultinjection.so -fioption AllInst -- /home/rmengle/pin/source/tools/pinfi/example/paired_executables/basicmath_small/execs/leader-inline/exec_basicmath_small_inline_inline
Run Number: #899
DEBUG FI: /home/rmengle/pin/pin -t /home/rmengle/pin/source/tools/pinfi/obj-intel64/faultinjection.so -fioption AllInst -- /home/rmengle/pin/source/tools/pinfi/example/paired_executables/basicmath_small/execs/leader-inline/exec_basicmath_small_inline_inline
Run Number: #900
DEBUG FI: /home/rmengle/pin/pin -t /home/rmengle/pin/source/tools/pinfi/obj-intel64/faultinjection.so -fioption AllInst -- /home/rmengle/pin/source/tools/pinfi/example/paired_executables/basicmath_small/execs/leader-inline/exec_basicmath_small_inline_inline
Run Number: #901
DEBUG FI: /home/rmengle/pin/pin -t /home/rmengle/pin/source/tools/pinfi/obj-intel64/faultinjection.so -fioption AllInst -- /home/rmengle/pin/source/tools/pinfi/example/paired_executables/basicmath_small/execs/leader-inline/exec_basicmath_small_inline_inline
Run Number: #902
DEBUG FI: /home/rmengle/pin/pin -t /home/rmengle/pin/source/tools/pinfi/obj-intel64/faultinjection.so -fioption AllInst -- /home/rmengle/pin/source/tools/pinfi/example/paired_executables/basicmath_small/execs/leader-inline/exec_basicmath_small_inline_inline
Run Number: #903
DEBUG FI: /home/rmengle/pin/pin -t /home/rmengle/pin/source/tools/pinfi/obj-intel64/faultinjection.so -fioption AllInst -- /home/rmengle/pin/source/tools/pinfi/example/paired_executables/basicmath_small/execs/leader-inline/exec_basicmath_small_inline_inline
Run Number: #904
DEBUG FI: /home/rmengle/pin/pin -t /home/rmengle/pin/source/tools/pinfi/obj-intel64/faultinjection.so -fioption AllInst -- /home/rmengle/pin/source/tools/pinfi/example/paired_executables/basicmath_small/execs/leader-inline/exec_basicmath_small_inline_inline
Run Number: #905
DEBUG FI: /home/rmengle/pin/pin -t /home/rmengle/pin/source/tools/pinfi/obj-intel64/faultinjection.so -fioption AllInst -- /home/rmengle/pin/source/tools/pinfi/example/paired_executables/basicmath_small/execs/leader-inline/exec_basicmath_small_inline_inline
Run Number: #906
DEBUG FI: /home/rmengle/pin/pin -t /home/rmengle/pin/source/tools/pinfi/obj-intel64/faultinjection.so -fioption AllInst -- /home/rmengle/pin/source/tools/pinfi/example/paired_executables/basicmath_small/execs/leader-inline/exec_basicmath_small_inline_inline
Run Number: #907
DEBUG FI: /home/rmengle/pin/pin -t /home/rmengle/pin/source/tools/pinfi/obj-intel64/faultinjection.so -fioption AllInst -- /home/rmengle/pin/source/tools/pinfi/example/paired_executables/basicmath_small/execs/leader-inline/exec_basicmath_small_inline_inline
Run Number: #908
DEBUG FI: /home/rmengle/pin/pin -t /home/rmengle/pin/source/tools/pinfi/obj-intel64/faultinjection.so -fioption AllInst -- /home/rmengle/pin/source/tools/pinfi/example/paired_executables/basicmath_small/execs/leader-inline/exec_basicmath_small_inline_inline
Run Number: #909
DEBUG FI: /home/rmengle/pin/pin -t /home/rmengle/pin/source/tools/pinfi/obj-intel64/faultinjection.so -fioption AllInst -- /home/rmengle/pin/source/tools/pinfi/example/paired_executables/basicmath_small/execs/leader-inline/exec_basicmath_small_inline_inline
Run Number: #910
DEBUG FI: /home/rmengle/pin/pin -t /home/rmengle/pin/source/tools/pinfi/obj-intel64/faultinjection.so -fioption AllInst -- /home/rmengle/pin/source/tools/pinfi/example/paired_executables/basicmath_small/execs/leader-inline/exec_basicmath_small_inline_inline
Run Number: #911
DEBUG FI: /home/rmengle/pin/pin -t /home/rmengle/pin/source/tools/pinfi/obj-intel64/faultinjection.so -fioption AllInst -- /home/rmengle/pin/source/tools/pinfi/example/paired_executables/basicmath_small/execs/leader-inline/exec_basicmath_small_inline_inline
Run Number: #912
DEBUG FI: /home/rmengle/pin/pin -t /home/rmengle/pin/source/tools/pinfi/obj-intel64/faultinjection.so -fioption AllInst -- /home/rmengle/pin/source/tools/pinfi/example/paired_executables/basicmath_small/execs/leader-inline/exec_basicmath_small_inline_inline
Run Number: #913
DEBUG FI: /home/rmengle/pin/pin -t /home/rmengle/pin/source/tools/pinfi/obj-intel64/faultinjection.so -fioption AllInst -- /home/rmengle/pin/source/tools/pinfi/example/paired_executables/basicmath_small/execs/leader-inline/exec_basicmath_small_inline_inline
Run Number: #914
DEBUG FI: /home/rmengle/pin/pin -t /home/rmengle/pin/source/tools/pinfi/obj-intel64/faultinjection.so -fioption AllInst -- /home/rmengle/pin/source/tools/pinfi/example/paired_executables/basicmath_small/execs/leader-inline/exec_basicmath_small_inline_inline
Run Number: #915
DEBUG FI: /home/rmengle/pin/pin -t /home/rmengle/pin/source/tools/pinfi/obj-intel64/faultinjection.so -fioption AllInst -- /home/rmengle/pin/source/tools/pinfi/example/paired_executables/basicmath_small/execs/leader-inline/exec_basicmath_small_inline_inline
Run Number: #916
DEBUG FI: /home/rmengle/pin/pin -t /home/rmengle/pin/source/tools/pinfi/obj-intel64/faultinjection.so -fioption AllInst -- /home/rmengle/pin/source/tools/pinfi/example/paired_executables/basicmath_small/execs/leader-inline/exec_basicmath_small_inline_inline
Run Number: #917
DEBUG FI: /home/rmengle/pin/pin -t /home/rmengle/pin/source/tools/pinfi/obj-intel64/faultinjection.so -fioption AllInst -- /home/rmengle/pin/source/tools/pinfi/example/paired_executables/basicmath_small/execs/leader-inline/exec_basicmath_small_inline_inline
Run Number: #918
DEBUG FI: /home/rmengle/pin/pin -t /home/rmengle/pin/source/tools/pinfi/obj-intel64/faultinjection.so -fioption AllInst -- /home/rmengle/pin/source/tools/pinfi/example/paired_executables/basicmath_small/execs/leader-inline/exec_basicmath_small_inline_inline
Run Number: #919
DEBUG FI: /home/rmengle/pin/pin -t /home/rmengle/pin/source/tools/pinfi/obj-intel64/faultinjection.so -fioption AllInst -- /home/rmengle/pin/source/tools/pinfi/example/paired_executables/basicmath_small/execs/leader-inline/exec_basicmath_small_inline_inline
Run Number: #920
DEBUG FI: /home/rmengle/pin/pin -t /home/rmengle/pin/source/tools/pinfi/obj-intel64/faultinjection.so -fioption AllInst -- /home/rmengle/pin/source/tools/pinfi/example/paired_executables/basicmath_small/execs/leader-inline/exec_basicmath_small_inline_inline
Run Number: #921
DEBUG FI: /home/rmengle/pin/pin -t /home/rmengle/pin/source/tools/pinfi/obj-intel64/faultinjection.so -fioption AllInst -- /home/rmengle/pin/source/tools/pinfi/example/paired_executables/basicmath_small/execs/leader-inline/exec_basicmath_small_inline_inline
Run Number: #922
DEBUG FI: /home/rmengle/pin/pin -t /home/rmengle/pin/source/tools/pinfi/obj-intel64/faultinjection.so -fioption AllInst -- /home/rmengle/pin/source/tools/pinfi/example/paired_executables/basicmath_small/execs/leader-inline/exec_basicmath_small_inline_inline
Run Number: #923
DEBUG FI: /home/rmengle/pin/pin -t /home/rmengle/pin/source/tools/pinfi/obj-intel64/faultinjection.so -fioption AllInst -- /home/rmengle/pin/source/tools/pinfi/example/paired_executables/basicmath_small/execs/leader-inline/exec_basicmath_small_inline_inline
Run Number: #924
DEBUG FI: /home/rmengle/pin/pin -t /home/rmengle/pin/source/tools/pinfi/obj-intel64/faultinjection.so -fioption AllInst -- /home/rmengle/pin/source/tools/pinfi/example/paired_executables/basicmath_small/execs/leader-inline/exec_basicmath_small_inline_inline
Run Number: #925
DEBUG FI: /home/rmengle/pin/pin -t /home/rmengle/pin/source/tools/pinfi/obj-intel64/faultinjection.so -fioption AllInst -- /home/rmengle/pin/source/tools/pinfi/example/paired_executables/basicmath_small/execs/leader-inline/exec_basicmath_small_inline_inline
Run Number: #926
DEBUG FI: /home/rmengle/pin/pin -t /home/rmengle/pin/source/tools/pinfi/obj-intel64/faultinjection.so -fioption AllInst -- /home/rmengle/pin/source/tools/pinfi/example/paired_executables/basicmath_small/execs/leader-inline/exec_basicmath_small_inline_inline
Run Number: #927
DEBUG FI: /home/rmengle/pin/pin -t /home/rmengle/pin/source/tools/pinfi/obj-intel64/faultinjection.so -fioption AllInst -- /home/rmengle/pin/source/tools/pinfi/example/paired_executables/basicmath_small/execs/leader-inline/exec_basicmath_small_inline_inline
Run Number: #928
DEBUG FI: /home/rmengle/pin/pin -t /home/rmengle/pin/source/tools/pinfi/obj-intel64/faultinjection.so -fioption AllInst -- /home/rmengle/pin/source/tools/pinfi/example/paired_executables/basicmath_small/execs/leader-inline/exec_basicmath_small_inline_inline
Run Number: #929
DEBUG FI: /home/rmengle/pin/pin -t /home/rmengle/pin/source/tools/pinfi/obj-intel64/faultinjection.so -fioption AllInst -- /home/rmengle/pin/source/tools/pinfi/example/paired_executables/basicmath_small/execs/leader-inline/exec_basicmath_small_inline_inline
Run Number: #930
DEBUG FI: /home/rmengle/pin/pin -t /home/rmengle/pin/source/tools/pinfi/obj-intel64/faultinjection.so -fioption AllInst -- /home/rmengle/pin/source/tools/pinfi/example/paired_executables/basicmath_small/execs/leader-inline/exec_basicmath_small_inline_inline
Run Number: #931
DEBUG FI: /home/rmengle/pin/pin -t /home/rmengle/pin/source/tools/pinfi/obj-intel64/faultinjection.so -fioption AllInst -- /home/rmengle/pin/source/tools/pinfi/example/paired_executables/basicmath_small/execs/leader-inline/exec_basicmath_small_inline_inline
Run Number: #932
DEBUG FI: /home/rmengle/pin/pin -t /home/rmengle/pin/source/tools/pinfi/obj-intel64/faultinjection.so -fioption AllInst -- /home/rmengle/pin/source/tools/pinfi/example/paired_executables/basicmath_small/execs/leader-inline/exec_basicmath_small_inline_inline
Run Number: #933
DEBUG FI: /home/rmengle/pin/pin -t /home/rmengle/pin/source/tools/pinfi/obj-intel64/faultinjection.so -fioption AllInst -- /home/rmengle/pin/source/tools/pinfi/example/paired_executables/basicmath_small/execs/leader-inline/exec_basicmath_small_inline_inline
Run Number: #934
DEBUG FI: /home/rmengle/pin/pin -t /home/rmengle/pin/source/tools/pinfi/obj-intel64/faultinjection.so -fioption AllInst -- /home/rmengle/pin/source/tools/pinfi/example/paired_executables/basicmath_small/execs/leader-inline/exec_basicmath_small_inline_inline
Run Number: #935
DEBUG FI: /home/rmengle/pin/pin -t /home/rmengle/pin/source/tools/pinfi/obj-intel64/faultinjection.so -fioption AllInst -- /home/rmengle/pin/source/tools/pinfi/example/paired_executables/basicmath_small/execs/leader-inline/exec_basicmath_small_inline_inline
Run Number: #936
DEBUG FI: /home/rmengle/pin/pin -t /home/rmengle/pin/source/tools/pinfi/obj-intel64/faultinjection.so -fioption AllInst -- /home/rmengle/pin/source/tools/pinfi/example/paired_executables/basicmath_small/execs/leader-inline/exec_basicmath_small_inline_inline
Run Number: #937
DEBUG FI: /home/rmengle/pin/pin -t /home/rmengle/pin/source/tools/pinfi/obj-intel64/faultinjection.so -fioption AllInst -- /home/rmengle/pin/source/tools/pinfi/example/paired_executables/basicmath_small/execs/leader-inline/exec_basicmath_small_inline_inline
Run Number: #938
DEBUG FI: /home/rmengle/pin/pin -t /home/rmengle/pin/source/tools/pinfi/obj-intel64/faultinjection.so -fioption AllInst -- /home/rmengle/pin/source/tools/pinfi/example/paired_executables/basicmath_small/execs/leader-inline/exec_basicmath_small_inline_inline
Run Number: #939
DEBUG FI: /home/rmengle/pin/pin -t /home/rmengle/pin/source/tools/pinfi/obj-intel64/faultinjection.so -fioption AllInst -- /home/rmengle/pin/source/tools/pinfi/example/paired_executables/basicmath_small/execs/leader-inline/exec_basicmath_small_inline_inline
Run Number: #940
DEBUG FI: /home/rmengle/pin/pin -t /home/rmengle/pin/source/tools/pinfi/obj-intel64/faultinjection.so -fioption AllInst -- /home/rmengle/pin/source/tools/pinfi/example/paired_executables/basicmath_small/execs/leader-inline/exec_basicmath_small_inline_inline
Run Number: #941
DEBUG FI: /home/rmengle/pin/pin -t /home/rmengle/pin/source/tools/pinfi/obj-intel64/faultinjection.so -fioption AllInst -- /home/rmengle/pin/source/tools/pinfi/example/paired_executables/basicmath_small/execs/leader-inline/exec_basicmath_small_inline_inline
Run Number: #942
DEBUG FI: /home/rmengle/pin/pin -t /home/rmengle/pin/source/tools/pinfi/obj-intel64/faultinjection.so -fioption AllInst -- /home/rmengle/pin/source/tools/pinfi/example/paired_executables/basicmath_small/execs/leader-inline/exec_basicmath_small_inline_inline
Run Number: #943
DEBUG FI: /home/rmengle/pin/pin -t /home/rmengle/pin/source/tools/pinfi/obj-intel64/faultinjection.so -fioption AllInst -- /home/rmengle/pin/source/tools/pinfi/example/paired_executables/basicmath_small/execs/leader-inline/exec_basicmath_small_inline_inline
Run Number: #944
DEBUG FI: /home/rmengle/pin/pin -t /home/rmengle/pin/source/tools/pinfi/obj-intel64/faultinjection.so -fioption AllInst -- /home/rmengle/pin/source/tools/pinfi/example/paired_executables/basicmath_small/execs/leader-inline/exec_basicmath_small_inline_inline
Run Number: #945
DEBUG FI: /home/rmengle/pin/pin -t /home/rmengle/pin/source/tools/pinfi/obj-intel64/faultinjection.so -fioption AllInst -- /home/rmengle/pin/source/tools/pinfi/example/paired_executables/basicmath_small/execs/leader-inline/exec_basicmath_small_inline_inline
Run Number: #946
DEBUG FI: /home/rmengle/pin/pin -t /home/rmengle/pin/source/tools/pinfi/obj-intel64/faultinjection.so -fioption AllInst -- /home/rmengle/pin/source/tools/pinfi/example/paired_executables/basicmath_small/execs/leader-inline/exec_basicmath_small_inline_inline
Run Number: #947
DEBUG FI: /home/rmengle/pin/pin -t /home/rmengle/pin/source/tools/pinfi/obj-intel64/faultinjection.so -fioption AllInst -- /home/rmengle/pin/source/tools/pinfi/example/paired_executables/basicmath_small/execs/leader-inline/exec_basicmath_small_inline_inline
Run Number: #948
DEBUG FI: /home/rmengle/pin/pin -t /home/rmengle/pin/source/tools/pinfi/obj-intel64/faultinjection.so -fioption AllInst -- /home/rmengle/pin/source/tools/pinfi/example/paired_executables/basicmath_small/execs/leader-inline/exec_basicmath_small_inline_inline
Run Number: #949
DEBUG FI: /home/rmengle/pin/pin -t /home/rmengle/pin/source/tools/pinfi/obj-intel64/faultinjection.so -fioption AllInst -- /home/rmengle/pin/source/tools/pinfi/example/paired_executables/basicmath_small/execs/leader-inline/exec_basicmath_small_inline_inline
Run Number: #950
DEBUG FI: /home/rmengle/pin/pin -t /home/rmengle/pin/source/tools/pinfi/obj-intel64/faultinjection.so -fioption AllInst -- /home/rmengle/pin/source/tools/pinfi/example/paired_executables/basicmath_small/execs/leader-inline/exec_basicmath_small_inline_inline
Run Number: #951
DEBUG FI: /home/rmengle/pin/pin -t /home/rmengle/pin/source/tools/pinfi/obj-intel64/faultinjection.so -fioption AllInst -- /home/rmengle/pin/source/tools/pinfi/example/paired_executables/basicmath_small/execs/leader-inline/exec_basicmath_small_inline_inline
Run Number: #952
DEBUG FI: /home/rmengle/pin/pin -t /home/rmengle/pin/source/tools/pinfi/obj-intel64/faultinjection.so -fioption AllInst -- /home/rmengle/pin/source/tools/pinfi/example/paired_executables/basicmath_small/execs/leader-inline/exec_basicmath_small_inline_inline
Run Number: #953
DEBUG FI: /home/rmengle/pin/pin -t /home/rmengle/pin/source/tools/pinfi/obj-intel64/faultinjection.so -fioption AllInst -- /home/rmengle/pin/source/tools/pinfi/example/paired_executables/basicmath_small/execs/leader-inline/exec_basicmath_small_inline_inline
Run Number: #954
DEBUG FI: /home/rmengle/pin/pin -t /home/rmengle/pin/source/tools/pinfi/obj-intel64/faultinjection.so -fioption AllInst -- /home/rmengle/pin/source/tools/pinfi/example/paired_executables/basicmath_small/execs/leader-inline/exec_basicmath_small_inline_inline
Run Number: #955
DEBUG FI: /home/rmengle/pin/pin -t /home/rmengle/pin/source/tools/pinfi/obj-intel64/faultinjection.so -fioption AllInst -- /home/rmengle/pin/source/tools/pinfi/example/paired_executables/basicmath_small/execs/leader-inline/exec_basicmath_small_inline_inline
Run Number: #956
DEBUG FI: /home/rmengle/pin/pin -t /home/rmengle/pin/source/tools/pinfi/obj-intel64/faultinjection.so -fioption AllInst -- /home/rmengle/pin/source/tools/pinfi/example/paired_executables/basicmath_small/execs/leader-inline/exec_basicmath_small_inline_inline
Run Number: #957
DEBUG FI: /home/rmengle/pin/pin -t /home/rmengle/pin/source/tools/pinfi/obj-intel64/faultinjection.so -fioption AllInst -- /home/rmengle/pin/source/tools/pinfi/example/paired_executables/basicmath_small/execs/leader-inline/exec_basicmath_small_inline_inline
Run Number: #958
DEBUG FI: /home/rmengle/pin/pin -t /home/rmengle/pin/source/tools/pinfi/obj-intel64/faultinjection.so -fioption AllInst -- /home/rmengle/pin/source/tools/pinfi/example/paired_executables/basicmath_small/execs/leader-inline/exec_basicmath_small_inline_inline
Run Number: #959
DEBUG FI: /home/rmengle/pin/pin -t /home/rmengle/pin/source/tools/pinfi/obj-intel64/faultinjection.so -fioption AllInst -- /home/rmengle/pin/source/tools/pinfi/example/paired_executables/basicmath_small/execs/leader-inline/exec_basicmath_small_inline_inline
Run Number: #960
DEBUG FI: /home/rmengle/pin/pin -t /home/rmengle/pin/source/tools/pinfi/obj-intel64/faultinjection.so -fioption AllInst -- /home/rmengle/pin/source/tools/pinfi/example/paired_executables/basicmath_small/execs/leader-inline/exec_basicmath_small_inline_inline
Run Number: #961
DEBUG FI: /home/rmengle/pin/pin -t /home/rmengle/pin/source/tools/pinfi/obj-intel64/faultinjection.so -fioption AllInst -- /home/rmengle/pin/source/tools/pinfi/example/paired_executables/basicmath_small/execs/leader-inline/exec_basicmath_small_inline_inline
Run Number: #962
DEBUG FI: /home/rmengle/pin/pin -t /home/rmengle/pin/source/tools/pinfi/obj-intel64/faultinjection.so -fioption AllInst -- /home/rmengle/pin/source/tools/pinfi/example/paired_executables/basicmath_small/execs/leader-inline/exec_basicmath_small_inline_inline
Run Number: #963
DEBUG FI: /home/rmengle/pin/pin -t /home/rmengle/pin/source/tools/pinfi/obj-intel64/faultinjection.so -fioption AllInst -- /home/rmengle/pin/source/tools/pinfi/example/paired_executables/basicmath_small/execs/leader-inline/exec_basicmath_small_inline_inline
Run Number: #964
DEBUG FI: /home/rmengle/pin/pin -t /home/rmengle/pin/source/tools/pinfi/obj-intel64/faultinjection.so -fioption AllInst -- /home/rmengle/pin/source/tools/pinfi/example/paired_executables/basicmath_small/execs/leader-inline/exec_basicmath_small_inline_inline
Run Number: #965
DEBUG FI: /home/rmengle/pin/pin -t /home/rmengle/pin/source/tools/pinfi/obj-intel64/faultinjection.so -fioption AllInst -- /home/rmengle/pin/source/tools/pinfi/example/paired_executables/basicmath_small/execs/leader-inline/exec_basicmath_small_inline_inline
Run Number: #966
DEBUG FI: /home/rmengle/pin/pin -t /home/rmengle/pin/source/tools/pinfi/obj-intel64/faultinjection.so -fioption AllInst -- /home/rmengle/pin/source/tools/pinfi/example/paired_executables/basicmath_small/execs/leader-inline/exec_basicmath_small_inline_inline
Run Number: #967
DEBUG FI: /home/rmengle/pin/pin -t /home/rmengle/pin/source/tools/pinfi/obj-intel64/faultinjection.so -fioption AllInst -- /home/rmengle/pin/source/tools/pinfi/example/paired_executables/basicmath_small/execs/leader-inline/exec_basicmath_small_inline_inline
Run Number: #968
DEBUG FI: /home/rmengle/pin/pin -t /home/rmengle/pin/source/tools/pinfi/obj-intel64/faultinjection.so -fioption AllInst -- /home/rmengle/pin/source/tools/pinfi/example/paired_executables/basicmath_small/execs/leader-inline/exec_basicmath_small_inline_inline
Run Number: #969
DEBUG FI: /home/rmengle/pin/pin -t /home/rmengle/pin/source/tools/pinfi/obj-intel64/faultinjection.so -fioption AllInst -- /home/rmengle/pin/source/tools/pinfi/example/paired_executables/basicmath_small/execs/leader-inline/exec_basicmath_small_inline_inline
Run Number: #970
DEBUG FI: /home/rmengle/pin/pin -t /home/rmengle/pin/source/tools/pinfi/obj-intel64/faultinjection.so -fioption AllInst -- /home/rmengle/pin/source/tools/pinfi/example/paired_executables/basicmath_small/execs/leader-inline/exec_basicmath_small_inline_inline
Run Number: #971
DEBUG FI: /home/rmengle/pin/pin -t /home/rmengle/pin/source/tools/pinfi/obj-intel64/faultinjection.so -fioption AllInst -- /home/rmengle/pin/source/tools/pinfi/example/paired_executables/basicmath_small/execs/leader-inline/exec_basicmath_small_inline_inline
Run Number: #972
DEBUG FI: /home/rmengle/pin/pin -t /home/rmengle/pin/source/tools/pinfi/obj-intel64/faultinjection.so -fioption AllInst -- /home/rmengle/pin/source/tools/pinfi/example/paired_executables/basicmath_small/execs/leader-inline/exec_basicmath_small_inline_inline
Run Number: #973
DEBUG FI: /home/rmengle/pin/pin -t /home/rmengle/pin/source/tools/pinfi/obj-intel64/faultinjection.so -fioption AllInst -- /home/rmengle/pin/source/tools/pinfi/example/paired_executables/basicmath_small/execs/leader-inline/exec_basicmath_small_inline_inline
Run Number: #974
DEBUG FI: /home/rmengle/pin/pin -t /home/rmengle/pin/source/tools/pinfi/obj-intel64/faultinjection.so -fioption AllInst -- /home/rmengle/pin/source/tools/pinfi/example/paired_executables/basicmath_small/execs/leader-inline/exec_basicmath_small_inline_inline
Run Number: #975
DEBUG FI: /home/rmengle/pin/pin -t /home/rmengle/pin/source/tools/pinfi/obj-intel64/faultinjection.so -fioption AllInst -- /home/rmengle/pin/source/tools/pinfi/example/paired_executables/basicmath_small/execs/leader-inline/exec_basicmath_small_inline_inline
Run Number: #976
DEBUG FI: /home/rmengle/pin/pin -t /home/rmengle/pin/source/tools/pinfi/obj-intel64/faultinjection.so -fioption AllInst -- /home/rmengle/pin/source/tools/pinfi/example/paired_executables/basicmath_small/execs/leader-inline/exec_basicmath_small_inline_inline
Run Number: #977
DEBUG FI: /home/rmengle/pin/pin -t /home/rmengle/pin/source/tools/pinfi/obj-intel64/faultinjection.so -fioption AllInst -- /home/rmengle/pin/source/tools/pinfi/example/paired_executables/basicmath_small/execs/leader-inline/exec_basicmath_small_inline_inline
Run Number: #978
DEBUG FI: /home/rmengle/pin/pin -t /home/rmengle/pin/source/tools/pinfi/obj-intel64/faultinjection.so -fioption AllInst -- /home/rmengle/pin/source/tools/pinfi/example/paired_executables/basicmath_small/execs/leader-inline/exec_basicmath_small_inline_inline
Run Number: #979
DEBUG FI: /home/rmengle/pin/pin -t /home/rmengle/pin/source/tools/pinfi/obj-intel64/faultinjection.so -fioption AllInst -- /home/rmengle/pin/source/tools/pinfi/example/paired_executables/basicmath_small/execs/leader-inline/exec_basicmath_small_inline_inline
Run Number: #980
DEBUG FI: /home/rmengle/pin/pin -t /home/rmengle/pin/source/tools/pinfi/obj-intel64/faultinjection.so -fioption AllInst -- /home/rmengle/pin/source/tools/pinfi/example/paired_executables/basicmath_small/execs/leader-inline/exec_basicmath_small_inline_inline
Run Number: #981
DEBUG FI: /home/rmengle/pin/pin -t /home/rmengle/pin/source/tools/pinfi/obj-intel64/faultinjection.so -fioption AllInst -- /home/rmengle/pin/source/tools/pinfi/example/paired_executables/basicmath_small/execs/leader-inline/exec_basicmath_small_inline_inline
Run Number: #982
DEBUG FI: /home/rmengle/pin/pin -t /home/rmengle/pin/source/tools/pinfi/obj-intel64/faultinjection.so -fioption AllInst -- /home/rmengle/pin/source/tools/pinfi/example/paired_executables/basicmath_small/execs/leader-inline/exec_basicmath_small_inline_inline
Run Number: #983
DEBUG FI: /home/rmengle/pin/pin -t /home/rmengle/pin/source/tools/pinfi/obj-intel64/faultinjection.so -fioption AllInst -- /home/rmengle/pin/source/tools/pinfi/example/paired_executables/basicmath_small/execs/leader-inline/exec_basicmath_small_inline_inline
Run Number: #984
DEBUG FI: /home/rmengle/pin/pin -t /home/rmengle/pin/source/tools/pinfi/obj-intel64/faultinjection.so -fioption AllInst -- /home/rmengle/pin/source/tools/pinfi/example/paired_executables/basicmath_small/execs/leader-inline/exec_basicmath_small_inline_inline
Run Number: #985
DEBUG FI: /home/rmengle/pin/pin -t /home/rmengle/pin/source/tools/pinfi/obj-intel64/faultinjection.so -fioption AllInst -- /home/rmengle/pin/source/tools/pinfi/example/paired_executables/basicmath_small/execs/leader-inline/exec_basicmath_small_inline_inline
Run Number: #986
DEBUG FI: /home/rmengle/pin/pin -t /home/rmengle/pin/source/tools/pinfi/obj-intel64/faultinjection.so -fioption AllInst -- /home/rmengle/pin/source/tools/pinfi/example/paired_executables/basicmath_small/execs/leader-inline/exec_basicmath_small_inline_inline
Run Number: #987
DEBUG FI: /home/rmengle/pin/pin -t /home/rmengle/pin/source/tools/pinfi/obj-intel64/faultinjection.so -fioption AllInst -- /home/rmengle/pin/source/tools/pinfi/example/paired_executables/basicmath_small/execs/leader-inline/exec_basicmath_small_inline_inline
Run Number: #988
DEBUG FI: /home/rmengle/pin/pin -t /home/rmengle/pin/source/tools/pinfi/obj-intel64/faultinjection.so -fioption AllInst -- /home/rmengle/pin/source/tools/pinfi/example/paired_executables/basicmath_small/execs/leader-inline/exec_basicmath_small_inline_inline
Run Number: #989
DEBUG FI: /home/rmengle/pin/pin -t /home/rmengle/pin/source/tools/pinfi/obj-intel64/faultinjection.so -fioption AllInst -- /home/rmengle/pin/source/tools/pinfi/example/paired_executables/basicmath_small/execs/leader-inline/exec_basicmath_small_inline_inline
Run Number: #990
DEBUG FI: /home/rmengle/pin/pin -t /home/rmengle/pin/source/tools/pinfi/obj-intel64/faultinjection.so -fioption AllInst -- /home/rmengle/pin/source/tools/pinfi/example/paired_executables/basicmath_small/execs/leader-inline/exec_basicmath_small_inline_inline
Run Number: #991
DEBUG FI: /home/rmengle/pin/pin -t /home/rmengle/pin/source/tools/pinfi/obj-intel64/faultinjection.so -fioption AllInst -- /home/rmengle/pin/source/tools/pinfi/example/paired_executables/basicmath_small/execs/leader-inline/exec_basicmath_small_inline_inline
Run Number: #992
DEBUG FI: /home/rmengle/pin/pin -t /home/rmengle/pin/source/tools/pinfi/obj-intel64/faultinjection.so -fioption AllInst -- /home/rmengle/pin/source/tools/pinfi/example/paired_executables/basicmath_small/execs/leader-inline/exec_basicmath_small_inline_inline
Run Number: #993
DEBUG FI: /home/rmengle/pin/pin -t /home/rmengle/pin/source/tools/pinfi/obj-intel64/faultinjection.so -fioption AllInst -- /home/rmengle/pin/source/tools/pinfi/example/paired_executables/basicmath_small/execs/leader-inline/exec_basicmath_small_inline_inline
Run Number: #994
DEBUG FI: /home/rmengle/pin/pin -t /home/rmengle/pin/source/tools/pinfi/obj-intel64/faultinjection.so -fioption AllInst -- /home/rmengle/pin/source/tools/pinfi/example/paired_executables/basicmath_small/execs/leader-inline/exec_basicmath_small_inline_inline
Run Number: #995
DEBUG FI: /home/rmengle/pin/pin -t /home/rmengle/pin/source/tools/pinfi/obj-intel64/faultinjection.so -fioption AllInst -- /home/rmengle/pin/source/tools/pinfi/example/paired_executables/basicmath_small/execs/leader-inline/exec_basicmath_small_inline_inline
Run Number: #996
DEBUG FI: /home/rmengle/pin/pin -t /home/rmengle/pin/source/tools/pinfi/obj-intel64/faultinjection.so -fioption AllInst -- /home/rmengle/pin/source/tools/pinfi/example/paired_executables/basicmath_small/execs/leader-inline/exec_basicmath_small_inline_inline
Run Number: #997
DEBUG FI: /home/rmengle/pin/pin -t /home/rmengle/pin/source/tools/pinfi/obj-intel64/faultinjection.so -fioption AllInst -- /home/rmengle/pin/source/tools/pinfi/example/paired_executables/basicmath_small/execs/leader-inline/exec_basicmath_small_inline_inline
Run Number: #998
DEBUG FI: /home/rmengle/pin/pin -t /home/rmengle/pin/source/tools/pinfi/obj-intel64/faultinjection.so -fioption AllInst -- /home/rmengle/pin/source/tools/pinfi/example/paired_executables/basicmath_small/execs/leader-inline/exec_basicmath_small_inline_inline
Run Number: #999
DEBUG FI: /home/rmengle/pin/pin -t /home/rmengle/pin/source/tools/pinfi/obj-intel64/faultinjection.so -fioption AllInst -- /home/rmengle/pin/source/tools/pinfi/example/paired_executables/basicmath_small/execs/leader-inline/exec_basicmath_small_inline_inline
Run Number: #1000
DEBUG FI: /home/rmengle/pin/pin -t /home/rmengle/pin/source/tools/pinfi/obj-intel64/faultinjection.so -fioption AllInst -- /home/rmengle/pin/source/tools/pinfi/example/paired_executables/basicmath_small/execs/leader-inline/exec_basicmath_small_inline_inline

Finished: exec_basicmath_small_inline_inline
End time: Tue May 12 11:56:06 EDT 2026
