Pin: pin-3.31-98869-fa6f126a8
Copyright 2002-2024 Intel Corporation.
 [tid:1713246] Invalid RTN nop edx, edi
 [tid:1713246] Invalid RTN push r14
 [tid:1713246] Invalid RTN mov rax, 0xffffffffffffffff
 [tid:1713246] Invalid RTN push r13
 [tid:1713246] Invalid RTN push r12
 [tid:1713246] Invalid RTN push rbp
 [tid:1713246] Invalid RTN push rbx
 [tid:1713246] Invalid RTN sub rsp, 0x20
 [tid:1713246] Invalid RTN mov rbx, qword ptr [rip+0x2ea3ea]
 [tid:1713246] Invalid RTN mov qword ptr [rsp+0x10], rax
 [tid:1713246] Invalid RTN mov qword ptr [rsp+0x18], rax
 [tid:1713246] Invalid RTN mov eax, dword ptr [rbx+0x68]
 [tid:1713246] Invalid RTN mov dword ptr [rsp+0xc], 0x0
 [tid:1713246] Invalid RTN test eax, eax
 [tid:1713246] Invalid RTN jz 0x7f1f881ded32
 [tid:1713246] Invalid RTN mov r13, qword ptr [rbx+0x190]
 [tid:1713246] Invalid RTN mov rbp, qword ptr [rbx+0x198]
 [tid:1713246] Invalid RTN cmp eax, 0x1
 [tid:1713246] Invalid RTN jz 0x7f1f881dec60
 [tid:1713246] Invalid RTN cmp eax, 0x3
 [tid:1713246] Invalid RTN jz 0x7f1f881decb8
 [tid:1713246] Invalid RTN mov edi, 0xbc
 [tid:1713246] Invalid RTN call 0x7f1f881de900
 [tid:1713246] Invalid RTN push r15
 [tid:1713246] Invalid RTN push r14
 [tid:1713246] Invalid RTN push r13
 [tid:1713246] Invalid RTN push r12
 [tid:1713246] Invalid RTN push rbp
 [tid:1713246] Invalid RTN push rbx
 [tid:1713246] Invalid RTN sub rsp, 0x28
 [tid:1713246] Invalid RTN mov rbp, qword ptr [rip+0x2ea543]
 [tid:1713246] Invalid RTN mov rax, qword ptr fs:[0x28]
 [tid:1713246] Invalid RTN mov qword ptr [rsp+0x18], rax
 [tid:1713246] Invalid RTN xor eax, eax
 [tid:1713246] Invalid RTN cmp dword ptr [rbp+0x6c], 0x1
 [tid:1713246] Invalid RTN jbe 0x7f1f881dea36
 [tid:1713246] Invalid RTN mov r15d, edi
 [tid:1713246] Invalid RTN mov byte ptr [rsp+0x16], 0x0
 [tid:1713246] Invalid RTN mov eax, 0x2
 [tid:1713246] Invalid RTN mov byte ptr [rsp+0x17], 0x0
 [tid:1713246] Invalid RTN cpuid 
 [tid:1713246] Invalid RTN mov dword ptr [rsp+0xc], edx
 [tid:1713246] Invalid RTN mov r14d, ecx
 [tid:1713246] Invalid RTN cmp al, 0x1
 [tid:1713246] Invalid RTN jz 0x7f1f881de990
 [tid:1713246] Invalid RTN lea rcx, ptr [rsp+0x16]
 [tid:1713246] Invalid RTN lea rdx, ptr [rsp+0x17]
 [tid:1713246] Invalid RTN mov esi, 0xff
 [tid:1713246] Invalid RTN lea r9, ptr [rbp+0x74]
 [tid:1713246] Invalid RTN lea r8, ptr [rbp+0x70]
 [tid:1713246] Invalid RTN call 0x7f1f881de660
 [tid:1713246] Invalid RTN xor al, al
 [tid:1713246] Invalid RTN lea r13, ptr [rsp+0x16]
 [tid:1713246] Invalid RTN lea r12, ptr [rsp+0x17]
 [tid:1713246] Invalid RTN mov esi, eax
 [tid:1713246] Invalid RTN lea r9, ptr [rbp+0x74]
 [tid:1713246] Invalid RTN lea r8, ptr [rbp+0x70]
 [tid:1713246] Invalid RTN mov rcx, r13
 [tid:1713246] Invalid RTN mov rdx, r12
 [tid:1713246] Invalid RTN call 0x7f1f881de660
 [tid:1713246] Invalid RTN test esi, esi
 [tid:1713246] Invalid RTN js 0x7f1f881de767
 [tid:1713246] Invalid RTN lea r10d, ptr [rdi-0xb9]
 [tid:1713246] Invalid RTN push r13
 [tid:1713246] Invalid RTN mov eax, r10d
 [tid:1713246] Invalid RTN push r12
 [tid:1713246] Invalid RTN mov r12, rdx
 [tid:1713246] Invalid RTN mov edx, 0x55555556
 [tid:1713246] Invalid RTN imul edx
 [tid:1713246] Invalid RTN push rbp
 [tid:1713246] Invalid RTN sar r10d, 0x1f
 [tid:1713246] Invalid RTN push rbx
 [tid:1713246] Invalid RTN sub edx, r10d
 [tid:1713246] Invalid RTN sub rsp, 0x8
 [tid:1713246] Invalid RTN lea ebp, ptr [rdx+rdx*2]
 [tid:1713246] Invalid RTN test esi, esi
 [tid:1713246] Invalid RTN jz 0x7f1f881de74c
 [tid:1713246] Invalid RTN lea r13, ptr [rip+0xac821]
 [tid:1713246] Invalid RTN jmp 0x7f1f881de6bd
 [tid:1713246] Invalid RTN movzx eax, sil
 [tid:1713246] Invalid RTN cmp eax, 0x40
 [tid:1713246] Invalid RTN jz 0x7f1f881de6a8
 [tid:1713246] Invalid RTN cmp eax, 0xff
 [tid:1713246] Invalid RTN jz 0x7f1f881de76a
 [tid:1713246] Invalid RTN cmp eax, 0x49
 [tid:1713246] Invalid RTN jnz 0x7f1f881de6ef
 [tid:1713246] Invalid RTN mov ebx, esi
 [tid:1713246] Invalid RTN mov r10d, 0x44
 [tid:1713246] Invalid RTN xor edx, edx
 [tid:1713246] Invalid RTN jmp 0x7f1f881de708
 [tid:1713246] Invalid RTN lea rax, ptr [rdx+r10*1]
 [tid:1713246] Invalid RTN shr rax, 0x1
 [tid:1713246] Invalid RTN lea r11, ptr [r13+rax*8]
 [tid:1713246] Invalid RTN cmp bl, byte ptr [r11]
 [tid:1713246] Invalid RTN jz 0x7f1f881de728
 [tid:1713246] Invalid RTN jb 0x7f1f881de700
 [tid:1713246] Invalid RTN lea rdx, ptr [rax+0x1]
 [tid:1713246] Invalid RTN jmp 0x7f1f881de703
 [tid:1713246] Invalid RTN mov r10, rax
 [tid:1713246] Invalid RTN cmp r10, rdx
 [tid:1713246] Invalid RTN jbe 0x7f1f881de6b4
 [tid:1713246] Invalid RTN lea rax, ptr [rdx+r10*1]
 [tid:1713246] Invalid RTN shr rax, 0x1
 [tid:1713246] Invalid RTN lea r11, ptr [r13+rax*8]
 [tid:1713246] Invalid RTN cmp bl, byte ptr [r11]
 [tid:1713246] Invalid RTN jz 0x7f1f881de728
 [tid:1713246] Invalid RTN jb 0x7f1f881de700
 [tid:1713246] Invalid RTN shr esi, 0x8
 [tid:1713246] Invalid RTN jz 0x7f1f881de74c
 [tid:1713246] Invalid RTN movzx eax, sil
 [tid:1713246] Invalid RTN cmp eax, 0x40
 [tid:1713246] Invalid RTN jz 0x7f1f881de6a8
 [tid:1713246] Invalid RTN cmp eax, 0xff
 [tid:1713246] Invalid RTN jz 0x7f1f881de76a
 [tid:1713246] Invalid RTN cmp eax, 0x49
 [tid:1713246] Invalid RTN jnz 0x7f1f881de6ef
 [tid:1713246] Invalid RTN cmp ebp, 0x9
 [tid:1713246] Invalid RTN jnz 0x7f1f881de6ef
 [tid:1713246] Invalid RTN cmp dword ptr [r8], 0xf
 [tid:1713246] Invalid RTN jnz 0x7f1f881de760
 [tid:1713246] Invalid RTN cmp r10, rdx
 [tid:1713246] Invalid RTN jbe 0x7f1f881de6b4
 [tid:1713246] Invalid RTN lea rax, ptr [rdx+r10*1]
 [tid:1713246] Invalid RTN shr rax, 0x1
 [tid:1713246] Invalid RTN lea r11, ptr [r13+rax*8]
 [tid:1713246] Invalid RTN cmp bl, byte ptr [r11]
 [tid:1713246] Invalid RTN jz 0x7f1f881de728
 [tid:1713246] Invalid RTN jb 0x7f1f881de700
 [tid:1713246] Invalid RTN lea rdx, ptr [rax+0x1]
 [tid:1713246] Invalid RTN jmp 0x7f1f881de703
 [tid:1713246] Invalid RTN xor eax, eax
 [tid:1713246] Invalid RTN add rsp, 0x8
 [tid:1713246] Invalid RTN pop rbx
 [tid:1713246] Invalid RTN pop rbp
 [tid:1713246] Invalid RTN pop r12
 [tid:1713246] Invalid RTN pop r13
 [tid:1713246] Invalid RTN ret 
 [tid:1713246] Invalid RTN test rax, rax
 [tid:1713246] Invalid RTN jnz 0x7f1f881de96a
 [tid:1713246] Invalid RTN lea r9, ptr [rbp+0x74]
 [tid:1713246] Invalid RTN lea r8, ptr [rbp+0x70]
 [tid:1713246] Invalid RTN mov rcx, r13
 [tid:1713246] Invalid RTN mov rdx, r12
 [tid:1713246] Invalid RTN mov esi, ebx
 [tid:1713246] Invalid RTN mov edi, r15d
 [tid:1713246] Invalid RTN call 0x7f1f881de660
 [tid:1713246] Invalid RTN mov eax, 0x4
 [tid:1713246] Invalid RTN xor ecx, ecx
 [tid:1713246] Invalid RTN cpuid 
 [tid:1713246] Invalid RTN mov edx, eax
 [tid:1713246] Invalid RTN and edx, 0x1f
 [tid:1713246] Invalid RTN jz 0x7f1f881de8a0
 [tid:1713246] Invalid RTN xor esi, esi
 [tid:1713246] Invalid RTN mov r8d, 0x4
 [tid:1713246] Invalid RTN jmp 0x7f1f881de7af
 [tid:1713246] Invalid RTN shr eax, 0x5
 [tid:1713246] Invalid RTN and eax, 0x7
 [tid:1713246] Invalid RTN cmp eax, 0x1
 [tid:1713246] Invalid RTN setz r9b
 [tid:1713246] Invalid RTN cmp edx, 0x1
 [tid:1713246] Invalid RTN jz 0x7f1f881de790
 [tid:1713246] Invalid RTN cmp edx, 0x2
 [tid:1713246] Invalid RTN jnz 0x7f1f881de869
 [tid:1713246] Invalid RTN test r9b, r9b
 [tid:1713246] Invalid RTN jz 0x7f1f881de869
 [tid:1713246] Invalid RTN test r9b, r9b
 [tid:1713246] Invalid RTN jz 0x7f1f881de7c1
 [tid:1713246] Invalid RTN cmp ebp, 0x3
 [tid:1713246] Invalid RTN jz 0x7f1f881de7d7
 [tid:1713246] Invalid RTN add esi, 0x1
 [tid:1713246] Invalid RTN mov eax, r8d
 [tid:1713246] Invalid RTN mov ecx, esi
 [tid:1713246] Invalid RTN cpuid 
 [tid:1713246] Invalid RTN lea eax, ptr [rdi-0xb9]
 [tid:1713246] Invalid RTN sub eax, ebp
 [tid:1713246] Invalid RTN jz 0x7f1f881de82e
 [tid:1713246] Invalid RTN cmp eax, 0x1
 [tid:1713246] Invalid RTN jz 0x7f1f881de8ac
 [tid:1713246] Invalid RTN cmp eax, 0x2
 [tid:1713246] Invalid RTN jnz 0x7f1f881de8b9
 [tid:1713246] Invalid RTN mov eax, ebx
 [tid:1713246] Invalid RTN mov edx, ebx
 [tid:1713246] Invalid RTN add ecx, 0x1
 [tid:1713246] Invalid RTN shr ebx, 0xc
 [tid:1713246] Invalid RTN shr eax, 0x16
 [tid:1713246] Invalid RTN and edx, 0xfff
 [tid:1713246] Invalid RTN add edx, 0x1
 [tid:1713246] Invalid RTN add eax, 0x1
 [tid:1713246] Invalid RTN imul eax, edx
 [tid:1713246] Invalid RTN mov edx, ebx
 [tid:1713246] Invalid RTN and edx, 0x3ff
 [tid:1713246] Invalid RTN add edx, 0x1
 [tid:1713246] Invalid RTN imul eax, ecx
 [tid:1713246] Invalid RTN imul eax, edx
 [tid:1713246] Invalid RTN jmp 0x7f1f881de74e
 [tid:1713246] Invalid RTN add rsp, 0x8
 [tid:1713246] Invalid RTN pop rbx
 [tid:1713246] Invalid RTN pop rbp
 [tid:1713246] Invalid RTN pop r12
 [tid:1713246] Invalid RTN pop r13
 [tid:1713246] Invalid RTN ret 
 [tid:1713246] Invalid RTN test rax, rax
 [tid:1713246] Invalid RTN jnz 0x7f1f881de96a
 [tid:1713246] Invalid RTN lea r9, ptr [rbp+0x74]
 [tid:1713246] Invalid RTN lea r8, ptr [rbp+0x70]
 [tid:1713246] Invalid RTN mov rcx, r13
 [tid:1713246] Invalid RTN mov rdx, r12
 [tid:1713246] Invalid RTN mov esi, r14d
 [tid:1713246] Invalid RTN mov edi, r15d
 [tid:1713246] Invalid RTN call 0x7f1f881de660
 [tid:1713246] Invalid RTN mov rbx, qword ptr [rsp+0x18]
 [tid:1713246] Invalid RTN xor rbx, qword ptr fs:[0x28]
 [tid:1713246] Invalid RTN jnz 0x7f1f881dea42
 [tid:1713246] Invalid RTN add rsp, 0x28
 [tid:1713246] Invalid RTN pop rbx
 [tid:1713246] Invalid RTN pop rbp
 [tid:1713246] Invalid RTN pop r12
 [tid:1713246] Invalid RTN pop r13
 [tid:1713246] Invalid RTN pop r14
 [tid:1713246] Invalid RTN pop r15
 [tid:1713246] Invalid RTN ret 
 [tid:1713246] Invalid RTN mov edi, 0xbf
 [tid:1713246] Invalid RTN mov r12, rax
 [tid:1713246] Invalid RTN call 0x7f1f881de900
 [tid:1713246] Invalid RTN mov edx, eax
 [tid:1713246] Invalid RTN and edx, 0x1f
 [tid:1713246] Invalid RTN jz 0x7f1f881de8a0
 [tid:1713246] Invalid RTN shr eax, 0x5
 [tid:1713246] Invalid RTN and eax, 0x7
 [tid:1713246] Invalid RTN cmp eax, 0x1
 [tid:1713246] Invalid RTN setz r9b
 [tid:1713246] Invalid RTN cmp edx, 0x1
 [tid:1713246] Invalid RTN jz 0x7f1f881de790
 [tid:1713246] Invalid RTN cmp edx, 0x2
 [tid:1713246] Invalid RTN jnz 0x7f1f881de869
 [tid:1713246] Invalid RTN test r9b, r9b
 [tid:1713246] Invalid RTN jz 0x7f1f881de869
 [tid:1713246] Invalid RTN test ebp, ebp
 [tid:1713246] Invalid RTN jnz 0x7f1f881de79a
 [tid:1713246] Invalid RTN lea eax, ptr [rdi-0xb9]
 [tid:1713246] Invalid RTN sub eax, ebp
 [tid:1713246] Invalid RTN jz 0x7f1f881de82e
 [tid:1713246] Invalid RTN add esi, 0x1
 [tid:1713246] Invalid RTN mov eax, r8d
 [tid:1713246] Invalid RTN mov ecx, esi
 [tid:1713246] Invalid RTN cpuid 
 [tid:1713246] Invalid RTN cmp eax, 0x2
 [tid:1713246] Invalid RTN jnz 0x7f1f881de877
 [tid:1713246] Invalid RTN cmp ebp, 0x6
 [tid:1713246] Invalid RTN jz 0x7f1f881de7d7
 [tid:1713246] Invalid RTN cmp eax, 0x3
 [tid:1713246] Invalid RTN jnz 0x7f1f881de885
 [tid:1713246] Invalid RTN mov edi, 0xc2
 [tid:1713246] Invalid RTN mov r14, rax
 [tid:1713246] Invalid RTN call 0x7f1f881de900
 [tid:1713246] Invalid RTN cmp eax, 0x4
 [tid:1713246] Invalid RTN jnz 0x7f1f881de79a
 [tid:1713246] Invalid RTN cmp ebp, 0xc
 [tid:1713246] Invalid RTN jz 0x7f1f881de7d7
 [tid:1713246] Invalid RTN jmp 0x7f1f881de79a
 [tid:1713246] Invalid RTN cmp eax, 0x3
 [tid:1713246] Invalid RTN jnz 0x7f1f881de885
 [tid:1713246] Invalid RTN cmp ebp, 0x9
 [tid:1713246] Invalid RTN jz 0x7f1f881de7d7
 [tid:1713246] Invalid RTN cmp eax, 0x4
 [tid:1713246] Invalid RTN jnz 0x7f1f881de79a
 [tid:1713246] Invalid RTN lea rdx, ptr [rsp+0xc]
 [tid:1713246] Invalid RTN lea rsi, ptr [rsp+0x18]
 [tid:1713246] Invalid RTN mov rcx, r14
 [tid:1713246] Invalid RTN mov qword ptr [rsp+0x10], rax
 [tid:1713246] Invalid RTN lea rdi, ptr [rsp+0x10]
 [tid:1713246] Invalid RTN mov qword ptr [rsp+0x18], rax
 [tid:1713246] Invalid RTN call 0x7f1f881dddc0
 [tid:1713246] Invalid RTN push r15
 [tid:1713246] Invalid RTN mov r9, qword ptr [rsi]
 [tid:1713246] Invalid RTN push r14
 [tid:1713246] Invalid RTN mov r14, rdi
 [tid:1713246] Invalid RTN push r13
 [tid:1713246] Invalid RTN mov r13, rdx
 [tid:1713246] Invalid RTN push r12
 [tid:1713246] Invalid RTN push rbp
 [tid:1713246] Invalid RTN push rbx
 [tid:1713246] Invalid RTN mov r10, qword ptr [rdi]
 [tid:1713246] Invalid RTN mov r15d, dword ptr [rdx]
 [tid:1713246] Invalid RTN mov qword ptr [rsp-0x20], rcx
 [tid:1713246] Invalid RTN test r10, r10
 [tid:1713246] Invalid RTN jle 0x7f1f881de080
 [tid:1713246] Invalid RTN mov dword ptr [rsp-0x10], 0x3
 [tid:1713246] Invalid RTN mov dword ptr [rsp-0x24], 0x0
 [tid:1713246] Invalid RTN mov r11, qword ptr [rip+0x2eb05a]
 [tid:1713246] Invalid RTN test byte ptr [r11+0x8b], 0x10
 [tid:1713246] Invalid RTN jz 0x7f1f881ddf17
 [tid:1713246] Invalid RTN mov eax, dword ptr [r11+0x6c]
 [tid:1713246] Invalid RTN mov edx, dword ptr [r11+0x70]
 [tid:1713246] Invalid RTN mov ebx, dword ptr [r11+0x74]
 [tid:1713246] Invalid RTN mov ebp, dword ptr [r11+0x68]
 [tid:1713246] Invalid RTN mov dword ptr [rsp-0x8], eax
 [tid:1713246] Invalid RTN mov dword ptr [rsp-0xc], edx
 [tid:1713246] Invalid RTN mov dword ptr [rsp-0x4], ebx
 [tid:1713246] Invalid RTN cmp eax, 0x3
 [tid:1713246] Invalid RTN jle 0x7f1f881ddec0
 [tid:1713246] Invalid RTN mov r12d, dword ptr [rsp-0x24]
 [tid:1713246] Invalid RTN mov r8d, 0x3
 [tid:1713246] Invalid RTN test r12d, r12d
 [tid:1713246] Invalid RTN jnz 0x7f1f881de0a0
 [tid:1713246] Invalid RTN mov byte ptr [rsp-0x11], 0x1
 [tid:1713246] Invalid RTN xor ecx, ecx
 [tid:1713246] Invalid RTN mov r12d, 0x4
 [tid:1713246] Invalid RTN mov dword ptr [rsp-0x18], 0x0
 [tid:1713246] Invalid RTN nop word ptr [rax+rax*1]
 [tid:1713246] Invalid RTN lea edi, ptr [rcx+0x1]
 [tid:1713246] Invalid RTN mov eax, r12d
 [tid:1713246] Invalid RTN cpuid 
 [tid:1713246] Invalid RTN cmp ebp, 0x1
 [tid:1713246] Invalid RTN jz 0x7f1f881ddf30
 [tid:1713246] Invalid RTN mov ecx, eax
 [tid:1713246] Invalid RTN shr ecx, 0x5
 [tid:1713246] Invalid RTN and ecx, 0x7
 [tid:1713246] Invalid RTN cmp ecx, 0x2
 [tid:1713246] Invalid RTN jz 0x7f1f881ddf45
 [tid:1713246] Invalid RTN cmp ecx, 0x3
 [tid:1713246] Invalid RTN jnz 0x7f1f881ddeb8
 [tid:1713246] Invalid RTN test al, 0x1f
 [tid:1713246] Invalid RTN jz 0x7f1f881ddecd
 [tid:1713246] Invalid RTN mov ecx, eax
 [tid:1713246] Invalid RTN shr ecx, 0x5
 [tid:1713246] Invalid RTN and ecx, 0x7
 [tid:1713246] Invalid RTN cmp ecx, 0x2
 [tid:1713246] Invalid RTN jnz 0x7f1f881dde82
 [tid:1713246] Invalid RTN test r8b, 0x1
 [tid:1713246] Invalid RTN jz 0x7f1f881ddeb8
 [tid:1713246] Invalid RTN cmp ecx, 0x3
 [tid:1713246] Invalid RTN jnz 0x7f1f881ddeb8
 [tid:1713246] Invalid RTN test r8b, 0x2
 [tid:1713246] Invalid RTN jz 0x7f1f881ddeb8
 [tid:1713246] Invalid RTN shr eax, 0xe
 [tid:1713246] Invalid RTN shr edx, 0x1
 [tid:1713246] Invalid RTN and r8d, 0xfffffffd
 [tid:1713246] Invalid RTN and eax, 0x3ff
 [tid:1713246] Invalid RTN mov dword ptr [rsp-0x24], eax
 [tid:1713246] Invalid RTN mov eax, edx
 [tid:1713246] Invalid RTN and eax, 0x1
 [tid:1713246] Invalid RTN mov byte ptr [rsp-0x11], al
 [tid:1713246] Invalid RTN test r8d, r8d
 [tid:1713246] Invalid RTN jz 0x7f1f881ddf68
 [tid:1713246] Invalid RTN mov ecx, edi
 [tid:1713246] Invalid RTN jmp 0x7f1f881dde60
 [tid:1713246] Invalid RTN lea edi, ptr [rcx+0x1]
 [tid:1713246] Invalid RTN mov eax, r12d
 [tid:1713246] Invalid RTN cpuid 
 [tid:1713246] Invalid RTN shr eax, 0xe
 [tid:1713246] Invalid RTN and r8d, 0xfffffffe
 [tid:1713246] Invalid RTN and eax, 0x3ff
 [tid:1713246] Invalid RTN mov dword ptr [rsp-0x18], eax
 [tid:1713246] Invalid RTN test r8d, r8d
 [tid:1713246] Invalid RTN jnz 0x7f1f881ddeb8
 [tid:1713246] Invalid RTN cmp dword ptr [rsp-0xc], 0x6
 [tid:1713246] Invalid RTN setz r12b
 [tid:1713246] Invalid RTN cmp ebp, 0x3
 [tid:1713246] Invalid RTN setz al
 [tid:1713246] Invalid RTN test al, r12b
 [tid:1713246] Invalid RTN jnz 0x7f1f881de03b
 [tid:1713246] Invalid RTN cmp dword ptr [rsp-0x8], 0xa
 [tid:1713246] Invalid RTN jle 0x7f1f881de03b
 [tid:1713246] Invalid RTN cmp dword ptr [rsp-0xc], 0x6
 [tid:1713246] Invalid RTN setz r12b
 [tid:1713246] Invalid RTN cmp ebp, 0x3
 [tid:1713246] Invalid RTN setz al
 [tid:1713246] Invalid RTN test al, r12b
 [tid:1713246] Invalid RTN jnz 0x7f1f881de03b
 [tid:1713246] Invalid RTN cmp dword ptr [rsp-0x8], 0xa
 [tid:1713246] Invalid RTN jle 0x7f1f881de03b
 [tid:1713246] Invalid RTN mov r11d, dword ptr [rsp-0x18]
 [tid:1713246] Invalid RTN mov edi, dword ptr [rsp-0x10]
 [tid:1713246] Invalid RTN mov ebx, dword ptr [rsp-0x24]
 [tid:1713246] Invalid RTN test r11d, r11d
 [tid:1713246] Invalid RTN setnle dl
 [tid:1713246] Invalid RTN xor eax, eax
 [tid:1713246] Invalid RTN cmp edi, 0x3
 [tid:1713246] Invalid RTN setz al
 [tid:1713246] Invalid RTN and eax, edx
 [tid:1713246] Invalid RTN mov r8d, eax
 [tid:1713246] Invalid RTN or r8d, 0x2
 [tid:1713246] Invalid RTN test ebx, ebx
 [tid:1713246] Invalid RTN jle 0x7f1f881de138
 [tid:1713246] Invalid RTN mov eax, 0xb
 [tid:1713246] Invalid RTN xor ecx, ecx
 [tid:1713246] Invalid RTN cpuid 
 [tid:1713246] Invalid RTN movzx ebx, bl
 [tid:1713246] Invalid RTN and ecx, 0xff00
 [tid:1713246] Invalid RTN jz 0x7f1f881de03b
 [tid:1713246] Invalid RTN test ebx, ebx
 [tid:1713246] Invalid RTN jz 0x7f1f881de03b
 [tid:1713246] Invalid RTN mov edx, 0x1
 [tid:1713246] Invalid RTN mov r11d, 0xb
 [tid:1713246] Invalid RTN jmp 0x7f1f881de00a
 [tid:1713246] Invalid RTN cmp ecx, 0x100
 [tid:1713246] Invalid RTN jnz 0x7f1f881ddfe0
 [tid:1713246] Invalid RTN test r8b, 0x1
 [tid:1713246] Invalid RTN jz 0x7f1f881ddfec
 [tid:1713246] Invalid RTN bsr ecx, dword ptr [rsp-0x18]
 [tid:1713246] Invalid RTN mov eax, 0xffffffff
 [tid:1713246] Invalid RTN add ecx, 0x1
 [tid:1713246] Invalid RTN sub ebx, 0x1
 [tid:1713246] Invalid RTN and r8d, 0xfffffffe
 [tid:1713246] Invalid RTN shl eax, cl
 [tid:1713246] Invalid RTN not eax
 [tid:1713246] Invalid RTN and ebx, eax
 [tid:1713246] Invalid RTN mov dword ptr [rsp-0x18], ebx
 [tid:1713246] Invalid RTN test r8d, r8d
 [tid:1713246] Invalid RTN jnz 0x7f1f881ddfec
 [tid:1713246] Invalid RTN lea edi, ptr [rdx+0x1]
 [tid:1713246] Invalid RTN mov eax, r11d
 [tid:1713246] Invalid RTN mov ecx, edx
 [tid:1713246] Invalid RTN cpuid 
 [tid:1713246] Invalid RTN and ecx, 0xff00
 [tid:1713246] Invalid RTN and ebx, 0xff
 [tid:1713246] Invalid RTN jz 0x7f1f881de03b
 [tid:1713246] Invalid RTN test ecx, ecx
 [tid:1713246] Invalid RTN jz 0x7f1f881de03b
 [tid:1713246] Invalid RTN mov edx, edi
 [tid:1713246] Invalid RTN cmp ecx, 0x100
 [tid:1713246] Invalid RTN jnz 0x7f1f881ddfe0
 [tid:1713246] Invalid RTN cmp ecx, 0x200
 [tid:1713246] Invalid RTN jz 0x7f1f881de0b8
 [tid:1713246] Invalid RTN lea edi, ptr [rdx+0x1]
 [tid:1713246] Invalid RTN mov eax, r11d
 [tid:1713246] Invalid RTN mov ecx, edx
 [tid:1713246] Invalid RTN cpuid 
 [tid:1713246] Invalid RTN test r8b, 0x2
 [tid:1713246] Invalid RTN jz 0x7f1f881ddfec
 [tid:1713246] Invalid RTN sub ebx, 0x1
 [tid:1713246] Invalid RTN cmp dword ptr [rsp-0x10], 0x2
 [tid:1713246] Invalid RTN jz 0x7f1f881de1c0
 [tid:1713246] Invalid RTN bsr ecx, dword ptr [rsp-0x24]
 [tid:1713246] Invalid RTN mov eax, 0xffffffff
 [tid:1713246] Invalid RTN add ecx, 0x1
 [tid:1713246] Invalid RTN shl eax, cl
 [tid:1713246] Invalid RTN not eax
 [tid:1713246] Invalid RTN and eax, ebx
 [tid:1713246] Invalid RTN mov dword ptr [rsp-0x24], eax
 [tid:1713246] Invalid RTN and r8d, 0xfffffffd
 [tid:1713246] Invalid RTN jmp 0x7f1f881de036
 [tid:1713246] Invalid RTN test r8d, r8d
 [tid:1713246] Invalid RTN jnz 0x7f1f881ddfec
 [tid:1713246] Invalid RTN mov r8d, dword ptr [rsp-0x18]
 [tid:1713246] Invalid RTN test r8d, r8d
 [tid:1713246] Invalid RTN jz 0x7f1f881de0f0
 [tid:1713246] Invalid RTN mov ecx, dword ptr [rsp-0x24]
 [tid:1713246] Invalid RTN add dword ptr [rsp-0x18], 0x1
 [tid:1713246] Invalid RTN test ecx, ecx
 [tid:1713246] Invalid RTN jle 0x7f1f881de160
 [tid:1713246] Invalid RTN cmp dword ptr [rsp-0x10], 0x2
 [tid:1713246] Invalid RTN jz 0x7f1f881de167
 [tid:1713246] Invalid RTN mov eax, dword ptr [rsp-0x24]
 [tid:1713246] Invalid RTN add eax, 0x1
 [tid:1713246] Invalid RTN mov r15d, eax
 [tid:1713246] Invalid RTN mov eax, 0x1
 [tid:1713246] Invalid RTN jmp 0x7f1f881ddedb
 [tid:1713246] Invalid RTN test r9, r9
 [tid:1713246] Invalid RTN jle 0x7f1f881ddef2
 [tid:1713246] Invalid RTN test al, al
 [tid:1713246] Invalid RTN jz 0x7f1f881ddef2
 [tid:1713246] Invalid RTN mov rax, r9
 [tid:1713246] Invalid RTN mov ecx, r15d
 [tid:1713246] Invalid RTN cqo 
 [tid:1713246] Invalid RTN idiv rcx
 [tid:1713246] Invalid RTN mov r9, rax
 [tid:1713246] Invalid RTN cmp byte ptr [rsp-0x11], 0x0
 [tid:1713246] Invalid RTN jnz 0x7f1f881ddf17
 [tid:1713246] Invalid RTN mov rdi, qword ptr [rsp-0x20]
 [tid:1713246] Invalid RTN movsxd rbx, dword ptr [rsp-0x18]
 [tid:1713246] Invalid RTN mov rax, rdi
 [tid:1713246] Invalid RTN test ebx, ebx
 [tid:1713246] Invalid RTN jz 0x7f1f881ddf0f
 [tid:1713246] Invalid RTN cqo 
 [tid:1713246] Invalid RTN idiv rbx
 [tid:1713246] Invalid RTN add r9, rax
 [tid:1713246] Invalid RTN add r10, qword ptr [rsp-0x20]
 [tid:1713246] Invalid RTN pop rbx
 [tid:1713246] Invalid RTN pop rbp
 [tid:1713246] Invalid RTN mov qword ptr [r14], r10
 [tid:1713246] Invalid RTN pop r12
 [tid:1713246] Invalid RTN mov qword ptr [rsi], r9
 [tid:1713246] Invalid RTN mov dword ptr [r13], r15d
 [tid:1713246] Invalid RTN pop r13
 [tid:1713246] Invalid RTN pop r14
 [tid:1713246] Invalid RTN pop r15
 [tid:1713246] Invalid RTN ret 
 [tid:1713246] Invalid RTN test r13, r13
 [tid:1713246] Invalid RTN jnz 0x7f1f881deabd
 [tid:1713246] Invalid RTN jmp 0x7f1f881deac0
 [tid:1713246] Invalid RTN test r12, r12
 [tid:1713246] Invalid RTN jle 0x7f1f881deaf0
 [tid:1713246] Invalid RTN mov rax, r12
 [tid:1713246] Invalid RTN mov qword ptr [rip+0x2ea879], r12
 [tid:1713246] Invalid RTN xor r12b, r12b
 [tid:1713246] Invalid RTN sar rax, 0x1
 [tid:1713246] Invalid RTN mov qword ptr [rip+0x2ea87c], r12
 [tid:1713246] Invalid RTN mov qword ptr [rip+0x2ea86d], rax
 [tid:1713246] Invalid RTN mov rax, r12
 [tid:1713246] Invalid RTN sar rax, 0x1
 [tid:1713246] Invalid RTN mov qword ptr [rip+0x2ea870], rax
 [tid:1713246] Invalid RTN test rbp, rbp
 [tid:1713246] Invalid RTN jnz 0x7f1f881debeb
 [tid:1713246] Invalid RTN mov rax, qword ptr [rsp+0x10]
 [tid:1713246] Invalid RTN test rax, rax
 [tid:1713246] Invalid RTN jle 0x7f1f881debf7
 [tid:1713246] Invalid RTN mov rdx, rax
 [tid:1713246] Invalid RTN mov qword ptr [rip+0x2ea817], rax
 [tid:1713246] Invalid RTN xor al, al
 [tid:1713246] Invalid RTN sar rdx, 0x1
 [tid:1713246] Invalid RTN mov qword ptr [rip+0x2ea81b], rax
 [tid:1713246] Invalid RTN mov qword ptr [rip+0x2ea80c], rdx
 [tid:1713246] Invalid RTN mov rdx, rax
 [tid:1713246] Invalid RTN sar rdx, 0x1
 [tid:1713246] Invalid RTN mov qword ptr [rip+0x2ea80f], rdx
 [tid:1713246] Invalid RTN mov rdx, qword ptr [rsp+0x18]
 [tid:1713246] Invalid RTN lea rdx, ptr [rdx+rdx*2]
 [tid:1713246] Invalid RTN test rdx, rdx
 [tid:1713246] Invalid RTN lea rbp, ptr [rdx+0x3]
 [tid:1713246] Invalid RTN cmovns rbp, rdx
 [tid:1713246] Invalid RTN sar rax, 0x2
 [tid:1713246] Invalid RTN sar rbp, 0x2
 [tid:1713246] Invalid RTN cmp rax, rbp
 [tid:1713246] Invalid RTN cmovb rax, rbp
 [tid:1713246] Invalid RTN mov ecx, dword ptr [rbx+0xb0]
 [tid:1713246] Invalid RTN mov rdx, qword ptr [rbx+0x1a0]
 [tid:1713246] Invalid RTN test ch, 0x2
 [tid:1713246] Invalid RTN cmovz rax, rbp
 [tid:1713246] Invalid RTN test rdx, rdx
 [tid:1713246] Invalid RTN cmovnz rax, rdx
 [tid:1713246] Invalid RTN and ecx, 0x10000
 [tid:1713246] Invalid RTN mov edx, dword ptr [rbx+0x17c]
 [tid:1713246] Invalid RTN mov qword ptr [rip+0x2ed6b6], rax
 [tid:1713246] Invalid RTN jz 0x7f1f881dec30
 [tid:1713246] Invalid RTN test dh, 0x40
 [tid:1713246] Invalid RTN jnz 0x7f1f881dec30
 [tid:1713246] Invalid RTN mov eax, 0x4000
 [tid:1713246] Invalid RTN mov edx, 0x200
 [tid:1713246] Invalid RTN test byte ptr [rbx+0xb8], 0x10
 [tid:1713246] Invalid RTN mov ecx, 0x840
 [tid:1713246] Invalid RTN cmovnz rax, rcx
 [tid:1713246] Invalid RTN mov rcx, qword ptr [rbx+0x1a8]
 [tid:1713246] Invalid RTN cmp rcx, rdx
 [tid:1713246] Invalid RTN cmovnbe rax, rcx
 [tid:1713246] Invalid RTN mov qword ptr [rip+0x2ea760], rax
 [tid:1713246] Invalid RTN mov rax, qword ptr [rbx+0x1b0]
 [tid:1713246] Invalid RTN mov qword ptr [rip+0x2ea74a], rax
 [tid:1713246] Invalid RTN add rsp, 0x20
 [tid:1713246] Invalid RTN xor eax, eax
 [tid:1713246] Invalid RTN pop rbx
 [tid:1713246] Invalid RTN pop rbp
 [tid:1713246] Invalid RTN pop r12
 [tid:1713246] Invalid RTN pop r13
 [tid:1713246] Invalid RTN pop r14
 [tid:1713246] Invalid RTN ret 
 [tid:1713246] Invalid RTN and edx, 0x100
 [tid:1713246] Invalid RTN cmp edx, 0x1
 [tid:1713246] Invalid RTN sbb rax, rax
 [tid:1713246] Invalid RTN and rax, 0xffffffffffffe800
 [tid:1713246] Invalid RTN add rax, 0x2000
 [tid:1713246] Invalid RTN cmp edx, 0x1
 [tid:1713246] Invalid RTN sbb rdx, rdx
 [tid:1713246] Invalid RTN and rdx, 0xffffffffffffff80
 [tid:1713246] Invalid RTN add rdx, 0x100
 [tid:1713246] Invalid RTN jmp 0x7f1f881deb9b
 [tid:1713246] Invalid RTN test byte ptr [rbx+0xb8], 0x10
 [tid:1713246] Invalid RTN mov ecx, 0x840
 [tid:1713246] Invalid RTN cmovnz rax, rcx
 [tid:1713246] Invalid RTN mov rcx, qword ptr [rbx+0x1a8]
 [tid:1713246] Invalid RTN cmp rcx, rdx
 [tid:1713246] Invalid RTN cmovnbe rax, rcx
 [tid:1713246] Invalid RTN mov qword ptr [rip+0x2ea760], rax
 [tid:1713246] Invalid RTN mov rax, qword ptr [rbx+0x1b0]
 [tid:1713246] Invalid RTN mov qword ptr [rip+0x2ea74a], rax
 [tid:1713246] Invalid RTN add rsp, 0x20
 [tid:1713246] Invalid RTN xor eax, eax
 [tid:1713246] Invalid RTN pop rbx
 [tid:1713246] Invalid RTN pop rbp
 [tid:1713246] Invalid RTN pop r12
 [tid:1713246] Invalid RTN pop r13
 [tid:1713246] Invalid RTN pop r14
 [tid:1713246] Invalid RTN ret 
 [tid:1713246] Invalid RTN nop edx, edi
 [tid:1713246] Invalid RTN mov rcx, qword ptr [rip+0x32f8fd]
 [tid:1713246] Invalid RTN lea rax, ptr [rip-0x7bac2]
 [tid:1713246] Invalid RTN mov edx, dword ptr [rcx+0x17c]
 [tid:1713246] Invalid RTN test dh, 0x30
 [tid:1713246] Invalid RTN jnz 0x7f1f881995e3
 [tid:1713246] Invalid RTN mov esi, dword ptr [rcx+0xb0]
 [tid:1713246] Invalid RTN test esi, 0x10000
 [tid:1713246] Invalid RTN jnz 0x7f1f881995e8
 [tid:1713246] Invalid RTN test dh, 0x1
 [tid:1713246] Invalid RTN jz 0x7f1f881995c0
 [tid:1713246] Invalid RTN test dh, 0x40
 [tid:1713246] Invalid RTN jnz 0x7f1f8819957b
 [tid:1713246] Invalid RTN lea rax, ptr [rip+0x3d90c]
 [tid:1713246] Invalid RTN test esi, esi
 [tid:1713246] Invalid RTN jns 0x7f1f881995e3
 [tid:1713246] Invalid RTN and esi, 0x200
 [tid:1713246] Invalid RTN lea rdx, ptr [rip+0x3e32b]
 [tid:1713246] Invalid RTN lea rax, ptr [rip+0x3e394]
 [tid:1713246] Invalid RTN cmovz rax, rdx
 [tid:1713246] Invalid RTN ret 
 [tid:1713246] Invalid RTN test dh, 0x1
 [tid:1713246] Invalid RTN jz 0x7f1f881995c0
 [tid:1713246] Invalid RTN test esi, esi
 [tid:1713246] Invalid RTN js 0x7f1f88199638
 [tid:1713246] Invalid RTN test esi, 0x800
 [tid:1713246] Invalid RTN jz 0x7f1f881995b0
 [tid:1713246] Invalid RTN and esi, 0x200
 [tid:1713246] Invalid RTN lea rdx, ptr [rip+0x184ab]
 [tid:1713246] Invalid RTN lea rax, ptr [rip+0x18514]
 [tid:1713246] Invalid RTN cmovz rax, rdx
 [tid:1713246] Invalid RTN ret 
 [tid:1713246] Invalid RTN nop edx, edi
 [tid:1713246] Invalid RTN mov rdx, qword ptr [rip+0x3306dd]
 [tid:1713246] Invalid RTN mov ecx, dword ptr [rdx+0xb0]
 [tid:1713246] Invalid RTN mov esi, dword ptr [rdx+0x17c]
 [tid:1713246] Invalid RTN test cl, 0x20
 [tid:1713246] Invalid RTN jz 0x7f1f88198794
 [tid:1713246] Invalid RTN test esi, 0x100
 [tid:1713246] Invalid RTN jnz 0x7f1f881987c0
 [tid:1713246] Invalid RTN and esi, 0x10
 [tid:1713246] Invalid RTN lea rax, ptr [rip-0x6a40e]
 [tid:1713246] Invalid RTN jnz 0x7f1f881987b9
 [tid:1713246] Invalid RTN test ecx, ecx
 [tid:1713246] Invalid RTN js 0x7f1f881987e0
 [tid:1713246] Invalid RTN lea rax, ptr [rip+0x16115]
 [tid:1713246] Invalid RTN and ch, 0x8
 [tid:1713246] Invalid RTN jnz 0x7f1f881987b9
 [tid:1713246] Invalid RTN lea rax, ptr [rip+0xd729]
 [tid:1713246] Invalid RTN test esi, 0x800
 [tid:1713246] Invalid RTN jnz 0x7f1f88198794
 [tid:1713246] Invalid RTN lea rax, ptr [rip+0x1efe9]
 [tid:1713246] Invalid RTN test ecx, 0x40000000
 [tid:1713246] Invalid RTN jz 0x7f1f881987c4
 [tid:1713246] Invalid RTN jmp 0x7f1f881987b9
 [tid:1713246] Invalid RTN ret 
 [tid:1713246] Invalid RTN nop edx, edi
 [tid:1713246] Invalid RTN mov rdx, qword ptr [rip+0x32f31d]
 [tid:1713246] Invalid RTN mov ecx, dword ptr [rdx+0xb0]
 [tid:1713246] Invalid RTN test cl, 0x20
 [tid:1713246] Invalid RTN jz 0x7f1f88199b78
 [tid:1713246] Invalid RTN mov esi, dword ptr [rdx+0x17c]
 [tid:1713246] Invalid RTN test esi, 0x100
 [tid:1713246] Invalid RTN jz 0x7f1f88199b78
 [tid:1713246] Invalid RTN test ecx, ecx
 [tid:1713246] Invalid RTN js 0x7f1f88199bb0
 [tid:1713246] Invalid RTN lea rax, ptr [rip+0x19e09]
 [tid:1713246] Invalid RTN test ecx, 0x40000000
 [tid:1713246] Invalid RTN jz 0x7f1f88199b58
 [tid:1713246] Invalid RTN jmp 0x7f1f88199bab
 [tid:1713246] Invalid RTN ret 
 [tid:1713246] Invalid RTN nop edx, edi
 [tid:1713246] Invalid RTN mov rdx, qword ptr [rip+0x330efd]
 [tid:1713246] Invalid RTN mov ecx, dword ptr [rdx+0xb0]
 [tid:1713246] Invalid RTN mov esi, dword ptr [rdx+0x17c]
 [tid:1713246] Invalid RTN test cl, 0x20
 [tid:1713246] Invalid RTN jz 0x7f1f88197f74
 [tid:1713246] Invalid RTN test esi, 0x100
 [tid:1713246] Invalid RTN jnz 0x7f1f88197fa0
 [tid:1713246] Invalid RTN and esi, 0x10
 [tid:1713246] Invalid RTN lea rax, ptr [rip-0x75dae]
 [tid:1713246] Invalid RTN jnz 0x7f1f88197f99
 [tid:1713246] Invalid RTN test ecx, ecx
 [tid:1713246] Invalid RTN js 0x7f1f88197fc0
 [tid:1713246] Invalid RTN lea rax, ptr [rip+0x137d5]
 [tid:1713246] Invalid RTN and ch, 0x8
 [tid:1713246] Invalid RTN jnz 0x7f1f88197f99
 [tid:1713246] Invalid RTN lea rax, ptr [rip+0xae89]
 [tid:1713246] Invalid RTN test esi, 0x800
 [tid:1713246] Invalid RTN jnz 0x7f1f88197f74
 [tid:1713246] Invalid RTN lea rax, ptr [rip+0x1c419]
 [tid:1713246] Invalid RTN test ecx, 0x40000000
 [tid:1713246] Invalid RTN jz 0x7f1f88197fa4
 [tid:1713246] Invalid RTN jmp 0x7f1f88197f99
 [tid:1713246] Invalid RTN ret 
 [tid:1713246] Invalid RTN nop edx, edi
 [tid:1713246] Invalid RTN mov rcx, qword ptr [rip+0x33064d]
 [tid:1713246] Invalid RTN lea rax, ptr [rip-0x69252]
 [tid:1713246] Invalid RTN mov edx, dword ptr [rcx+0xb0]
 [tid:1713246] Invalid RTN mov esi, edx
 [tid:1713246] Invalid RTN and esi, 0x120
 [tid:1713246] Invalid RTN cmp esi, 0x120
 [tid:1713246] Invalid RTN jz 0x7f1f88198830
 [tid:1713246] Invalid RTN ret 
 [tid:1713246] Invalid RTN mov ecx, dword ptr [rcx+0x17c]
 [tid:1713246] Invalid RTN test ch, 0x1
 [tid:1713246] Invalid RTN jz 0x7f1f88198828
 [tid:1713246] Invalid RTN test edx, edx
 [tid:1713246] Invalid RTN js 0x7f1f88198868
 [tid:1713246] Invalid RTN lea rax, ptr [rip+0x16d1a]
 [tid:1713246] Invalid RTN and dh, 0x8
 [tid:1713246] Invalid RTN jnz 0x7f1f88198828
 [tid:1713246] Invalid RTN lea rax, ptr [rip+0x1fc71]
 [tid:1713246] Invalid RTN test edx, 0x40000000
 [tid:1713246] Invalid RTN jz 0x7f1f8819883f
 [tid:1713246] Invalid RTN ret 
 [tid:1713246] Invalid RTN nop edx, edi
 [tid:1713246] Invalid RTN sub rsp, 0x28
 [tid:1713246] Invalid RTN mov esi, 0x32
 [tid:1713246] Invalid RTN lea rax, ptr [rip+0x9e3e4]
 [tid:1713246] Invalid RTN mov edx, 0x5f
 [tid:1713246] Invalid RTN mov qword ptr [rsp], rax
 [tid:1713246] Invalid RTN lea rcx, ptr [rip+0x9e3d9]
 [tid:1713246] Invalid RTN mov rax, 0x103ae75f6
 [tid:1713246] Invalid RTN mov qword ptr [rsp+0x8], rax
 [tid:1713246] Invalid RTN mov eax, 0x50e3a8
 [tid:1713246] Invalid RTN shl rax, 0x4
 [tid:1713246] Invalid RTN add rcx, 0x1
 [tid:1713246] Invalid RTN add rax, rdx
 [tid:1713246] Invalid RTN mov rdx, rax
 [tid:1713246] Invalid RTN shr rdx, 0x18
 [tid:1713246] Invalid RTN and edx, 0xf0
 [tid:1713246] Invalid RTN xor rax, rdx
 [tid:1713246] Invalid RTN test sil, sil
 [tid:1713246] Invalid RTN jz 0x7f1f881f08f8
 [tid:1713246] Invalid RTN movzx edx, sil
 [tid:1713246] Invalid RTN movzx esi, byte ptr [rcx+0x1]
 [tid:1713246] Invalid RTN jmp 0x7f1f881f08c8
 [tid:1713246] Invalid RTN shl rax, 0x4
 [tid:1713246] Invalid RTN add rcx, 0x1
 [tid:1713246] Invalid RTN add rax, rdx
 [tid:1713246] Invalid RTN mov rdx, rax
 [tid:1713246] Invalid RTN shr rdx, 0x18
 [tid:1713246] Invalid RTN and edx, 0xf0
 [tid:1713246] Invalid RTN xor rax, rdx
 [tid:1713246] Invalid RTN test sil, sil
 [tid:1713246] Invalid RTN jz 0x7f1f881f08f8
 [tid:1713246] Invalid RTN movzx edx, sil
 [tid:1713246] Invalid RTN movzx esi, byte ptr [rcx+0x1]
 [tid:1713246] Invalid RTN jmp 0x7f1f881f08c8
 [tid:1713246] Invalid RTN and eax, 0xfffffff
 [tid:1713246] Invalid RTN cmp rax, 0x3ae75f6
 [tid:1713246] Invalid RTN jnz 0x7f1f881f0930
 [tid:1713246] Invalid RTN mov rsi, rsp
 [tid:1713246] Invalid RTN lea rdi, ptr [rip+0x9fd82]
 [tid:1713246] Invalid RTN mov qword ptr [rsp+0x10], 0x0
 [tid:1713246] Invalid RTN call 0x7f1f88272710
 [tid:1713246] Invalid RTN nop edx, edi
 [tid:1713246] Invalid RTN sub rsp, 0x38
 [tid:1713246] Invalid RTN mov r8, rsi
 [tid:1713246] Invalid RTN mov rax, qword ptr fs:[0x28]
 [tid:1713246] Invalid RTN mov qword ptr [rsp+0x28], rax
 [tid:1713246] Invalid RTN xor eax, eax
 [tid:1713246] Invalid RTN mov rax, qword ptr [rip+0x256726]
 [tid:1713246] Invalid RTN mov rsi, qword ptr [rax+0x248]
 [tid:1713246] Invalid RTN test rsi, rsi
 [tid:1713246] Invalid RTN jz 0x7f1f8827279a
 [tid:1713246] Invalid RTN lea rdx, ptr [rsp+0x10]
 [tid:1713246] Invalid RTN pxor xmm0, xmm0
 [tid:1713246] Invalid RTN xor r9d, r9d
 [tid:1713246] Invalid RTN mov qword ptr [rsp+0x20], 0x0
 [tid:1713246] Invalid RTN movaps xmmword ptr [rsp+0x10], xmm0
 [tid:1713246] Invalid RTN lea rcx, ptr [rsi+0x398]
 [tid:1713246] Invalid RTN mov qword ptr [rsp+0x8], rdx
 [tid:1713246] Invalid RTN lea rdx, ptr [rsp+0x8]
 [tid:1713246] Invalid RTN mov byte ptr [rsp+0x14], 0x20
 [tid:1713246] Invalid RTN push 0x0
 [tid:1713246] Invalid RTN push 0x0
 [tid:1713246] Invalid RTN call qword ptr [rax+0x268]
 [tid:1713246] Invalid RTN mov rsi, qword ptr [rsp+0x18]
 [tid:1713246] Invalid RTN pop rdx
 [tid:1713246] Invalid RTN pop rcx
 [tid:1713246] Invalid RTN test rsi, rsi
 [tid:1713246] Invalid RTN jz 0x7f1f8827279a
 [tid:1713246] Invalid RTN cmp word ptr [rsi+0x6], 0xfff1
 [tid:1713246] Invalid RTN jz 0x7f1f882727b8
 [tid:1713246] Invalid RTN test rax, rax
 [tid:1713246] Invalid RTN jz 0x7f1f882727b8
 [tid:1713246] Invalid RTN mov rax, qword ptr [rax]
 [tid:1713246] Invalid RTN add rax, qword ptr [rsi+0x8]
 [tid:1713246] Invalid RTN mov rsi, rax
 [tid:1713246] Invalid RTN mov rcx, qword ptr [rsp+0x28]
 [tid:1713246] Invalid RTN xor rcx, qword ptr fs:[0x28]
 [tid:1713246] Invalid RTN mov rax, rsi
 [tid:1713246] Invalid RTN jnz 0x7f1f882727bc
 [tid:1713246] Invalid RTN add rsp, 0x38
 [tid:1713246] Invalid RTN ret 
 [tid:1713246] Invalid RTN lea rdx, ptr [rip-0xa4]
 [tid:1713246] Invalid RTN test rax, rax
 [tid:1713246] Invalid RTN cmovz rax, rdx
 [tid:1713246] Invalid RTN add rsp, 0x28
 [tid:1713246] Invalid RTN ret 
 [tid:1713246] Invalid RTN nop edx, edi
 [tid:1713246] Invalid RTN mov rcx, qword ptr [rip+0x32db4d]
 [tid:1713246] Invalid RTN lea rax, ptr [rip-0x7cc52]
 [tid:1713246] Invalid RTN mov edx, dword ptr [rcx+0xb0]
 [tid:1713246] Invalid RTN mov esi, edx
 [tid:1713246] Invalid RTN and esi, 0x120
 [tid:1713246] Invalid RTN cmp esi, 0x120
 [tid:1713246] Invalid RTN jz 0x7f1f8819b330
 [tid:1713246] Invalid RTN ret 
 [tid:1713246] Invalid RTN mov ecx, dword ptr [rcx+0x17c]
 [tid:1713246] Invalid RTN test ch, 0x1
 [tid:1713246] Invalid RTN jz 0x7f1f8819b328
 [tid:1713246] Invalid RTN mov esi, edx
 [tid:1713246] Invalid RTN and esi, 0x800
 [tid:1713246] Invalid RTN test edx, edx
 [tid:1713246] Invalid RTN js 0x7f1f8819b370
 [tid:1713246] Invalid RTN lea rax, ptr [rip+0xeb32]
 [tid:1713246] Invalid RTN test esi, esi
 [tid:1713246] Invalid RTN jnz 0x7f1f8819b328
 [tid:1713246] Invalid RTN and edx, 0x40000000
 [tid:1713246] Invalid RTN jz 0x7f1f8819b347
 [tid:1713246] Invalid RTN test esi, esi
 [tid:1713246] Invalid RTN lea rdx, ptr [rip+0x175df]
 [tid:1713246] Invalid RTN lea rax, ptr [rip+0x1f3b8]
 [tid:1713246] Invalid RTN cmovz rax, rdx
 [tid:1713246] Invalid RTN ret 
 [tid:1713246] Invalid RTN nop edx, edi
 [tid:1713246] Invalid RTN mov rcx, qword ptr [rip+0x2e990d]
 [tid:1713246] Invalid RTN lea rax, ptr [rip-0xae102]
 [tid:1713246] Invalid RTN mov edx, dword ptr [rcx+0xb0]
 [tid:1713246] Invalid RTN mov esi, edx
 [tid:1713246] Invalid RTN and esi, 0x120
 [tid:1713246] Invalid RTN cmp esi, 0x120
 [tid:1713246] Invalid RTN jz 0x7f1f881df570
 [tid:1713246] Invalid RTN ret 
 [tid:1713246] Invalid RTN mov ecx, dword ptr [rcx+0x17c]
 [tid:1713246] Invalid RTN test ch, 0x1
 [tid:1713246] Invalid RTN jz 0x7f1f881df568
 [tid:1713246] Invalid RTN mov esi, edx
 [tid:1713246] Invalid RTN and esi, 0x800
 [tid:1713246] Invalid RTN test edx, edx
 [tid:1713246] Invalid RTN js 0x7f1f881df5b0
 [tid:1713246] Invalid RTN lea rax, ptr [rip-0x2e7ae]
 [tid:1713246] Invalid RTN test esi, esi
 [tid:1713246] Invalid RTN jnz 0x7f1f881df568
 [tid:1713246] Invalid RTN and edx, 0x40000000
 [tid:1713246] Invalid RTN jz 0x7f1f881df587
 [tid:1713246] Invalid RTN test esi, esi
 [tid:1713246] Invalid RTN lea rdx, ptr [rip-0x257c1]
 [tid:1713246] Invalid RTN lea rax, ptr [rip-0x24ce8]
 [tid:1713246] Invalid RTN cmovz rax, rdx
 [tid:1713246] Invalid RTN ret 
 [tid:1713246] Invalid RTN nop edx, edi
 [tid:1713246] Invalid RTN mov rcx, qword ptr [rip+0x2e9fed]
 [tid:1713246] Invalid RTN lea rax, ptr [rip-0xaefe2]
 [tid:1713246] Invalid RTN mov edx, dword ptr [rcx+0xb0]
 [tid:1713246] Invalid RTN mov esi, edx
 [tid:1713246] Invalid RTN and esi, 0x120
 [tid:1713246] Invalid RTN cmp esi, 0x120
 [tid:1713246] Invalid RTN jz 0x7f1f881dee90
 [tid:1713246] Invalid RTN ret 
 [tid:1713246] Invalid RTN mov ecx, dword ptr [rcx+0x17c]
 [tid:1713246] Invalid RTN test ch, 0x1
 [tid:1713246] Invalid RTN jz 0x7f1f881dee88
 [tid:1713246] Invalid RTN test edx, edx
 [tid:1713246] Invalid RTN js 0x7f1f881deec8
 [tid:1713246] Invalid RTN lea rax, ptr [rip-0x2f466]
 [tid:1713246] Invalid RTN and dh, 0x8
 [tid:1713246] Invalid RTN jnz 0x7f1f881dee88
 [tid:1713246] Invalid RTN lea rax, ptr [rip-0x2648f]
 [tid:1713246] Invalid RTN test edx, 0x40000000
 [tid:1713246] Invalid RTN jz 0x7f1f881dee9f
 [tid:1713246] Invalid RTN ret 
 [tid:1713246] Invalid RTN nop edx, edi
 [tid:1713246] Invalid RTN mov rcx, qword ptr [rip+0x32f6cd]
 [tid:1713246] Invalid RTN lea rax, ptr [rip-0x7bd22]
 [tid:1713246] Invalid RTN mov edx, dword ptr [rcx+0x17c]
 [tid:1713246] Invalid RTN test dh, 0x30
 [tid:1713246] Invalid RTN jnz 0x7f1f88199813
 [tid:1713246] Invalid RTN mov esi, dword ptr [rcx+0xb0]
 [tid:1713246] Invalid RTN test esi, 0x10000
 [tid:1713246] Invalid RTN jnz 0x7f1f88199818
 [tid:1713246] Invalid RTN test dh, 0x1
 [tid:1713246] Invalid RTN jz 0x7f1f881997f0
 [tid:1713246] Invalid RTN test dh, 0x40
 [tid:1713246] Invalid RTN jnz 0x7f1f881997ab
 [tid:1713246] Invalid RTN lea rax, ptr [rip+0x3d6bc]
 [tid:1713246] Invalid RTN test esi, esi
 [tid:1713246] Invalid RTN jns 0x7f1f88199813
 [tid:1713246] Invalid RTN and esi, 0x200
 [tid:1713246] Invalid RTN lea rdx, ptr [rip+0x3e0db]
 [tid:1713246] Invalid RTN lea rax, ptr [rip+0x3e144]
 [tid:1713246] Invalid RTN cmovz rax, rdx
 [tid:1713246] Invalid RTN ret 
 [tid:1713246] Invalid RTN test dh, 0x1
 [tid:1713246] Invalid RTN jz 0x7f1f881997f0
 [tid:1713246] Invalid RTN test esi, esi
 [tid:1713246] Invalid RTN js 0x7f1f88199868
 [tid:1713246] Invalid RTN test esi, 0x800
 [tid:1713246] Invalid RTN jz 0x7f1f881997e0
 [tid:1713246] Invalid RTN and esi, 0x200
 [tid:1713246] Invalid RTN lea rdx, ptr [rip+0x1825b]
 [tid:1713246] Invalid RTN lea rax, ptr [rip+0x182c4]
 [tid:1713246] Invalid RTN cmovz rax, rdx
 [tid:1713246] Invalid RTN ret 
 [tid:1713246] Invalid RTN nop edx, edi
 [tid:1713246] Invalid RTN mov rax, qword ptr [rip+0x32f99d]
 [tid:1713246] Invalid RTN mov ecx, dword ptr [rax+0xb0]
 [tid:1713246] Invalid RTN mov edx, dword ptr [rax+0x94]
 [tid:1713246] Invalid RTN test cl, 0x20
 [tid:1713246] Invalid RTN jz 0x7f1f88199510
 [tid:1713246] Invalid RTN test edx, 0x400000
 [tid:1713246] Invalid RTN jz 0x7f1f88199510
 [tid:1713246] Invalid RTN test ch, 0x1
 [tid:1713246] Invalid RTN jz 0x7f1f88199510
 [tid:1713246] Invalid RTN mov esi, dword ptr [rax+0x17c]
 [tid:1713246] Invalid RTN test esi, 0x100
 [tid:1713246] Invalid RTN jz 0x7f1f88199510
 [tid:1713246] Invalid RTN test ecx, ecx
 [tid:1713246] Invalid RTN js 0x7f1f88199530
 [tid:1713246] Invalid RTN lea rax, ptr [rip+0xf84e]
 [tid:1713246] Invalid RTN and ch, 0x8
 [tid:1713246] Invalid RTN jnz 0x7f1f88199525
 [tid:1713246] Invalid RTN lea rax, ptr [rip+0x18289]
 [tid:1713246] Invalid RTN test ecx, 0x40000000
 [tid:1713246] Invalid RTN jz 0x7f1f881994eb
 [tid:1713246] Invalid RTN jmp 0x7f1f88199525
 [tid:1713246] Invalid RTN ret 
 [tid:1713246] Invalid RTN nop edx, edi
 [tid:1713246] Invalid RTN mov rdx, qword ptr [rip+0x33077d]
 [tid:1713246] Invalid RTN mov ecx, dword ptr [rdx+0xb0]
 [tid:1713246] Invalid RTN test cl, 0x20
 [tid:1713246] Invalid RTN jz 0x7f1f88198718
 [tid:1713246] Invalid RTN mov esi, dword ptr [rdx+0x17c]
 [tid:1713246] Invalid RTN test esi, 0x100
 [tid:1713246] Invalid RTN jz 0x7f1f88198718
 [tid:1713246] Invalid RTN test ecx, ecx
 [tid:1713246] Invalid RTN js 0x7f1f88198750
 [tid:1713246] Invalid RTN mov eax, ecx
 [tid:1713246] Invalid RTN and eax, 0x40000100
 [tid:1713246] Invalid RTN cmp eax, 0x40000100
 [tid:1713246] Invalid RTN jnz 0x7f1f881986f8
 [tid:1713246] Invalid RTN lea rax, ptr [rip+0x1e9db]
 [tid:1713246] Invalid RTN test esi, 0x10000
 [tid:1713246] Invalid RTN jnz 0x7f1f881986f8
 [tid:1713246] Invalid RTN jmp 0x7f1f8819874b
 [tid:1713246] Invalid RTN lea rax, ptr [rip+0x15b61]
 [tid:1713246] Invalid RTN and ch, 0x8
 [tid:1713246] Invalid RTN jnz 0x7f1f8819874b
 [tid:1713246] Invalid RTN and esi, 0x800
 [tid:1713246] Invalid RTN lea rax, ptr [rip+0xd19f]
 [tid:1713246] Invalid RTN jz 0x7f1f8819874b
 [tid:1713246] Invalid RTN nop dword ptr [rax+rax*1]
 [tid:1713246] Invalid RTN mov ecx, dword ptr [rdx+0x94]
 [tid:1713246] Invalid RTN test ecx, 0x100000
 [tid:1713246] Invalid RTN jz 0x7f1f88198736
 [tid:1713246] Invalid RTN ret 
 [tid:1713246] Invalid RTN nop edx, edi
 [tid:1713246] Invalid RTN mov rdx, qword ptr [rip+0x330ded]
 [tid:1713246] Invalid RTN mov ecx, dword ptr [rdx+0xb0]
 [tid:1713246] Invalid RTN mov esi, dword ptr [rdx+0x17c]
 [tid:1713246] Invalid RTN test cl, 0x20
 [tid:1713246] Invalid RTN jz 0x7f1f88198084
 [tid:1713246] Invalid RTN test esi, 0x100
 [tid:1713246] Invalid RTN jnz 0x7f1f881980b0
 [tid:1713246] Invalid RTN and esi, 0x10
 [tid:1713246] Invalid RTN lea rax, ptr [rip-0x7211e]
 [tid:1713246] Invalid RTN jnz 0x7f1f881980a9
 [tid:1713246] Invalid RTN test ecx, ecx
 [tid:1713246] Invalid RTN js 0x7f1f881980d0
 [tid:1713246] Invalid RTN lea rax, ptr [rip+0x14195]
 [tid:1713246] Invalid RTN and ch, 0x8
 [tid:1713246] Invalid RTN jnz 0x7f1f881980a9
 [tid:1713246] Invalid RTN lea rax, ptr [rip+0xb829]
 [tid:1713246] Invalid RTN test esi, 0x800
 [tid:1713246] Invalid RTN jnz 0x7f1f88198084
 [tid:1713246] Invalid RTN mov eax, ecx
 [tid:1713246] Invalid RTN and eax, 0x40000100
 [tid:1713246] Invalid RTN cmp eax, 0x40000100
 [tid:1713246] Invalid RTN jnz 0x7f1f881980b4
 [tid:1713246] Invalid RTN lea rax, ptr [rip+0x1cebb]
 [tid:1713246] Invalid RTN test esi, 0x10000
 [tid:1713246] Invalid RTN jnz 0x7f1f881980b4
 [tid:1713246] Invalid RTN jmp 0x7f1f881980a9
 [tid:1713246] Invalid RTN lea rax, ptr [rip+0x14195]
 [tid:1713246] Invalid RTN and ch, 0x8
 [tid:1713246] Invalid RTN jnz 0x7f1f881980a9
 [tid:1713246] Invalid RTN lea rax, ptr [rip+0xb829]
 [tid:1713246] Invalid RTN test esi, 0x800
 [tid:1713246] Invalid RTN jnz 0x7f1f88198084
 [tid:1713246] Invalid RTN ret 
 [tid:1713246] Invalid RTN nop edx, edi
 [tid:1713246] Invalid RTN mov rdx, qword ptr [rip+0x32f7cd]
 [tid:1713246] Invalid RTN lea rax, ptr [rip-0x7b152]
 [tid:1713246] Invalid RTN mov ecx, dword ptr [rdx+0x17c]
 [tid:1713246] Invalid RTN test ch, 0x10
 [tid:1713246] Invalid RTN jnz 0x7f1f881996f4
 [tid:1713246] Invalid RTN mov edx, dword ptr [rdx+0xb0]
 [tid:1713246] Invalid RTN test edx, 0x10000
 [tid:1713246] Invalid RTN jnz 0x7f1f881996f8
 [tid:1713246] Invalid RTN mov eax, edx
 [tid:1713246] Invalid RTN and eax, 0x200
 [tid:1713246] Invalid RTN test dl, 0x20
 [tid:1713246] Invalid RTN jz 0x7f1f881996e0
 [tid:1713246] Invalid RTN test ch, 0x40
 [tid:1713246] Invalid RTN jnz 0x7f1f881996ab
 [tid:1713246] Invalid RTN lea rax, ptr [rip+0x3df4c]
 [tid:1713246] Invalid RTN test edx, edx
 [tid:1713246] Invalid RTN jns 0x7f1f881996f4
 [tid:1713246] Invalid RTN mov ecx, edx
 [tid:1713246] Invalid RTN and ecx, 0x40000100
 [tid:1713246] Invalid RTN cmp ecx, 0x40000100
 [tid:1713246] Invalid RTN jnz 0x7f1f881996f4
 [tid:1713246] Invalid RTN mov eax, edx
 [tid:1713246] Invalid RTN and eax, 0x200
 [tid:1713246] Invalid RTN test dl, 0x20
 [tid:1713246] Invalid RTN jz 0x7f1f881996e0
 [tid:1713246] Invalid RTN test edx, edx
 [tid:1713246] Invalid RTN js 0x7f1f88199748
 [tid:1713246] Invalid RTN and dh, 0x8
 [tid:1713246] Invalid RTN jnz 0x7f1f88199730
 [tid:1713246] Invalid RTN mov esi, edx
 [tid:1713246] Invalid RTN and esi, 0x40000100
 [tid:1713246] Invalid RTN cmp esi, 0x40000100
 [tid:1713246] Invalid RTN jnz 0x7f1f881996bf
 [tid:1713246] Invalid RTN test eax, eax
 [tid:1713246] Invalid RTN lea rdx, ptr [rip+0x18f9b]
 [tid:1713246] Invalid RTN lea rax, ptr [rip+0x19094]
 [tid:1713246] Invalid RTN cmovz rax, rdx
 [tid:1713246] Invalid RTN ret 
 [tid:1713246] Invalid RTN nop edx, edi
 [tid:1713246] Invalid RTN mov rcx, qword ptr [rip+0x2ea06d]
 [tid:1713246] Invalid RTN lea rax, ptr [rip-0xaf0f2]
 [tid:1713246] Invalid RTN mov edx, dword ptr [rcx+0xb0]
 [tid:1713246] Invalid RTN mov esi, edx
 [tid:1713246] Invalid RTN and esi, 0x120
 [tid:1713246] Invalid RTN cmp esi, 0x120
 [tid:1713246] Invalid RTN jz 0x7f1f881dee10
 [tid:1713246] Invalid RTN ret 
 [tid:1713246] Invalid RTN mov ecx, dword ptr [rcx+0x17c]
 [tid:1713246] Invalid RTN test ch, 0x1
 [tid:1713246] Invalid RTN jz 0x7f1f881dee08
 [tid:1713246] Invalid RTN test edx, edx
 [tid:1713246] Invalid RTN js 0x7f1f881dee48
 [tid:1713246] Invalid RTN lea rax, ptr [rip-0x2f626]
 [tid:1713246] Invalid RTN and dh, 0x8
 [tid:1713246] Invalid RTN jnz 0x7f1f881dee08
 [tid:1713246] Invalid RTN lea rax, ptr [rip-0x2666f]
 [tid:1713246] Invalid RTN test edx, 0x40000000
 [tid:1713246] Invalid RTN jz 0x7f1f881dee1f
 [tid:1713246] Invalid RTN ret 
 [tid:1713246] Invalid RTN nop edx, edi
 [tid:1713246] Invalid RTN mov rcx, qword ptr [rip+0x33088d]
 [tid:1713246] Invalid RTN lea rax, ptr [rip-0x69232]
 [tid:1713246] Invalid RTN mov edx, dword ptr [rcx+0xb0]
 [tid:1713246] Invalid RTN mov esi, edx
 [tid:1713246] Invalid RTN and esi, 0x120
 [tid:1713246] Invalid RTN cmp esi, 0x120
 [tid:1713246] Invalid RTN jz 0x7f1f881985f0
 [tid:1713246] Invalid RTN ret 
 [tid:1713246] Invalid RTN mov ecx, dword ptr [rcx+0x17c]
 [tid:1713246] Invalid RTN test ch, 0x1
 [tid:1713246] Invalid RTN jz 0x7f1f881985e8
 [tid:1713246] Invalid RTN test edx, edx
 [tid:1713246] Invalid RTN js 0x7f1f88198628
 [tid:1713246] Invalid RTN lea rax, ptr [rip+0x16c5a]
 [tid:1713246] Invalid RTN and dh, 0x8
 [tid:1713246] Invalid RTN jnz 0x7f1f881985e8
 [tid:1713246] Invalid RTN lea rax, ptr [rip+0x1fbf1]
 [tid:1713246] Invalid RTN test edx, 0x40000000
 [tid:1713246] Invalid RTN jz 0x7f1f881985ff
 [tid:1713246] Invalid RTN ret 
 [tid:1713246] Invalid RTN nop edx, edi
 [tid:1713246] Invalid RTN mov rax, qword ptr [rip+0x330cad]
 [tid:1713246] Invalid RTN lea rdx, ptr [rip+0x453ce]
 [tid:1713246] Invalid RTN test byte ptr [rax+0x96], 0x10
 [tid:1713246] Invalid RTN lea rax, ptr [rip+0x45530]
 [tid:1713246] Invalid RTN cmovnz rax, rdx
 [tid:1713246] Invalid RTN ret 
 [tid:1713246] Invalid RTN nop edx, edi
 [tid:1713246] Invalid RTN mov rdx, qword ptr [rip+0x32f27d]
 [tid:1713246] Invalid RTN mov ecx, dword ptr [rdx+0xb0]
 [tid:1713246] Invalid RTN test cl, 0x20
 [tid:1713246] Invalid RTN jz 0x7f1f88199c18
 [tid:1713246] Invalid RTN mov esi, dword ptr [rdx+0x17c]
 [tid:1713246] Invalid RTN test esi, 0x100
 [tid:1713246] Invalid RTN jz 0x7f1f88199c18
 [tid:1713246] Invalid RTN test ecx, ecx
 [tid:1713246] Invalid RTN js 0x7f1f88199c50
 [tid:1713246] Invalid RTN lea rax, ptr [rip+0x1be69]
 [tid:1713246] Invalid RTN test ecx, 0x40000000
 [tid:1713246] Invalid RTN jz 0x7f1f88199bf8
 [tid:1713246] Invalid RTN jmp 0x7f1f88199c4b
 [tid:1713246] Invalid RTN ret 
 [tid:1713246] Invalid RTN nop edx, edi
 [tid:1713246] Invalid RTN mov rdx, qword ptr [rip+0x330d3d]
 [tid:1713246] Invalid RTN mov ecx, dword ptr [rdx+0xb0]
 [tid:1713246] Invalid RTN mov esi, dword ptr [rdx+0x17c]
 [tid:1713246] Invalid RTN test cl, 0x20
 [tid:1713246] Invalid RTN jz 0x7f1f88198134
 [tid:1713246] Invalid RTN test esi, 0x100
 [tid:1713246] Invalid RTN jnz 0x7f1f88198160
 [tid:1713246] Invalid RTN and esi, 0x10
 [tid:1713246] Invalid RTN lea rax, ptr [rip-0x71e2e]
 [tid:1713246] Invalid RTN jnz 0x7f1f88198159
 [tid:1713246] Invalid RTN test ecx, ecx
 [tid:1713246] Invalid RTN js 0x7f1f88198180
 [tid:1713246] Invalid RTN lea rax, ptr [rip+0x14645]
 [tid:1713246] Invalid RTN and ch, 0x8
 [tid:1713246] Invalid RTN jnz 0x7f1f88198159
 [tid:1713246] Invalid RTN lea rax, ptr [rip+0xbcd9]
 [tid:1713246] Invalid RTN test esi, 0x800
 [tid:1713246] Invalid RTN jnz 0x7f1f88198134
 [tid:1713246] Invalid RTN lea rax, ptr [rip+0x1d379]
 [tid:1713246] Invalid RTN test ecx, 0x40000000
 [tid:1713246] Invalid RTN jz 0x7f1f88198164
 [tid:1713246] Invalid RTN jmp 0x7f1f88198159
 [tid:1713246] Invalid RTN ret 
 [tid:1713246] Invalid RTN nop edx, edi
 [tid:1713246] Invalid RTN mov rcx, qword ptr [rip+0x32f03d]
 [tid:1713246] Invalid RTN lea rax, ptr [rip-0x7c382]
 [tid:1713246] Invalid RTN mov edx, dword ptr [rcx+0x17c]
 [tid:1713246] Invalid RTN test dh, 0x30
 [tid:1713246] Invalid RTN jnz 0x7f1f88199ea3
 [tid:1713246] Invalid RTN mov esi, dword ptr [rcx+0xb0]
 [tid:1713246] Invalid RTN test esi, 0x10000
 [tid:1713246] Invalid RTN jnz 0x7f1f88199ea8
 [tid:1713246] Invalid RTN test dh, 0x1
 [tid:1713246] Invalid RTN jz 0x7f1f88199e80
 [tid:1713246] Invalid RTN test dh, 0x40
 [tid:1713246] Invalid RTN jnz 0x7f1f88199e3b
 [tid:1713246] Invalid RTN lea rax, ptr [rip+0x3d04c]
 [tid:1713246] Invalid RTN test esi, esi
 [tid:1713246] Invalid RTN jns 0x7f1f88199ea3
 [tid:1713246] Invalid RTN and esi, 0x200
 [tid:1713246] Invalid RTN lea rdx, ptr [rip+0x3da6b]
 [tid:1713246] Invalid RTN lea rax, ptr [rip+0x3dad4]
 [tid:1713246] Invalid RTN cmovz rax, rdx
 [tid:1713246] Invalid RTN ret 
 [tid:1713246] Invalid RTN test dh, 0x1
 [tid:1713246] Invalid RTN jz 0x7f1f88199e80
 [tid:1713246] Invalid RTN test esi, esi
 [tid:1713246] Invalid RTN js 0x7f1f88199ef8
 [tid:1713246] Invalid RTN test esi, 0x800
 [tid:1713246] Invalid RTN jz 0x7f1f88199e70
 [tid:1713246] Invalid RTN and esi, 0x200
 [tid:1713246] Invalid RTN lea rdx, ptr [rip+0x17beb]
 [tid:1713246] Invalid RTN lea rax, ptr [rip+0x17c54]
 [tid:1713246] Invalid RTN cmovz rax, rdx
 [tid:1713246] Invalid RTN ret 
 [tid:1713246] Invalid RTN nop edx, edi
 [tid:1713246] Invalid RTN mov rdx, qword ptr [rip+0x2e856d]
 [tid:1713246] Invalid RTN mov ecx, dword ptr [rdx+0xb0]
 [tid:1713246] Invalid RTN mov eax, ecx
 [tid:1713246] Invalid RTN and eax, 0x120
 [tid:1713246] Invalid RTN cmp eax, 0x120
 [tid:1713246] Invalid RTN jz 0x7f1f881e0920
 [tid:1713246] Invalid RTN test byte ptr [rdx+0x96], 0x8
 [tid:1713246] Invalid RTN lea rax, ptr [rip+0xefd3]
 [tid:1713246] Invalid RTN lea rdx, ptr [rip-0xaf9d4]
 [tid:1713246] Invalid RTN cmovnz rax, rdx
 [tid:1713246] Invalid RTN ret 
 [tid:1713246] Invalid RTN mov esi, dword ptr [rdx+0x17c]
 [tid:1713246] Invalid RTN test esi, 0x100
 [tid:1713246] Invalid RTN jz 0x7f1f881e08ff
 [tid:1713246] Invalid RTN test ecx, ecx
 [tid:1713246] Invalid RTN js 0x7f1f881e0950
 [tid:1713246] Invalid RTN lea rax, ptr [rip-0x30199]
 [tid:1713246] Invalid RTN and ch, 0x8
 [tid:1713246] Invalid RTN jnz 0x7f1f881e0918
 [tid:1713246] Invalid RTN lea rax, ptr [rip-0x27157]
 [tid:1713246] Invalid RTN test ecx, 0x40000000
 [tid:1713246] Invalid RTN jz 0x7f1f881e0932
 [tid:1713246] Invalid RTN ret 
 [tid:1713246] Invalid RTN nop edx, edi
 [tid:1713246] Invalid RTN mov rdx, qword ptr [rip+0x2e97bd]
 [tid:1713246] Invalid RTN lea rax, ptr [rip-0xc1212]
 [tid:1713246] Invalid RTN mov ecx, dword ptr [rdx+0xb0]
 [tid:1713246] Invalid RTN test cl, 0x20
 [tid:1713246] Invalid RTN jz 0x7f1f881df6dd
 [tid:1713246] Invalid RTN mov edx, dword ptr [rdx+0x17c]
 [tid:1713246] Invalid RTN test dh, 0x1
 [tid:1713246] Invalid RTN jz 0x7f1f881df6dd
 [tid:1713246] Invalid RTN test ecx, ecx
 [tid:1713246] Invalid RTN js 0x7f1f881df6e0
 [tid:1713246] Invalid RTN and dh, 0x40
 [tid:1713246] Invalid RTN lea rax, ptr [rip-0x755a]
 [tid:1713246] Invalid RTN lea rdx, ptr [rip-0x2d061]
 [tid:1713246] Invalid RTN cmovnz rax, rdx
 [tid:1713246] Invalid RTN ret 
 [tid:1713246] Invalid RTN nop edx, edi
 [tid:1713246] Invalid RTN mov rax, qword ptr [rip+0x3305cd]
 [tid:1713246] Invalid RTN lea rdx, ptr [rip+0x4508e]
 [tid:1713246] Invalid RTN test byte ptr [rax+0x96], 0x10
 [tid:1713246] Invalid RTN lea rax, ptr [rip+0x451b0]
 [tid:1713246] Invalid RTN cmovnz rax, rdx
 [tid:1713246] Invalid RTN ret 
 [tid:1713246] Invalid RTN nop edx, edi
 [tid:1713246] Invalid RTN mov rax, qword ptr [rip+0x330e6d]
 [tid:1713246] Invalid RTN mov edx, dword ptr [rax+0xb0]
 [tid:1713246] Invalid RTN mov ecx, dword ptr [rax+0x17c]
 [tid:1713246] Invalid RTN mov eax, edx
 [tid:1713246] Invalid RTN and eax, 0x120
 [tid:1713246] Invalid RTN cmp eax, 0x120
 [tid:1713246] Invalid RTN jz 0x7f1f88198020
 [tid:1713246] Invalid RTN and ecx, 0x40
 [tid:1713246] Invalid RTN lea rax, ptr [rip-0x7392f]
 [tid:1713246] Invalid RTN lea rdx, ptr [rip+0x2435a]
 [tid:1713246] Invalid RTN cmovnz rax, rdx
 [tid:1713246] Invalid RTN ret 
 [tid:1713246] Invalid RTN test ch, 0x1
 [tid:1713246] Invalid RTN jz 0x7f1f88198005
 [tid:1713246] Invalid RTN test edx, edx
 [tid:1713246] Invalid RTN js 0x7f1f88198048
 [tid:1713246] Invalid RTN lea rax, ptr [rip+0x13df0]
 [tid:1713246] Invalid RTN and dh, 0x8
 [tid:1713246] Invalid RTN jnz 0x7f1f8819801a
 [tid:1713246] Invalid RTN lea rax, ptr [rip+0x1caf1]
 [tid:1713246] Invalid RTN test edx, 0x40000000
 [tid:1713246] Invalid RTN jz 0x7f1f88198029
 [tid:1713246] Invalid RTN ret 
 [tid:1713246] Invalid RTN nop edx, edi
 [tid:1713246] Invalid RTN mov rcx, qword ptr [rip+0x33090d]
 [tid:1713246] Invalid RTN lea rax, ptr [rip-0x71c12]
 [tid:1713246] Invalid RTN mov edx, dword ptr [rcx+0xb0]
 [tid:1713246] Invalid RTN mov esi, edx
 [tid:1713246] Invalid RTN and esi, 0x120
 [tid:1713246] Invalid RTN cmp esi, 0x120
 [tid:1713246] Invalid RTN jz 0x7f1f88198570
 [tid:1713246] Invalid RTN ret 
 [tid:1713246] Invalid RTN mov ecx, dword ptr [rcx+0x17c]
 [tid:1713246] Invalid RTN test ch, 0x1
 [tid:1713246] Invalid RTN jz 0x7f1f88198568
 [tid:1713246] Invalid RTN test edx, edx
 [tid:1713246] Invalid RTN js 0x7f1f881985a8
 [tid:1713246] Invalid RTN lea rax, ptr [rip+0x145da]
 [tid:1713246] Invalid RTN and dh, 0x8
 [tid:1713246] Invalid RTN jnz 0x7f1f88198568
 [tid:1713246] Invalid RTN lea rax, ptr [rip+0x1d391]
 [tid:1713246] Invalid RTN test edx, 0x40000000
 [tid:1713246] Invalid RTN jz 0x7f1f8819857f
 [tid:1713246] Invalid RTN ret 
 [tid:1713246] Invalid RTN nop edx, edi
 [tid:1713246] Invalid RTN mov rcx, qword ptr [rip+0x328fdd]
 [tid:1713246] Invalid RTN lea rax, ptr [rip-0x81de2]
 [tid:1713246] Invalid RTN mov edx, dword ptr [rcx+0xb0]
 [tid:1713246] Invalid RTN mov esi, edx
 [tid:1713246] Invalid RTN and esi, 0x120
 [tid:1713246] Invalid RTN cmp esi, 0x120
 [tid:1713246] Invalid RTN jz 0x7f1f8819fea0
 [tid:1713246] Invalid RTN ret 
 [tid:1713246] Invalid RTN mov ecx, dword ptr [rcx+0x17c]
 [tid:1713246] Invalid RTN test ch, 0x1
 [tid:1713246] Invalid RTN jz 0x7f1f8819fe98
 [tid:1713246] Invalid RTN test edx, edx
 [tid:1713246] Invalid RTN js 0x7f1f8819fed8
 [tid:1713246] Invalid RTN lea rax, ptr [rip+0x99ba]
 [tid:1713246] Invalid RTN and dh, 0x8
 [tid:1713246] Invalid RTN jnz 0x7f1f8819fe98
 [tid:1713246] Invalid RTN lea rax, ptr [rip+0x12421]
 [tid:1713246] Invalid RTN test edx, 0x40000000
 [tid:1713246] Invalid RTN jz 0x7f1f8819feaf
 [tid:1713246] Invalid RTN ret 
 [tid:1713246] Invalid RTN nop edx, edi
 [tid:1713246] Invalid RTN mov rdx, qword ptr [rip+0x32f1dd]
 [tid:1713246] Invalid RTN mov ecx, dword ptr [rdx+0xb0]
 [tid:1713246] Invalid RTN test cl, 0x20
 [tid:1713246] Invalid RTN jz 0x7f1f88199cb8
 [tid:1713246] Invalid RTN mov esi, dword ptr [rdx+0x17c]
 [tid:1713246] Invalid RTN test esi, 0x100
 [tid:1713246] Invalid RTN jz 0x7f1f88199cb8
 [tid:1713246] Invalid RTN test ecx, ecx
 [tid:1713246] Invalid RTN js 0x7f1f88199cf0
 [tid:1713246] Invalid RTN lea rax, ptr [rip+0x19cd9]
 [tid:1713246] Invalid RTN test ecx, 0x40000000
 [tid:1713246] Invalid RTN jz 0x7f1f88199c98
 [tid:1713246] Invalid RTN jmp 0x7f1f88199ceb
 [tid:1713246] Invalid RTN ret 
 [tid:1713246] Invalid RTN nop edx, edi
 [tid:1713246] Invalid RTN mov rcx, qword ptr [rip+0x32fa2d]
 [tid:1713246] Invalid RTN lea rax, ptr [rip-0x7c162]
 [tid:1713246] Invalid RTN mov edx, dword ptr [rcx+0xb0]
 [tid:1713246] Invalid RTN mov esi, edx
 [tid:1713246] Invalid RTN and esi, 0x120
 [tid:1713246] Invalid RTN cmp esi, 0x120
 [tid:1713246] Invalid RTN jz 0x7f1f88199450
 [tid:1713246] Invalid RTN ret 
 [tid:1713246] Invalid RTN mov ecx, dword ptr [rcx+0x17c]
 [tid:1713246] Invalid RTN test ch, 0x1
 [tid:1713246] Invalid RTN jz 0x7f1f88199448
 [tid:1713246] Invalid RTN mov esi, edx
 [tid:1713246] Invalid RTN and esi, 0x800
 [tid:1713246] Invalid RTN test edx, edx
 [tid:1713246] Invalid RTN js 0x7f1f88199490
 [tid:1713246] Invalid RTN lea rax, ptr [rip+0xf612]
 [tid:1713246] Invalid RTN test esi, esi
 [tid:1713246] Invalid RTN jnz 0x7f1f88199448
 [tid:1713246] Invalid RTN and edx, 0x40000000
 [tid:1713246] Invalid RTN jz 0x7f1f88199467
 [tid:1713246] Invalid RTN test esi, esi
 [tid:1713246] Invalid RTN lea rdx, ptr [rip+0x1801f]
 [tid:1713246] Invalid RTN lea rax, ptr [rip+0x20f98]
 [tid:1713246] Invalid RTN cmovz rax, rdx
 [tid:1713246] Invalid RTN ret 
 [tid:1713246] Invalid RTN nop edx, edi
 [tid:1713246] Invalid RTN mov rdx, qword ptr [rip+0x2e9e9d]
 [tid:1713246] Invalid RTN mov ecx, dword ptr [rdx+0xb0]
 [tid:1713246] Invalid RTN mov eax, ecx
 [tid:1713246] Invalid RTN and eax, 0x120
 [tid:1713246] Invalid RTN cmp eax, 0x120
 [tid:1713246] Invalid RTN jz 0x7f1f881deff0
 [tid:1713246] Invalid RTN test byte ptr [rdx+0x96], 0x8
 [tid:1713246] Invalid RTN lea rax, ptr [rip-0xae47d]
 [tid:1713246] Invalid RTN lea rdx, ptr [rip-0xae244]
 [tid:1713246] Invalid RTN cmovnz rax, rdx
 [tid:1713246] Invalid RTN ret 
 [tid:1713246] Invalid RTN mov esi, dword ptr [rdx+0x17c]
 [tid:1713246] Invalid RTN test esi, 0x100
 [tid:1713246] Invalid RTN jz 0x7f1f881defcf
 [tid:1713246] Invalid RTN test ecx, ecx
 [tid:1713246] Invalid RTN js 0x7f1f881df020
 [tid:1713246] Invalid RTN lea rax, ptr [rip-0x2f0a9]
 [tid:1713246] Invalid RTN and ch, 0x8
 [tid:1713246] Invalid RTN jnz 0x7f1f881defe8
 [tid:1713246] Invalid RTN lea rax, ptr [rip-0x26047]
 [tid:1713246] Invalid RTN test ecx, 0x40000000
 [tid:1713246] Invalid RTN jz 0x7f1f881df002
 [tid:1713246] Invalid RTN ret 
 [tid:1713246] Invalid RTN nop edx, edi
 [tid:1713246] Invalid RTN mov rax, qword ptr [rip+0x33030d]
 [tid:1713246] Invalid RTN lea rdx, ptr [rip+0x44f1e]
 [tid:1713246] Invalid RTN test byte ptr [rax+0x96], 0x10
 [tid:1713246] Invalid RTN lea rax, ptr [rip+0x45030]
 [tid:1713246] Invalid RTN cmovnz rax, rdx
 [tid:1713246] Invalid RTN ret 
 [tid:1713246] Invalid RTN nop edx, edi
 [tid:1713246] Invalid RTN mov rdx, qword ptr [rip+0x32f3ad]
 [tid:1713246] Invalid RTN mov ecx, dword ptr [rdx+0xb0]
 [tid:1713246] Invalid RTN mov esi, dword ptr [rdx+0x17c]
 [tid:1713246] Invalid RTN test cl, 0x20
 [tid:1713246] Invalid RTN jz 0x7f1f88199ac4
 [tid:1713246] Invalid RTN test esi, 0x100
 [tid:1713246] Invalid RTN jnz 0x7f1f88199af0
 [tid:1713246] Invalid RTN and esi, 0x10
 [tid:1713246] Invalid RTN lea rax, ptr [rip-0x7aa4e]
 [tid:1713246] Invalid RTN jnz 0x7f1f88199ae9
 [tid:1713246] Invalid RTN test ecx, ecx
 [tid:1713246] Invalid RTN js 0x7f1f88199b10
 [tid:1713246] Invalid RTN lea rax, ptr [rip+0x108a5]
 [tid:1713246] Invalid RTN and ch, 0x8
 [tid:1713246] Invalid RTN jnz 0x7f1f88199ae9
 [tid:1713246] Invalid RTN lea rax, ptr [rip+0x7f99]
 [tid:1713246] Invalid RTN test esi, 0x800
 [tid:1713246] Invalid RTN jnz 0x7f1f88199ac4
 [tid:1713246] Invalid RTN lea rax, ptr [rip+0x19419]
 [tid:1713246] Invalid RTN test ecx, 0x40000000
 [tid:1713246] Invalid RTN jz 0x7f1f88199af4
 [tid:1713246] Invalid RTN jmp 0x7f1f88199ae9
 [tid:1713246] Invalid RTN ret 
 [tid:1713246] Invalid RTN nop edx, edi
 [tid:1713246] Invalid RTN mov rdx, qword ptr [rip+0x32f43d]
 [tid:1713246] Invalid RTN mov ecx, dword ptr [rdx+0xb0]
 [tid:1713246] Invalid RTN mov esi, dword ptr [rdx+0x17c]
 [tid:1713246] Invalid RTN test cl, 0x20
 [tid:1713246] Invalid RTN jz 0x7f1f88199a34
 [tid:1713246] Invalid RTN test esi, 0x100
 [tid:1713246] Invalid RTN jnz 0x7f1f88199a60
 [tid:1713246] Invalid RTN and esi, 0x10
 [tid:1713246] Invalid RTN lea rax, ptr [rip-0x7b07e]
 [tid:1713246] Invalid RTN jnz 0x7f1f88199a59
 [tid:1713246] Invalid RTN test ecx, ecx
 [tid:1713246] Invalid RTN js 0x7f1f88199a80
 [tid:1713246] Invalid RTN lea rax, ptr [rip+0x10575]
 [tid:1713246] Invalid RTN and ch, 0x8
 [tid:1713246] Invalid RTN jnz 0x7f1f88199a59
 [tid:1713246] Invalid RTN lea rax, ptr [rip+0x7c79]
 [tid:1713246] Invalid RTN test esi, 0x800
 [tid:1713246] Invalid RTN jnz 0x7f1f88199a34
 [tid:1713246] Invalid RTN lea rax, ptr [rip+0x19059]
 [tid:1713246] Invalid RTN test ecx, 0x40000000
 [tid:1713246] Invalid RTN jz 0x7f1f88199a64
 [tid:1713246] Invalid RTN jmp 0x7f1f88199a59
 [tid:1713246] Invalid RTN ret 
 [tid:1713246] Invalid RTN nop edx, edi
 [tid:1713246] Invalid RTN mov rcx, qword ptr [rip+0x32dabd]
 [tid:1713246] Invalid RTN lea rax, ptr [rip-0x76a92]
 [tid:1713246] Invalid RTN mov edx, dword ptr [rcx+0xb0]
 [tid:1713246] Invalid RTN mov esi, edx
 [tid:1713246] Invalid RTN and esi, 0x120
 [tid:1713246] Invalid RTN cmp esi, 0x120
 [tid:1713246] Invalid RTN jz 0x7f1f8819b3c0
 [tid:1713246] Invalid RTN ret 
 [tid:1713246] Invalid RTN mov ecx, dword ptr [rcx+0x17c]
 [tid:1713246] Invalid RTN test ch, 0x1
 [tid:1713246] Invalid RTN jz 0x7f1f8819b3b8
 [tid:1713246] Invalid RTN test edx, edx
 [tid:1713246] Invalid RTN js 0x7f1f8819b3f8
 [tid:1713246] Invalid RTN lea rax, ptr [rip+0x10c8a]
 [tid:1713246] Invalid RTN and dh, 0x8
 [tid:1713246] Invalid RTN jnz 0x7f1f8819b3b8
 [tid:1713246] Invalid RTN lea rax, ptr [rip+0x19981]
 [tid:1713246] Invalid RTN test edx, 0x40000000
 [tid:1713246] Invalid RTN jz 0x7f1f8819b3cf
 [tid:1713246] Invalid RTN ret 
 [tid:1713246] Invalid RTN nop edx, edi
 [tid:1713246] Invalid RTN mov rdx, qword ptr [rip+0x32f13d]
 [tid:1713246] Invalid RTN mov ecx, dword ptr [rdx+0xb0]
 [tid:1713246] Invalid RTN test cl, 0x20
 [tid:1713246] Invalid RTN jz 0x7f1f88199d58
 [tid:1713246] Invalid RTN mov esi, dword ptr [rdx+0x17c]
 [tid:1713246] Invalid RTN test esi, 0x100
 [tid:1713246] Invalid RTN jz 0x7f1f88199d58
 [tid:1713246] Invalid RTN test ecx, ecx
 [tid:1713246] Invalid RTN js 0x7f1f88199d90
 [tid:1713246] Invalid RTN lea rax, ptr [rip+0x1bd39]
 [tid:1713246] Invalid RTN test ecx, 0x40000000
 [tid:1713246] Invalid RTN jz 0x7f1f88199d38
 [tid:1713246] Invalid RTN jmp 0x7f1f88199d8b
 [tid:1713246] Invalid RTN ret 
 [tid:1713246] Invalid RTN nop edx, edi
 [tid:1713246] Invalid RTN sub rsp, 0x28
 [tid:1713246] Invalid RTN mov esi, 0x32
 [tid:1713246] Invalid RTN lea rax, ptr [rip+0x9e2f4]
 [tid:1713246] Invalid RTN mov edx, 0x5f
 [tid:1713246] Invalid RTN mov qword ptr [rsp], rax
 [tid:1713246] Invalid RTN lea rcx, ptr [rip+0x9e2e9]
 [tid:1713246] Invalid RTN mov rax, 0x103ae75f6
 [tid:1713246] Invalid RTN mov qword ptr [rsp+0x8], rax
 [tid:1713246] Invalid RTN mov eax, 0x50e3a8
 [tid:1713246] Invalid RTN shl rax, 0x4
 [tid:1713246] Invalid RTN add rcx, 0x1
 [tid:1713246] Invalid RTN add rax, rdx
 [tid:1713246] Invalid RTN mov rdx, rax
 [tid:1713246] Invalid RTN shr rdx, 0x18
 [tid:1713246] Invalid RTN and edx, 0xf0
 [tid:1713246] Invalid RTN xor rax, rdx
 [tid:1713246] Invalid RTN test sil, sil
 [tid:1713246] Invalid RTN jz 0x7f1f881f09e8
 [tid:1713246] Invalid RTN movzx edx, sil
 [tid:1713246] Invalid RTN movzx esi, byte ptr [rcx+0x1]
 [tid:1713246] Invalid RTN jmp 0x7f1f881f09b8
 [tid:1713246] Invalid RTN shl rax, 0x4
 [tid:1713246] Invalid RTN add rcx, 0x1
 [tid:1713246] Invalid RTN add rax, rdx
 [tid:1713246] Invalid RTN mov rdx, rax
 [tid:1713246] Invalid RTN shr rdx, 0x18
 [tid:1713246] Invalid RTN and edx, 0xf0
 [tid:1713246] Invalid RTN xor rax, rdx
 [tid:1713246] Invalid RTN test sil, sil
 [tid:1713246] Invalid RTN jz 0x7f1f881f09e8
 [tid:1713246] Invalid RTN movzx edx, sil
 [tid:1713246] Invalid RTN movzx esi, byte ptr [rcx+0x1]
 [tid:1713246] Invalid RTN jmp 0x7f1f881f09b8
 [tid:1713246] Invalid RTN and eax, 0xfffffff
 [tid:1713246] Invalid RTN cmp rax, 0x3ae75f6
 [tid:1713246] Invalid RTN jnz 0x7f1f881f0a20
 [tid:1713246] Invalid RTN mov rsi, rsp
 [tid:1713246] Invalid RTN lea rdi, ptr [rip+0x9fc9e]
 [tid:1713246] Invalid RTN mov qword ptr [rsp+0x10], 0x0
 [tid:1713246] Invalid RTN call 0x7f1f88272710
 [tid:1713246] Invalid RTN lea rdx, ptr [rip-0xc4]
 [tid:1713246] Invalid RTN test rax, rax
 [tid:1713246] Invalid RTN cmovz rax, rdx
 [tid:1713246] Invalid RTN add rsp, 0x28
 [tid:1713246] Invalid RTN ret 
 [tid:1713246] Invalid RTN nop edx, edi
 [tid:1713246] Invalid RTN jmp 0x7f1f88140430
 [tid:1713246] Invalid RTN nop edx, edi
 [tid:1713246] Invalid RTN mov rax, qword ptr [rip+0x388985]
 [tid:1713246] Invalid RTN mov rcx, qword ptr [rip+0x3889be]
 [tid:1713246] Invalid RTN mov rax, qword ptr fs:[rax]
 [tid:1713246] Invalid RTN mov rax, qword ptr [rax]
 [tid:1713246] Invalid RTN mov rsi, qword ptr [rax+0x40]
 [tid:1713246] Invalid RTN lea rdx, ptr [rsi+0x100]
 [tid:1713246] Invalid RTN mov qword ptr fs:[rcx], rdx
 [tid:1713246] Invalid RTN mov rdi, qword ptr [rax+0x48]
 [tid:1713246] Invalid RTN mov rcx, qword ptr [rip+0x388a85]
 [tid:1713246] Invalid RTN lea rdx, ptr [rdi+0x200]
 [tid:1713246] Invalid RTN mov qword ptr fs:[rcx], rdx
 [tid:1713246] Invalid RTN mov rax, qword ptr [rax+0x58]
 [tid:1713246] Invalid RTN mov rdx, qword ptr [rip+0x388aaf]
 [tid:1713246] Invalid RTN add rax, 0x200
 [tid:1713246] Invalid RTN mov qword ptr fs:[rdx], rax
 [tid:1713246] Invalid RTN ret 
 [tid:1713246] Exe register_tm_clones
 [tid:1713246] INSTSELECTOR: instruction to be included lea rdi, ptr [rip+0x2017b9]
 [tid:1713246] ins:lea rdi, ptr [rip+0x2017b9]
 [tid:1713246] reg:rdi
 [tid:1713246] Exe register_tm_clones
 [tid:1713246] INSTSELECTOR: instruction to be included lea rsi, ptr [rip+0x2017b2]
 [tid:1713246] ins:lea rsi, ptr [rip+0x2017b2]
 [tid:1713246] reg:rsi
 [tid:1713246] Exe register_tm_clones
 [tid:1713246] INSTSELECTOR: instruction to be included sub rsi, rdi
 [tid:1713246] ins:sub rsi, rdi
 [tid:1713246] reg:rsi
 [tid:1713246] Exe register_tm_clones
 [tid:1713246] INSTSELECTOR: instruction to be included sar rsi, 0x3
 [tid:1713246] ins:sar rsi, 0x3
 [tid:1713246] reg:rsi
 [tid:1713246] Exe register_tm_clones
 [tid:1713246] INSTSELECTOR: instruction to be included mov rax, rsi
 [tid:1713246] ins:mov rax, rsi
 [tid:1713246] reg:rax
 [tid:1713246] Exe register_tm_clones
 [tid:1713246] INSTSELECTOR: instruction to be included shr rax, 0x3f
 [tid:1713246] ins:shr rax, 0x3f
 [tid:1713246] reg:rax
 [tid:1713246] Exe register_tm_clones
 [tid:1713246] INSTSELECTOR: instruction to be included add rsi, rax
 [tid:1713246] ins:add rsi, rax
 [tid:1713246] reg:rsi
 [tid:1713246] Exe register_tm_clones
 [tid:1713246] INSTSELECTOR: instruction to be included sar rsi, 0x1
 [tid:1713246] ins:sar rsi, 0x1
 [tid:1713246] reg:rsi
 [tid:1713246] Exe register_tm_clones
 [tid:1713246] Exe register_tm_clones
 [tid:1713246] INSTSELECTOR: instruction to be included mov rax, qword ptr [rip+0x2016fd]
 [tid:1713246] ins:mov rax, qword ptr [rip+0x2016fd]
 [tid:1713246] reg:rax
 [tid:1713246] Exe register_tm_clones
 [tid:1713246] INSTSELECTOR: instruction to be included test rax, rax
 [tid:1713246] ins:test rax, rax
 [tid:1713246] reg:rflags
 [tid:1713246] Exe register_tm_clones
 [tid:1713246] Exe register_tm_clones
 [tid:1713246] Exe register_tm_clones
 [tid:1713246] Exe main
 [tid:1713246] INSTSELECTOR: instruction to be included push rbp
 [tid:1713246] ins:push rbp
 [tid:1713246] reg:rsp
 [tid:1713246] Exe main
 [tid:1713246] INSTSELECTOR: instruction to be included mov rbp, rsp
 [tid:1713246] ins:mov rbp, rsp
 [tid:1713246] reg:rbp
 [tid:1713246] Exe main
 [tid:1713246] INSTSELECTOR: instruction to be included sub rsp, 0xf0
 [tid:1713246] ins:sub rsp, 0xf0
 [tid:1713246] reg:rsp
 [tid:1713246] Exe main
 [tid:1713246] Exe main
 [tid:1713246] Exe main
 [tid:1713246] Exe main
 [tid:1713246] INSTSELECTOR: instruction to be included mov eax, 0xffffffff
 [tid:1713246] ins:mov eax, 0xffffffff
 [tid:1713246] reg:eax
 [tid:1713246] Exe main
 [tid:1713246] Exe main
 [tid:1713246] INSTSELECTOR: instruction to be included lea rdi, ptr [rip+0xd40]
 [tid:1713246] ins:lea rdi, ptr [rip+0xd40]
 [tid:1713246] reg:rdi
 [tid:1713246] Exe main
 [tid:1713246] INSTSELECTOR: instruction to be included lea rsi, ptr [rip+0xd84]
 [tid:1713246] ins:lea rsi, ptr [rip+0xd84]
 [tid:1713246] reg:rsi
 [tid:1713246] Exe main
 [tid:1713246] Exe main
 [tid:1713246] Exe main
 [tid:1713246] INSTSELECTOR: instruction to be included xor eax, eax
 [tid:1713246] ins:xor eax, eax
 [tid:1713246] reg:eax
 [tid:1713246] Exe main
 [tid:1713246] INSTSELECTOR: instruction to be included test al, 0x1
 [tid:1713246] ins:test al, 0x1
 [tid:1713246] reg:rflags
 [tid:1713246] Exe main
 [tid:1713246] Exe main
 [tid:1713246] Exe main
 [tid:1713246] INSTSELECTOR: instruction to be included mov edi, 0x28
 [tid:1713246] ins:mov edi, 0x28
 [tid:1713246] reg:edi
 [tid:1713246] Exe main
 [tid:1713246] Exe main
 [tid:1713246] Exe main
 [tid:1713246] INSTSELECTOR: instruction to be included cmp qword ptr [rbp-0x18], 0x0
 [tid:1713246] ins:cmp qword ptr [rbp-0x18], 0x0
 [tid:1713246] reg:rflags
 [tid:1713246] Exe main
 [tid:1713246] Exe main
 [tid:1713246] INSTSELECTOR: instruction to be included lea rdi, ptr [rip+0xd5b]
 [tid:1713246] ins:lea rdi, ptr [rip+0xd5b]
 [tid:1713246] reg:rdi
 [tid:1713246] Exe main
 [tid:1713246] Exe main
 [tid:1713246] INSTSELECTOR: instruction to be included mov rdi, qword ptr [rbp-0x18]
 [tid:1713246] ins:mov rdi, qword ptr [rbp-0x18]
 [tid:1713246] reg:rdi
 [tid:1713246] Exe main
 [tid:1713246] INSTSELECTOR: instruction to be included xor esi, esi
 [tid:1713246] ins:xor esi, esi
 [tid:1713246] reg:esi
 [tid:1713246] Exe main
 [tid:1713246] INSTSELECTOR: instruction to be included mov edx, 0x28
 [tid:1713246] ins:mov edx, 0x28
 [tid:1713246] reg:edx
 [tid:1713246] Exe main
 [tid:1713246] Exe main
 [tid:1713246] INSTSELECTOR: instruction to be included mov edi, 0x10
 [tid:1713246] ins:mov edi, 0x10
 [tid:1713246] reg:edi
 [tid:1713246] Exe main
 [tid:1713246] Exe main
 [tid:1713246] INSTSELECTOR: instruction to be included mov rcx, rax
 [tid:1713246] ins:mov rcx, rax
 [tid:1713246] reg:rcx
 [tid:1713246] Exe main
 [tid:1713246] INSTSELECTOR: instruction to be included mov rax, qword ptr [rbp-0x18]
 [tid:1713246] ins:mov rax, qword ptr [rbp-0x18]
 [tid:1713246] reg:rax
 [tid:1713246] Exe main
 [tid:1713246] Exe main
 [tid:1713246] INSTSELECTOR: instruction to be included mov rax, qword ptr [rbp-0x18]
 [tid:1713246] ins:mov rax, qword ptr [rbp-0x18]
 [tid:1713246] reg:rax
 [tid:1713246] Exe main
 [tid:1713246] INSTSELECTOR: instruction to be included cmp qword ptr [rax+0x8], 0x0
 [tid:1713246] ins:cmp qword ptr [rax+0x8], 0x0
 [tid:1713246] reg:rflags
 [tid:1713246] Exe main
 [tid:1713246] Exe main
 [tid:1713246] INSTSELECTOR: instruction to be included lea rdi, ptr [rip+0xd2f]
 [tid:1713246] ins:lea rdi, ptr [rip+0xd2f]
 [tid:1713246] reg:rdi
 [tid:1713246] Exe main
 [tid:1713246] Exe main
 [tid:1713246] INSTSELECTOR: instruction to be included mov rax, qword ptr [rbp-0x18]
 [tid:1713246] ins:mov rax, qword ptr [rbp-0x18]
 [tid:1713246] reg:rax
 [tid:1713246] Exe main
 [tid:1713246] INSTSELECTOR: instruction to be included mov rdi, qword ptr [rax+0x8]
 [tid:1713246] ins:mov rdi, qword ptr [rax+0x8]
 [tid:1713246] reg:rdi
 [tid:1713246] Exe main
 [tid:1713246] INSTSELECTOR: instruction to be included xor esi, esi
 [tid:1713246] ins:xor esi, esi
 [tid:1713246] reg:esi
 [tid:1713246] Exe main
 [tid:1713246] INSTSELECTOR: instruction to be included mov edx, 0x10
 [tid:1713246] ins:mov edx, 0x10
 [tid:1713246] reg:edx
 [tid:1713246] Exe main
 [tid:1713246] Exe main
 [tid:1713246] INSTSELECTOR: instruction to be included mov rax, qword ptr [rbp-0x18]
 [tid:1713246] ins:mov rax, qword ptr [rbp-0x18]
 [tid:1713246] reg:rax
 [tid:1713246] Exe main
 [tid:1713246] INSTSELECTOR: instruction to be included mov rax, qword ptr [rax+0x8]
 [tid:1713246] ins:mov rax, qword ptr [rax+0x8]
 [tid:1713246] reg:rax
 [tid:1713246] Exe main
 [tid:1713246] Exe main
 [tid:1713246] INSTSELECTOR: instruction to be included mov edi, 0x10
 [tid:1713246] ins:mov edi, 0x10
 [tid:1713246] reg:edi
 [tid:1713246] Exe main
 [tid:1713246] Exe main
 [tid:1713246] INSTSELECTOR: instruction to be included mov rcx, rax
 [tid:1713246] ins:mov rcx, rax
 [tid:1713246] reg:rcx
 [tid:1713246] Exe main
 [tid:1713246] INSTSELECTOR: instruction to be included mov rax, qword ptr [rbp-0x30]
 [tid:1713246] ins:mov rax, qword ptr [rbp-0x30]
 [tid:1713246] reg:rax
 [tid:1713246] Exe main
 [tid:1713246] Exe main
 [tid:1713246] INSTSELECTOR: instruction to be included mov rax, qword ptr [rbp-0x30]
 [tid:1713246] ins:mov rax, qword ptr [rbp-0x30]
 [tid:1713246] reg:rax
 [tid:1713246] Exe main
 [tid:1713246] INSTSELECTOR: instruction to be included cmp qword ptr [rax+0x8], 0x0
 [tid:1713246] ins:cmp qword ptr [rax+0x8], 0x0
 [tid:1713246] reg:rflags
 [tid:1713246] Exe main
 [tid:1713246] Exe main
 [tid:1713246] INSTSELECTOR: instruction to be included lea rdi, ptr [rip+0xcf8]
 [tid:1713246] ins:lea rdi, ptr [rip+0xcf8]
 [tid:1713246] reg:rdi
 [tid:1713246] Exe main
 [tid:1713246] Exe main
 [tid:1713246] INSTSELECTOR: instruction to be included mov rax, qword ptr [rbp-0x30]
 [tid:1713246] ins:mov rax, qword ptr [rbp-0x30]
 [tid:1713246] reg:rax
 [tid:1713246] Exe main
 [tid:1713246] INSTSELECTOR: instruction to be included mov rdi, qword ptr [rax+0x8]
 [tid:1713246] ins:mov rdi, qword ptr [rax+0x8]
 [tid:1713246] reg:rdi
 [tid:1713246] Exe main
 [tid:1713246] INSTSELECTOR: instruction to be included xor esi, esi
 [tid:1713246] ins:xor esi, esi
 [tid:1713246] reg:esi
 [tid:1713246] Exe main
 [tid:1713246] INSTSELECTOR: instruction to be included mov edx, 0x1
 [tid:1713246] ins:mov edx, 0x1
 [tid:1713246] reg:edx
 [tid:1713246] Exe main
 [tid:1713246] Exe main
 [tid:1713246] INSTSELECTOR: instruction to be included mov rax, qword ptr [rbp-0x18]
 [tid:1713246] ins:mov rax, qword ptr [rbp-0x18]
 [tid:1713246] reg:rax
 [tid:1713246] Exe main
 [tid:1713246] Exe main
 [tid:1713246] INSTSELECTOR: instruction to be included mov rcx, qword ptr [rbp-0x18]
 [tid:1713246] ins:mov rcx, qword ptr [rbp-0x18]
 [tid:1713246] reg:rcx
 [tid:1713246] Exe main
 [tid:1713246] INSTSELECTOR: instruction to be included mov rax, qword ptr [rbp-0x18]
 [tid:1713246] ins:mov rax, qword ptr [rbp-0x18]
 [tid:1713246] reg:rax
 [tid:1713246] Exe main
 [tid:1713246] Exe main
 [tid:1713246] INSTSELECTOR: instruction to be included mov rax, qword ptr [rbp-0x18]
 [tid:1713246] ins:mov rax, qword ptr [rbp-0x18]
 [tid:1713246] reg:rax
 [tid:1713246] Exe main
 [tid:1713246] Exe main
 [tid:1713246] INSTSELECTOR: instruction to be included lea rdi, ptr [rbp-0xc0]
 [tid:1713246] ins:lea rdi, ptr [rbp-0xc0]
 [tid:1713246] reg:rdi
 [tid:1713246] Exe main
 [tid:1713246] INSTSELECTOR: instruction to be included mov rdx, qword ptr [rbp-0x38]
 [tid:1713246] ins:mov rdx, qword ptr [rbp-0x38]
 [tid:1713246] reg:rdx
 [tid:1713246] Exe main
 [tid:1713246] INSTSELECTOR: instruction to be included mov esi, 0x80
 [tid:1713246] ins:mov esi, 0x80
 [tid:1713246] reg:esi
 [tid:1713246] Exe main
 [tid:1713246] Exe main
 [tid:1713246] INSTSELECTOR: instruction to be included cmp rax, 0x0
 [tid:1713246] ins:cmp rax, 0x0
 [tid:1713246] reg:rflags
 [tid:1713246] Exe main
 [tid:1713246] Exe main
 [tid:1713246] INSTSELECTOR: instruction to be included lea rdi, ptr [rbp-0xc0]
 [tid:1713246] ins:lea rdi, ptr [rbp-0xc0]
 [tid:1713246] reg:rdi
 [tid:1713246] Exe main
 [tid:1713246] INSTSELECTOR: instruction to be included lea rsi, ptr [rip+0xcb2]
 [tid:1713246] ins:lea rsi, ptr [rip+0xcb2]
 [tid:1713246] reg:rsi
 [tid:1713246] Exe main
 [tid:1713246] INSTSELECTOR: instruction to be included lea rdx, ptr [rbp-0xe4]
 [tid:1713246] ins:lea rdx, ptr [rbp-0xe4]
 [tid:1713246] reg:rdx
 [tid:1713246] Exe main
 [tid:1713246] INSTSELECTOR: instruction to be included lea rcx, ptr [rbp-0xd4]
 [tid:1713246] ins:lea rcx, ptr [rbp-0xd4]
 [tid:1713246] reg:rcx
 [tid:1713246] Exe main
 [tid:1713246] INSTSELECTOR: instruction to be included mov al, 0x0
 [tid:1713246] ins:mov al, 0x0
 [tid:1713246] reg:al
 [tid:1713246] Exe main
 [tid:1713246] Exe main
 [tid:1713246] INSTSELECTOR: instruction to be included mov edi, 0x28
 [tid:1713246] ins:mov edi, 0x28
 [tid:1713246] reg:edi
 [tid:1713246] Exe main
 [tid:1713246] Exe main
 [tid:1713246] Exe main
 [tid:1713246] INSTSELECTOR: instruction to be included cmp qword ptr [rbp-0x20], 0x0
 [tid:1713246] ins:cmp qword ptr [rbp-0x20], 0x0
 [tid:1713246] reg:rflags
 [tid:1713246] Exe main
 [tid:1713246] Exe main
 [tid:1713246] INSTSELECTOR: instruction to be included lea rdi, ptr [rip+0xc2b]
 [tid:1713246] ins:lea rdi, ptr [rip+0xc2b]
 [tid:1713246] reg:rdi
 [tid:1713246] Exe main
 [tid:1713246] Exe main
 [tid:1713246] INSTSELECTOR: instruction to be included mov rdi, qword ptr [rbp-0x20]
 [tid:1713246] ins:mov rdi, qword ptr [rbp-0x20]
 [tid:1713246] reg:rdi
 [tid:1713246] Exe main
 [tid:1713246] INSTSELECTOR: instruction to be included xor esi, esi
 [tid:1713246] ins:xor esi, esi
 [tid:1713246] reg:esi
 [tid:1713246] Exe main
 [tid:1713246] INSTSELECTOR: instruction to be included mov edx, 0x28
 [tid:1713246] ins:mov edx, 0x28
 [tid:1713246] reg:edx
 [tid:1713246] Exe main
 [tid:1713246] Exe main
 [tid:1713246] INSTSELECTOR: instruction to be included mov edi, 0x10
 [tid:1713246] ins:mov edi, 0x10
 [tid:1713246] reg:edi
 [tid:1713246] Exe main
 [tid:1713246] Exe main
 [tid:1713246] INSTSELECTOR: instruction to be included mov rcx, rax
 [tid:1713246] ins:mov rcx, rax
 [tid:1713246] reg:rcx
 [tid:1713246] Exe main
 [tid:1713246] INSTSELECTOR: instruction to be included mov rax, qword ptr [rbp-0x20]
 [tid:1713246] ins:mov rax, qword ptr [rbp-0x20]
 [tid:1713246] reg:rax
 [tid:1713246] Exe main
 [tid:1713246] Exe main
 [tid:1713246] INSTSELECTOR: instruction to be included mov rax, qword ptr [rbp-0x20]
 [tid:1713246] ins:mov rax, qword ptr [rbp-0x20]
 [tid:1713246] reg:rax
 [tid:1713246] Exe main
 [tid:1713246] INSTSELECTOR: instruction to be included cmp qword ptr [rax+0x8], 0x0
 [tid:1713246] ins:cmp qword ptr [rax+0x8], 0x0
 [tid:1713246] reg:rflags
 [tid:1713246] Exe main
 [tid:1713246] Exe main
 [tid:1713246] INSTSELECTOR: instruction to be included lea rdi, ptr [rip+0xbff]
 [tid:1713246] ins:lea rdi, ptr [rip+0xbff]
 [tid:1713246] reg:rdi
 [tid:1713246] Exe main
 [tid:1713246] Exe main
 [tid:1713246] INSTSELECTOR: instruction to be included mov rax, qword ptr [rbp-0x20]
 [tid:1713246] ins:mov rax, qword ptr [rbp-0x20]
 [tid:1713246] reg:rax
 [tid:1713246] Exe main
 [tid:1713246] INSTSELECTOR: instruction to be included mov rdi, qword ptr [rax+0x8]
 [tid:1713246] ins:mov rdi, qword ptr [rax+0x8]
 [tid:1713246] reg:rdi
 [tid:1713246] Exe main
 [tid:1713246] INSTSELECTOR: instruction to be included xor esi, esi
 [tid:1713246] ins:xor esi, esi
 [tid:1713246] reg:esi
 [tid:1713246] Exe main
 [tid:1713246] INSTSELECTOR: instruction to be included mov edx, 0x10
 [tid:1713246] ins:mov edx, 0x10
 [tid:1713246] reg:edx
 [tid:1713246] Exe main
 [tid:1713246] Exe main
 [tid:1713246] INSTSELECTOR: instruction to be included mov rax, qword ptr [rbp-0x20]
 [tid:1713246] ins:mov rax, qword ptr [rbp-0x20]
 [tid:1713246] reg:rax
 [tid:1713246] Exe main
 [tid:1713246] INSTSELECTOR: instruction to be included mov rax, qword ptr [rax+0x8]
 [tid:1713246] ins:mov rax, qword ptr [rax+0x8]
 [tid:1713246] reg:rax
 [tid:1713246] Exe main
 [tid:1713246] Exe main
 [tid:1713246] INSTSELECTOR: instruction to be included mov edi, 0x10
 [tid:1713246] ins:mov edi, 0x10
 [tid:1713246] reg:edi
 [tid:1713246] Exe main
 [tid:1713246] Exe main
 [tid:1713246] INSTSELECTOR: instruction to be included mov rcx, rax
 [tid:1713246] ins:mov rcx, rax
 [tid:1713246] reg:rcx
 [tid:1713246] Exe main
 [tid:1713246] INSTSELECTOR: instruction to be included mov rax, qword ptr [rbp-0x30]
 [tid:1713246] ins:mov rax, qword ptr [rbp-0x30]
 [tid:1713246] reg:rax
 [tid:1713246] Exe main
 [tid:1713246] Exe main
 [tid:1713246] INSTSELECTOR: instruction to be included mov rax, qword ptr [rbp-0x30]
 [tid:1713246] ins:mov rax, qword ptr [rbp-0x30]
 [tid:1713246] reg:rax
 [tid:1713246] Exe main
 [tid:1713246] INSTSELECTOR: instruction to be included cmp qword ptr [rax+0x8], 0x0
 [tid:1713246] ins:cmp qword ptr [rax+0x8], 0x0
 [tid:1713246] reg:rflags
 [tid:1713246] Exe main
 [tid:1713246] Exe main
 [tid:1713246] INSTSELECTOR: instruction to be included lea rdi, ptr [rip+0xbc8]
 [tid:1713246] ins:lea rdi, ptr [rip+0xbc8]
 [tid:1713246] reg:rdi
 [tid:1713246] Exe main
 [tid:1713246] Exe main
 [tid:1713246] INSTSELECTOR: instruction to be included mov rax, qword ptr [rbp-0x30]
 [tid:1713246] ins:mov rax, qword ptr [rbp-0x30]
 [tid:1713246] reg:rax
 [tid:1713246] Exe main
 [tid:1713246] INSTSELECTOR: instruction to be included mov rdi, qword ptr [rax+0x8]
 [tid:1713246] ins:mov rdi, qword ptr [rax+0x8]
 [tid:1713246] reg:rdi
 [tid:1713246] Exe main
 [tid:1713246] INSTSELECTOR: instruction to be included xor esi, esi
 [tid:1713246] ins:xor esi, esi
 [tid:1713246] reg:esi
 [tid:1713246] Exe main
 [tid:1713246] INSTSELECTOR: instruction to be included mov edx, 0x1
 [tid:1713246] ins:mov edx, 0x1
 [tid:1713246] reg:edx
 [tid:1713246] Exe main
 [tid:1713246] Exe main
 [tid:1713246] INSTSELECTOR: instruction to be included mov eax, dword ptr [rbp-0xd4]
 [tid:1713246] ins:mov eax, dword ptr [rbp-0xd4]
 [tid:1713246] reg:eax
 [tid:1713246] Exe main
 [tid:1713246] INSTSELECTOR: instruction to be included mov ecx, eax
 [tid:1713246] ins:mov ecx, eax
 [tid:1713246] reg:ecx
 [tid:1713246] Exe main
 [tid:1713246] INSTSELECTOR: instruction to be included mov rax, qword ptr [rbp-0x20]
 [tid:1713246] ins:mov rax, qword ptr [rbp-0x20]
 [tid:1713246] reg:rax
 [tid:1713246] Exe main
 [tid:1713246] Exe main
 [tid:1713246] INSTSELECTOR: instruction to be included mov rax, qword ptr [rbp-0xe0]
 [tid:1713246] ins:mov rax, qword ptr [rbp-0xe0]
 [tid:1713246] reg:rax
 [tid:1713246] Exe main
 [tid:1713246] INSTSELECTOR: instruction to be included mov edi, eax
 [tid:1713246] ins:mov edi, eax
 [tid:1713246] reg:edi
 [tid:1713246] Exe main
 [tid:1713246] Exe main
 [tid:1713246] INSTSELECTOR: instruction to be included mov eax, eax
 [tid:1713246] ins:mov eax, eax
 [tid:1713246] reg:eax
 [tid:1713246] Exe main
 [tid:1713246] INSTSELECTOR: instruction to be included mov ecx, eax
 [tid:1713246] ins:mov ecx, eax
 [tid:1713246] reg:ecx
 [tid:1713246] Exe main
 [tid:1713246] INSTSELECTOR: instruction to be included mov rax, qword ptr [rbp-0x20]
 [tid:1713246] ins:mov rax, qword ptr [rbp-0x20]
 [tid:1713246] reg:rax
 [tid:1713246] Exe main
 [tid:1713246] INSTSELECTOR: instruction to be included mov rax, qword ptr [rax+0x8]
 [tid:1713246] ins:mov rax, qword ptr [rax+0x8]
 [tid:1713246] reg:rax
 [tid:1713246] Exe main
 [tid:1713246] Exe main
 [tid:1713246] INSTSELECTOR: instruction to be included mov eax, dword ptr [rbp-0xd4]
 [tid:1713246] ins:mov eax, dword ptr [rbp-0xd4]
 [tid:1713246] reg:eax
 [tid:1713246] Exe main
 [tid:1713246] INSTSELECTOR: instruction to be included mov edi, eax
 [tid:1713246] ins:mov edi, eax
 [tid:1713246] reg:edi
 [tid:1713246] Exe main
 [tid:1713246] INSTSELECTOR: instruction to be included mov rsi, qword ptr [rbp-0x18]
 [tid:1713246] ins:mov rsi, qword ptr [rbp-0x18]
 [tid:1713246] reg:rsi
 [tid:1713246] Exe main
 [tid:1713246] Exe pat_search
 [tid:1713246] INSTSELECTOR: instruction to be included push rbp
 [tid:1713246] ins:push rbp
 [tid:1713246] reg:rsp
 [tid:1713246] Exe pat_search
 [tid:1713246] INSTSELECTOR: instruction to be included mov rbp, rsp
 [tid:1713246] ins:mov rbp, rsp
 [tid:1713246] reg:rbp
 [tid:1713246] Exe pat_search
 [tid:1713246] INSTSELECTOR: instruction to be included sub rsp, 0x40
 [tid:1713246] ins:sub rsp, 0x40
 [tid:1713246] reg:rsp
 [tid:1713246] Exe pat_search
 [tid:1713246] Exe pat_search
 [tid:1713246] Exe pat_search
 [tid:1713246] Exe pat_search
 [tid:1713246] INSTSELECTOR: instruction to be included mov rax, qword ptr [rbp-0x18]
 [tid:1713246] ins:mov rax, qword ptr [rbp-0x18]
 [tid:1713246] reg:rax
 [tid:1713246] Exe pat_search
 [tid:1713246] Exe pat_search
 [tid:1713246] INSTSELECTOR: instruction to be included cmp qword ptr [rbp-0x28], 0x0
 [tid:1713246] ins:cmp qword ptr [rbp-0x28], 0x0
 [tid:1713246] reg:rflags
 [tid:1713246] Exe pat_search
 [tid:1713246] Exe pat_search
 [tid:1713246] Exe pat_search
 [tid:1713246] Exe pat_search
 [tid:1713246] Exe pat_search
 [tid:1713246] INSTSELECTOR: instruction to be included mov rax, qword ptr [rbp-0x28]
 [tid:1713246] ins:mov rax, qword ptr [rbp-0x28]
 [tid:1713246] reg:rax
 [tid:1713246] Exe pat_search
 [tid:1713246] INSTSELECTOR: instruction to be included mov rax, qword ptr [rax]
 [tid:1713246] ins:mov rax, qword ptr [rax]
 [tid:1713246] reg:rax
 [tid:1713246] Exe pat_search
 [tid:1713246] INSTSELECTOR: instruction to be included mov rcx, qword ptr [rbp-0x10]
 [tid:1713246] ins:mov rcx, qword ptr [rbp-0x10]
 [tid:1713246] reg:rcx
 [tid:1713246] Exe pat_search
 [tid:1713246] INSTSELECTOR: instruction to be included mov rdx, qword ptr [rbp-0x28]
 [tid:1713246] ins:mov rdx, qword ptr [rbp-0x28]
 [tid:1713246] reg:rdx
 [tid:1713246] Exe pat_search
 [tid:1713246] INSTSELECTOR: instruction to be included mov rdx, qword ptr [rdx+0x8]
 [tid:1713246] ins:mov rdx, qword ptr [rdx+0x8]
 [tid:1713246] reg:rdx
 [tid:1713246] Exe pat_search
 [tid:1713246] INSTSELECTOR: instruction to be included and rcx, qword ptr [rdx]
 [tid:1713246] ins:and rcx, qword ptr [rdx]
 [tid:1713246] reg:rcx
 [tid:1713246] Exe pat_search
 [tid:1713246] INSTSELECTOR: instruction to be included cmp rax, rcx
 [tid:1713246] ins:cmp rax, rcx
 [tid:1713246] reg:rflags
 [tid:1713246] Exe pat_search
 [tid:1713246] Exe pat_search
 [tid:1713246] INSTSELECTOR: instruction to be included mov rax, qword ptr [rbp-0x28]
 [tid:1713246] ins:mov rax, qword ptr [rbp-0x28]
 [tid:1713246] reg:rax
 [tid:1713246] Exe pat_search
 [tid:1713246] Exe pat_search
 [tid:1713246] INSTSELECTOR: instruction to be included mov rax, qword ptr [rbp-0x28]
 [tid:1713246] ins:mov rax, qword ptr [rbp-0x28]
 [tid:1713246] reg:rax
 [tid:1713246] Exe pat_search
 [tid:1713246] INSTSELECTOR: instruction to be included movsx eax, byte ptr [rax+0x11]
 [tid:1713246] ins:movsx eax, byte ptr [rax+0x11]
 [tid:1713246] reg:eax
 [tid:1713246] Exe pat_search
 [tid:1713246] Exe pat_search
 [tid:1713246] INSTSELECTOR: instruction to be included mov rax, qword ptr [rbp-0x28]
 [tid:1713246] ins:mov rax, qword ptr [rbp-0x28]
 [tid:1713246] reg:rax
 [tid:1713246] Exe pat_search
 [tid:1713246] INSTSELECTOR: instruction to be included movsx edi, byte ptr [rax+0x11]
 [tid:1713246] ins:movsx edi, byte ptr [rax+0x11]
 [tid:1713246] reg:edi
 [tid:1713246] Exe pat_search
 [tid:1713246] INSTSELECTOR: instruction to be included mov rsi, qword ptr [rbp-0x10]
 [tid:1713246] ins:mov rsi, qword ptr [rbp-0x10]
 [tid:1713246] reg:rsi
 [tid:1713246] Exe pat_search
 [tid:1713246] Exe bit
 [tid:1713246] INSTSELECTOR: instruction to be included push rbp
 [tid:1713246] ins:push rbp
 [tid:1713246] reg:rsp
 [tid:1713246] Exe bit
 [tid:1713246] INSTSELECTOR: instruction to be included mov rbp, rsp
 [tid:1713246] ins:mov rbp, rsp
 [tid:1713246] reg:rbp
 [tid:1713246] Exe bit
 [tid:1713246] Exe bit
 [tid:1713246] Exe bit
 [tid:1713246] INSTSELECTOR: instruction to be included mov rax, qword ptr [rbp-0x10]
 [tid:1713246] ins:mov rax, qword ptr [rbp-0x10]
 [tid:1713246] reg:rax
 [tid:1713246] Exe bit
 [tid:1713246] INSTSELECTOR: instruction to be included mov ecx, 0x1f
 [tid:1713246] ins:mov ecx, 0x1f
 [tid:1713246] reg:ecx
 [tid:1713246] Exe bit
 [tid:1713246] INSTSELECTOR: instruction to be included sub ecx, dword ptr [rbp-0x4]
 [tid:1713246] ins:sub ecx, dword ptr [rbp-0x4]
 [tid:1713246] reg:ecx
 [tid:1713246] Exe bit
 [tid:1713246] INSTSELECTOR: instruction to be included mov edx, 0x1
 [tid:1713246] ins:mov edx, 0x1
 [tid:1713246] reg:edx
 [tid:1713246] Exe bit
 [tid:1713246] INSTSELECTOR: instruction to be included shl edx, cl
 [tid:1713246] ins:shl edx, cl
 [tid:1713246] reg:edx
 [tid:1713246] Exe bit
 [tid:1713246] INSTSELECTOR: instruction to be included mov ecx, edx
 [tid:1713246] ins:mov ecx, edx
 [tid:1713246] reg:ecx
 [tid:1713246] Exe bit
 [tid:1713246] INSTSELECTOR: instruction to be included movsxd rcx, ecx
 [tid:1713246] ins:movsxd rcx, ecx
 [tid:1713246] reg:rcx
 [tid:1713246] Exe bit
 [tid:1713246] INSTSELECTOR: instruction to be included and rax, rcx
 [tid:1713246] ins:and rax, rcx
 [tid:1713246] reg:rax
 [tid:1713246] Exe bit
 [tid:1713246] INSTSELECTOR: instruction to be included pop rbp
 [tid:1713246] ins:pop rbp
 [tid:1713246] reg:rsp
 [tid:1713246] Exe bit
 [tid:1713246] Exe pat_search
 [tid:1713246] INSTSELECTOR: instruction to be included cmp rax, 0x0
 [tid:1713246] ins:cmp rax, 0x0
 [tid:1713246] reg:rflags
 [tid:1713246] Exe pat_search
 [tid:1713246] Exe pat_search
 [tid:1713246] INSTSELECTOR: instruction to be included mov rax, qword ptr [rbp-0x28]
 [tid:1713246] ins:mov rax, qword ptr [rbp-0x28]
 [tid:1713246] reg:rax
 [tid:1713246] Exe pat_search
 [tid:1713246] INSTSELECTOR: instruction to be included mov rax, qword ptr [rax+0x20]
 [tid:1713246] ins:mov rax, qword ptr [rax+0x20]
 [tid:1713246] reg:rax
 [tid:1713246] Exe pat_search
 [tid:1713246] Exe pat_search
 [tid:1713246] Exe pat_search
 [tid:1713246] INSTSELECTOR: instruction to be included mov rax, qword ptr [rbp-0x28]
 [tid:1713246] ins:mov rax, qword ptr [rbp-0x28]
 [tid:1713246] reg:rax
 [tid:1713246] Exe pat_search
 [tid:1713246] INSTSELECTOR: instruction to be included mov rax, qword ptr [rax+0x18]
 [tid:1713246] ins:mov rax, qword ptr [rax+0x18]
 [tid:1713246] reg:rax
 [tid:1713246] Exe pat_search
 [tid:1713246] Exe pat_search
 [tid:1713246] INSTSELECTOR: instruction to be included mov rax, qword ptr [rbp-0x38]
 [tid:1713246] ins:mov rax, qword ptr [rbp-0x38]
 [tid:1713246] reg:rax
 [tid:1713246] Exe pat_search
 [tid:1713246] Exe pat_search
 [tid:1713246] INSTSELECTOR: instruction to be included mov eax, dword ptr [rbp-0x2c]
 [tid:1713246] ins:mov eax, dword ptr [rbp-0x2c]
 [tid:1713246] reg:eax
 [tid:1713246] Exe pat_search
 [tid:1713246] INSTSELECTOR: instruction to be included mov rcx, qword ptr [rbp-0x28]
 [tid:1713246] ins:mov rcx, qword ptr [rbp-0x28]
 [tid:1713246] reg:rcx
 [tid:1713246] Exe pat_search
 [tid:1713246] INSTSELECTOR: instruction to be included movsx ecx, byte ptr [rcx+0x11]
 [tid:1713246] ins:movsx ecx, byte ptr [rcx+0x11]
 [tid:1713246] reg:ecx
 [tid:1713246] Exe pat_search
 [tid:1713246] INSTSELECTOR: instruction to be included cmp eax, ecx
 [tid:1713246] ins:cmp eax, ecx
 [tid:1713246] reg:rflags
 [tid:1713246] Exe pat_search
 [tid:1713246] Exe pat_search
 [tid:1713246] INSTSELECTOR: instruction to be included mov rax, qword ptr [rbp-0x28]
 [tid:1713246] ins:mov rax, qword ptr [rbp-0x28]
 [tid:1713246] reg:rax
 [tid:1713246] Exe pat_search
 [tid:1713246] INSTSELECTOR: instruction to be included mov rax, qword ptr [rax]
 [tid:1713246] ins:mov rax, qword ptr [rax]
 [tid:1713246] reg:rax
 [tid:1713246] Exe pat_search
 [tid:1713246] INSTSELECTOR: instruction to be included mov rcx, qword ptr [rbp-0x10]
 [tid:1713246] ins:mov rcx, qword ptr [rbp-0x10]
 [tid:1713246] reg:rcx
 [tid:1713246] Exe pat_search
 [tid:1713246] INSTSELECTOR: instruction to be included mov rdx, qword ptr [rbp-0x28]
 [tid:1713246] ins:mov rdx, qword ptr [rbp-0x28]
 [tid:1713246] reg:rdx
 [tid:1713246] Exe pat_search
 [tid:1713246] INSTSELECTOR: instruction to be included mov rdx, qword ptr [rdx+0x8]
 [tid:1713246] ins:mov rdx, qword ptr [rdx+0x8]
 [tid:1713246] reg:rdx
 [tid:1713246] Exe pat_search
 [tid:1713246] INSTSELECTOR: instruction to be included and rcx, qword ptr [rdx]
 [tid:1713246] ins:and rcx, qword ptr [rdx]
 [tid:1713246] reg:rcx
 [tid:1713246] Exe pat_search
 [tid:1713246] INSTSELECTOR: instruction to be included cmp rax, rcx
 [tid:1713246] ins:cmp rax, rcx
 [tid:1713246] reg:rflags
 [tid:1713246] Exe pat_search
 [tid:1713246] Exe pat_search
 [tid:1713246] INSTSELECTOR: instruction to be included mov rax, qword ptr [rbp-0x28]
 [tid:1713246] ins:mov rax, qword ptr [rbp-0x28]
 [tid:1713246] reg:rax
 [tid:1713246] Exe pat_search
 [tid:1713246] Exe pat_search
 [tid:1713246] Exe pat_search
 [tid:1713246] INSTSELECTOR: instruction to be included mov rax, qword ptr [rbp-0x40]
 [tid:1713246] ins:mov rax, qword ptr [rbp-0x40]
 [tid:1713246] reg:rax
 [tid:1713246] Exe pat_search
 [tid:1713246] Exe pat_search
 [tid:1713246] INSTSELECTOR: instruction to be included mov rax, qword ptr [rbp-0x8]
 [tid:1713246] ins:mov rax, qword ptr [rbp-0x8]
 [tid:1713246] reg:rax
 [tid:1713246] Exe pat_search
 [tid:1713246] INSTSELECTOR: instruction to be included add rsp, 0x40
 [tid:1713246] ins:add rsp, 0x40
 [tid:1713246] reg:rsp
 [tid:1713246] Exe pat_search
 [tid:1713246] INSTSELECTOR: instruction to be included pop rbp
 [tid:1713246] ins:pop rbp
 [tid:1713246] reg:rsp
 [tid:1713246] Exe pat_search
 [tid:1713246] Exe main
 [tid:1713246] Exe main
 [tid:1713246] INSTSELECTOR: instruction to be included mov rax, qword ptr [rbp-0x28]
 [tid:1713246] ins:mov rax, qword ptr [rbp-0x28]
 [tid:1713246] reg:rax
 [tid:1713246] Exe main
 [tid:1713246] INSTSELECTOR: instruction to be included mov rax, qword ptr [rax]
 [tid:1713246] ins:mov rax, qword ptr [rax]
 [tid:1713246] reg:rax
 [tid:1713246] Exe main
 [tid:1713246] INSTSELECTOR: instruction to be included mov ecx, dword ptr [rbp-0xd4]
 [tid:1713246] ins:mov ecx, dword ptr [rbp-0xd4]
 [tid:1713246] reg:ecx
 [tid:1713246] Exe main
 [tid:1713246] INSTSELECTOR: instruction to be included cmp rax, rcx
 [tid:1713246] ins:cmp rax, rcx
 [tid:1713246] reg:rflags
 [tid:1713246] Exe main
 [tid:1713246] Exe main
 [tid:1713246] INSTSELECTOR: instruction to be included movss xmm0, dword ptr [rbp-0xe4]
 [tid:1713246] ins:movss xmm0, dword ptr [rbp-0xe4]
 [tid:1713246] reg:xmm0
 [tid:1713246] Exe main
 [tid:1713246] INSTSELECTOR: instruction to be included cvtss2sd xmm0, xmm0
 [tid:1713246] ins:cvtss2sd xmm0, xmm0
 [tid:1713246] reg:xmm0
 [tid:1713246] Exe main
 [tid:1713246] INSTSELECTOR: instruction to be included mov esi, dword ptr [rbp-0xd4]
 [tid:1713246] ins:mov esi, dword ptr [rbp-0xd4]
 [tid:1713246] reg:esi
 [tid:1713246] Exe main
 [tid:1713246] INSTSELECTOR: instruction to be included lea rdi, ptr [rip+0xb65]
 [tid:1713246] ins:lea rdi, ptr [rip+0xb65]
 [tid:1713246] reg:rdi
 [tid:1713246] Exe main
 [tid:1713246] INSTSELECTOR: instruction to be included mov al, 0x1
 [tid:1713246] ins:mov al, 0x1
 [tid:1713246] reg:al
 [tid:1713246] Exe main
 [tid:1713246] Exe main
 [tid:1713246] INSTSELECTOR: instruction to be included mov rdi, qword ptr [rbp-0x20]
 [tid:1713246] ins:mov rdi, qword ptr [rbp-0x20]
 [tid:1713246] reg:rdi
 [tid:1713246] Exe main
 [tid:1713246] INSTSELECTOR: instruction to be included mov rsi, qword ptr [rbp-0x18]
 [tid:1713246] ins:mov rsi, qword ptr [rbp-0x18]
 [tid:1713246] reg:rsi
 [tid:1713246] Exe main
 [tid:1713246] Exe pat_insert
 [tid:1713246] INSTSELECTOR: instruction to be included push rbp
 [tid:1713246] ins:push rbp
 [tid:1713246] reg:rsp
 [tid:1713246] Exe pat_insert
 [tid:1713246] INSTSELECTOR: instruction to be included mov rbp, rsp
 [tid:1713246] ins:mov rbp, rsp
 [tid:1713246] reg:rbp
 [tid:1713246] Exe pat_insert
 [tid:1713246] INSTSELECTOR: instruction to be included sub rsp, 0x50
 [tid:1713246] ins:sub rsp, 0x50
 [tid:1713246] reg:rsp
 [tid:1713246] Exe pat_insert
 [tid:1713246] Exe pat_insert
 [tid:1713246] Exe pat_insert
 [tid:1713246] INSTSELECTOR: instruction to be included cmp qword ptr [rbp-0x18], 0x0
 [tid:1713246] ins:cmp qword ptr [rbp-0x18], 0x0
 [tid:1713246] reg:rflags
 [tid:1713246] Exe pat_insert
 [tid:1713246] Exe pat_insert
 [tid:1713246] INSTSELECTOR: instruction to be included cmp qword ptr [rbp-0x10], 0x0
 [tid:1713246] ins:cmp qword ptr [rbp-0x10], 0x0
 [tid:1713246] reg:rflags
 [tid:1713246] Exe pat_insert
 [tid:1713246] Exe pat_insert
 [tid:1713246] INSTSELECTOR: instruction to be included mov rax, qword ptr [rbp-0x10]
 [tid:1713246] ins:mov rax, qword ptr [rbp-0x10]
 [tid:1713246] reg:rax
 [tid:1713246] Exe pat_insert
 [tid:1713246] INSTSELECTOR: instruction to be included cmp qword ptr [rax+0x8], 0x0
 [tid:1713246] ins:cmp qword ptr [rax+0x8], 0x0
 [tid:1713246] reg:rflags
 [tid:1713246] Exe pat_insert
 [tid:1713246] Exe pat_insert
 [tid:1713246] INSTSELECTOR: instruction to be included mov rax, qword ptr [rbp-0x10]
 [tid:1713246] ins:mov rax, qword ptr [rbp-0x10]
 [tid:1713246] reg:rax
 [tid:1713246] Exe pat_insert
 [tid:1713246] INSTSELECTOR: instruction to be included mov rax, qword ptr [rax+0x8]
 [tid:1713246] ins:mov rax, qword ptr [rax+0x8]
 [tid:1713246] reg:rax
 [tid:1713246] Exe pat_insert
 [tid:1713246] INSTSELECTOR: instruction to be included mov rcx, qword ptr [rax]
 [tid:1713246] ins:mov rcx, qword ptr [rax]
 [tid:1713246] reg:rcx
 [tid:1713246] Exe pat_insert
 [tid:1713246] INSTSELECTOR: instruction to be included mov rax, qword ptr [rbp-0x10]
 [tid:1713246] ins:mov rax, qword ptr [rbp-0x10]
 [tid:1713246] reg:rax
 [tid:1713246] Exe pat_insert
 [tid:1713246] INSTSELECTOR: instruction to be included and rcx, qword ptr [rax]
 [tid:1713246] ins:and rcx, qword ptr [rax]
 [tid:1713246] reg:rcx
 [tid:1713246] Exe pat_insert
 [tid:1713246] Exe pat_insert
 [tid:1713246] INSTSELECTOR: instruction to be included mov rax, qword ptr [rbp-0x18]
 [tid:1713246] ins:mov rax, qword ptr [rbp-0x18]
 [tid:1713246] reg:rax
 [tid:1713246] Exe pat_insert
 [tid:1713246] Exe pat_insert
 [tid:1713246] INSTSELECTOR: instruction to be included mov rax, qword ptr [rbp-0x20]
 [tid:1713246] ins:mov rax, qword ptr [rbp-0x20]
 [tid:1713246] reg:rax
 [tid:1713246] Exe pat_insert
 [tid:1713246] INSTSELECTOR: instruction to be included movsx eax, byte ptr [rax+0x11]
 [tid:1713246] ins:movsx eax, byte ptr [rax+0x11]
 [tid:1713246] reg:eax
 [tid:1713246] Exe pat_insert
 [tid:1713246] Exe pat_insert
 [tid:1713246] INSTSELECTOR: instruction to be included mov rax, qword ptr [rbp-0x20]
 [tid:1713246] ins:mov rax, qword ptr [rbp-0x20]
 [tid:1713246] reg:rax
 [tid:1713246] Exe pat_insert
 [tid:1713246] INSTSELECTOR: instruction to be included movsx edi, byte ptr [rax+0x11]
 [tid:1713246] ins:movsx edi, byte ptr [rax+0x11]
 [tid:1713246] reg:edi
 [tid:1713246] Exe pat_insert
 [tid:1713246] INSTSELECTOR: instruction to be included mov rax, qword ptr [rbp-0x10]
 [tid:1713246] ins:mov rax, qword ptr [rbp-0x10]
 [tid:1713246] reg:rax
 [tid:1713246] Exe pat_insert
 [tid:1713246] INSTSELECTOR: instruction to be included mov rsi, qword ptr [rax]
 [tid:1713246] ins:mov rsi, qword ptr [rax]
 [tid:1713246] reg:rsi
 [tid:1713246] Exe pat_insert
 [tid:1713246] Exe pat_insert
 [tid:1713246] INSTSELECTOR: instruction to be included cmp rax, 0x0
 [tid:1713246] ins:cmp rax, 0x0
 [tid:1713246] reg:rflags
 [tid:1713246] Exe pat_insert
 [tid:1713246] Exe pat_insert
 [tid:1713246] INSTSELECTOR: instruction to be included mov rax, qword ptr [rbp-0x20]
 [tid:1713246] ins:mov rax, qword ptr [rbp-0x20]
 [tid:1713246] reg:rax
 [tid:1713246] Exe pat_insert
 [tid:1713246] INSTSELECTOR: instruction to be included mov rax, qword ptr [rax+0x20]
 [tid:1713246] ins:mov rax, qword ptr [rax+0x20]
 [tid:1713246] reg:rax
 [tid:1713246] Exe pat_insert
 [tid:1713246] Exe pat_insert
 [tid:1713246] Exe pat_insert
 [tid:1713246] INSTSELECTOR: instruction to be included mov rax, qword ptr [rbp-0x20]
 [tid:1713246] ins:mov rax, qword ptr [rbp-0x20]
 [tid:1713246] reg:rax
 [tid:1713246] Exe pat_insert
 [tid:1713246] INSTSELECTOR: instruction to be included mov rax, qword ptr [rax+0x18]
 [tid:1713246] ins:mov rax, qword ptr [rax+0x18]
 [tid:1713246] reg:rax
 [tid:1713246] Exe pat_insert
 [tid:1713246] Exe pat_insert
 [tid:1713246] INSTSELECTOR: instruction to be included mov rax, qword ptr [rbp-0x40]
 [tid:1713246] ins:mov rax, qword ptr [rbp-0x40]
 [tid:1713246] reg:rax
 [tid:1713246] Exe pat_insert
 [tid:1713246] Exe pat_insert
 [tid:1713246] INSTSELECTOR: instruction to be included mov eax, dword ptr [rbp-0x34]
 [tid:1713246] ins:mov eax, dword ptr [rbp-0x34]
 [tid:1713246] reg:eax
 [tid:1713246] Exe pat_insert
 [tid:1713246] INSTSELECTOR: instruction to be included mov rcx, qword ptr [rbp-0x20]
 [tid:1713246] ins:mov rcx, qword ptr [rbp-0x20]
 [tid:1713246] reg:rcx
 [tid:1713246] Exe pat_insert
 [tid:1713246] INSTSELECTOR: instruction to be included movsx ecx, byte ptr [rcx+0x11]
 [tid:1713246] ins:movsx ecx, byte ptr [rcx+0x11]
 [tid:1713246] reg:ecx
 [tid:1713246] Exe pat_insert
 [tid:1713246] INSTSELECTOR: instruction to be included cmp eax, ecx
 [tid:1713246] ins:cmp eax, ecx
 [tid:1713246] reg:rflags
 [tid:1713246] Exe pat_insert
 [tid:1713246] Exe pat_insert
 [tid:1713246] INSTSELECTOR: instruction to be included mov rax, qword ptr [rbp-0x10]
 [tid:1713246] ins:mov rax, qword ptr [rbp-0x10]
 [tid:1713246] reg:rax
 [tid:1713246] Exe pat_insert
 [tid:1713246] INSTSELECTOR: instruction to be included mov rax, qword ptr [rax]
 [tid:1713246] ins:mov rax, qword ptr [rax]
 [tid:1713246] reg:rax
 [tid:1713246] Exe pat_insert
 [tid:1713246] INSTSELECTOR: instruction to be included mov rcx, qword ptr [rbp-0x20]
 [tid:1713246] ins:mov rcx, qword ptr [rbp-0x20]
 [tid:1713246] reg:rcx
 [tid:1713246] Exe pat_insert
 [tid:1713246] INSTSELECTOR: instruction to be included cmp rax, qword ptr [rcx]
 [tid:1713246] ins:cmp rax, qword ptr [rcx]
 [tid:1713246] reg:rflags
 [tid:1713246] Exe pat_insert
 [tid:1713246] Exe pat_insert
 [tid:1713246] Exe pat_insert
 [tid:1713246] INSTSELECTOR: instruction to be included mov eax, dword ptr [rbp-0x34]
 [tid:1713246] ins:mov eax, dword ptr [rbp-0x34]
 [tid:1713246] reg:eax
 [tid:1713246] Exe pat_insert
 [tid:1713246] INSTSELECTOR: instruction to be included mov rcx, qword ptr [rbp-0x20]
 [tid:1713246] ins:mov rcx, qword ptr [rbp-0x20]
 [tid:1713246] reg:rcx
 [tid:1713246] Exe pat_insert
 [tid:1713246] INSTSELECTOR: instruction to be included movzx ecx, byte ptr [rcx+0x10]
 [tid:1713246] ins:movzx ecx, byte ptr [rcx+0x10]
 [tid:1713246] reg:ecx
 [tid:1713246] Exe pat_insert
 [tid:1713246] INSTSELECTOR: instruction to be included cmp eax, ecx
 [tid:1713246] ins:cmp eax, ecx
 [tid:1713246] reg:rflags
 [tid:1713246] Exe pat_insert
 [tid:1713246] Exe pat_insert
 [tid:1713246] Exe pat_insert
 [tid:1713246] INSTSELECTOR: instruction to be included xor eax, eax
 [tid:1713246] ins:xor eax, eax
 [tid:1713246] reg:eax
 [tid:1713246] Exe pat_insert
 [tid:1713246] INSTSELECTOR: instruction to be included cmp dword ptr [rbp-0x34], 0x20
 [tid:1713246] ins:cmp dword ptr [rbp-0x34], 0x20
 [tid:1713246] reg:rflags
 [tid:1713246] NORMAL FLAG REG: inst cmp dword ptr [rbp-0x34], 0x20
 [tid:1713246] Exe pat_insert
 [tid:1713246] Exe pat_insert
 [tid:1713246] Exe pat_insert
 [tid:1713246] INSTSELECTOR: instruction to be included mov edi, dword ptr [rbp-0x34]
 [tid:1713246] ins:mov edi, dword ptr [rbp-0x34]
 [tid:1713246] reg:edi
 [tid:1713246] Exe pat_insert
 [tid:1713246] INSTSELECTOR: instruction to be included mov rax, qword ptr [rbp-0x10]
 [tid:1713246] ins:mov rax, qword ptr [rbp-0x10]
 [tid:1713246] reg:rax
 [tid:1713246] Exe pat_insert
 [tid:1713246] INSTSELECTOR: instruction to be included mov rsi, qword ptr [rax]
 [tid:1713246] ins:mov rsi, qword ptr [rax]
 [tid:1713246] reg:rsi
 [tid:1713246] Exe pat_insert
 [tid:1713246] Exe pat_insert
 [tid:1713246] Exe pat_insert
 [tid:1713246] INSTSELECTOR: instruction to be included mov edi, dword ptr [rbp-0x34]
 [tid:1713246] ins:mov edi, dword ptr [rbp-0x34]
 [tid:1713246] reg:edi
 [tid:1713246] Exe pat_insert
 [tid:1713246] INSTSELECTOR: instruction to be included mov rax, qword ptr [rbp-0x20]
 [tid:1713246] ins:mov rax, qword ptr [rbp-0x20]
 [tid:1713246] reg:rax
 [tid:1713246] Exe pat_insert
 [tid:1713246] INSTSELECTOR: instruction to be included mov rsi, qword ptr [rax]
 [tid:1713246] ins:mov rsi, qword ptr [rax]
 [tid:1713246] reg:rsi
 [tid:1713246] Exe pat_insert
 [tid:1713246] Exe pat_insert
 [tid:1713246] INSTSELECTOR: instruction to be included mov rcx, rax
 [tid:1713246] ins:mov rcx, rax
 [tid:1713246] reg:rcx
 [tid:1713246] Exe pat_insert
 [tid:1713246] INSTSELECTOR: instruction to be included mov rax, qword ptr [rbp-0x50]
 [tid:1713246] ins:mov rax, qword ptr [rbp-0x50]
 [tid:1713246] reg:rax
 [tid:1713246] Exe pat_insert
 [tid:1713246] INSTSELECTOR: instruction to be included cmp rax, rcx
 [tid:1713246] ins:cmp rax, rcx
 [tid:1713246] reg:rflags
 [tid:1713246] NORMAL FLAG REG: inst cmp rax, rcx
 [tid:1713246] Exe pat_insert
 [tid:1713246] INSTSELECTOR: instruction to be included setz al
 [tid:1713246] ins:setz al
 [tid:1713246] reg:al
 [tid:1713246] Exe pat_insert
 [tid:1713246] Exe pat_insert
 [tid:1713246] INSTSELECTOR: instruction to be included mov al, byte ptr [rbp-0x41]
 [tid:1713246] ins:mov al, byte ptr [rbp-0x41]
 [tid:1713246] reg:al
 [tid:1713246] Exe pat_insert
 [tid:1713246] INSTSELECTOR: instruction to be included test al, 0x1
 [tid:1713246] ins:test al, 0x1
 [tid:1713246] reg:rflags
 [tid:1713246] Exe pat_insert
 [tid:1713246] Exe pat_insert
 [tid:1713246] Exe pat_insert
 [tid:1713246] Exe pat_insert
 [tid:1713246] INSTSELECTOR: instruction to be included mov eax, dword ptr [rbp-0x34]
 [tid:1713246] ins:mov eax, dword ptr [rbp-0x34]
 [tid:1713246] reg:eax
 [tid:1713246] Exe pat_insert
 [tid:1713246] INSTSELECTOR: instruction to be included add eax, 0x1
 [tid:1713246] ins:add eax, 0x1
 [tid:1713246] reg:eax
 [tid:1713246] Exe pat_insert
 [tid:1713246] Exe pat_insert
 [tid:1713246] Exe pat_insert
 [tid:1713246] INSTSELECTOR: instruction to be included xor eax, eax
 [tid:1713246] ins:xor eax, eax
 [tid:1713246] reg:eax
 [tid:1713246] Exe pat_insert
 [tid:1713246] INSTSELECTOR: instruction to be included cmp dword ptr [rbp-0x34], 0x20
 [tid:1713246] ins:cmp dword ptr [rbp-0x34], 0x20
 [tid:1713246] reg:rflags
 [tid:1713246] NORMAL FLAG REG: inst cmp dword ptr [rbp-0x34], 0x20
 [tid:1713246] Exe pat_insert
 [tid:1713246] Exe pat_insert
 [tid:1713246] Exe pat_insert
 [tid:1713246] INSTSELECTOR: instruction to be included mov edi, dword ptr [rbp-0x34]
 [tid:1713246] ins:mov edi, dword ptr [rbp-0x34]
 [tid:1713246] reg:edi
 [tid:1713246] Exe pat_insert
 [tid:1713246] INSTSELECTOR: instruction to be included mov rax, qword ptr [rbp-0x10]
 [tid:1713246] ins:mov rax, qword ptr [rbp-0x10]
 [tid:1713246] reg:rax
 [tid:1713246] Exe pat_insert
 [tid:1713246] INSTSELECTOR: instruction to be included mov rsi, qword ptr [rax]
 [tid:1713246] ins:mov rsi, qword ptr [rax]
 [tid:1713246] reg:rsi
 [tid:1713246] Exe pat_insert
 [tid:1713246] Exe pat_insert
 [tid:1713246] INSTSELECTOR: instruction to be included mov rax, qword ptr [rbp-0x18]
 [tid:1713246] ins:mov rax, qword ptr [rbp-0x18]
 [tid:1713246] reg:rax
 [tid:1713246] Exe pat_insert
 [tid:1713246] INSTSELECTOR: instruction to be included movsx edi, byte ptr [rax+0x11]
 [tid:1713246] ins:movsx edi, byte ptr [rax+0x11]
 [tid:1713246] reg:edi
 [tid:1713246] Exe pat_insert
 [tid:1713246] INSTSELECTOR: instruction to be included mov rax, qword ptr [rbp-0x10]
 [tid:1713246] ins:mov rax, qword ptr [rbp-0x10]
 [tid:1713246] reg:rax
 [tid:1713246] Exe pat_insert
 [tid:1713246] INSTSELECTOR: instruction to be included mov rsi, qword ptr [rax]
 [tid:1713246] ins:mov rsi, qword ptr [rax]
 [tid:1713246] reg:rsi
 [tid:1713246] Exe pat_insert
 [tid:1713246] Exe pat_insert
 [tid:1713246] INSTSELECTOR: instruction to be included cmp rax, 0x0
 [tid:1713246] ins:cmp rax, 0x0
 [tid:1713246] reg:rflags
 [tid:1713246] Exe pat_insert
 [tid:1713246] Exe pat_insert
 [tid:1713246] INSTSELECTOR: instruction to be included mov rax, qword ptr [rbp-0x18]
 [tid:1713246] ins:mov rax, qword ptr [rbp-0x18]
 [tid:1713246] reg:rax
 [tid:1713246] Exe pat_insert
 [tid:1713246] INSTSELECTOR: instruction to be included mov rdi, qword ptr [rax+0x20]
 [tid:1713246] ins:mov rdi, qword ptr [rax+0x20]
 [tid:1713246] reg:rdi
 [tid:1713246] Exe pat_insert
 [tid:1713246] INSTSELECTOR: instruction to be included mov rsi, qword ptr [rbp-0x10]
 [tid:1713246] ins:mov rsi, qword ptr [rbp-0x10]
 [tid:1713246] reg:rsi
 [tid:1713246] Exe pat_insert
 [tid:1713246] INSTSELECTOR: instruction to be included mov edx, dword ptr [rbp-0x34]
 [tid:1713246] ins:mov edx, dword ptr [rbp-0x34]
 [tid:1713246] reg:edx
 [tid:1713246] Exe pat_insert
 [tid:1713246] INSTSELECTOR: instruction to be included mov rcx, qword ptr [rbp-0x18]
 [tid:1713246] ins:mov rcx, qword ptr [rbp-0x18]
 [tid:1713246] reg:rcx
 [tid:1713246] Exe pat_insert
 [tid:1713246] Exe pat_insert
 [tid:1713246] INSTSELECTOR: instruction to be included mov rax, qword ptr [rbp-0x18]
 [tid:1713246] ins:mov rax, qword ptr [rbp-0x18]
 [tid:1713246] reg:rax
 [tid:1713246] Exe pat_insert
 [tid:1713246] INSTSELECTOR: instruction to be included mov rdi, qword ptr [rax+0x18]
 [tid:1713246] ins:mov rdi, qword ptr [rax+0x18]
 [tid:1713246] reg:rdi
 [tid:1713246] Exe pat_insert
 [tid:1713246] INSTSELECTOR: instruction to be included mov rsi, qword ptr [rbp-0x10]
 [tid:1713246] ins:mov rsi, qword ptr [rbp-0x10]
 [tid:1713246] reg:rsi
 [tid:1713246] Exe pat_insert
 [tid:1713246] INSTSELECTOR: instruction to be included mov edx, dword ptr [rbp-0x34]
 [tid:1713246] ins:mov edx, dword ptr [rbp-0x34]
 [tid:1713246] reg:edx
 [tid:1713246] Exe pat_insert
 [tid:1713246] INSTSELECTOR: instruction to be included mov rcx, qword ptr [rbp-0x18]
 [tid:1713246] ins:mov rcx, qword ptr [rbp-0x18]
 [tid:1713246] reg:rcx
 [tid:1713246] Exe pat_insert
 [tid:1713246] Exe insertR
 [tid:1713246] INSTSELECTOR: instruction to be included push rbp
 [tid:1713246] ins:push rbp
 [tid:1713246] reg:rsp
 [tid:1713246] Exe insertR
 [tid:1713246] INSTSELECTOR: instruction to be included mov rbp, rsp
 [tid:1713246] ins:mov rbp, rsp
 [tid:1713246] reg:rbp
 [tid:1713246] Exe insertR
 [tid:1713246] INSTSELECTOR: instruction to be included sub rsp, 0x40
 [tid:1713246] ins:sub rsp, 0x40
 [tid:1713246] reg:rsp
 [tid:1713246] Exe insertR
 [tid:1713246] Exe insertR
 [tid:1713246] Exe insertR
 [tid:1713246] Exe insertR
 [tid:1713246] Exe insertR
 [tid:1713246] INSTSELECTOR: instruction to be included mov rax, qword ptr [rbp-0x10]
 [tid:1713246] ins:mov rax, qword ptr [rbp-0x10]
 [tid:1713246] reg:rax
 [tid:1713246] Exe insertR
 [tid:1713246] INSTSELECTOR: instruction to be included movsx eax, byte ptr [rax+0x11]
 [tid:1713246] ins:movsx eax, byte ptr [rax+0x11]
 [tid:1713246] reg:eax
 [tid:1713246] Exe insertR
 [tid:1713246] INSTSELECTOR: instruction to be included cmp eax, dword ptr [rbp-0x1c]
 [tid:1713246] ins:cmp eax, dword ptr [rbp-0x1c]
 [tid:1713246] reg:rflags
 [tid:1713246] Exe insertR
 [tid:1713246] Exe insertR
 [tid:1713246] INSTSELECTOR: instruction to be included mov rax, qword ptr [rbp-0x10]
 [tid:1713246] ins:mov rax, qword ptr [rbp-0x10]
 [tid:1713246] reg:rax
 [tid:1713246] Exe insertR
 [tid:1713246] INSTSELECTOR: instruction to be included movsx eax, byte ptr [rax+0x11]
 [tid:1713246] ins:movsx eax, byte ptr [rax+0x11]
 [tid:1713246] reg:eax
 [tid:1713246] Exe insertR
 [tid:1713246] INSTSELECTOR: instruction to be included mov rcx, qword ptr [rbp-0x28]
 [tid:1713246] ins:mov rcx, qword ptr [rbp-0x28]
 [tid:1713246] reg:rcx
 [tid:1713246] Exe insertR
 [tid:1713246] INSTSELECTOR: instruction to be included movsx ecx, byte ptr [rcx+0x11]
 [tid:1713246] ins:movsx ecx, byte ptr [rcx+0x11]
 [tid:1713246] reg:ecx
 [tid:1713246] Exe insertR
 [tid:1713246] INSTSELECTOR: instruction to be included cmp eax, ecx
 [tid:1713246] ins:cmp eax, ecx
 [tid:1713246] reg:rflags
 [tid:1713246] Exe insertR
 [tid:1713246] Exe insertR
 [tid:1713246] INSTSELECTOR: instruction to be included mov eax, dword ptr [rbp-0x1c]
 [tid:1713246] ins:mov eax, dword ptr [rbp-0x1c]
 [tid:1713246] reg:eax
 [tid:1713246] Exe insertR
 [tid:1713246] INSTSELECTOR: instruction to be included mov cl, al
 [tid:1713246] ins:mov cl, al
 [tid:1713246] reg:cl
 [tid:1713246] Exe insertR
 [tid:1713246] INSTSELECTOR: instruction to be included mov rax, qword ptr [rbp-0x18]
 [tid:1713246] ins:mov rax, qword ptr [rbp-0x18]
 [tid:1713246] reg:rax
 [tid:1713246] Exe insertR
 [tid:1713246] Exe insertR
 [tid:1713246] INSTSELECTOR: instruction to be included mov edi, dword ptr [rbp-0x1c]
 [tid:1713246] ins:mov edi, dword ptr [rbp-0x1c]
 [tid:1713246] reg:edi
 [tid:1713246] Exe insertR
 [tid:1713246] INSTSELECTOR: instruction to be included mov rax, qword ptr [rbp-0x18]
 [tid:1713246] ins:mov rax, qword ptr [rbp-0x18]
 [tid:1713246] reg:rax
 [tid:1713246] Exe insertR
 [tid:1713246] INSTSELECTOR: instruction to be included mov rsi, qword ptr [rax]
 [tid:1713246] ins:mov rsi, qword ptr [rax]
 [tid:1713246] reg:rsi
 [tid:1713246] Exe insertR
 [tid:1713246] Exe insertR
 [tid:1713246] INSTSELECTOR: instruction to be included cmp rax, 0x0
 [tid:1713246] ins:cmp rax, 0x0
 [tid:1713246] reg:rflags
 [tid:1713246] Exe insertR
 [tid:1713246] Exe insertR
 [tid:1713246] INSTSELECTOR: instruction to be included mov rax, qword ptr [rbp-0x10]
 [tid:1713246] ins:mov rax, qword ptr [rbp-0x10]
 [tid:1713246] reg:rax
 [tid:1713246] Exe insertR
 [tid:1713246] Exe insertR
 [tid:1713246] Exe insertR
 [tid:1713246] INSTSELECTOR: instruction to be included mov rcx, qword ptr [rbp-0x30]
 [tid:1713246] ins:mov rcx, qword ptr [rbp-0x30]
 [tid:1713246] reg:rcx
 [tid:1713246] Exe insertR
 [tid:1713246] INSTSELECTOR: instruction to be included mov rax, qword ptr [rbp-0x18]
 [tid:1713246] ins:mov rax, qword ptr [rbp-0x18]
 [tid:1713246] reg:rax
 [tid:1713246] Exe insertR
 [tid:1713246] Exe insertR
 [tid:1713246] INSTSELECTOR: instruction to be included mov edi, dword ptr [rbp-0x1c]
 [tid:1713246] ins:mov edi, dword ptr [rbp-0x1c]
 [tid:1713246] reg:edi
 [tid:1713246] Exe insertR
 [tid:1713246] INSTSELECTOR: instruction to be included mov rax, qword ptr [rbp-0x18]
 [tid:1713246] ins:mov rax, qword ptr [rbp-0x18]
 [tid:1713246] reg:rax
 [tid:1713246] Exe insertR
 [tid:1713246] INSTSELECTOR: instruction to be included mov rsi, qword ptr [rax]
 [tid:1713246] ins:mov rsi, qword ptr [rax]
 [tid:1713246] reg:rsi
 [tid:1713246] Exe insertR
 [tid:1713246] Exe insertR
 [tid:1713246] INSTSELECTOR: instruction to be included cmp rax, 0x0
 [tid:1713246] ins:cmp rax, 0x0
 [tid:1713246] reg:rflags
 [tid:1713246] Exe insertR
 [tid:1713246] Exe insertR
 [tid:1713246] INSTSELECTOR: instruction to be included mov rax, qword ptr [rbp-0x18]
 [tid:1713246] ins:mov rax, qword ptr [rbp-0x18]
 [tid:1713246] reg:rax
 [tid:1713246] Exe insertR
 [tid:1713246] Exe insertR
 [tid:1713246] Exe insertR
 [tid:1713246] INSTSELECTOR: instruction to be included mov rcx, qword ptr [rbp-0x38]
 [tid:1713246] ins:mov rcx, qword ptr [rbp-0x38]
 [tid:1713246] reg:rcx
 [tid:1713246] Exe insertR
 [tid:1713246] INSTSELECTOR: instruction to be included mov rax, qword ptr [rbp-0x18]
 [tid:1713246] ins:mov rax, qword ptr [rbp-0x18]
 [tid:1713246] reg:rax
 [tid:1713246] Exe insertR
 [tid:1713246] Exe insertR
 [tid:1713246] INSTSELECTOR: instruction to be included mov rax, qword ptr [rbp-0x18]
 [tid:1713246] ins:mov rax, qword ptr [rbp-0x18]
 [tid:1713246] reg:rax
 [tid:1713246] Exe insertR
 [tid:1713246] Exe insertR
 [tid:1713246] Exe insertR
 [tid:1713246] INSTSELECTOR: instruction to be included mov rax, qword ptr [rbp-0x8]
 [tid:1713246] ins:mov rax, qword ptr [rbp-0x8]
 [tid:1713246] reg:rax
 [tid:1713246] Exe insertR
 [tid:1713246] INSTSELECTOR: instruction to be included add rsp, 0x40
 [tid:1713246] ins:add rsp, 0x40
 [tid:1713246] reg:rsp
 [tid:1713246] Exe insertR
 [tid:1713246] INSTSELECTOR: instruction to be included pop rbp
 [tid:1713246] ins:pop rbp
 [tid:1713246] reg:rsp
 [tid:1713246] Exe insertR
 [tid:1713246] Exe pat_insert
 [tid:1713246] INSTSELECTOR: instruction to be included mov rcx, rax
 [tid:1713246] ins:mov rcx, rax
 [tid:1713246] reg:rcx
 [tid:1713246] Exe pat_insert
 [tid:1713246] INSTSELECTOR: instruction to be included mov rax, qword ptr [rbp-0x18]
 [tid:1713246] ins:mov rax, qword ptr [rbp-0x18]
 [tid:1713246] reg:rax
 [tid:1713246] Exe pat_insert
 [tid:1713246] Exe pat_insert
 [tid:1713246] INSTSELECTOR: instruction to be included mov rax, qword ptr [rbp-0x10]
 [tid:1713246] ins:mov rax, qword ptr [rbp-0x10]
 [tid:1713246] reg:rax
 [tid:1713246] Exe pat_insert
 [tid:1713246] Exe pat_insert
 [tid:1713246] INSTSELECTOR: instruction to be included mov rax, qword ptr [rbp-0x8]
 [tid:1713246] ins:mov rax, qword ptr [rbp-0x8]
 [tid:1713246] reg:rax
 [tid:1713246] Exe pat_insert
 [tid:1713246] INSTSELECTOR: instruction to be included add rsp, 0x50
 [tid:1713246] ins:add rsp, 0x50
 [tid:1713246] reg:rsp
 [tid:1713246] Exe pat_insert
 [tid:1713246] INSTSELECTOR: instruction to be included pop rbp
 [tid:1713246] ins:pop rbp
 [tid:1713246] reg:rsp
 [tid:1713246] Exe pat_insert
 [tid:1713246] Exe main
 [tid:1713246] Exe main
 [tid:1713246] INSTSELECTOR: instruction to be included cmp qword ptr [rbp-0x20], 0x0
 [tid:1713246] ins:cmp qword ptr [rbp-0x20], 0x0
 [tid:1713246] reg:rflags
 [tid:1713246] Exe main
 [tid:1713246] Exe main
 [tid:1713246] INSTSELECTOR: instruction to be included mov rax, qword ptr [rip+0x2013a3]
 [tid:1713246] ins:mov rax, qword ptr [rip+0x2013a3]
 [tid:1713246] reg:rax
 [tid:1713246] Exe main
 [tid:1713246] INSTSELECTOR: instruction to be included mov rdi, qword ptr [rax]
 [tid:1713246] ins:mov rdi, qword ptr [rax]
 [tid:1713246] reg:rdi
 [tid:1713246] Exe main
 [tid:1713246] INSTSELECTOR: instruction to be included lea rsi, ptr [rip+0xb37]
 [tid:1713246] ins:lea rsi, ptr [rip+0xb37]
 [tid:1713246] reg:rsi
 [tid:1713246] Exe main
 [tid:1713246] INSTSELECTOR: instruction to be included mov al, 0x0
 [tid:1713246] ins:mov al, 0x0
 [tid:1713246] reg:al
 [tid:1713246] Exe main
 [tid:1713246] Exe main
 [tid:1713246] Exe main
 [tid:1713246] INSTSELECTOR: instruction to be included lea rdi, ptr [rbp-0xc0]
 [tid:1713246] ins:lea rdi, ptr [rbp-0xc0]
 [tid:1713246] reg:rdi
 [tid:1713246] Exe main
 [tid:1713246] INSTSELECTOR: instruction to be included mov rdx, qword ptr [rbp-0x38]
 [tid:1713246] ins:mov rdx, qword ptr [rbp-0x38]
 [tid:1713246] reg:rdx
 [tid:1713246] Exe main
 [tid:1713246] INSTSELECTOR: instruction to be included mov esi, 0x80
 [tid:1713246] ins:mov esi, 0x80
 [tid:1713246] reg:esi
 [tid:1713246] Exe main
 [tid:1713246] Exe main
 [tid:1713246] INSTSELECTOR: instruction to be included cmp rax, 0x0
 [tid:1713246] ins:cmp rax, 0x0
 [tid:1713246] reg:rflags
 [tid:1713246] Exe main
 [tid:1713246] Exe main
 [tid:1713246] INSTSELECTOR: instruction to be included lea rdi, ptr [rbp-0xc0]
 [tid:1713246] ins:lea rdi, ptr [rbp-0xc0]
 [tid:1713246] reg:rdi
 [tid:1713246] Exe main
 [tid:1713246] INSTSELECTOR: instruction to be included lea rsi, ptr [rip+0xcb2]
 [tid:1713246] ins:lea rsi, ptr [rip+0xcb2]
 [tid:1713246] reg:rsi
 [tid:1713246] Exe main
 [tid:1713246] INSTSELECTOR: instruction to be included lea rdx, ptr [rbp-0xe4]
 [tid:1713246] ins:lea rdx, ptr [rbp-0xe4]
 [tid:1713246] reg:rdx
 [tid:1713246] Exe main
 [tid:1713246] INSTSELECTOR: instruction to be included lea rcx, ptr [rbp-0xd4]
 [tid:1713246] ins:lea rcx, ptr [rbp-0xd4]
 [tid:1713246] reg:rcx
 [tid:1713246] Exe main
 [tid:1713246] INSTSELECTOR: instruction to be included mov al, 0x0
 [tid:1713246] ins:mov al, 0x0
 [tid:1713246] reg:al
 [tid:1713246] Exe main
 [tid:1713246] Exe main
 [tid:1713246] INSTSELECTOR: instruction to be included mov eax, eax
 [tid:1713246] ins:mov eax, eax
 [tid:1713246] reg:eax
 [tid:1713246] Exe main
 [tid:1713246] INSTSELECTOR: instruction to be included mov ecx, eax
 [tid:1713246] ins:mov ecx, eax
 [tid:1713246] reg:ecx
 [tid:1713246] Exe main
 [tid:1713246] INSTSELECTOR: instruction to be included mov rax, qword ptr [rbp-0x20]
 [tid:1713246] ins:mov rax, qword ptr [rbp-0x20]
 [tid:1713246] reg:rax
 [tid:1713246] Exe main
 [tid:1713246] INSTSELECTOR: instruction to be included mov rax, qword ptr [rax+0x8]
 [tid:1713246] ins:mov rax, qword ptr [rax+0x8]
 [tid:1713246] reg:rax
 [tid:1713246] Exe main
 [tid:1713246] Exe main
 [tid:1713246] INSTSELECTOR: instruction to be included mov eax, dword ptr [rbp-0xd4]
 [tid:1713246] ins:mov eax, dword ptr [rbp-0xd4]
 [tid:1713246] reg:eax
 [tid:1713246] Exe main
 [tid:1713246] INSTSELECTOR: instruction to be included mov edi, eax
 [tid:1713246] ins:mov edi, eax
 [tid:1713246] reg:edi
 [tid:1713246] Exe main
 [tid:1713246] INSTSELECTOR: instruction to be included mov rsi, qword ptr [rbp-0x18]
 [tid:1713246] ins:mov rsi, qword ptr [rbp-0x18]
 [tid:1713246] reg:rsi
 [tid:1713246] Exe main
 [tid:1713246] Exe pat_search
 [tid:1713246] INSTSELECTOR: instruction to be included mov rax, qword ptr [rbp-0x28]
 [tid:1713246] ins:mov rax, qword ptr [rbp-0x28]
 [tid:1713246] reg:rax
 [tid:1713246] Exe pat_search
 [tid:1713246] INSTSELECTOR: instruction to be included movsx eax, byte ptr [rax+0x11]
 [tid:1713246] ins:movsx eax, byte ptr [rax+0x11]
 [tid:1713246] reg:eax
 [tid:1713246] Exe pat_search
 [tid:1713246] Exe pat_search
 [tid:1713246] INSTSELECTOR: instruction to be included mov rax, qword ptr [rbp-0x28]
 [tid:1713246] ins:mov rax, qword ptr [rbp-0x28]
 [tid:1713246] reg:rax
 [tid:1713246] Exe pat_search
 [tid:1713246] INSTSELECTOR: instruction to be included movsx edi, byte ptr [rax+0x11]
 [tid:1713246] ins:movsx edi, byte ptr [rax+0x11]
 [tid:1713246] reg:edi
 [tid:1713246] Exe pat_search
 [tid:1713246] INSTSELECTOR: instruction to be included mov rsi, qword ptr [rbp-0x10]
 [tid:1713246] ins:mov rsi, qword ptr [rbp-0x10]
 [tid:1713246] reg:rsi
 [tid:1713246] Exe pat_search
 [tid:1713246] Exe pat_insert
 [tid:1713246] INSTSELECTOR: instruction to be included mov rax, qword ptr [rbp-0x20]
 [tid:1713246] ins:mov rax, qword ptr [rbp-0x20]
 [tid:1713246] reg:rax
 [tid:1713246] Exe pat_insert
 [tid:1713246] INSTSELECTOR: instruction to be included movsx eax, byte ptr [rax+0x11]
 [tid:1713246] ins:movsx eax, byte ptr [rax+0x11]
 [tid:1713246] reg:eax
 [tid:1713246] Exe pat_insert
 [tid:1713246] Exe pat_insert
 [tid:1713246] INSTSELECTOR: instruction to be included mov rax, qword ptr [rbp-0x20]
 [tid:1713246] ins:mov rax, qword ptr [rbp-0x20]
 [tid:1713246] reg:rax
 [tid:1713246] Exe pat_insert
 [tid:1713246] INSTSELECTOR: instruction to be included movsx edi, byte ptr [rax+0x11]
 [tid:1713246] ins:movsx edi, byte ptr [rax+0x11]
 [tid:1713246] reg:edi
 [tid:1713246] Exe pat_insert
 [tid:1713246] INSTSELECTOR: instruction to be included mov rax, qword ptr [rbp-0x10]
 [tid:1713246] ins:mov rax, qword ptr [rbp-0x10]
 [tid:1713246] reg:rax
 [tid:1713246] Exe pat_insert
 [tid:1713246] INSTSELECTOR: instruction to be included mov rsi, qword ptr [rax]
 [tid:1713246] ins:mov rsi, qword ptr [rax]
 [tid:1713246] reg:rsi
 [tid:1713246] Exe pat_insert
 [tid:1713246] Exe insertR
 [tid:1713246] INSTSELECTOR: instruction to be included mov eax, dword ptr [rbp-0x1c]
 [tid:1713246] ins:mov eax, dword ptr [rbp-0x1c]
 [tid:1713246] reg:eax
 [tid:1713246] Exe insertR
 [tid:1713246] INSTSELECTOR: instruction to be included mov cl, al
 [tid:1713246] ins:mov cl, al
 [tid:1713246] reg:cl
 [tid:1713246] Exe insertR
 [tid:1713246] INSTSELECTOR: instruction to be included mov rax, qword ptr [rbp-0x18]
 [tid:1713246] ins:mov rax, qword ptr [rbp-0x18]
 [tid:1713246] reg:rax
 [tid:1713246] Exe insertR
 [tid:1713246] Exe insertR
 [tid:1713246] INSTSELECTOR: instruction to be included mov edi, dword ptr [rbp-0x1c]
 [tid:1713246] ins:mov edi, dword ptr [rbp-0x1c]
 [tid:1713246] reg:edi
 [tid:1713246] Exe insertR
 [tid:1713246] INSTSELECTOR: instruction to be included mov rax, qword ptr [rbp-0x18]
 [tid:1713246] ins:mov rax, qword ptr [rbp-0x18]
 [tid:1713246] reg:rax
 [tid:1713246] Exe insertR
 [tid:1713246] INSTSELECTOR: instruction to be included mov rsi, qword ptr [rax]
 [tid:1713246] ins:mov rsi, qword ptr [rax]
 [tid:1713246] reg:rsi
 [tid:1713246] Exe insertR
 [tid:1713246] Exe pat_search
 [tid:1713246] INSTSELECTOR: instruction to be included mov rax, qword ptr [rbp-0x38]
 [tid:1713246] ins:mov rax, qword ptr [rbp-0x38]
 [tid:1713246] reg:rax
 [tid:1713246] Exe pat_search
 [tid:1713246] Exe pat_search
 [tid:1713246] INSTSELECTOR: instruction to be included mov eax, dword ptr [rbp-0x2c]
 [tid:1713246] ins:mov eax, dword ptr [rbp-0x2c]
 [tid:1713246] reg:eax
 [tid:1713246] Exe pat_search
 [tid:1713246] INSTSELECTOR: instruction to be included mov rcx, qword ptr [rbp-0x28]
 [tid:1713246] ins:mov rcx, qword ptr [rbp-0x28]
 [tid:1713246] reg:rcx
 [tid:1713246] Exe pat_search
 [tid:1713246] INSTSELECTOR: instruction to be included movsx ecx, byte ptr [rcx+0x11]
 [tid:1713246] ins:movsx ecx, byte ptr [rcx+0x11]
 [tid:1713246] reg:ecx
 [tid:1713246] Exe pat_search
 [tid:1713246] INSTSELECTOR: instruction to be included cmp eax, ecx
 [tid:1713246] ins:cmp eax, ecx
 [tid:1713246] reg:rflags
 [tid:1713246] Exe pat_search
 [tid:1713246] Exe pat_search
 [tid:1713246] INSTSELECTOR: instruction to be included mov rax, qword ptr [rbp-0x28]
 [tid:1713246] ins:mov rax, qword ptr [rbp-0x28]
 [tid:1713246] reg:rax
 [tid:1713246] Exe pat_search
 [tid:1713246] INSTSELECTOR: instruction to be included mov rax, qword ptr [rax]
 [tid:1713246] ins:mov rax, qword ptr [rax]
 [tid:1713246] reg:rax
 [tid:1713246] Exe pat_search
 [tid:1713246] INSTSELECTOR: instruction to be included mov rcx, qword ptr [rbp-0x10]
 [tid:1713246] ins:mov rcx, qword ptr [rbp-0x10]
 [tid:1713246] reg:rcx
 [tid:1713246] Exe pat_search
 [tid:1713246] INSTSELECTOR: instruction to be included mov rdx, qword ptr [rbp-0x28]
 [tid:1713246] ins:mov rdx, qword ptr [rbp-0x28]
 [tid:1713246] reg:rdx
 [tid:1713246] Exe pat_search
 [tid:1713246] INSTSELECTOR: instruction to be included mov rdx, qword ptr [rdx+0x8]
 [tid:1713246] ins:mov rdx, qword ptr [rdx+0x8]
 [tid:1713246] reg:rdx
 [tid:1713246] Exe pat_search
 [tid:1713246] INSTSELECTOR: instruction to be included and rcx, qword ptr [rdx]
 [tid:1713246] ins:and rcx, qword ptr [rdx]
 [tid:1713246] reg:rcx
 [tid:1713246] Exe pat_search
 [tid:1713246] INSTSELECTOR: instruction to be included cmp rax, rcx
 [tid:1713246] ins:cmp rax, rcx
 [tid:1713246] reg:rflags
 [tid:1713246] Exe pat_search
 [tid:1713246] Exe pat_search
 [tid:1713246] INSTSELECTOR: instruction to be included mov rax, qword ptr [rbp-0x28]
 [tid:1713246] ins:mov rax, qword ptr [rbp-0x28]
 [tid:1713246] reg:rax
 [tid:1713246] Exe pat_search
 [tid:1713246] Exe pat_search
 [tid:1713246] Exe main
 [tid:1713246] INSTSELECTOR: instruction to be included lea rdi, ptr [rip+0xb61]
 [tid:1713246] ins:lea rdi, ptr [rip+0xb61]
 [tid:1713246] reg:rdi
 [tid:1713246] Exe main
 [tid:1713246] INSTSELECTOR: instruction to be included mov al, 0x0
 [tid:1713246] ins:mov al, 0x0
 [tid:1713246] reg:al
 [tid:1713246] Exe main
 [tid:1713246] Exe main
 [tid:1713246] Exe main
 [tid:1713246] INSTSELECTOR: instruction to be included cmp qword ptr [rbp-0x20], 0x0
 [tid:1713246] ins:cmp qword ptr [rbp-0x20], 0x0
 [tid:1713246] reg:rflags
 [tid:1713246] Exe main
 [tid:1713246] Exe main
 [tid:1713246] INSTSELECTOR: instruction to be included mov rax, qword ptr [rip+0x2013a3]
 [tid:1713246] ins:mov rax, qword ptr [rip+0x2013a3]
 [tid:1713246] reg:rax
 [tid:1713246] Exe main
 [tid:1713246] INSTSELECTOR: instruction to be included mov rdi, qword ptr [rax]
 [tid:1713246] ins:mov rdi, qword ptr [rax]
 [tid:1713246] reg:rdi
 [tid:1713246] Exe main
 [tid:1713246] INSTSELECTOR: instruction to be included lea rsi, ptr [rip+0xb37]
 [tid:1713246] ins:lea rsi, ptr [rip+0xb37]
 [tid:1713246] reg:rsi
 [tid:1713246] Exe main
 [tid:1713246] INSTSELECTOR: instruction to be included mov al, 0x0
 [tid:1713246] ins:mov al, 0x0
 [tid:1713246] reg:al
 [tid:1713246] Exe main
 [tid:1713246] Exe pat_search
 [tid:1713246] INSTSELECTOR: instruction to be included mov rax, qword ptr [rbp-0x20]
 [tid:1713246] ins:mov rax, qword ptr [rbp-0x20]
 [tid:1713246] reg:rax
 [tid:1713246] Exe pat_search
 [tid:1713246] Exe pat_search
 [tid:1713246] INSTSELECTOR: instruction to be included mov rax, qword ptr [rbp-0x40]
 [tid:1713246] ins:mov rax, qword ptr [rbp-0x40]
 [tid:1713246] reg:rax
 [tid:1713246] Exe pat_search
 [tid:1713246] Exe pat_search
 [tid:1713246] INSTSELECTOR: instruction to be included mov rax, qword ptr [rbp-0x8]
 [tid:1713246] ins:mov rax, qword ptr [rbp-0x8]
 [tid:1713246] reg:rax
 [tid:1713246] Exe pat_search
 [tid:1713246] INSTSELECTOR: instruction to be included add rsp, 0x40
 [tid:1713246] ins:add rsp, 0x40
 [tid:1713246] reg:rsp
 [tid:1713246] Exe pat_search
 [tid:1713246] INSTSELECTOR: instruction to be included pop rbp
 [tid:1713246] ins:pop rbp
 [tid:1713246] reg:rbp
 [tid:1713246] Exe pat_search
 [tid:1713246] Exe pat_insert
 [tid:1713246] INSTSELECTOR: instruction to be included mov rax, qword ptr [rbp-0x40]
 [tid:1713246] ins:mov rax, qword ptr [rbp-0x40]
 [tid:1713246] reg:rax
 [tid:1713246] Exe pat_insert
 [tid:1713246] Exe pat_insert
 [tid:1713246] INSTSELECTOR: instruction to be included mov eax, dword ptr [rbp-0x34]
 [tid:1713246] ins:mov eax, dword ptr [rbp-0x34]
 [tid:1713246] reg:eax
 [tid:1713246] Exe pat_insert
 [tid:1713246] INSTSELECTOR: instruction to be included mov rcx, qword ptr [rbp-0x20]
 [tid:1713246] ins:mov rcx, qword ptr [rbp-0x20]
 [tid:1713246] reg:rcx
 [tid:1713246] Exe pat_insert
 [tid:1713246] INSTSELECTOR: instruction to be included movsx ecx, byte ptr [rcx+0x11]
 [tid:1713246] ins:movsx ecx, byte ptr [rcx+0x11]
 [tid:1713246] reg:ecx
 [tid:1713246] Exe pat_insert
 [tid:1713246] INSTSELECTOR: instruction to be included cmp eax, ecx
 [tid:1713246] ins:cmp eax, ecx
 [tid:1713246] reg:rflags
 [tid:1713246] Exe pat_insert
 [tid:1713246] Exe pat_insert
 [tid:1713246] INSTSELECTOR: instruction to be included mov rax, qword ptr [rbp-0x10]
 [tid:1713246] ins:mov rax, qword ptr [rbp-0x10]
 [tid:1713246] reg:rax
 [tid:1713246] Exe pat_insert
 [tid:1713246] INSTSELECTOR: instruction to be included mov rax, qword ptr [rax]
 [tid:1713246] ins:mov rax, qword ptr [rax]
 [tid:1713246] reg:rax
 [tid:1713246] Exe pat_insert
 [tid:1713246] INSTSELECTOR: instruction to be included mov rcx, qword ptr [rbp-0x20]
 [tid:1713246] ins:mov rcx, qword ptr [rbp-0x20]
 [tid:1713246] reg:rcx
 [tid:1713246] Exe pat_insert
 [tid:1713246] INSTSELECTOR: instruction to be included cmp rax, qword ptr [rcx]
 [tid:1713246] ins:cmp rax, qword ptr [rcx]
 [tid:1713246] reg:rflags
 [tid:1713246] Exe pat_insert
 [tid:1713246] Exe pat_insert
 [tid:1713246] Exe pat_insert
 [tid:1713246] INSTSELECTOR: instruction to be included mov eax, dword ptr [rbp-0x34]
 [tid:1713246] ins:mov eax, dword ptr [rbp-0x34]
 [tid:1713246] reg:eax
 [tid:1713246] Exe pat_insert
 [tid:1713246] INSTSELECTOR: instruction to be included mov rcx, qword ptr [rbp-0x20]
 [tid:1713246] ins:mov rcx, qword ptr [rbp-0x20]
 [tid:1713246] reg:rcx
 [tid:1713246] Exe pat_insert
 [tid:1713246] INSTSELECTOR: instruction to be included movzx ecx, byte ptr [rcx+0x10]
 [tid:1713246] ins:movzx ecx, byte ptr [rcx+0x10]
 [tid:1713246] reg:ecx
 [tid:1713246] Exe pat_insert
 [tid:1713246] INSTSELECTOR: instruction to be included cmp eax, ecx
 [tid:1713246] ins:cmp eax, ecx
 [tid:1713246] reg:rflags
 [tid:1713246] Exe pat_insert
 [tid:1713246] Exe insertR
 [tid:1713246] INSTSELECTOR: instruction to be included mov rax, qword ptr [rbp-0x10]
 [tid:1713246] ins:mov rax, qword ptr [rbp-0x10]
 [tid:1713246] reg:rax
 [tid:1713246] Exe insertR
 [tid:1713246] INSTSELECTOR: instruction to be included movsx edi, byte ptr [rax+0x11]
 [tid:1713246] ins:movsx edi, byte ptr [rax+0x11]
 [tid:1713246] reg:edi
 [tid:1713246] Exe insertR
 [tid:1713246] INSTSELECTOR: instruction to be included mov rax, qword ptr [rbp-0x18]
 [tid:1713246] ins:mov rax, qword ptr [rbp-0x18]
 [tid:1713246] reg:rax
 [tid:1713246] Exe insertR
 [tid:1713246] INSTSELECTOR: instruction to be included mov rsi, qword ptr [rax]
 [tid:1713246] ins:mov rsi, qword ptr [rax]
 [tid:1713246] reg:rsi
 [tid:1713246] Exe insertR
 [tid:1713246] Exe insertR
 [tid:1713246] INSTSELECTOR: instruction to be included cmp rax, 0x0
 [tid:1713246] ins:cmp rax, 0x0
 [tid:1713246] reg:rflags
 [tid:1713246] Exe insertR
 [tid:1713246] Exe insertR
 [tid:1713246] INSTSELECTOR: instruction to be included mov rax, qword ptr [rbp-0x10]
 [tid:1713246] ins:mov rax, qword ptr [rbp-0x10]
 [tid:1713246] reg:rax
 [tid:1713246] Exe insertR
 [tid:1713246] INSTSELECTOR: instruction to be included mov rdi, qword ptr [rax+0x20]
 [tid:1713246] ins:mov rdi, qword ptr [rax+0x20]
 [tid:1713246] reg:rdi
 [tid:1713246] Exe insertR
 [tid:1713246] INSTSELECTOR: instruction to be included mov rsi, qword ptr [rbp-0x18]
 [tid:1713246] ins:mov rsi, qword ptr [rbp-0x18]
 [tid:1713246] reg:rsi
 [tid:1713246] Exe insertR
 [tid:1713246] INSTSELECTOR: instruction to be included mov edx, dword ptr [rbp-0x1c]
 [tid:1713246] ins:mov edx, dword ptr [rbp-0x1c]
 [tid:1713246] reg:edx
 [tid:1713246] Exe insertR
 [tid:1713246] INSTSELECTOR: instruction to be included mov rcx, qword ptr [rbp-0x10]
 [tid:1713246] ins:mov rcx, qword ptr [rbp-0x10]
 [tid:1713246] reg:rcx
 [tid:1713246] Exe insertR
 [tid:1713246] Exe insertR
 [tid:1713246] INSTSELECTOR: instruction to be included mov rcx, rax
 [tid:1713246] ins:mov rcx, rax
 [tid:1713246] reg:rcx
 [tid:1713246] Exe insertR
 [tid:1713246] INSTSELECTOR: instruction to be included mov rax, qword ptr [rbp-0x10]
 [tid:1713246] ins:mov rax, qword ptr [rbp-0x10]
 [tid:1713246] reg:rax
 [tid:1713246] Exe insertR
 [tid:1713246] Exe insertR
 [tid:1713246] Exe insertR
 [tid:1713246] INSTSELECTOR: instruction to be included mov rax, qword ptr [rbp-0x10]
 [tid:1713246] ins:mov rax, qword ptr [rbp-0x10]
 [tid:1713246] reg:rax
 [tid:1713246] Exe insertR
 [tid:1713246] Exe insertR
 [tid:1713246] INSTSELECTOR: instruction to be included mov rax, qword ptr [rbp-0x8]
 [tid:1713246] ins:mov rax, qword ptr [rbp-0x8]
 [tid:1713246] reg:rax
 [tid:1713246] Exe insertR
 [tid:1713246] INSTSELECTOR: instruction to be included add rsp, 0x40
 [tid:1713246] ins:add rsp, 0x40
 [tid:1713246] reg:rsp
 [tid:1713246] Exe insertR
 [tid:1713246] INSTSELECTOR: instruction to be included pop rbp
 [tid:1713246] ins:pop rbp
 [tid:1713246] reg:rsp
 [tid:1713246] Exe insertR
 [tid:1713246] Exe insertR
 [tid:1713246] INSTSELECTOR: instruction to be included mov rax, qword ptr [rbp-0x18]
 [tid:1713246] ins:mov rax, qword ptr [rbp-0x18]
 [tid:1713246] reg:rax
 [tid:1713246] Exe insertR
 [tid:1713246] Exe insertR
 [tid:1713246] INSTSELECTOR: instruction to be included mov rcx, qword ptr [rbp-0x30]
 [tid:1713246] ins:mov rcx, qword ptr [rbp-0x30]
 [tid:1713246] reg:rcx
 [tid:1713246] Exe insertR
 [tid:1713246] INSTSELECTOR: instruction to be included mov rax, qword ptr [rbp-0x18]
 [tid:1713246] ins:mov rax, qword ptr [rbp-0x18]
 [tid:1713246] reg:rax
 [tid:1713246] Exe insertR
 [tid:1713246] Exe insertR
 [tid:1713246] INSTSELECTOR: instruction to be included mov edi, dword ptr [rbp-0x1c]
 [tid:1713246] ins:mov edi, dword ptr [rbp-0x1c]
 [tid:1713246] reg:edi
 [tid:1713246] Exe insertR
 [tid:1713246] INSTSELECTOR: instruction to be included mov rax, qword ptr [rbp-0x18]
 [tid:1713246] ins:mov rax, qword ptr [rbp-0x18]
 [tid:1713246] reg:rax
 [tid:1713246] Exe insertR
 [tid:1713246] INSTSELECTOR: instruction to be included mov rsi, qword ptr [rax]
 [tid:1713246] ins:mov rsi, qword ptr [rax]
 [tid:1713246] reg:rsi
 [tid:1713246] Exe insertR
 [tid:1713246] Exe insertR
 [tid:1713246] INSTSELECTOR: instruction to be included mov rax, qword ptr [rbp-0x10]
 [tid:1713246] ins:mov rax, qword ptr [rbp-0x10]
 [tid:1713246] reg:rax
 [tid:1713246] Exe insertR
 [tid:1713246] Exe insertR
 [tid:1713246] INSTSELECTOR: instruction to be included mov rcx, qword ptr [rbp-0x38]
 [tid:1713246] ins:mov rcx, qword ptr [rbp-0x38]
 [tid:1713246] reg:rcx
 [tid:1713246] Exe insertR
 [tid:1713246] INSTSELECTOR: instruction to be included mov rax, qword ptr [rbp-0x18]
 [tid:1713246] ins:mov rax, qword ptr [rbp-0x18]
 [tid:1713246] reg:rax
 [tid:1713246] Exe insertR
 [tid:1713246] Exe insertR
 [tid:1713246] INSTSELECTOR: instruction to be included mov rax, qword ptr [rbp-0x18]
 [tid:1713246] ins:mov rax, qword ptr [rbp-0x18]
 [tid:1713246] reg:rax
 [tid:1713246] Exe insertR
 [tid:1713246] Exe insertR
 [tid:1713246] Exe main
 [tid:1713246] INSTSELECTOR: instruction to be included mov eax, dword ptr [rbp-0xd4]
 [tid:1713246] ins:mov eax, dword ptr [rbp-0xd4]
 [tid:1713246] reg:eax
 [tid:1713246] Exe main
 [tid:1713246] INSTSELECTOR: instruction to be included mov ecx, eax
 [tid:1713246] ins:mov ecx, eax
 [tid:1713246] reg:ecx
 [tid:1713246] Exe main
 [tid:1713246] INSTSELECTOR: instruction to be included mov rax, qword ptr [rbp-0x20]
 [tid:1713246] ins:mov rax, qword ptr [rbp-0x20]
 [tid:1713246] reg:rax
 [tid:1713246] Exe main
 [tid:1713246] Exe main
 [tid:1713246] INSTSELECTOR: instruction to be included mov rax, qword ptr [rbp-0xe0]
 [tid:1713246] ins:mov rax, qword ptr [rbp-0xe0]
 [tid:1713246] reg:rax
 [tid:1713246] Exe main
 [tid:1713246] INSTSELECTOR: instruction to be included mov edi, eax
 [tid:1713246] ins:mov edi, eax
 [tid:1713246] reg:edi
 [tid:1713246] Exe main
 [tid:1713246] Exe insertR
 [tid:1713246] INSTSELECTOR: instruction to be included mov rax, qword ptr [rbp-0x10]
 [tid:1713246] ins:mov rax, qword ptr [rbp-0x10]
 [tid:1713246] reg:rax
 [tid:1713246] Exe insertR
 [tid:1713246] INSTSELECTOR: instruction to be included mov rdi, qword ptr [rax+0x18]
 [tid:1713246] ins:mov rdi, qword ptr [rax+0x18]
 [tid:1713246] reg:rdi
 [tid:1713246] Exe insertR
 [tid:1713246] INSTSELECTOR: instruction to be included mov rsi, qword ptr [rbp-0x18]
 [tid:1713246] ins:mov rsi, qword ptr [rbp-0x18]
 [tid:1713246] reg:rsi
 [tid:1713246] Exe insertR
 [tid:1713246] INSTSELECTOR: instruction to be included mov edx, dword ptr [rbp-0x1c]
 [tid:1713246] ins:mov edx, dword ptr [rbp-0x1c]
 [tid:1713246] reg:edx
 [tid:1713246] Exe insertR
 [tid:1713246] INSTSELECTOR: instruction to be included mov rcx, qword ptr [rbp-0x10]
 [tid:1713246] ins:mov rcx, qword ptr [rbp-0x10]
 [tid:1713246] reg:rcx
 [tid:1713246] Exe insertR
 [tid:1713246] Exe insertR
 [tid:1713246] INSTSELECTOR: instruction to be included mov rcx, rax
 [tid:1713246] ins:mov rcx, rax
 [tid:1713246] reg:rcx
 [tid:1713246] Exe insertR
 [tid:1713246] INSTSELECTOR: instruction to be included mov rax, qword ptr [rbp-0x10]
 [tid:1713246] ins:mov rax, qword ptr [rbp-0x10]
 [tid:1713246] reg:rax
 [tid:1713246] Exe insertR
 [tid:1713246] Exe insertR
 [tid:1713246] INSTSELECTOR: instruction to be included mov rax, qword ptr [rbp-0x10]
 [tid:1713246] ins:mov rax, qword ptr [rbp-0x10]
 [tid:1713246] reg:rax
 [tid:1713246] Exe insertR
 [tid:1713246] Exe insertR
 [tid:1713246] INSTSELECTOR: instruction to be included mov rax, qword ptr [rbp-0x8]
 [tid:1713246] ins:mov rax, qword ptr [rbp-0x8]
 [tid:1713246] reg:rax
 [tid:1713246] Exe insertR
 [tid:1713246] INSTSELECTOR: instruction to be included add rsp, 0x40
 [tid:1713246] ins:add rsp, 0x40
 [tid:1713246] reg:rsp
 [tid:1713246] Exe insertR
 [tid:1713246] INSTSELECTOR: instruction to be included pop rbp
 [tid:1713246] ins:pop rbp
 [tid:1713246] reg:rsp
 [tid:1713246] Exe insertR
 [tid:1713246] Exe insertR
 [tid:1713246] INSTSELECTOR: instruction to be included mov rcx, rax
 [tid:1713246] ins:mov rcx, rax
 [tid:1713246] reg:rcx
 [tid:1713246] Exe insertR
 [tid:1713246] INSTSELECTOR: instruction to be included mov rax, qword ptr [rbp-0x10]
 [tid:1713246] ins:mov rax, qword ptr [rbp-0x10]
 [tid:1713246] reg:rax
 [tid:1713246] Exe insertR
 [tid:1713246] Exe insertR
 [tid:1713246] Exe main
 [tid:1713246] INSTSELECTOR: instruction to be included mov rax, qword ptr [rbp-0x20]
 [tid:1713246] ins:mov rax, qword ptr [rbp-0x20]
 [tid:1713246] reg:rax
 [tid:1713246] Exe main
 [tid:1713246] INSTSELECTOR: instruction to be included mov rax, qword ptr [rax+0x8]
 [tid:1713246] ins:mov rax, qword ptr [rax+0x8]
 [tid:1713246] reg:rax
 [tid:1713246] Exe main
 [tid:1713246] Exe main
 [tid:1713246] INSTSELECTOR: instruction to be included mov edi, 0x10
 [tid:1713246] ins:mov edi, 0x10
 [tid:1713246] reg:edi
 [tid:1713246] Exe main
 [tid:1713246] Exe pat_insert
 [tid:1713246] INSTSELECTOR: instruction to be included mov rcx, rax
 [tid:1713246] ins:mov rcx, rax
 [tid:1713246] reg:rcx
 [tid:1713246] Exe pat_insert
 [tid:1713246] INSTSELECTOR: instruction to be included mov rax, qword ptr [rbp-0x18]
 [tid:1713246] ins:mov rax, qword ptr [rbp-0x18]
 [tid:1713246] reg:rax
 [tid:1713246] Exe pat_insert
 [tid:1713246] Exe pat_insert
 [tid:1713246] INSTSELECTOR: instruction to be included mov rax, qword ptr [rbp-0x10]
 [tid:1713246] ins:mov rax, qword ptr [rbp-0x10]
 [tid:1713246] reg:rax
 [tid:1713246] Exe pat_insert
 [tid:1713246] Exe pat_insert
 [tid:1713246] INSTSELECTOR: instruction to be included mov rax, qword ptr [rbp-0x8]
 [tid:1713246] ins:mov rax, qword ptr [rbp-0x8]
 [tid:1713246] reg:rax
 [tid:1713246] Exe pat_insert
 [tid:1713246] INSTSELECTOR: instruction to be included add rsp, 0x50
 [tid:1713246] ins:add rsp, 0x50
 [tid:1713246] reg:rsp
 [tid:1713246] Exe pat_insert
 [tid:1713246] INSTSELECTOR: instruction to be included pop rbp
 [tid:1713246] ins:pop rbp
 [tid:1713246] reg:rsp
 [tid:1713246] Exe pat_insert
 [tid:1713246] Exe main
 [tid:1713246] INSTSELECTOR: instruction to be included mov edx, 0x10
 [tid:1713246] ins:mov edx, 0x10
 [tid:1713246] reg:edx
 [tid:1713246] Exe main
 [tid:1713246] Exe main
 [tid:1713246] INSTSELECTOR: instruction to be included mov edi, 0x1
 [tid:1713246] ins:mov edi, 0x1
 [tid:1713246] reg:edi
 [tid:1713246] Exe main
 [tid:1713246] Exe deregister_tm_clones
 [tid:1713246] INSTSELECTOR: instruction to be included lea rdi, ptr [rip+0x2017e9]
 [tid:1713246] ins:lea rdi, ptr [rip+0x2017e9]
 [tid:1713246] reg:rdi
 [tid:1713246] Exe deregister_tm_clones
 [tid:1713246] INSTSELECTOR: instruction to be included lea rax, ptr [rip+0x2017e2]
 [tid:1713246] ins:lea rax, ptr [rip+0x2017e2]
 [tid:1713246] reg:rax
 [tid:1713246] Exe deregister_tm_clones
 [tid:1713246] INSTSELECTOR: instruction to be included cmp rax, rdi
 [tid:1713246] ins:cmp rax, rdi
 [tid:1713246] reg:rflags
 [tid:1713246] Exe deregister_tm_clones
 [tid:1713246] Exe deregister_tm_clones
 [tid:1713246] INSTSELECTOR: instruction to be included mov rax, qword ptr [rip+0x201726]
 [tid:1713246] ins:mov rax, qword ptr [rip+0x201726]
 [tid:1713246] reg:rax
 [tid:1713246] Exe deregister_tm_clones
 [tid:1713246] INSTSELECTOR: instruction to be included test rax, rax
 [tid:1713246] ins:test rax, rax
 [tid:1713246] reg:rflags
 [tid:1713246] Exe deregister_tm_clones
 [tid:1713246] Exe deregister_tm_clones
 [tid:1713246] Exe deregister_tm_clones
